{
  "type": "FeatureCollection",
  "features": [
    {
      "type": "Feature",
      "geometry": {
        "type": "Polygon",
        "coordinates": [
          [
            [
              -8.458,
              40.1066
            ],
            [
              -8.5013,
              40.1384
            ],
            [
              -8.5274,
              40.1922
            ],
            [
              -8.5239,
              40.2036
            ],
            [
              -8.4652,
              40.2617
            ],
            [
              -8.4357,
              40.2678
            ],
            [
              -8.3419,
              40.2122
            ],
            [
              -8.3553,
              40.1638
            ],
            [
              -8.458,
              40.1066
            ]
          ]
        ]
      },
      "properties": {
        "id": 9,
        "entity_id": "lake:9",
        "feature_class": "lake",
        "name": "Naanaski",
        "lake_type": "freshwater",
        "area": 8.0,
        "height": 19.9,
        "flux": 632.0,
        "temperature": 6.0,
        "outlet_id": 848,
        "rank": 4,
        "minzoom": 8
      }
    },
    {
      "type": "Feature",
      "geometry": {
        "type": "Polygon",
        "coordinates": [
          [
            [
              -8.8489,
              39.7805
            ],
            [
              -8.907,
              39.7768
            ],
            [
              -8.9245,
              39.786
            ],
            [
              -8.9311,
              39.8085
            ],
            [
              -9.0101,
              39.8944
            ],
            [
              -8.9697,
              39.964
            ],
            [
              -8.9397,
              39.9739
            ],
            [
              -8.8803,
              40.0356
            ],
            [
              -8.8759,
              40.0372
            ],
            [
              -8.8485,
              40.0606
            ],
            [
              -8.8047,
              40.0638
            ],
            [
              -8.7295,
              40.0384
            ],
            [
              -8.7236,
              40.0402
            ],
            [
              -8.64,
              40.031
            ],
            [
              -8.6152,
              40.0432
            ],
            [
              -8.5448,
              40.0099
            ],
            [
              -8.5183,
              39.9445
            ],
            [
              -8.5321,
              39.9
            ],
            [
              -8.5623,
              39.8961
            ],
            [
              -8.6278,
              39.8245
            ],
            [
              -8.6247,
              39.7827
            ],
            [
              -8.6768,
              39.7291
            ],
            [
              -8.6994,
              39.7292
            ],
            [
              -8.7567,
              39.7641
            ],
            [
              -8.8108,
              39.7596
            ],
            [
              -8.8489,
              39.7805
            ]
          ]
        ]
      },
      "properties": {
        "id": 10,
        "entity_id": "lake:10",
        "feature_class": "lake",
        "name": "Tulpsa",
        "lake_type": "freshwater",
        "area": 47.0,
        "height": 19.9,
        "flux": 952.0,
        "temperature": 6.0,
        "outlet_id": 548,
        "rank": 3,
        "minzoom": 6
      }
    },
    {
      "type": "Feature",
      "geometry": {
        "type": "Polygon",
        "coordinates": [
          [
            [
              -4.0886,
              36.7165
            ],
            [
              -4.1077,
              36.7861
            ],
            [
              -4.045,
              36.833
            ],
            [
              -4.0557,
              36.9003
            ],
            [
              -4.0371,
              36.9159
            ],
            [
              -4.0224,
              37.003
            ],
            [
              -3.951,
              37.0019
            ],
            [
              -3.9052,
              37.0476
            ],
            [
              -3.8736,
              37.0471
            ],
            [
              -3.8483,
              37.062
            ],
            [
              -3.8053,
              37.0661
            ],
            [
              -3.7457,
              36.9695
            ],
            [
              -3.7715,
              36.9184
            ],
            [
              -3.7587,
              36.8517
            ],
            [
              -3.7735,
              36.8203
            ],
            [
              -3.7727,
              36.8095
            ],
            [
              -3.7799,
              36.7849
            ],
            [
              -3.831,
              36.7255
            ],
            [
              -3.865,
              36.7118
            ],
            [
              -3.8849,
              36.6393
            ],
            [
              -3.9719,
              36.5987
            ],
            [
              -4.0199,
              36.6444
            ],
            [
              -4.0274,
              36.6837
            ],
            [
              -4.0886,
              36.7165
            ]
          ]
        ]
      },
      "properties": {
        "id": 25,
        "entity_id": "lake:25",
        "feature_class": "lake",
        "name": "Utlakiiokia",
        "lake_type": "freshwater",
        "area": 46.0,
        "height": 19.9,
        "flux": 1041.0,
        "temperature": 7.6,
        "outlet_id": 1564,
        "rank": 3,
        "minzoom": 6
      }
    },
    {
      "type": "Feature",
      "geometry": {
        "type": "Polygon",
        "coordinates": [
          [
            [
              -4.4348,
              36.3065
            ],
            [
              -4.4953,
              36.4063
            ],
            [
              -4.4947,
              36.4085
            ],
            [
              -4.428,
              36.4698
            ],
            [
              -4.3443,
              36.4597
            ],
            [
              -4.3063,
              36.4256
            ],
            [
              -4.3028,
              36.399
            ],
            [
              -4.3565,
              36.3327
            ],
            [
              -4.4123,
              36.3027
            ],
            [
              -4.4348,
              36.3065
            ]
          ]
        ]
      },
      "properties": {
        "id": 28,
        "entity_id": "lake:28",
        "feature_class": "lake",
        "name": "Takila",
        "lake_type": "freshwater",
        "area": 9.0,
        "height": 19.9,
        "flux": 407.0,
        "temperature": 9.0,
        "outlet_id": 1182,
        "rank": 4,
        "minzoom": 8
      }
    },
    {
      "type": "Feature",
      "geometry": {
        "type": "Polygon",
        "coordinates": [
          [
            [
              -16.4913,
              35.4455
            ],
            [
              -16.5275,
              35.4358
            ],
            [
              -16.5831,
              35.5009
            ],
            [
              -16.5847,
              35.546
            ],
            [
              -16.5376,
              35.6102
            ],
            [
              -16.5219,
              35.6168
            ],
            [
              -16.4699,
              35.5799
            ],
            [
              -16.3769,
              35.5876
            ],
            [
              -16.3638,
              35.5972
            ],
            [
              -16.3507,
              35.5966
            ],
            [
              -16.2712,
              35.5475
            ],
            [
              -16.2628,
              35.528
            ],
            [
              -16.2879,
              35.4288
            ],
            [
              -16.2891,
              35.4276
            ],
            [
              -16.4,
              35.4243
            ],
            [
              -16.4024,
              35.423
            ],
            [
              -16.4913,
              35.4455
            ]
          ]
        ]
      },
      "properties": {
        "id": 31,
        "entity_id": "lake:31",
        "feature_class": "lake",
        "name": "Osenhanes",
        "lake_type": "freshwater",
        "area": 20.0,
        "height": 19.9,
        "flux": 587.0,
        "temperature": 9.0,
        "outlet_id": 1006,
        "rank": 4,
        "minzoom": 8
      }
    },
    {
      "type": "Feature",
      "geometry": {
        "type": "Polygon",
        "coordinates": [
          [
            [
              -1.8348,
              35.1767
            ],
            [
              -1.8803,
              35.1817
            ],
            [
              -1.9239,
              35.2099
            ],
            [
              -1.9228,
              35.2558
            ],
            [
              -1.8725,
              35.3186
            ],
            [
              -1.8251,
              35.3297
            ],
            [
              -1.7813,
              35.264
            ],
            [
              -1.7886,
              35.2218
            ],
            [
              -1.8348,
              35.1767
            ]
          ]
        ]
      },
      "properties": {
        "id": 32,
        "entity_id": "lake:32",
        "feature_class": "lake",
        "name": "Asunkordu",
        "lake_type": "freshwater",
        "area": 7.0,
        "height": 19.9,
        "flux": 765.0,
        "temperature": 9.0,
        "outlet_id": 326,
        "rank": 4,
        "minzoom": 8
      }
    },
    {
      "type": "Feature",
      "geometry": {
        "type": "Polygon",
        "coordinates": [
          [
            [
              8.9356,
              33.3803
            ],
            [
              8.9054,
              33.4369
            ],
            [
              8.9189,
              33.4773
            ],
            [
              8.9021,
              33.5165
            ],
            [
              8.9471,
              33.5719
            ],
            [
              9.0091,
              33.5617
            ],
            [
              9.04,
              33.5974
            ],
            [
              9.0943,
              33.564
            ],
            [
              9.1473,
              33.6153
            ],
            [
              9.1946,
              33.5536
            ],
            [
              9.1586,
              33.4631
            ],
            [
              9.1196,
              33.4515
            ],
            [
              9.0942,
              33.4316
            ],
            [
              9.0917,
              33.4229
            ],
            [
              9.0533,
              33.3792
            ],
            [
              9.0426,
              33.3116
            ],
            [
              8.9695,
              33.2554
            ],
            [
              8.8909,
              33.2791
            ],
            [
              8.8907,
              33.2801
            ],
            [
              8.9356,
              33.3803
            ]
          ]
        ]
      },
      "properties": {
        "id": 42,
        "entity_id": "lake:42",
        "feature_class": "lake",
        "name": "Eroewichton",
        "lake_type": "freshwater",
        "area": 26.0,
        "height": 19.9,
        "flux": 2034.0,
        "temperature": 10.0,
        "outlet_id": 1649,
        "rank": 3,
        "minzoom": 6
      }
    },
    {
      "type": "Feature",
      "geometry": {
        "type": "Polygon",
        "coordinates": [
          [
            [
              8.946,
              32.8002
            ],
            [
              8.9281,
              32.727
            ],
            [
              8.8571,
              32.692
            ],
            [
              8.8265,
              32.7345
            ],
            [
              8.7613,
              32.7273
            ],
            [
              8.7397,
              32.755
            ],
            [
              8.6803,
              32.7605
            ],
            [
              8.6342,
              32.8229
            ],
            [
              8.6403,
              32.8443
            ],
            [
              8.7491,
              32.8543
            ],
            [
              8.7405,
              32.9202
            ],
            [
              8.7881,
              32.9604
            ],
            [
              8.7835,
              32.9856
            ],
            [
              8.8232,
              33.0614
            ],
            [
              8.8702,
              33.0695
            ],
            [
              8.9341,
              33.026
            ],
            [
              8.9372,
              33.0119
            ],
            [
              8.9136,
              32.9293
            ],
            [
              8.9454,
              32.8726
            ],
            [
              8.9399,
              32.8088
            ],
            [
              8.946,
              32.8002
            ]
          ]
        ]
      },
      "properties": {
        "id": 45,
        "entity_id": "lake:45",
        "feature_class": "lake",
        "name": "Carmouth",
        "lake_type": "freshwater",
        "area": 29.0,
        "height": 19.9,
        "flux": 1598.0,
        "temperature": 10.9,
        "outlet_id": 1619,
        "rank": 3,
        "minzoom": 6
      }
    },
    {
      "type": "Feature",
      "geometry": {
        "type": "Polygon",
        "coordinates": [
          [
            [
              -1.7732,
              32.5494
            ],
            [
              -1.8017,
              32.5621
            ],
            [
              -1.8473,
              32.6477
            ],
            [
              -1.8367,
              32.6892
            ],
            [
              -1.7885,
              32.7222
            ],
            [
              -1.7751,
              32.7536
            ],
            [
              -1.7127,
              32.7729
            ],
            [
              -1.6684,
              32.8333
            ],
            [
              -1.624,
              32.8336
            ],
            [
              -1.5692,
              32.8658
            ],
            [
              -1.508,
              32.8343
            ],
            [
              -1.4831,
              32.775
            ],
            [
              -1.4538,
              32.7502
            ],
            [
              -1.4435,
              32.7136
            ],
            [
              -1.4323,
              32.6997
            ],
            [
              -1.4208,
              32.6337
            ],
            [
              -1.4628,
              32.5718
            ],
            [
              -1.4608,
              32.5418
            ],
            [
              -1.4241,
              32.484
            ],
            [
              -1.4274,
              32.472
            ],
            [
              -1.3997,
              32.3558
            ],
            [
              -1.4136,
              32.3348
            ],
            [
              -1.4892,
              32.3046
            ],
            [
              -1.5675,
              32.3634
            ],
            [
              -1.5736,
              32.3815
            ],
            [
              -1.6701,
              32.4285
            ],
            [
              -1.6922,
              32.4611
            ],
            [
              -1.7424,
              32.4783
            ],
            [
              -1.7732,
              32.5494
            ]
          ]
        ]
      },
      "properties": {
        "id": 47,
        "entity_id": "lake:47",
        "feature_class": "lake",
        "name": "Yepepe",
        "lake_type": "freshwater",
        "area": 66.0,
        "height": 20.9,
        "flux": 2094.0,
        "temperature": 9.6,
        "rank": 2,
        "minzoom": 4
      }
    },
    {
      "type": "Feature",
      "geometry": {
        "type": "Polygon",
        "coordinates": [
          [
            [
              9.1772,
              32.3625
            ],
            [
              9.1173,
              32.4184
            ],
            [
              9.1079,
              32.4209
            ],
            [
              9.046,
              32.4869
            ],
            [
              9.0891,
              32.5752
            ],
            [
              9.1945,
              32.5482
            ],
            [
              9.2256,
              32.5974
            ],
            [
              9.2068,
              32.6369
            ],
            [
              9.255,
              32.7048
            ],
            [
              9.3079,
              32.7046
            ],
            [
              9.342,
              32.6858
            ],
            [
              9.35,
              32.666
            ],
            [
              9.3762,
              32.6486
            ],
            [
              9.4184,
              32.5741
            ],
            [
              9.4274,
              32.5701
            ],
            [
              9.4822,
              32.4984
            ],
            [
              9.4868,
              32.464
            ],
            [
              9.4721,
              32.418
            ],
            [
              9.4765,
              32.408
            ],
            [
              9.4432,
              32.3258
            ],
            [
              9.372,
              32.3075
            ],
            [
              9.3633,
              32.246
            ],
            [
              9.3167,
              32.2324
            ],
            [
              9.2779,
              32.163
            ],
            [
              9.234,
              32.1492
            ],
            [
              9.2264,
              32.1508
            ],
            [
              9.1886,
              32.1972
            ],
            [
              9.2012,
              32.284
            ],
            [
              9.1748,
              32.3326
            ],
            [
              9.1772,
              32.3625
            ]
          ]
        ]
      },
      "properties": {
        "id": 50,
        "entity_id": "lake:50",
        "feature_class": "lake",
        "name": "Corough",
        "lake_type": "freshwater",
        "area": 58.0,
        "height": 23.9,
        "flux": 373.0,
        "temperature": 9.3,
        "outlet_id": 1076,
        "rank": 3,
        "minzoom": 6
      }
    },
    {
      "type": "Feature",
      "geometry": {
        "type": "Polygon",
        "coordinates": [
          [
            [
              19.8442,
              32.716
            ],
            [
              19.9402,
              32.7775
            ],
            [
              19.9844,
              32.7657
            ],
            [
              19.9903,
              32.7596
            ],
            [
              20.0041,
              32.6501
            ],
            [
              19.9943,
              32.6328
            ],
            [
              19.9231,
              32.6041
            ],
            [
              19.8639,
              32.6447
            ],
            [
              19.8442,
              32.716
            ]
          ]
        ]
      },
      "properties": {
        "id": 51,
        "entity_id": "lake:51",
        "feature_class": "lake",
        "name": "Skipton",
        "lake_type": "freshwater",
        "area": 8.0,
        "height": 19.9,
        "flux": 329.0,
        "temperature": 11.0,
        "outlet_id": 308,
        "rank": 4,
        "minzoom": 8
      }
    },
    {
      "type": "Feature",
      "geometry": {
        "type": "Polygon",
        "coordinates": [
          [
            [
              -1.0783,
              31.8389
            ],
            [
              -1.1297,
              31.9229
            ],
            [
              -1.0873,
              31.9636
            ],
            [
              -1.0366,
              31.9636
            ],
            [
              -0.9763,
              31.9054
            ],
            [
              -0.9835,
              31.8891
            ],
            [
              -1.0672,
              31.8368
            ],
            [
              -1.0783,
              31.8389
            ]
          ]
        ]
      },
      "properties": {
        "id": 55,
        "entity_id": "lake:55",
        "feature_class": "lake",
        "name": "Alte",
        "lake_type": "freshwater",
        "area": 5.0,
        "height": 20.9,
        "flux": 970.0,
        "temperature": 11.0,
        "outlet_id": 295,
        "rank": 4,
        "minzoom": 8
      }
    },
    {
      "type": "Feature",
      "geometry": {
        "type": "Polygon",
        "coordinates": [
          [
            [
              9.5194,
              31.7686
            ],
            [
              9.541,
              31.6488
            ],
            [
              9.521,
              31.6206
            ],
            [
              9.4203,
              31.5753
            ],
            [
              9.4005,
              31.5906
            ],
            [
              9.3547,
              31.6083
            ],
            [
              9.3319,
              31.6478
            ],
            [
              9.3142,
              31.6601
            ],
            [
              9.2672,
              31.7406
            ],
            [
              9.1914,
              31.7374
            ],
            [
              9.158,
              31.7101
            ],
            [
              9.11,
              31.7339
            ],
            [
              9.1018,
              31.7463
            ],
            [
              9.1086,
              31.8398
            ],
            [
              9.1222,
              31.8558
            ],
            [
              9.1846,
              31.8696
            ],
            [
              9.2152,
              31.8579
            ],
            [
              9.2798,
              31.859
            ],
            [
              9.2956,
              31.8503
            ],
            [
              9.3476,
              31.8472
            ],
            [
              9.3805,
              31.8178
            ],
            [
              9.4645,
              31.7986
            ],
            [
              9.4666,
              31.799
            ],
            [
              9.5194,
              31.7686
            ]
          ]
        ]
      },
      "properties": {
        "id": 57,
        "entity_id": "lake:57",
        "feature_class": "lake",
        "name": "Westcheap",
        "lake_type": "freshwater",
        "area": 32.0,
        "height": 19.9,
        "flux": 274.0,
        "temperature": 11.0,
        "outlet_id": 934,
        "rank": 3,
        "minzoom": 6
      }
    },
    {
      "type": "Feature",
      "geometry": {
        "type": "Polygon",
        "coordinates": [
          [
            [
              7.043,
              31.2179
            ],
            [
              7.0367,
              31.2259
            ],
            [
              7.0285,
              31.2916
            ],
            [
              7.0178,
              31.3083
            ],
            [
              7.0507,
              31.3811
            ],
            [
              7.1085,
              31.4141
            ],
            [
              7.1549,
              31.4088
            ],
            [
              7.1969,
              31.3377
            ],
            [
              7.1948,
              31.3206
            ],
            [
              7.1966,
              31.3134
            ],
            [
              7.1866,
              31.2475
            ],
            [
              7.1905,
              31.2358
            ],
            [
              7.1812,
              31.1726
            ],
            [
              7.1036,
              31.13
            ],
            [
              7.0511,
              31.1799
            ],
            [
              7.043,
              31.2179
            ]
          ]
        ]
      },
      "properties": {
        "id": 59,
        "entity_id": "lake:59",
        "feature_class": "lake",
        "name": "Kanovalaz",
        "lake_type": "freshwater",
        "area": 16.0,
        "height": 22.9,
        "flux": 688.0,
        "temperature": 12.0,
        "outlet_id": 1136,
        "rank": 4,
        "minzoom": 8
      }
    },
    {
      "type": "Feature",
      "geometry": {
        "type": "Polygon",
        "coordinates": [
          [
            [
              -11.7547,
              30.969
            ],
            [
              -11.7762,
              30.9607
            ],
            [
              -11.8341,
              30.9639
            ],
            [
              -11.8732,
              30.999
            ],
            [
              -11.8813,
              31.0303
            ],
            [
              -11.9188,
              31.0775
            ],
            [
              -11.9142,
              31.1056
            ],
            [
              -11.8854,
              31.1477
            ],
            [
              -11.8058,
              31.1699
            ],
            [
              -11.7602,
              31.1382
            ],
            [
              -11.7626,
              31.1201
            ],
            [
              -11.7033,
              31.0278
            ],
            [
              -11.7059,
              31.019
            ],
            [
              -11.7547,
              30.969
            ]
          ]
        ]
      },
      "properties": {
        "id": 64,
        "entity_id": "lake:64",
        "feature_class": "lake",
        "name": "Nuvusaalo",
        "lake_type": "freshwater",
        "area": 13.0,
        "height": 26.9,
        "flux": 412.0,
        "temperature": 12.0,
        "outlet_id": 11,
        "rank": 4,
        "minzoom": 8
      }
    },
    {
      "type": "Feature",
      "geometry": {
        "type": "Polygon",
        "coordinates": [
          [
            [
              15.5178,
              30.9469
            ],
            [
              15.5116,
              30.9201
            ],
            [
              15.4366,
              30.8547
            ],
            [
              15.4283,
              30.8552
            ],
            [
              15.3802,
              30.8903
            ],
            [
              15.2994,
              30.8827
            ],
            [
              15.2886,
              30.8753
            ],
            [
              15.2459,
              30.8751
            ],
            [
              15.2056,
              30.9165
            ],
            [
              15.2004,
              30.9942
            ],
            [
              15.262,
              31.0394
            ],
            [
              15.2653,
              31.0469
            ],
            [
              15.3219,
              31.0916
            ],
            [
              15.322,
              31.0919
            ],
            [
              15.3707,
              31.1359
            ],
            [
              15.4209,
              31.1476
            ],
            [
              15.4274,
              31.151
            ],
            [
              15.5056,
              31.11
            ],
            [
              15.5249,
              31.0624
            ],
            [
              15.5002,
              31.0031
            ],
            [
              15.5016,
              30.978
            ],
            [
              15.5178,
              30.9469
            ]
          ]
        ]
      },
      "properties": {
        "id": 65,
        "entity_id": "lake:65",
        "feature_class": "lake",
        "name": "Portsbowey",
        "lake_type": "freshwater",
        "area": 29.0,
        "height": 21.9,
        "flux": 330.0,
        "temperature": 11.0,
        "outlet_id": 1078,
        "rank": 3,
        "minzoom": 6
      }
    },
    {
      "type": "Feature",
      "geometry": {
        "type": "Polygon",
        "coordinates": [
          [
            [
              4.7112,
              29.9644
            ],
            [
              4.683,
              29.974
            ],
            [
              4.6398,
              30.0299
            ],
            [
              4.5863,
              30.0497
            ],
            [
              4.5577,
              30.0946
            ],
            [
              4.5279,
              30.1084
            ],
            [
              4.5027,
              30.1936
            ],
            [
              4.5442,
              30.2681
            ],
            [
              4.5492,
              30.271
            ],
            [
              4.581,
              30.3451
            ],
            [
              4.6001,
              30.3622
            ],
            [
              4.6081,
              30.3844
            ],
            [
              4.6063,
              30.4257
            ],
            [
              4.6147,
              30.4495
            ],
            [
              4.6252,
              30.4599
            ],
            [
              4.6549,
              30.5382
            ],
            [
              4.6714,
              30.5487
            ],
            [
              4.76,
              30.5412
            ],
            [
              4.7888,
              30.5084
            ],
            [
              4.7839,
              30.4487
            ],
            [
              4.7852,
              30.446
            ],
            [
              4.7701,
              30.3646
            ],
            [
              4.7751,
              30.3526
            ],
            [
              4.765,
              30.3138
            ],
            [
              4.8661,
              30.2398
            ],
            [
              4.8492,
              30.1967
            ],
            [
              4.8405,
              30.1901
            ],
            [
              4.8212,
              30.1158
            ],
            [
              4.8025,
              30.0991
            ],
            [
              4.7944,
              30.0254
            ],
            [
              4.7112,
              29.9644
            ]
          ]
        ]
      },
      "properties": {
        "id": 68,
        "entity_id": "lake:68",
        "feature_class": "lake",
        "name": "Yrala",
        "lake_type": "freshwater",
        "area": 54.0,
        "height": 20.9,
        "flux": 861.0,
        "temperature": 11.4,
        "outlet_id": 1929,
        "rank": 3,
        "minzoom": 6
      }
    },
    {
      "type": "Feature",
      "geometry": {
        "type": "Polygon",
        "coordinates": [
          [
            [
              10.9971,
              30.3157
            ],
            [
              10.997,
              30.3271
            ],
            [
              11.0396,
              30.3969
            ],
            [
              11.0509,
              30.4015
            ],
            [
              11.1016,
              30.3875
            ],
            [
              11.1168,
              30.3448
            ],
            [
              11.0678,
              30.2798
            ],
            [
              11.0853,
              30.2513
            ],
            [
              11.0783,
              30.1774
            ],
            [
              11.0774,
              30.1759
            ],
            [
              10.9863,
              30.1951
            ],
            [
              10.9563,
              30.2687
            ],
            [
              10.9971,
              30.3157
            ]
          ]
        ]
      },
      "properties": {
        "id": 69,
        "entity_id": "lake:69",
        "feature_class": "lake",
        "name": "Tarbotham",
        "lake_type": "freshwater",
        "area": 9.0,
        "height": 22.9,
        "flux": 324.0,
        "temperature": 12.0,
        "outlet_id": 669,
        "rank": 4,
        "minzoom": 8
      }
    },
    {
      "type": "Feature",
      "geometry": {
        "type": "Polygon",
        "coordinates": [
          [
            [
              18.5193,
              27.6919
            ],
            [
              18.5145,
              27.6919
            ],
            [
              18.4592,
              27.7108
            ],
            [
              18.4277,
              27.7633
            ],
            [
              18.3965,
              27.776
            ],
            [
              18.335,
              27.8828
            ],
            [
              18.337,
              27.9034
            ],
            [
              18.3866,
              27.9717
            ],
            [
              18.3927,
              27.9716
            ],
            [
              18.4133,
              27.9846
            ],
            [
              18.4634,
              28.0604
            ],
            [
              18.4242,
              28.1249
            ],
            [
              18.3471,
              28.1398
            ],
            [
              18.3149,
              28.0893
            ],
            [
              18.2405,
              28.0905
            ],
            [
              18.206,
              28.0305
            ],
            [
              18.1282,
              28.0096
            ],
            [
              18.1195,
              27.9821
            ],
            [
              18.0817,
              27.9576
            ],
            [
              18.0041,
              27.9782
            ],
            [
              17.9908,
              27.9705
            ],
            [
              17.9302,
              28.0033
            ],
            [
              17.8811,
              27.9723
            ],
            [
              17.8442,
              27.9846
            ],
            [
              17.7838,
              27.9651
            ],
            [
              17.7535,
              27.9733
            ],
            [
              17.7328,
              28.0562
            ],
            [
              17.7522,
              28.1019
            ],
            [
              17.7075,
              28.163
            ],
            [
              17.7295,
              28.2355
            ],
            [
              17.8247,
              28.26
            ],
            [
              17.8477,
              28.2818
            ],
            [
              17.8521,
              28.3104
            ],
            [
              17.8635,
              28.3273
            ],
            [
              17.8699,
              28.4078
            ],
            [
              17.8991,
              28.4474
            ],
            [
              17.8879,
              28.4965
            ],
            [
              17.9558,
              28.5833
            ],
            [
              17.9431,
              28.6148
            ],
            [
              17.9806,
              28.6893
            ],
            [
              18.0331,
              28.6784
            ],
            [
              18.1108,
              28.7358
            ],
            [
              18.1201,
              28.7735
            ],
            [
              18.1199,
              28.7741
            ],
            [
              18.1669,
              28.8547
            ],
            [
              18.1633,
              28.8825
            ],
            [
              18.2226,
              28.9536
            ],
            [
              18.2209,
              28.9746
            ],
            [
              18.2387,
              28.9968
            ],
            [
              18.2572,
              29.084
            ],
            [
              18.2427,
              29.1015
            ],
            [
              18.266,
              29.1935
            ],
            [
              18.2128,
              29.2587
            ],
            [
              18.2787,
              29.301
            ],
            [
              18.3831,
              29.2736
            ],
            [
              18.4278,
              29.3031
            ],
            [
              18.4355,
              29.3284
            ],
            [
              18.4233,
              29.3644
            ],
            [
              18.4735,
              29.4678
            ],
            [
              18.4974,
              29.4795
            ],
            [
              18.5272,
              29.5557
            ],
            [
              18.606,
              29.5719
            ],
            [
              18.6625,
              29.5474
            ],
            [
              18.7083,
              29.5596
            ],
            [
              18.7828,
              29.5454
            ],
            [
              18.7858,
              29.5421
            ],
            [
              18.8394,
              29.5252
            ],
            [
              18.8877,
              29.4856
            ],
            [
              18.9048,
              29.4328
            ],
            [
              18.8643,
              29.3425
            ],
            [
              18.948,
              29.2775
            ],
            [
              18.9502,
              29.2776
            ],
            [
              18.9991,
              29.258
            ],
            [
              19.0419,
              29.1974
            ],
            [
              19.044,
              29.1761
            ],
            [
              19.1234,
              29.1376
            ],
            [
              19.1335,
              29.0776
            ],
            [
              19.1977,
              29.0443
            ],
            [
              19.211,
              28.987
            ],
            [
              19.2443,
              28.9688
            ],
            [
              19.3271,
              29.0419
            ],
            [
              19.3876,
              29.0317
            ],
            [
              19.4136,
              28.9934
            ],
            [
              19.4153,
              28.9773
            ],
            [
              19.4263,
              28.9679
            ],
            [
              19.4335,
              28.8213
            ],
            [
              19.4888,
              28.8116
            ],
            [
              19.5405,
              28.8445
            ],
            [
              19.5936,
              28.7864
            ],
            [
              19.5977,
              28.7318
            ],
            [
              19.6873,
              28.6643
            ],
            [
              19.6974,
              28.662
            ],
            [
              19.7281,
              28.6027
            ],
            [
              19.7158,
              28.5377
            ],
            [
              19.709,
              28.5249
            ],
            [
              19.708,
              28.4997
            ],
            [
              19.6587,
              28.4151
            ],
            [
              19.6572,
              28.4009
            ],
            [
              19.6133,
              28.3534
            ],
            [
              19.6057,
              28.3179
            ],
            [
              19.6932,
              28.2317
            ],
            [
              19.6944,
              28.2291
            ],
            [
              19.6928,
              28.1938
            ],
            [
              19.7223,
              28.1557
            ],
            [
              19.7376,
              28.1042
            ],
            [
              19.79,
              28.0817
            ],
            [
              19.8228,
              28.0836
            ],
            [
              19.8755,
              28.1139
            ],
            [
              19.9629,
              28.1121
            ],
            [
              19.968,
              28.1094
            ],
            [
              19.9939,
              28.1065
            ],
            [
              20.033,
              28.0766
            ],
            [
              20.0942,
              28.0634
            ],
            [
              20.1351,
              28.0169
            ],
            [
              20.1524,
              28.0106
            ],
            [
              20.1966,
              28.024
            ],
            [
              20.2714,
              28.007
            ],
            [
              20.2834,
              27.9964
            ],
            [
              20.3006,
              27.9417
            ],
            [
              20.3191,
              27.924
            ],
            [
              20.3322,
              27.8827
            ],
            [
              20.3299,
              27.8677
            ],
            [
              20.351,
              27.8153
            ],
            [
              20.3437,
              27.7719
            ],
            [
              20.3122,
              27.7382
            ],
            [
              20.3094,
              27.6986
            ],
            [
              20.274,
              27.6541
            ],
            [
              20.2727,
              27.5986
            ],
            [
              20.3358,
              27.5337
            ],
            [
              20.3588,
              27.5336
            ],
            [
              20.4202,
              27.617
            ],
            [
              20.4874,
              27.6377
            ],
            [
              20.5276,
              27.6124
            ],
            [
              20.5463,
              27.5805
            ],
            [
              20.6182,
              27.5542
            ],
            [
              20.6367,
              27.5134
            ],
            [
              20.7179,
              27.4788
            ],
            [
              20.7366,
              27.4169
            ],
            [
              20.7404,
              27.4107
            ],
            [
              20.7308,
              27.3033
            ],
            [
              20.7216,
              27.2947
            ],
            [
              20.6142,
              27.266
            ],
            [
              20.6113,
              27.2666
            ],
            [
              20.571,
              27.2544
            ],
            [
              20.5298,
              27.2153
            ],
            [
              20.4616,
              27.2092
            ],
            [
              20.4232,
              27.1711
            ],
            [
              20.3419,
              27.1445
            ],
            [
              20.3142,
              27.1616
            ],
            [
              20.2197,
              27.1203
            ],
            [
              20.1833,
              27.1384
            ],
            [
              20.0938,
              27.1248
            ],
            [
              20.0893,
              27.1267
            ],
            [
              20.0386,
              27.1215
            ],
            [
              19.9946,
              27.0863
            ],
            [
              19.939,
              27.0803
            ],
            [
              19.9298,
              27.0722
            ],
            [
              19.9048,
              27.0402
            ],
            [
              19.892,
              26.9626
            ],
            [
              19.8926,
              26.9607
            ],
            [
              19.9345,
              26.9187
            ],
            [
              20.008,
              26.9274
            ],
            [
              20.0529,
              26.9077
            ],
            [
              20.0531,
              26.8509
            ],
            [
              20.1094,
              26.786
            ],
            [
              20.1335,
              26.7807
            ],
            [
              20.1684,
              26.7456
            ],
            [
              20.1528,
              26.6598
            ],
            [
              20.1202,
              26.6309
            ],
            [
              20.1163,
              26.6221
            ],
            [
              20.0305,
              26.565
            ],
            [
              20.0133,
              26.564
            ],
            [
              19.9834,
              26.569
            ],
            [
              19.9223,
              26.5357
            ],
            [
              19.918,
              26.5316
            ],
            [
              19.8883,
              26.4655
            ],
            [
              19.8878,
              26.4564
            ],
            [
              19.9013,
              26.416
            ],
            [
              19.9284,
              26.3959
            ],
            [
              19.9602,
              26.3878
            ],
            [
              20.0248,
              26.2991
            ],
            [
              20.0193,
              26.2527
            ],
            [
              19.9825,
              26.2252
            ],
            [
              19.9131,
              26.2267
            ],
            [
              19.9108,
              26.2279
            ],
            [
              19.8337,
              26.2325
            ],
            [
              19.8295,
              26.2309
            ],
            [
              19.7554,
              26.2384
            ],
            [
              19.7411,
              26.2466
            ],
            [
              19.7221,
              26.2944
            ],
            [
              19.7325,
              26.3461
            ],
            [
              19.721,
              26.3848
            ],
            [
              19.7359,
              26.4258
            ],
            [
              19.709,
              26.515
            ],
            [
              19.728,
              26.5456
            ],
            [
              19.7348,
              26.6188
            ],
            [
              19.7005,
              26.6517
            ],
            [
              19.6726,
              26.6581
            ],
            [
              19.6361,
              26.6974
            ],
            [
              19.543,
              26.717
            ],
            [
              19.4971,
              26.6923
            ],
            [
              19.4857,
              26.6603
            ],
            [
              19.4188,
              26.6084
            ],
            [
              19.4173,
              26.6041
            ],
            [
              19.3574,
              26.5457
            ],
            [
              19.2799,
              26.5839
            ],
            [
              19.2881,
              26.7139
            ],
            [
              19.2963,
              26.7229
            ],
            [
              19.3342,
              26.7234
            ],
            [
              19.4015,
              26.787
            ],
            [
              19.3838,
              26.837
            ],
            [
              19.4225,
              26.9052
            ],
            [
              19.4661,
              26.9052
            ],
            [
              19.5156,
              26.9623
            ],
            [
              19.5318,
              26.9602
            ],
            [
              19.6042,
              27.01
            ],
            [
              19.6457,
              26.9972
            ],
            [
              19.7275,
              27.0442
            ],
            [
              19.7371,
              27.0808
            ],
            [
              19.7339,
              27.1072
            ],
            [
              19.7098,
              27.1422
            ],
            [
              19.6995,
              27.2048
            ],
            [
              19.6706,
              27.2405
            ],
            [
              19.663,
              27.2615
            ],
            [
              19.6828,
              27.3123
            ],
            [
              19.6634,
              27.3938
            ],
            [
              19.5953,
              27.4062
            ],
            [
              19.5762,
              27.3924
            ],
            [
              19.4852,
              27.3685
            ],
            [
              19.4813,
              27.3629
            ],
            [
              19.4798,
              27.2839
            ],
            [
              19.4079,
              27.2419
            ],
            [
              19.3819,
              27.2386
            ],
            [
              19.2892,
              27.2918
            ],
            [
              19.2811,
              27.3992
            ],
            [
              19.2968,
              27.443
            ],
            [
              19.2957,
              27.4645
            ],
            [
              19.2678,
              27.5232
            ],
            [
              19.2597,
              27.5275
            ],
            [
              19.2341,
              27.5565
            ],
            [
              19.1284,
              27.6103
            ],
            [
              19.1203,
              27.6239
            ],
            [
              19.027,
              27.651
            ],
            [
              18.9745,
              27.6296
            ],
            [
              18.9562,
              27.6077
            ],
            [
              18.9518,
              27.6061
            ],
            [
              18.8825,
              27.5536
            ],
            [
              18.8393,
              27.5484
            ],
            [
              18.8238,
              27.56
            ],
            [
              18.8236,
              27.5604
            ],
            [
              18.7715,
              27.6182
            ],
            [
              18.7587,
              27.6646
            ],
            [
              18.7097,
              27.7137
            ],
            [
              18.6383,
              27.7097
            ],
            [
              18.6157,
              27.6973
            ],
            [
              18.5202,
              27.6922
            ],
            [
              18.5193,
              27.6919
            ]
          ]
        ]
      },
      "properties": {
        "id": 75,
        "entity_id": "lake:75",
        "feature_class": "lake",
        "name": "Goleshshi",
        "lake_type": "freshwater",
        "area": 1629.0,
        "height": 19.9,
        "flux": 6294.0,
        "temperature": 13.6,
        "outlet_id": 927,
        "rank": 1,
        "minzoom": 2
      }
    },
    {
      "type": "Feature",
      "geometry": {
        "type": "Polygon",
        "coordinates": [
          [
            [
              14.0293,
              28.9809
            ],
            [
              14.0654,
              28.9472
            ],
            [
              14.0721,
              28.8887
            ],
            [
              14.0471,
              28.8715
            ],
            [
              14.0193,
              28.7811
            ],
            [
              14.0011,
              28.7783
            ],
            [
              13.9367,
              28.6764
            ],
            [
              13.9199,
              28.6744
            ],
            [
              13.859,
              28.7213
            ],
            [
              13.858,
              28.7714
            ],
            [
              13.8574,
              28.7721
            ],
            [
              13.8342,
              28.8547
            ],
            [
              13.7488,
              28.8541
            ],
            [
              13.7326,
              28.9196
            ],
            [
              13.6971,
              28.9341
            ],
            [
              13.6855,
              28.9565
            ],
            [
              13.6956,
              29.0061
            ],
            [
              13.6514,
              29.0592
            ],
            [
              13.7197,
              29.1504
            ],
            [
              13.7797,
              29.1271
            ],
            [
              13.7866,
              29.1202
            ],
            [
              13.7909,
              29.0995
            ],
            [
              13.8448,
              29.0394
            ],
            [
              13.8443,
              29.0313
            ],
            [
              13.8874,
              28.9746
            ],
            [
              13.9466,
              28.9935
            ],
            [
              13.965,
              28.9721
            ],
            [
              14.0293,
              28.9809
            ]
          ]
        ]
      },
      "properties": {
        "id": 79,
        "entity_id": "lake:79",
        "feature_class": "lake",
        "name": "Skipingley",
        "lake_type": "freshwater",
        "area": 39.0,
        "height": 22.9,
        "flux": 868.0,
        "temperature": 12.6,
        "outlet_id": 1077,
        "rank": 3,
        "minzoom": 6
      }
    },
    {
      "type": "Feature",
      "geometry": {
        "type": "Polygon",
        "coordinates": [
          [
            [
              -5.8336,
              28.8003
            ],
            [
              -5.9122,
              28.8071
            ],
            [
              -5.9314,
              28.8686
            ],
            [
              -5.8561,
              28.9303
            ],
            [
              -5.8064,
              28.9377
            ],
            [
              -5.7817,
              28.925
            ],
            [
              -5.8012,
              28.8291
            ],
            [
              -5.8336,
              28.8003
            ]
          ]
        ]
      },
      "properties": {
        "id": 80,
        "entity_id": "lake:80",
        "feature_class": "lake",
        "name": "Basayayli",
        "lake_type": "freshwater",
        "area": 6.0,
        "height": 20.9,
        "flux": 421.0,
        "temperature": 13.0,
        "outlet_id": 616,
        "rank": 4,
        "minzoom": 8
      }
    },
    {
      "type": "Feature",
      "geometry": {
        "type": "Polygon",
        "coordinates": [
          [
            [
              20.1707,
              28.3576
            ],
            [
              20.2207,
              28.3913
            ],
            [
              20.2942,
              28.3717
            ],
            [
              20.2627,
              28.2544
            ],
            [
              20.183,
              28.2801
            ],
            [
              20.1633,
              28.3436
            ],
            [
              20.1707,
              28.3576
            ]
          ]
        ]
      },
      "properties": {
        "id": 83,
        "entity_id": "lake:83",
        "feature_class": "lake",
        "name": "Hatbuton",
        "lake_type": "freshwater",
        "area": 5.0,
        "height": 25.9,
        "flux": 207.0,
        "temperature": 14.0,
        "outlet_id": 738,
        "rank": 4,
        "minzoom": 8
      }
    },
    {
      "type": "Feature",
      "geometry": {
        "type": "Polygon",
        "coordinates": [
          [
            [
              22.2692,
              27.8309
            ],
            [
              22.2019,
              27.8935
            ],
            [
              22.2745,
              27.9694
            ],
            [
              22.2952,
              27.9696
            ],
            [
              22.3056,
              27.9657
            ],
            [
              22.3469,
              27.9144
            ],
            [
              22.334,
              27.8613
            ],
            [
              22.3231,
              27.8507
            ],
            [
              22.2692,
              27.8309
            ]
          ]
        ]
      },
      "properties": {
        "id": 86,
        "entity_id": "lake:86",
        "feature_class": "lake",
        "name": "Thatclif",
        "lake_type": "freshwater",
        "area": 5.0,
        "height": 22.9,
        "flux": 327.0,
        "temperature": 14.0,
        "outlet_id": 1508,
        "rank": 4,
        "minzoom": 8
      }
    },
    {
      "type": "Feature",
      "geometry": {
        "type": "Polygon",
        "coordinates": [
          [
            [
              -13.6193,
              24.6691
            ],
            [
              -13.6776,
              24.7434
            ],
            [
              -13.6826,
              24.7462
            ],
            [
              -13.7046,
              24.8155
            ],
            [
              -13.7208,
              24.8311
            ],
            [
              -13.7408,
              24.9161
            ],
            [
              -13.726,
              24.9545
            ],
            [
              -13.7429,
              25.0014
            ],
            [
              -13.7209,
              25.0655
            ],
            [
              -13.7199,
              25.0668
            ],
            [
              -13.7135,
              25.1395
            ],
            [
              -13.6998,
              25.1611
            ],
            [
              -13.6991,
              25.2254
            ],
            [
              -13.6812,
              25.2563
            ],
            [
              -13.6978,
              25.352
            ],
            [
              -13.6872,
              25.3741
            ],
            [
              -13.6872,
              25.4589
            ],
            [
              -13.6917,
              25.4707
            ],
            [
              -13.6833,
              25.529
            ],
            [
              -13.6706,
              25.5456
            ],
            [
              -13.6651,
              25.5887
            ],
            [
              -13.6932,
              25.6747
            ],
            [
              -13.6985,
              25.6795
            ],
            [
              -13.7267,
              25.7587
            ],
            [
              -13.7303,
              25.7606
            ],
            [
              -13.7716,
              25.8342
            ],
            [
              -13.8756,
              25.7965
            ],
            [
              -13.8917,
              25.8173
            ],
            [
              -13.9367,
              25.8284
            ],
            [
              -13.9854,
              25.7207
            ],
            [
              -14.0191,
              25.7172
            ],
            [
              -14.0449,
              25.7321
            ],
            [
              -14.0638,
              25.8259
            ],
            [
              -14.1113,
              25.8443
            ],
            [
              -14.1272,
              25.8429
            ],
            [
              -14.2101,
              25.8934
            ],
            [
              -14.1978,
              25.9611
            ],
            [
              -14.1251,
              26.0277
            ],
            [
              -14.1223,
              26.0584
            ],
            [
              -14.1219,
              26.0589
            ],
            [
              -14.1236,
              26.1654
            ],
            [
              -14.1222,
              26.1677
            ],
            [
              -14.1154,
              26.2469
            ],
            [
              -14.1001,
              26.2606
            ],
            [
              -14.0787,
              26.3637
            ],
            [
              -14.147,
              26.3932
            ],
            [
              -14.1857,
              26.3742
            ],
            [
              -14.2124,
              26.3061
            ],
            [
              -14.2375,
              26.2968
            ],
            [
              -14.2581,
              26.2656
            ],
            [
              -14.3218,
              26.2372
            ],
            [
              -14.3776,
              26.2927
            ],
            [
              -14.3809,
              26.3385
            ],
            [
              -14.3249,
              26.3785
            ],
            [
              -14.3078,
              26.4403
            ],
            [
              -14.2788,
              26.4571
            ],
            [
              -14.2567,
              26.4958
            ],
            [
              -14.1634,
              26.517
            ],
            [
              -14.1372,
              26.4996
            ],
            [
              -14.039,
              26.5061
            ],
            [
              -14.0214,
              26.5184
            ],
            [
              -13.994,
              26.5212
            ],
            [
              -13.9525,
              26.5351
            ],
            [
              -13.8649,
              26.4614
            ],
            [
              -13.8615,
              26.4348
            ],
            [
              -13.8663,
              26.4197
            ],
            [
              -13.8502,
              26.3511
            ],
            [
              -13.8701,
              26.2968
            ],
            [
              -13.9455,
              26.253
            ],
            [
              -13.9446,
              26.2417
            ],
            [
              -13.9718,
              26.1743
            ],
            [
              -13.9681,
              26.1582
            ],
            [
              -13.867,
              26.1026
            ],
            [
              -13.879,
              26.029
            ],
            [
              -13.8692,
              26.0097
            ],
            [
              -13.832,
              25.9932
            ],
            [
              -13.7782,
              26.0069
            ],
            [
              -13.7236,
              26.0874
            ],
            [
              -13.7206,
              26.0891
            ],
            [
              -13.685,
              26.1612
            ],
            [
              -13.6817,
              26.164
            ],
            [
              -13.6753,
              26.1658
            ],
            [
              -13.6257,
              26.2383
            ],
            [
              -13.5468,
              26.2616
            ],
            [
              -13.5257,
              26.2511
            ],
            [
              -13.4698,
              26.2581
            ],
            [
              -13.4383,
              26.2413
            ],
            [
              -13.3699,
              26.2459
            ],
            [
              -13.3471,
              26.2322
            ],
            [
              -13.36,
              26.1338
            ],
            [
              -13.3802,
              26.1223
            ],
            [
              -13.3744,
              26.0301
            ],
            [
              -13.374,
              26.03
            ],
            [
              -13.3587,
              25.9434
            ],
            [
              -13.3832,
              25.9102
            ],
            [
              -13.386,
              25.862
            ],
            [
              -13.3731,
              25.8536
            ],
            [
              -13.2882,
              25.8242
            ],
            [
              -13.2817,
              25.827
            ],
            [
              -13.2293,
              25.8943
            ],
            [
              -13.2217,
              25.8946
            ],
            [
              -13.1483,
              25.9484
            ],
            [
              -13.1525,
              26.0479
            ],
            [
              -13.1665,
              26.0708
            ],
            [
              -13.1797,
              26.0757
            ],
            [
              -13.2113,
              26.1099
            ],
            [
              -13.214,
              26.1475
            ],
            [
              -13.1797,
              26.2219
            ],
            [
              -13.1601,
              26.2319
            ],
            [
              -13.1176,
              26.2942
            ],
            [
              -13.1174,
              26.2971
            ],
            [
              -13.0468,
              26.362
            ],
            [
              -13.0292,
              26.3631
            ],
            [
              -12.9632,
              26.3128
            ],
            [
              -12.9487,
              26.3104
            ],
            [
              -12.9271,
              26.2918
            ],
            [
              -12.8619,
              26.278
            ],
            [
              -12.8117,
              26.3165
            ],
            [
              -12.7863,
              26.3716
            ],
            [
              -12.7224,
              26.3912
            ],
            [
              -12.6915,
              26.4215
            ],
            [
              -12.6155,
              26.4048
            ],
            [
              -12.5889,
              26.3829
            ],
            [
              -12.5152,
              26.3665
            ],
            [
              -12.5066,
              26.3682
            ],
            [
              -12.4742,
              26.358
            ],
            [
              -12.4231,
              26.3776
            ],
            [
              -12.3537,
              26.3684
            ],
            [
              -12.3491,
              26.3721
            ],
            [
              -12.2439,
              26.3916
            ],
            [
              -12.2371,
              26.3876
            ],
            [
              -12.2347,
              26.3261
            ],
            [
              -12.1715,
              26.2794
            ],
            [
              -12.139,
              26.2874
            ],
            [
              -12.0861,
              26.2326
            ],
            [
              -12.0387,
              26.2494
            ],
            [
              -11.9967,
              26.2251
            ],
            [
              -11.9422,
              26.2364
            ],
            [
              -11.9446,
              26.3484
            ],
            [
              -11.9154,
              26.3611
            ],
            [
              -11.8809,
              26.3463
            ],
            [
              -11.8009,
              26.3629
            ],
            [
              -11.7999,
              26.3621
            ],
            [
              -11.697,
              26.3541
            ],
            [
              -11.6965,
              26.3545
            ],
            [
              -11.6215,
              26.36
            ],
            [
              -11.6066,
              26.3533
            ],
            [
              -11.5563,
              26.3595
            ],
            [
              -11.5489,
              26.3735
            ],
            [
              -11.4356,
              26.4241
            ],
            [
              -11.4116,
              26.4825
            ],
            [
              -11.3885,
              26.492
            ],
            [
              -11.3575,
              26.4891
            ],
            [
              -11.2984,
              26.5106
            ],
            [
              -11.2919,
              26.5098
            ],
            [
              -11.2039,
              26.5449
            ],
            [
              -11.2033,
              26.5446
            ],
            [
              -11.087,
              26.5588
            ],
            [
              -11.0594,
              26.6309
            ],
            [
              -11.0928,
              26.666
            ],
            [
              -11.105,
              26.7508
            ],
            [
              -11.0958,
              26.7805
            ],
            [
              -11.0995,
              26.8055
            ],
            [
              -11.0809,
              26.8698
            ],
            [
              -11.0827,
              26.8923
            ],
            [
              -11.0393,
              26.943
            ],
            [
              -11.0257,
              26.9906
            ],
            [
              -10.9814,
              27.0279
            ],
            [
              -10.9638,
              27.085
            ],
            [
              -10.8999,
              27.1141
            ],
            [
              -10.8558,
              27.1066
            ],
            [
              -10.7994,
              27.1344
            ],
            [
              -10.7886,
              27.1807
            ],
            [
              -10.7738,
              27.1937
            ],
            [
              -10.7519,
              27.2713
            ],
            [
              -10.6881,
              27.3115
            ],
            [
              -10.6859,
              27.3195
            ],
            [
              -10.6175,
              27.3821
            ],
            [
              -10.6175,
              27.384
            ],
            [
              -10.5522,
              27.4971
            ],
            [
              -10.6134,
              27.5532
            ],
            [
              -10.6419,
              27.6283
            ],
            [
              -10.642,
              27.6388
            ],
            [
              -10.6415,
              27.6405
            ],
            [
              -10.5627,
              27.6893
            ],
            [
              -10.5565,
              27.689
            ],
            [
              -10.5162,
              27.6736
            ],
            [
              -10.4736,
              27.6848
            ],
            [
              -10.3848,
              27.6334
            ],
            [
              -10.3945,
              27.5661
            ],
            [
              -10.3726,
              27.5322
            ],
            [
              -10.3771,
              27.4592
            ],
            [
              -10.3546,
              27.4264
            ],
            [
              -10.3516,
              27.4074
            ],
            [
              -10.3607,
              27.3544
            ],
            [
              -10.3779,
              27.327
            ],
            [
              -10.3751,
              27.2749
            ],
            [
              -10.3943,
              27.228
            ],
            [
              -10.394,
              27.2253
            ],
            [
              -10.4459,
              27.1318
            ],
            [
              -10.496,
              27.1313
            ],
            [
              -10.5267,
              27.2213
            ],
            [
              -10.5463,
              27.2343
            ],
            [
              -10.6156,
              27.207
            ],
            [
              -10.634,
              27.1663
            ],
            [
              -10.63,
              27.1258
            ],
            [
              -10.6479,
              27.0804
            ],
            [
              -10.6441,
              27.0445
            ],
            [
              -10.6487,
              27.0318
            ],
            [
              -10.6167,
              26.9265
            ],
            [
              -10.6091,
              26.9212
            ],
            [
              -10.5983,
              26.8506
            ],
            [
              -10.624,
              26.8149
            ],
            [
              -10.6287,
              26.7622
            ],
            [
              -10.6674,
              26.732
            ],
            [
              -10.7089,
              26.7317
            ],
            [
              -10.7477,
              26.7078
            ],
            [
              -10.7677,
              26.7076
            ],
            [
              -10.8123,
              26.6575
            ],
            [
              -10.8189,
              26.6173
            ],
            [
              -10.7889,
              26.5504
            ],
            [
              -10.712,
              26.5478
            ],
            [
              -10.7009,
              26.5526
            ],
            [
              -10.6386,
              26.5398
            ],
            [
              -10.5988,
              26.5499
            ],
            [
              -10.5329,
              26.5273
            ],
            [
              -10.5149,
              26.5111
            ],
            [
              -10.5045,
              26.5082
            ],
            [
              -10.4627,
              26.4488
            ],
            [
              -10.4635,
              26.4244
            ],
            [
              -10.4035,
              26.3575
            ],
            [
              -10.4053,
              26.3198
            ],
            [
              -10.4455,
              26.2833
            ],
            [
              -10.4467,
              26.2446
            ],
            [
              -10.4829,
              26.1888
            ],
            [
              -10.4853,
              26.1559
            ],
            [
              -10.5469,
              26.127
            ],
            [
              -10.5529,
              26.1181
            ],
            [
              -10.6268,
              26.0837
            ],
            [
              -10.6371,
              26.0081
            ],
            [
              -10.6607,
              25.9979
            ],
            [
              -10.6885,
              25.9195
            ],
            [
              -10.7257,
              25.9039
            ],
            [
              -10.7625,
              25.8514
            ],
            [
              -10.7707,
              25.8466
            ],
            [
              -10.7778,
              25.7684
            ],
            [
              -10.7929,
              25.7479
            ],
            [
              -10.7831,
              25.6571
            ],
            [
              -10.8315,
              25.612
            ],
            [
              -10.8989,
              25.6208
            ],
            [
              -10.9168,
              25.6406
            ],
            [
              -10.9171,
              25.736
            ],
            [
              -10.9335,
              25.7569
            ],
            [
              -10.9274,
              25.8206
            ],
            [
              -10.9166,
              25.8413
            ],
            [
              -10.9472,
              25.942
            ],
            [
              -10.9529,
              25.9446
            ],
            [
              -11.034,
              25.9401
            ],
            [
              -11.065,
              25.9222
            ],
            [
              -11.1008,
              25.8734
            ],
            [
              -11.0978,
              25.8613
            ],
            [
              -11.0988,
              25.8179
            ],
            [
              -11.1505,
              25.7555
            ],
            [
              -11.1261,
              25.6843
            ],
            [
              -11.2133,
              25.6474
            ],
            [
              -11.2192,
              25.5673
            ],
            [
              -11.2203,
              25.5665
            ],
            [
              -11.3101,
              25.5593
            ],
            [
              -11.3162,
              25.5537
            ],
            [
              -11.4244,
              25.5261
            ],
            [
              -11.4509,
              25.4954
            ],
            [
              -11.4688,
              25.4856
            ],
            [
              -11.4983,
              25.4287
            ],
            [
              -11.5762,
              25.3937
            ],
            [
              -11.5901,
              25.366
            ],
            [
              -11.5841,
              25.3338
            ],
            [
              -11.4873,
              25.2728
            ],
            [
              -11.5385,
              25.2222
            ],
            [
              -11.5216,
              25.186
            ],
            [
              -11.5654,
              25.1423
            ],
            [
              -11.5513,
              25.104
            ],
            [
              -11.6106,
              25.0469
            ],
            [
              -11.616,
              25.0153
            ],
            [
              -11.6546,
              24.9676
            ],
            [
              -11.6501,
              24.9331
            ],
            [
              -11.6546,
              24.9143
            ],
            [
              -11.6393,
              24.882
            ],
            [
              -11.5725,
              24.8273
            ],
            [
              -11.5558,
              24.7869
            ],
            [
              -11.6206,
              24.6904
            ],
            [
              -11.622,
              24.6729
            ],
            [
              -11.6746,
              24.6183
            ],
            [
              -11.6716,
              24.5837
            ],
            [
              -11.6534,
              24.5484
            ],
            [
              -11.5894,
              24.5233
            ],
            [
              -11.5361,
              24.5399
            ],
            [
              -11.4626,
              24.5096
            ],
            [
              -11.4468,
              24.488
            ],
            [
              -11.4437,
              24.4862
            ],
            [
              -11.4017,
              24.4153
            ],
            [
              -11.3985,
              24.378
            ],
            [
              -11.3221,
              24.3449
            ],
            [
              -11.2495,
              24.3496
            ],
            [
              -11.194,
              24.3768
            ],
            [
              -11.1718,
              24.3773
            ],
            [
              -11.1687,
              24.376
            ],
            [
              -11.0626,
              24.3925
            ],
            [
              -11.033,
              24.3837
            ],
            [
              -10.9575,
              24.2889
            ],
            [
              -10.9662,
              24.2436
            ],
            [
              -10.9638,
              24.2234
            ],
            [
              -10.9801,
              24.164
            ],
            [
              -10.9656,
              24.1186
            ],
            [
              -10.9811,
              24.0503
            ],
            [
              -10.9409,
              23.9719
            ],
            [
              -10.9428,
              23.9639
            ],
            [
              -10.9125,
              23.8554
            ],
            [
              -10.9403,
              23.8219
            ],
            [
              -10.9434,
              23.788
            ],
            [
              -10.9836,
              23.7214
            ],
            [
              -11.0463,
              23.683
            ],
            [
              -11.062,
              23.6889
            ],
            [
              -11.1264,
              23.7728
            ],
            [
              -11.1271,
              23.7883
            ],
            [
              -11.1021,
              23.8573
            ],
            [
              -11.1103,
              23.8882
            ],
            [
              -11.1739,
              23.921
            ],
            [
              -11.2217,
              23.9142
            ],
            [
              -11.2331,
              23.9177
            ],
            [
              -11.2867,
              23.9951
            ],
            [
              -11.3248,
              24.0001
            ],
            [
              -11.3364,
              23.9874
            ],
            [
              -11.415,
              23.9689
            ],
            [
              -11.4488,
              23.9948
            ],
            [
              -11.519,
              23.9053
            ],
            [
              -11.5165,
              23.8817
            ],
            [
              -11.5198,
              23.8746
            ],
            [
              -11.4918,
              23.7989
            ],
            [
              -11.5033,
              23.7561
            ],
            [
              -11.4597,
              23.6901
            ],
            [
              -11.4431,
              23.6816
            ],
            [
              -11.4003,
              23.6848
            ],
            [
              -11.3569,
              23.6407
            ],
            [
              -11.2775,
              23.6359
            ],
            [
              -11.2229,
              23.5324
            ],
            [
              -11.2277,
              23.519
            ],
            [
              -11.2732,
              23.4951
            ],
            [
              -11.2948,
              23.4682
            ],
            [
              -11.3571,
              23.453
            ],
            [
              -11.4066,
              23.3893
            ],
            [
              -11.3938,
              23.3276
            ],
            [
              -11.3556,
              23.32
            ],
            [
              -11.278,
              23.3565
            ],
            [
              -11.2742,
              23.3544
            ],
            [
              -11.1864,
              23.3699
            ],
            [
              -11.1721,
              23.3989
            ],
            [
              -11.0743,
              23.3811
            ],
            [
              -11.0705,
              23.3733
            ],
            [
              -11.0056,
              23.3394
            ],
            [
              -11.0028,
              23.331
            ],
            [
              -10.933,
              23.268
            ],
            [
              -10.9271,
              23.2688
            ],
            [
              -10.8622,
              23.2321
            ],
            [
              -10.763,
              23.2673
            ],
            [
              -10.7605,
              23.2712
            ],
            [
              -10.6727,
              23.2805
            ],
            [
              -10.6519,
              23.264
            ],
            [
              -10.6394,
              23.1745
            ],
            [
              -10.6283,
              23.1623
            ],
            [
              -10.6304,
              23.0944
            ],
            [
              -10.5966,
              23.0466
            ],
            [
              -10.5607,
              23.0412
            ],
            [
              -10.5063,
              22.9825
            ],
            [
              -10.5155,
              22.9323
            ],
            [
              -10.6135,
              22.9254
            ],
            [
              -10.6258,
              22.8224
            ],
            [
              -10.6232,
              22.8172
            ],
            [
              -10.6298,
              22.8061
            ],
            [
              -10.7336,
              22.7741
            ],
            [
              -10.7721,
              22.8066
            ],
            [
              -10.8374,
              22.7946
            ],
            [
              -10.863,
              22.8229
            ],
            [
              -10.9601,
              22.8286
            ],
            [
              -10.9623,
              22.8268
            ],
            [
              -10.9853,
              22.7468
            ],
            [
              -10.9723,
              22.707
            ],
            [
              -10.9803,
              22.684
            ],
            [
              -10.9526,
              22.5983
            ],
            [
              -10.9582,
              22.5817
            ],
            [
              -10.9314,
              22.4944
            ],
            [
              -10.9466,
              22.4229
            ],
            [
              -10.9398,
              22.4084
            ],
            [
              -10.9736,
              22.3119
            ],
            [
              -10.961,
              22.2715
            ],
            [
              -10.9739,
              22.2099
            ],
            [
              -10.9596,
              22.1695
            ],
            [
              -10.9718,
              22.1154
            ],
            [
              -11.0538,
              22.0661
            ],
            [
              -11.1371,
              22.083
            ],
            [
              -11.1808,
              22.0685
            ],
            [
              -11.1946,
              22.0707
            ],
            [
              -11.2364,
              22.1308
            ],
            [
              -11.2412,
              22.1721
            ],
            [
              -11.3144,
              22.2488
            ],
            [
              -11.37,
              22.251
            ],
            [
              -11.4041,
              22.2337
            ],
            [
              -11.4222,
              22.1518
            ],
            [
              -11.4295,
              22.1442
            ],
            [
              -11.4337,
              22.0501
            ],
            [
              -11.4747,
              22.0074
            ],
            [
              -11.5544,
              22.0116
            ],
            [
              -11.5781,
              21.9891
            ],
            [
              -11.6535,
              22.0144
            ],
            [
              -11.6709,
              22.095
            ],
            [
              -11.6567,
              22.1262
            ],
            [
              -11.7153,
              22.1765
            ],
            [
              -11.7061,
              22.2312
            ],
            [
              -11.7171,
              22.2686
            ],
            [
              -11.716,
              22.2704
            ],
            [
              -11.6229,
              22.3213
            ],
            [
              -11.62,
              22.3296
            ],
            [
              -11.6217,
              22.3371
            ],
            [
              -11.7198,
              22.4097
            ],
            [
              -11.7181,
              22.4176
            ],
            [
              -11.7576,
              22.4817
            ],
            [
              -11.8022,
              22.4809
            ],
            [
              -11.87,
              22.4004
            ],
            [
              -11.8901,
              22.3969
            ],
            [
              -11.927,
              22.4117
            ],
            [
              -11.9845,
              22.392
            ],
            [
              -11.9924,
              22.3931
            ],
            [
              -12.0532,
              22.4296
            ],
            [
              -12.0541,
              22.431
            ],
            [
              -12.1198,
              22.4689
            ],
            [
              -12.1224,
              22.469
            ],
            [
              -12.1885,
              22.5086
            ],
            [
              -12.205,
              22.5372
            ],
            [
              -12.1842,
              22.5987
            ],
            [
              -12.2785,
              22.673
            ],
            [
              -12.2994,
              22.6626
            ],
            [
              -12.3861,
              22.6881
            ],
            [
              -12.4032,
              22.6818
            ],
            [
              -12.4728,
              22.7102
            ],
            [
              -12.5222,
              22.6984
            ],
            [
              -12.5248,
              22.6962
            ],
            [
              -12.6027,
              22.6836
            ],
            [
              -12.6129,
              22.676
            ],
            [
              -12.6265,
              22.6752
            ],
            [
              -12.7435,
              22.7477
            ],
            [
              -12.7992,
              22.6904
            ],
            [
              -12.8027,
              22.6905
            ],
            [
              -12.8768,
              22.6537
            ],
            [
              -12.9608,
              22.6734
            ],
            [
              -12.9735,
              22.725
            ],
            [
              -13.0687,
              22.7821
            ],
            [
              -13.0886,
              22.7684
            ],
            [
              -13.1782,
              22.7778
            ],
            [
              -13.229,
              22.8837
            ],
            [
              -13.2257,
              22.9001
            ],
            [
              -13.2321,
              22.915
            ],
            [
              -13.2099,
              23.0046
            ],
            [
              -13.1787,
              23.0236
            ],
            [
              -13.1414,
              23.1106
            ],
            [
              -13.1395,
              23.1113
            ],
            [
              -13.0758,
              23.2023
            ],
            [
              -13.0423,
              23.2088
            ],
            [
              -12.9839,
              23.3064
            ],
            [
              -12.9605,
              23.3149
            ],
            [
              -12.914,
              23.3913
            ],
            [
              -12.9089,
              23.3934
            ],
            [
              -12.8826,
              23.4197
            ],
            [
              -12.8539,
              23.5227
            ],
            [
              -12.8626,
              23.5441
            ],
            [
              -12.9559,
              23.5824
            ],
            [
              -12.9814,
              23.6139
            ],
            [
              -12.9628,
              23.6452
            ],
            [
              -12.8888,
              23.6895
            ],
            [
              -12.8763,
              23.7602
            ],
            [
              -12.858,
              23.7774
            ],
            [
              -12.8424,
              23.8468
            ],
            [
              -12.8471,
              23.8689
            ],
            [
              -12.9013,
              23.9084
            ],
            [
              -12.9135,
              23.9089
            ],
            [
              -13.0112,
              23.8444
            ],
            [
              -13.0142,
              23.8332
            ],
            [
              -13.0847,
              23.7727
            ],
            [
              -13.0974,
              23.7719
            ],
            [
              -13.1414,
              23.7844
            ],
            [
              -13.1761,
              23.8291
            ],
            [
              -13.2276,
              23.8267
            ],
            [
              -13.2916,
              23.8856
            ],
            [
              -13.2657,
              23.9603
            ],
            [
              -13.279,
              24.0192
            ],
            [
              -13.2712,
              24.036
            ],
            [
              -13.3061,
              24.0968
            ],
            [
              -13.3743,
              24.161
            ],
            [
              -13.3693,
              24.1774
            ],
            [
              -13.378,
              24.2512
            ],
            [
              -13.3707,
              24.2655
            ],
            [
              -13.3794,
              24.3382
            ],
            [
              -13.2927,
              24.3833
            ],
            [
              -13.3056,
              24.4983
            ],
            [
              -13.3577,
              24.5168
            ],
            [
              -13.3668,
              24.5158
            ],
            [
              -13.373,
              24.5186
            ],
            [
              -13.443,
              24.5879
            ],
            [
              -13.4621,
              24.6728
            ],
            [
              -13.5297,
              24.6966
            ],
            [
              -13.5985,
              24.6682
            ],
            [
              -13.6193,
              24.6691
            ]
          ],
          [
            [
              -11.7262,
              26.2246
            ],
            [
              -11.7369,
              26.214
            ],
            [
              -11.8273,
              26.1989
            ],
            [
              -11.8479,
              26.1216
            ],
            [
              -11.825,
              26.0957
            ],
            [
              -11.8112,
              26.0158
            ],
            [
              -11.8132,
              26.0054
            ],
            [
              -11.7704,
              25.9626
            ],
            [
              -11.7629,
              25.9315
            ],
            [
              -11.7108,
              25.8771
            ],
            [
              -11.7082,
              25.845
            ],
            [
              -11.649,
              25.8004
            ],
            [
              -11.5542,
              25.837
            ],
            [
              -11.5344,
              25.894
            ],
            [
              -11.51,
              25.9099
            ],
            [
              -11.4988,
              25.9229
            ],
            [
              -11.4776,
              25.9822
            ],
            [
              -11.5166,
              26.0648
            ],
            [
              -11.5081,
              26.1037
            ],
            [
              -11.513,
              26.1424
            ],
            [
              -11.5604,
              26.1879
            ],
            [
              -11.6359,
              26.2081
            ],
            [
              -11.6477,
              26.205
            ],
            [
              -11.7216,
              26.2258
            ],
            [
              -11.7262,
              26.2246
            ]
          ],
          [
            [
              -11.6833,
              24.3357
            ],
            [
              -11.686,
              24.265
            ],
            [
              -11.629,
              24.1847
            ],
            [
              -11.6314,
              24.1778
            ],
            [
              -11.5806,
              24.0683
            ],
            [
              -11.5445,
              24.0556
            ],
            [
              -11.4835,
              24.0733
            ],
            [
              -11.4796,
              24.0729
            ],
            [
              -11.4129,
              24.1092
            ],
            [
              -11.3876,
              24.1114
            ],
            [
              -11.337,
              24.1888
            ],
            [
              -11.3477,
              24.2141
            ],
            [
              -11.4293,
              24.2519
            ],
            [
              -11.4635,
              24.2282
            ],
            [
              -11.5385,
              24.2372
            ],
            [
              -11.5494,
              24.3397
            ],
            [
              -11.5534,
              24.3428
            ],
            [
              -11.6512,
              24.3525
            ],
            [
              -11.6833,
              24.3357
            ]
          ],
          [
            [
              -11.6397,
              23.4576
            ],
            [
              -11.6132,
              23.402
            ],
            [
              -11.5488,
              23.3773
            ],
            [
              -11.4926,
              23.4347
            ],
            [
              -11.4939,
              23.4698
            ],
            [
              -11.5404,
              23.5242
            ],
            [
              -11.5848,
              23.5287
            ],
            [
              -11.6328,
              23.497
            ],
            [
              -11.6397,
              23.4576
            ]
          ],
          [
            [
              -13.5258,
              25.0367
            ],
            [
              -13.5439,
              24.9861
            ],
            [
              -13.4848,
              24.9181
            ],
            [
              -13.4022,
              24.9453
            ],
            [
              -13.3881,
              24.9634
            ],
            [
              -13.371,
              25.0325
            ],
            [
              -13.3897,
              25.062
            ],
            [
              -13.4659,
              25.077
            ],
            [
              -13.5258,
              25.0367
            ]
          ],
          [
            [
              -11.9953,
              24.8024
            ],
            [
              -11.9512,
              24.8392
            ],
            [
              -11.946,
              24.8932
            ],
            [
              -12.0174,
              24.9466
            ],
            [
              -12.0299,
              24.9738
            ],
            [
              -12.0355,
              24.9764
            ],
            [
              -12.1268,
              24.9736
            ],
            [
              -12.1596,
              24.9261
            ],
            [
              -12.1049,
              24.872
            ],
            [
              -12.1086,
              24.829
            ],
            [
              -12.0779,
              24.7971
            ],
            [
              -11.9953,
              24.8024
            ]
          ],
          [
            [
              -11.2615,
              22.82
            ],
            [
              -11.2005,
              22.8642
            ],
            [
              -11.2798,
              22.9578
            ],
            [
              -11.3082,
              22.9523
            ],
            [
              -11.351,
              22.8739
            ],
            [
              -11.3492,
              22.8566
            ],
            [
              -11.2615,
              22.82
            ]
          ]
        ]
      },
      "properties": {
        "id": 88,
        "entity_id": "lake:88",
        "feature_class": "lake",
        "name": "Schom",
        "lake_type": "freshwater",
        "area": 4170.0,
        "height": 19.9,
        "flux": 16126.0,
        "temperature": 14.7,
        "outlet_id": 1304,
        "rank": 1,
        "minzoom": 2
      }
    },
    {
      "type": "Feature",
      "geometry": {
        "type": "Polygon",
        "coordinates": [
          [
            [
              22.8103,
              27.3822
            ],
            [
              22.8488,
              27.3927
            ],
            [
              22.9328,
              27.3511
            ],
            [
              22.9453,
              27.3251
            ],
            [
              22.926,
              27.269
            ],
            [
              22.8593,
              27.247
            ],
            [
              22.8047,
              27.2807
            ],
            [
              22.7901,
              27.3298
            ],
            [
              22.8103,
              27.3822
            ]
          ]
        ]
      },
      "properties": {
        "id": 90,
        "entity_id": "lake:90",
        "feature_class": "lake",
        "name": "Tihulme",
        "lake_type": "freshwater",
        "area": 7.0,
        "height": 21.9,
        "flux": 412.0,
        "temperature": 14.0,
        "outlet_id": 751,
        "rank": 4,
        "minzoom": 8
      }
    },
    {
      "type": "Feature",
      "geometry": {
        "type": "Polygon",
        "coordinates": [
          [
            [
              24.0329,
              26.9017
            ],
            [
              24.0316,
              26.9663
            ],
            [
              24.0933,
              27.0113
            ],
            [
              24.1761,
              26.9716
            ],
            [
              24.1618,
              26.8989
            ],
            [
              24.1199,
              26.8539
            ],
            [
              24.0416,
              26.888
            ],
            [
              24.0329,
              26.9017
            ]
          ]
        ]
      },
      "properties": {
        "id": 93,
        "entity_id": "lake:93",
        "feature_class": "lake",
        "name": "Rockingin",
        "lake_type": "freshwater",
        "area": 7.0,
        "height": 20.9,
        "flux": 698.0,
        "temperature": 14.0,
        "outlet_id": 1315,
        "rank": 4,
        "minzoom": 8
      }
    },
    {
      "type": "Feature",
      "geometry": {
        "type": "Polygon",
        "coordinates": [
          [
            [
              -10.3465,
              26.5435
            ],
            [
              -10.3903,
              26.6345
            ],
            [
              -10.4256,
              26.6419
            ],
            [
              -10.4599,
              26.6853
            ],
            [
              -10.4898,
              26.6987
            ],
            [
              -10.5051,
              26.7163
            ],
            [
              -10.4825,
              26.8014
            ],
            [
              -10.4444,
              26.8388
            ],
            [
              -10.3766,
              26.8459
            ],
            [
              -10.3528,
              26.83
            ],
            [
              -10.2785,
              26.8264
            ],
            [
              -10.2329,
              26.8007
            ],
            [
              -10.2196,
              26.7252
            ],
            [
              -10.2573,
              26.6528
            ],
            [
              -10.2503,
              26.6256
            ],
            [
              -10.2918,
              26.5195
            ],
            [
              -10.3465,
              26.5435
            ]
          ]
        ]
      },
      "properties": {
        "id": 95,
        "entity_id": "lake:95",
        "feature_class": "lake",
        "name": "Albron",
        "lake_type": "freshwater",
        "area": 25.0,
        "height": 22.9,
        "flux": 213.0,
        "temperature": 14.0,
        "outlet_id": 1276,
        "rank": 3,
        "minzoom": 6
      }
    },
    {
      "type": "Feature",
      "geometry": {
        "type": "Polygon",
        "coordinates": [
          [
            [
              -9.6335,
              26.3121
            ],
            [
              -9.6228,
              26.2209
            ],
            [
              -9.6899,
              26.2058
            ],
            [
              -9.7489,
              26.2676
            ],
            [
              -9.7419,
              26.3222
            ],
            [
              -9.713,
              26.3545
            ],
            [
              -9.6614,
              26.3404
            ],
            [
              -9.6335,
              26.3121
            ]
          ]
        ]
      },
      "properties": {
        "id": 100,
        "entity_id": "lake:100",
        "feature_class": "lake",
        "name": "Rustnauried",
        "lake_type": "freshwater",
        "area": 6.0,
        "height": 21.9,
        "flux": 385.0,
        "temperature": 15.0,
        "outlet_id": 1165,
        "rank": 4,
        "minzoom": 8
      }
    },
    {
      "type": "Feature",
      "geometry": {
        "type": "Polygon",
        "coordinates": [
          [
            [
              20.5925,
              24.6905
            ],
            [
              20.5314,
              24.7344
            ],
            [
              20.4827,
              24.7337
            ],
            [
              20.4461,
              24.8169
            ],
            [
              20.5333,
              24.8387
            ],
            [
              20.5239,
              24.9079
            ],
            [
              20.5312,
              24.9212
            ],
            [
              20.5034,
              24.9832
            ],
            [
              20.5153,
              25.0368
            ],
            [
              20.478,
              25.0775
            ],
            [
              20.4662,
              25.1593
            ],
            [
              20.4587,
              25.1673
            ],
            [
              20.4548,
              25.1794
            ],
            [
              20.4608,
              25.2497
            ],
            [
              20.4732,
              25.2719
            ],
            [
              20.4641,
              25.3261
            ],
            [
              20.5287,
              25.4108
            ],
            [
              20.5545,
              25.4173
            ],
            [
              20.5966,
              25.3864
            ],
            [
              20.5988,
              25.2775
            ],
            [
              20.6155,
              25.2601
            ],
            [
              20.6109,
              25.1698
            ],
            [
              20.6432,
              25.1289
            ],
            [
              20.7026,
              25.1138
            ],
            [
              20.7206,
              25.1229
            ],
            [
              20.7505,
              25.1657
            ],
            [
              20.8361,
              25.1974
            ],
            [
              20.8573,
              25.1919
            ],
            [
              20.9473,
              25.2249
            ],
            [
              20.9505,
              25.2286
            ],
            [
              20.9492,
              25.2562
            ],
            [
              20.9757,
              25.3261
            ],
            [
              20.9093,
              25.3934
            ],
            [
              20.8198,
              25.3595
            ],
            [
              20.7938,
              25.3807
            ],
            [
              20.7255,
              25.3788
            ],
            [
              20.6926,
              25.4039
            ],
            [
              20.6946,
              25.4871
            ],
            [
              20.7809,
              25.5576
            ],
            [
              20.8299,
              25.5365
            ],
            [
              20.8509,
              25.5392
            ],
            [
              20.9361,
              25.4882
            ],
            [
              20.9678,
              25.4912
            ],
            [
              20.9976,
              25.5176
            ],
            [
              21.021,
              25.6004
            ],
            [
              21.0087,
              25.6318
            ],
            [
              21.0224,
              25.6765
            ],
            [
              21.0062,
              25.7307
            ],
            [
              21.017,
              25.7589
            ],
            [
              21.0153,
              25.769
            ],
            [
              21.0488,
              25.849
            ],
            [
              21.1277,
              25.8879
            ],
            [
              21.1285,
              25.9297
            ],
            [
              21.1356,
              25.9448
            ],
            [
              21.1378,
              26.0115
            ],
            [
              21.1571,
              26.0485
            ],
            [
              21.2149,
              26.0746
            ],
            [
              21.2226,
              26.0744
            ],
            [
              21.2854,
              26.0281
            ],
            [
              21.3274,
              26.0295
            ],
            [
              21.3754,
              25.9779
            ],
            [
              21.4277,
              25.9854
            ],
            [
              21.4803,
              26.0484
            ],
            [
              21.4847,
              26.0692
            ],
            [
              21.461,
              26.1142
            ],
            [
              21.474,
              26.1647
            ],
            [
              21.5537,
              26.2095
            ],
            [
              21.586,
              26.2541
            ],
            [
              21.6325,
              26.2627
            ],
            [
              21.6512,
              26.2559
            ],
            [
              21.7607,
              26.2823
            ],
            [
              21.7728,
              26.2987
            ],
            [
              21.7898,
              26.3673
            ],
            [
              21.796,
              26.3743
            ],
            [
              21.8781,
              26.4048
            ],
            [
              21.9113,
              26.3823
            ],
            [
              21.9325,
              26.3479
            ],
            [
              21.975,
              26.3327
            ],
            [
              22.023,
              26.2628
            ],
            [
              22.0873,
              26.245
            ],
            [
              22.0964,
              26.2366
            ],
            [
              22.1212,
              26.2366
            ],
            [
              22.1723,
              26.2555
            ],
            [
              22.2295,
              26.2478
            ],
            [
              22.2984,
              26.1711
            ],
            [
              22.2974,
              26.1596
            ],
            [
              22.3211,
              26.1128
            ],
            [
              22.3215,
              26.0784
            ],
            [
              22.3539,
              26.0147
            ],
            [
              22.4196,
              25.9726
            ],
            [
              22.4331,
              25.9766
            ],
            [
              22.5113,
              25.9658
            ],
            [
              22.553,
              25.9393
            ],
            [
              22.5572,
              25.9333
            ],
            [
              22.629,
              25.912
            ],
            [
              22.642,
              25.9155
            ],
            [
              22.7007,
              25.9015
            ],
            [
              22.7584,
              25.8561
            ],
            [
              22.7971,
              25.853
            ],
            [
              22.8377,
              25.814
            ],
            [
              22.8655,
              25.8062
            ],
            [
              22.8861,
              25.765
            ],
            [
              22.8799,
              25.6936
            ],
            [
              22.8895,
              25.6787
            ],
            [
              22.8985,
              25.6116
            ],
            [
              22.918,
              25.5921
            ],
            [
              22.9173,
              25.5379
            ],
            [
              22.9546,
              25.4924
            ],
            [
              22.9474,
              25.4431
            ],
            [
              22.8393,
              25.3677
            ],
            [
              22.8363,
              25.3621
            ],
            [
              22.7748,
              25.3312
            ],
            [
              22.7604,
              25.3029
            ],
            [
              22.8005,
              25.2069
            ],
            [
              22.7994,
              25.2003
            ],
            [
              22.7492,
              25.1301
            ],
            [
              22.7016,
              25.1168
            ],
            [
              22.6708,
              25.064
            ],
            [
              22.6491,
              25.0548
            ],
            [
              22.6174,
              25.0048
            ],
            [
              22.5356,
              24.965
            ],
            [
              22.5275,
              24.9539
            ],
            [
              22.4784,
              24.9267
            ],
            [
              22.4703,
              24.9095
            ],
            [
              22.4855,
              24.8568
            ],
            [
              22.4715,
              24.7619
            ],
            [
              22.4266,
              24.7155
            ],
            [
              22.3783,
              24.7001
            ],
            [
              22.3627,
              24.6689
            ],
            [
              22.3498,
              24.658
            ],
            [
              22.2298,
              24.6734
            ],
            [
              22.1746,
              24.6357
            ],
            [
              22.1639,
              24.637
            ],
            [
              22.1278,
              24.6102
            ],
            [
              22.0904,
              24.5336
            ],
            [
              22.0563,
              24.5305
            ],
            [
              21.9849,
              24.586
            ],
            [
              21.9815,
              24.613
            ],
            [
              21.9115,
              24.661
            ],
            [
              21.8592,
              24.6322
            ],
            [
              21.7981,
              24.6588
            ],
            [
              21.7716,
              24.7006
            ],
            [
              21.6945,
              24.7021
            ],
            [
              21.6728,
              24.6862
            ],
            [
              21.6094,
              24.6935
            ],
            [
              21.5763,
              24.6716
            ],
            [
              21.4944,
              24.6919
            ],
            [
              21.4383,
              24.6483
            ],
            [
              21.4382,
              24.6473
            ],
            [
              21.385,
              24.5679
            ],
            [
              21.3463,
              24.5544
            ],
            [
              21.2761,
              24.5803
            ],
            [
              21.2707,
              24.64
            ],
            [
              21.2503,
              24.6627
            ],
            [
              21.1521,
              24.6627
            ],
            [
              21.1303,
              24.6367
            ],
            [
              21.0925,
              24.6246
            ],
            [
              21.0091,
              24.6434
            ],
            [
              20.9918,
              24.6551
            ],
            [
              20.9623,
              24.6549
            ],
            [
              20.9323,
              24.6364
            ],
            [
              20.8571,
              24.6447
            ],
            [
              20.8226,
              24.6689
            ],
            [
              20.7537,
              24.646
            ],
            [
              20.6934,
              24.7134
            ],
            [
              20.6292,
              24.6943
            ],
            [
              20.6137,
              24.6973
            ],
            [
              20.5925,
              24.6905
            ]
          ],
          [
            [
              21.3885,
              25.8631
            ],
            [
              21.3055,
              25.8051
            ],
            [
              21.3209,
              25.744
            ],
            [
              21.3611,
              25.7044
            ],
            [
              21.3967,
              25.693
            ],
            [
              21.4588,
              25.7245
            ],
            [
              21.4591,
              25.725
            ],
            [
              21.4595,
              25.84
            ],
            [
              21.4539,
              25.8473
            ],
            [
              21.3885,
              25.8631
            ]
          ]
        ]
      },
      "properties": {
        "id": 101,
        "entity_id": "lake:101",
        "feature_class": "lake",
        "name": "Bolbor",
        "lake_type": "freshwater",
        "area": 1255.0,
        "height": 19.9,
        "flux": 4991.0,
        "temperature": 14.9,
        "outlet_id": 1301,
        "rank": 1,
        "minzoom": 2
      }
    },
    {
      "type": "Feature",
      "geometry": {
        "type": "Polygon",
        "coordinates": [
          [
            [
              -10.2243,
              25.3346
            ],
            [
              -10.1867,
              25.388
            ],
            [
              -10.1794,
              25.4517
            ],
            [
              -10.2062,
              25.4963
            ],
            [
              -10.2844,
              25.5073
            ],
            [
              -10.3356,
              25.4748
            ],
            [
              -10.3741,
              25.3908
            ],
            [
              -10.3797,
              25.3878
            ],
            [
              -10.4177,
              25.3813
            ],
            [
              -10.4454,
              25.3501
            ],
            [
              -10.4961,
              25.3261
            ],
            [
              -10.5382,
              25.2784
            ],
            [
              -10.5526,
              25.2695
            ],
            [
              -10.6366,
              25.2671
            ],
            [
              -10.6373,
              25.2673
            ],
            [
              -10.6393,
              25.2695
            ],
            [
              -10.6479,
              25.4013
            ],
            [
              -10.6093,
              25.4284
            ],
            [
              -10.5668,
              25.4891
            ],
            [
              -10.5287,
              25.4956
            ],
            [
              -10.4675,
              25.5779
            ],
            [
              -10.4752,
              25.6244
            ],
            [
              -10.5019,
              25.662
            ],
            [
              -10.504,
              25.7009
            ],
            [
              -10.5342,
              25.7487
            ],
            [
              -10.4696,
              25.8431
            ],
            [
              -10.5289,
              25.8913
            ],
            [
              -10.5049,
              25.9808
            ],
            [
              -10.4609,
              25.9904
            ],
            [
              -10.4253,
              25.9767
            ],
            [
              -10.4034,
              25.9109
            ],
            [
              -10.4348,
              25.8489
            ],
            [
              -10.3967,
              25.8051
            ],
            [
              -10.3005,
              25.8007
            ],
            [
              -10.2753,
              25.8182
            ],
            [
              -10.2709,
              25.8365
            ],
            [
              -10.1826,
              25.894
            ],
            [
              -10.178,
              25.92
            ],
            [
              -10.1012,
              25.9593
            ],
            [
              -10.0904,
              26.0119
            ],
            [
              -9.992,
              26.0589
            ],
            [
              -9.9897,
              26.0633
            ],
            [
              -9.9596,
              26.0824
            ],
            [
              -9.879,
              26.0928
            ],
            [
              -9.8757,
              26.0919
            ],
            [
              -9.7942,
              26.0118
            ],
            [
              -9.8003,
              25.9442
            ],
            [
              -9.7668,
              25.904
            ],
            [
              -9.7625,
              25.8835
            ],
            [
              -9.7048,
              25.8016
            ],
            [
              -9.7324,
              25.735
            ],
            [
              -9.7159,
              25.6762
            ],
            [
              -9.7338,
              25.655
            ],
            [
              -9.7469,
              25.5549
            ],
            [
              -9.7262,
              25.5343
            ],
            [
              -9.7344,
              25.4581
            ],
            [
              -9.7863,
              25.4119
            ],
            [
              -9.792,
              25.3838
            ],
            [
              -9.8428,
              25.3426
            ],
            [
              -9.8531,
              25.3066
            ],
            [
              -9.8691,
              25.2927
            ],
            [
              -9.894,
              25.2255
            ],
            [
              -9.8968,
              25.2236
            ],
            [
              -9.931,
              25.1537
            ],
            [
              -10.0007,
              25.1365
            ],
            [
              -10.0463,
              25.1804
            ],
            [
              -10.0486,
              25.2255
            ],
            [
              -10.0502,
              25.2283
            ],
            [
              -10.1168,
              25.2666
            ],
            [
              -10.1577,
              25.2623
            ],
            [
              -10.2243,
              25.3346
            ]
          ]
        ]
      },
      "properties": {
        "id": 105,
        "entity_id": "lake:105",
        "feature_class": "lake",
        "name": "Birtengen",
        "lake_type": "freshwater",
        "area": 221.0,
        "height": 19.9,
        "flux": 1598.0,
        "temperature": 13.5,
        "outlet_id": 1277,
        "rank": 2,
        "minzoom": 4
      }
    },
    {
      "type": "Feature",
      "geometry": {
        "type": "Polygon",
        "coordinates": [
          [
            [
              -15.4351,
              25.6686
            ],
            [
              -15.4404,
              25.6731
            ],
            [
              -15.5274,
              25.6847
            ],
            [
              -15.5309,
              25.6879
            ],
            [
              -15.5237,
              25.814
            ],
            [
              -15.5531,
              25.8328
            ],
            [
              -15.5734,
              25.9238
            ],
            [
              -15.5341,
              25.9476
            ],
            [
              -15.4918,
              25.946
            ],
            [
              -15.4318,
              25.8873
            ],
            [
              -15.4299,
              25.8218
            ],
            [
              -15.4265,
              25.819
            ],
            [
              -15.3312,
              25.8095
            ],
            [
              -15.2663,
              25.8441
            ],
            [
              -15.2628,
              25.8504
            ],
            [
              -15.2617,
              25.8547
            ],
            [
              -15.1939,
              25.9305
            ],
            [
              -15.19,
              25.9319
            ],
            [
              -15.0988,
              25.9157
            ],
            [
              -15.0708,
              25.8655
            ],
            [
              -15.0697,
              25.8363
            ],
            [
              -15.1372,
              25.7918
            ],
            [
              -15.1503,
              25.7267
            ],
            [
              -15.2134,
              25.7073
            ],
            [
              -15.2337,
              25.6598
            ],
            [
              -15.3278,
              25.654
            ],
            [
              -15.3443,
              25.6642
            ],
            [
              -15.4063,
              25.6629
            ],
            [
              -15.4351,
              25.6686
            ]
          ]
        ]
      },
      "properties": {
        "id": 107,
        "entity_id": "lake:107",
        "feature_class": "lake",
        "name": "Otweillin",
        "lake_type": "freshwater",
        "area": 38.0,
        "height": 23.9,
        "flux": 742.0,
        "temperature": 12.9,
        "outlet_id": 218,
        "rank": 3,
        "minzoom": 6
      }
    },
    {
      "type": "Feature",
      "geometry": {
        "type": "Polygon",
        "coordinates": [
          [
            [
              20.6078,
              25.8919
            ],
            [
              20.6326,
              25.8986
            ],
            [
              20.6546,
              25.9198
            ],
            [
              20.7274,
              25.9328
            ],
            [
              20.8059,
              25.8557
            ],
            [
              20.8141,
              25.8311
            ],
            [
              20.7788,
              25.7825
            ],
            [
              20.696,
              25.7474
            ],
            [
              20.682,
              25.7286
            ],
            [
              20.6574,
              25.7143
            ],
            [
              20.5873,
              25.7156
            ],
            [
              20.5511,
              25.7603
            ],
            [
              20.5443,
              25.8247
            ],
            [
              20.5464,
              25.8325
            ],
            [
              20.6078,
              25.8919
            ]
          ]
        ]
      },
      "properties": {
        "id": 108,
        "entity_id": "lake:108",
        "feature_class": "lake",
        "name": "Hincknethbu",
        "lake_type": "freshwater",
        "area": 17.0,
        "height": 19.9,
        "flux": 250.0,
        "temperature": 15.0,
        "outlet_id": 1190,
        "rank": 4,
        "minzoom": 8
      }
    },
    {
      "type": "Feature",
      "geometry": {
        "type": "Polygon",
        "coordinates": [
          [
            [
              -17.2506,
              23.6455
            ],
            [
              -17.263,
              23.6186
            ],
            [
              -17.346,
              23.6077
            ],
            [
              -17.4092,
              23.6978
            ],
            [
              -17.3537,
              23.7538
            ],
            [
              -17.283,
              23.7279
            ],
            [
              -17.2506,
              23.6455
            ]
          ]
        ]
      },
      "properties": {
        "id": 127,
        "entity_id": "lake:127",
        "feature_class": "lake",
        "name": "Guarnedinono",
        "lake_type": "freshwater",
        "area": 7.0,
        "height": 31.9,
        "flux": 117.0,
        "temperature": 16.0,
        "outlet_id": 535,
        "rank": 4,
        "minzoom": 8
      }
    },
    {
      "type": "Feature",
      "geometry": {
        "type": "Polygon",
        "coordinates": [
          [
            [
              -13.2363,
              23.502
            ],
            [
              -13.2422,
              23.4848
            ],
            [
              -13.3153,
              23.4656
            ],
            [
              -13.3424,
              23.4854
            ],
            [
              -13.3468,
              23.559
            ],
            [
              -13.3839,
              23.5872
            ],
            [
              -13.3817,
              23.656
            ],
            [
              -13.3988,
              23.6685
            ],
            [
              -13.4143,
              23.7746
            ],
            [
              -13.4037,
              23.7865
            ],
            [
              -13.37,
              23.7944
            ],
            [
              -13.295,
              23.7389
            ],
            [
              -13.2846,
              23.7005
            ],
            [
              -13.2558,
              23.6769
            ],
            [
              -13.2541,
              23.6216
            ],
            [
              -13.2713,
              23.5942
            ],
            [
              -13.2363,
              23.502
            ]
          ]
        ]
      },
      "properties": {
        "id": 128,
        "entity_id": "lake:128",
        "feature_class": "lake",
        "name": "Schwonafen",
        "lake_type": "freshwater",
        "area": 15.0,
        "height": 28.9,
        "flux": 287.0,
        "temperature": 16.0,
        "outlet_id": 908,
        "rank": 4,
        "minzoom": 8
      }
    },
    {
      "type": "Feature",
      "geometry": {
        "type": "Polygon",
        "coordinates": [
          [
            [
              -15.9422,
              23.1703
            ],
            [
              -16.0021,
              23.1817
            ],
            [
              -16.0825,
              23.1458
            ],
            [
              -16.1034,
              23.1183
            ],
            [
              -16.1302,
              23.104
            ],
            [
              -16.1939,
              23.1057
            ],
            [
              -16.2131,
              23.1221
            ],
            [
              -16.2059,
              23.2561
            ],
            [
              -16.1672,
              23.2775
            ],
            [
              -16.1065,
              23.2677
            ],
            [
              -16.0838,
              23.2835
            ],
            [
              -16.0212,
              23.2755
            ],
            [
              -15.9593,
              23.3321
            ],
            [
              -15.9303,
              23.3357
            ],
            [
              -15.906,
              23.3526
            ],
            [
              -15.8521,
              23.3445
            ],
            [
              -15.8438,
              23.3372
            ],
            [
              -15.7447,
              23.3129
            ],
            [
              -15.7195,
              23.2749
            ],
            [
              -15.6517,
              23.2609
            ],
            [
              -15.6243,
              23.223
            ],
            [
              -15.5495,
              23.2089
            ],
            [
              -15.5208,
              23.2203
            ],
            [
              -15.4597,
              23.184
            ],
            [
              -15.4314,
              23.1879
            ],
            [
              -15.354,
              23.1227
            ],
            [
              -15.3535,
              23.0989
            ],
            [
              -15.3281,
              23.0697
            ],
            [
              -15.3281,
              23.0115
            ],
            [
              -15.301,
              22.9866
            ],
            [
              -15.3018,
              22.902
            ],
            [
              -15.3282,
              22.8901
            ],
            [
              -15.4142,
              22.9251
            ],
            [
              -15.4245,
              22.9458
            ],
            [
              -15.4227,
              22.969
            ],
            [
              -15.473,
              23.0478
            ],
            [
              -15.4781,
              23.0504
            ],
            [
              -15.4925,
              23.0491
            ],
            [
              -15.5671,
              23.0864
            ],
            [
              -15.5809,
              23.0829
            ],
            [
              -15.6588,
              23.1295
            ],
            [
              -15.6656,
              23.1491
            ],
            [
              -15.7283,
              23.1557
            ],
            [
              -15.764,
              23.2019
            ],
            [
              -15.8018,
              23.1958
            ],
            [
              -15.845,
              23.132
            ],
            [
              -15.8813,
              23.1189
            ],
            [
              -15.9192,
              23.1352
            ],
            [
              -15.9422,
              23.1703
            ]
          ]
        ]
      },
      "properties": {
        "id": 134,
        "entity_id": "lake:134",
        "feature_class": "lake",
        "name": "Basel",
        "lake_type": "freshwater",
        "area": 62.0,
        "height": 21.9,
        "flux": 1226.0,
        "temperature": 14.8,
        "outlet_id": 1163,
        "rank": 2,
        "minzoom": 4
      }
    },
    {
      "type": "Feature",
      "geometry": {
        "type": "Polygon",
        "coordinates": [
          [
            [
              -14.8812,
              22.9578
            ],
            [
              -14.8838,
              22.9576
            ],
            [
              -14.9397,
              22.9889
            ],
            [
              -14.978,
              23.0775
            ],
            [
              -14.9625,
              23.122
            ],
            [
              -14.9629,
              23.1318
            ],
            [
              -14.8987,
              23.2179
            ],
            [
              -14.898,
              23.2202
            ],
            [
              -14.8831,
              23.2329
            ],
            [
              -14.7543,
              23.2301
            ],
            [
              -14.746,
              23.2339
            ],
            [
              -14.6611,
              23.2184
            ],
            [
              -14.652,
              23.2205
            ],
            [
              -14.6137,
              23.2447
            ],
            [
              -14.5795,
              23.2442
            ],
            [
              -14.4872,
              23.3267
            ],
            [
              -14.4683,
              23.3298
            ],
            [
              -14.4048,
              23.2945
            ],
            [
              -14.3705,
              23.2935
            ],
            [
              -14.3332,
              23.2631
            ],
            [
              -14.2866,
              23.251
            ],
            [
              -14.2744,
              23.2343
            ],
            [
              -14.1968,
              23.1982
            ],
            [
              -14.1543,
              23.2023
            ],
            [
              -14.1078,
              23.1843
            ],
            [
              -14.0965,
              23.1653
            ],
            [
              -14.0793,
              23.1525
            ],
            [
              -14.0508,
              23.1003
            ],
            [
              -13.995,
              23.0649
            ],
            [
              -13.9776,
              23.0195
            ],
            [
              -13.993,
              22.984
            ],
            [
              -14.0603,
              22.9414
            ],
            [
              -14.1425,
              22.9698
            ],
            [
              -14.1859,
              22.9517
            ],
            [
              -14.1918,
              22.9439
            ],
            [
              -14.2898,
              22.919
            ],
            [
              -14.3007,
              22.9049
            ],
            [
              -14.3219,
              22.8883
            ],
            [
              -14.4265,
              22.8953
            ],
            [
              -14.4285,
              22.897
            ],
            [
              -14.4471,
              22.9942
            ],
            [
              -14.4374,
              23.0161
            ],
            [
              -14.4529,
              23.0833
            ],
            [
              -14.4569,
              23.0863
            ],
            [
              -14.4989,
              23.097
            ],
            [
              -14.5769,
              23.0717
            ],
            [
              -14.5809,
              23.0736
            ],
            [
              -14.6599,
              23.0547
            ],
            [
              -14.679,
              23.0143
            ],
            [
              -14.7254,
              23.0042
            ],
            [
              -14.7587,
              22.9621
            ],
            [
              -14.8089,
              22.9512
            ],
            [
              -14.8659,
              22.9649
            ],
            [
              -14.8812,
              22.9578
            ]
          ]
        ]
      },
      "properties": {
        "id": 135,
        "entity_id": "lake:135",
        "feature_class": "lake",
        "name": "Elzheim",
        "lake_type": "freshwater",
        "area": 105.0,
        "height": 19.9,
        "flux": 2039.0,
        "temperature": 15.8,
        "outlet_id": 1193,
        "rank": 2,
        "minzoom": 4
      }
    },
    {
      "type": "Feature",
      "geometry": {
        "type": "Polygon",
        "coordinates": [
          [
            [
              -13.568,
              23.188
            ],
            [
              -13.5851,
              23.1285
            ],
            [
              -13.6982,
              23.1589
            ],
            [
              -13.7155,
              23.1935
            ],
            [
              -13.7056,
              23.2409
            ],
            [
              -13.6323,
              23.2823
            ],
            [
              -13.568,
              23.188
            ]
          ]
        ]
      },
      "properties": {
        "id": 136,
        "entity_id": "lake:136",
        "feature_class": "lake",
        "name": "Bonbach",
        "lake_type": "freshwater",
        "area": 6.0,
        "height": 19.9,
        "flux": 2104.0,
        "temperature": 17.0,
        "outlet_id": 1193,
        "rank": 4,
        "minzoom": 8
      }
    },
    {
      "type": "Feature",
      "geometry": {
        "type": "Polygon",
        "coordinates": [
          [
            [
              2.6741,
              22.9634
            ],
            [
              2.6739,
              22.9713
            ],
            [
              2.7146,
              23.0614
            ],
            [
              2.7669,
              23.0811
            ],
            [
              2.8364,
              22.9949
            ],
            [
              2.8323,
              22.982
            ],
            [
              2.8194,
              22.9608
            ],
            [
              2.8336,
              22.8805
            ],
            [
              2.7652,
              22.7986
            ],
            [
              2.7535,
              22.7988
            ],
            [
              2.7067,
              22.7786
            ],
            [
              2.6777,
              22.7782
            ],
            [
              2.6345,
              22.757
            ],
            [
              2.576,
              22.7657
            ],
            [
              2.5465,
              22.811
            ],
            [
              2.5594,
              22.8874
            ],
            [
              2.6137,
              22.9242
            ],
            [
              2.6191,
              22.9246
            ],
            [
              2.6741,
              22.9634
            ]
          ]
        ]
      },
      "properties": {
        "id": 138,
        "entity_id": "lake:138",
        "feature_class": "lake",
        "name": "Abermo",
        "lake_type": "freshwater",
        "area": 24.0,
        "height": 21.9,
        "flux": 900.0,
        "temperature": 17.0,
        "outlet_id": 987,
        "rank": 4,
        "minzoom": 8
      }
    },
    {
      "type": "Feature",
      "geometry": {
        "type": "Polygon",
        "coordinates": [
          [
            [
              -16.6403,
              22.1366
            ],
            [
              -16.7308,
              22.1186
            ],
            [
              -16.7313,
              22.1179
            ],
            [
              -16.7778,
              22.0897
            ],
            [
              -16.8199,
              22.0985
            ],
            [
              -16.8512,
              22.0891
            ],
            [
              -16.9073,
              22.1042
            ],
            [
              -16.9403,
              22.1759
            ],
            [
              -16.9529,
              22.1763
            ],
            [
              -16.9977,
              22.2404
            ],
            [
              -17.0422,
              22.2293
            ],
            [
              -17.0837,
              22.2629
            ],
            [
              -17.1206,
              22.2631
            ],
            [
              -17.1595,
              22.2902
            ],
            [
              -17.1644,
              22.2994
            ],
            [
              -17.1661,
              22.315
            ],
            [
              -17.1428,
              22.3797
            ],
            [
              -17.1447,
              22.3872
            ],
            [
              -17.1311,
              22.4477
            ],
            [
              -17.0502,
              22.5006
            ],
            [
              -17.0059,
              22.5006
            ],
            [
              -17.0044,
              22.5017
            ],
            [
              -16.9634,
              22.5912
            ],
            [
              -16.9634,
              22.5929
            ],
            [
              -16.9444,
              22.6412
            ],
            [
              -16.8975,
              22.6668
            ],
            [
              -16.8555,
              22.6697
            ],
            [
              -16.8118,
              22.6895
            ],
            [
              -16.7479,
              22.655
            ],
            [
              -16.6875,
              22.6764
            ],
            [
              -16.6416,
              22.6669
            ],
            [
              -16.6153,
              22.6815
            ],
            [
              -16.5732,
              22.6839
            ],
            [
              -16.5274,
              22.6182
            ],
            [
              -16.5254,
              22.6082
            ],
            [
              -16.4561,
              22.5557
            ],
            [
              -16.4553,
              22.5522
            ],
            [
              -16.4208,
              22.5226
            ],
            [
              -16.371,
              22.5229
            ],
            [
              -16.3418,
              22.4864
            ],
            [
              -16.2797,
              22.4947
            ],
            [
              -16.2563,
              22.414
            ],
            [
              -16.2587,
              22.4118
            ],
            [
              -16.2677,
              22.3264
            ],
            [
              -16.247,
              22.2998
            ],
            [
              -16.2682,
              22.2312
            ],
            [
              -16.256,
              22.2056
            ],
            [
              -16.213,
              22.1881
            ],
            [
              -16.118,
              22.2412
            ],
            [
              -16.0933,
              22.2269
            ],
            [
              -16.0805,
              22.157
            ],
            [
              -16.1377,
              22.0746
            ],
            [
              -16.1744,
              22.083
            ],
            [
              -16.2515,
              22.0513
            ],
            [
              -16.2619,
              21.9962
            ],
            [
              -16.2306,
              21.9115
            ],
            [
              -16.2253,
              21.9072
            ],
            [
              -16.143,
              21.9117
            ],
            [
              -16.101,
              21.8419
            ],
            [
              -16.1037,
              21.7868
            ],
            [
              -16.1279,
              21.7719
            ],
            [
              -16.1866,
              21.7567
            ],
            [
              -16.2534,
              21.7971
            ],
            [
              -16.2808,
              21.784
            ],
            [
              -16.3337,
              21.7993
            ],
            [
              -16.3775,
              21.8769
            ],
            [
              -16.3757,
              21.8943
            ],
            [
              -16.393,
              21.9236
            ],
            [
              -16.5095,
              21.9423
            ],
            [
              -16.518,
              21.9521
            ],
            [
              -16.5813,
              21.9613
            ],
            [
              -16.6061,
              22.0057
            ],
            [
              -16.5836,
              22.1065
            ],
            [
              -16.6403,
              22.1366
            ]
          ]
        ]
      },
      "properties": {
        "id": 143,
        "entity_id": "lake:143",
        "feature_class": "lake",
        "name": "Breinach",
        "lake_type": "freshwater",
        "area": 225.0,
        "height": 22.9,
        "flux": 460.0,
        "temperature": 15.1,
        "outlet_id": 1419,
        "rank": 2,
        "minzoom": 4
      }
    },
    {
      "type": "Feature",
      "geometry": {
        "type": "Polygon",
        "coordinates": [
          [
            [
              15.3036,
              22.5743
            ],
            [
              15.3954,
              22.613
            ],
            [
              15.4236,
              22.6015
            ],
            [
              15.4112,
              22.4991
            ],
            [
              15.383,
              22.4771
            ],
            [
              15.2892,
              22.5237
            ],
            [
              15.3036,
              22.5743
            ]
          ]
        ]
      },
      "properties": {
        "id": 144,
        "entity_id": "lake:144",
        "feature_class": "lake",
        "name": "Treral",
        "lake_type": "freshwater",
        "area": 5.0,
        "height": 20.9,
        "flux": 134.0,
        "temperature": 17.0,
        "outlet_id": 3,
        "rank": 4,
        "minzoom": 8
      }
    },
    {
      "type": "Feature",
      "geometry": {
        "type": "Polygon",
        "coordinates": [
          [
            [
              -18.1482,
              21.8194
            ],
            [
              -18.1532,
              21.8521
            ],
            [
              -18.1274,
              21.9306
            ],
            [
              -18.0548,
              21.9683
            ],
            [
              -18.032,
              22.0276
            ],
            [
              -18.0067,
              22.0411
            ],
            [
              -17.9747,
              22.0431
            ],
            [
              -17.9274,
              22.0956
            ],
            [
              -17.9253,
              22.0963
            ],
            [
              -17.8512,
              22.1588
            ],
            [
              -17.8366,
              22.2348
            ],
            [
              -17.8251,
              22.2451
            ],
            [
              -17.8056,
              22.3005
            ],
            [
              -17.7689,
              22.3143
            ],
            [
              -17.6774,
              22.2931
            ],
            [
              -17.6515,
              22.2625
            ],
            [
              -17.628,
              22.2565
            ],
            [
              -17.574,
              22.199
            ],
            [
              -17.5607,
              22.1964
            ],
            [
              -17.4833,
              22.2485
            ],
            [
              -17.4025,
              22.2089
            ],
            [
              -17.3992,
              22.1944
            ],
            [
              -17.4198,
              22.121
            ],
            [
              -17.4379,
              22.1041
            ],
            [
              -17.4398,
              22.0391
            ],
            [
              -17.4502,
              22.0242
            ],
            [
              -17.5527,
              22.0071
            ],
            [
              -17.5849,
              22.0324
            ],
            [
              -17.6382,
              22.0392
            ],
            [
              -17.675,
              22.0131
            ],
            [
              -17.7209,
              22.0037
            ],
            [
              -17.7247,
              21.9983
            ],
            [
              -17.7334,
              21.9589
            ],
            [
              -17.7864,
              21.8973
            ],
            [
              -17.8583,
              21.8977
            ],
            [
              -17.8779,
              21.8841
            ],
            [
              -17.9191,
              21.884
            ],
            [
              -17.9691,
              21.8428
            ],
            [
              -18.0172,
              21.8442
            ],
            [
              -18.0755,
              21.804
            ],
            [
              -18.1303,
              21.8064
            ],
            [
              -18.1482,
              21.8194
            ]
          ]
        ]
      },
      "properties": {
        "id": 147,
        "entity_id": "lake:147",
        "feature_class": "lake",
        "name": "Labrolata",
        "lake_type": "freshwater",
        "area": 74.0,
        "height": 19.9,
        "flux": 756.0,
        "temperature": 11.8,
        "rank": 2,
        "minzoom": 4
      }
    },
    {
      "type": "Feature",
      "geometry": {
        "type": "Polygon",
        "coordinates": [
          [
            [
              -11.9978,
              21.6891
            ],
            [
              -12.1005,
              21.6967
            ],
            [
              -12.1142,
              21.7877
            ],
            [
              -12.0396,
              21.8066
            ],
            [
              -12.0179,
              21.846
            ],
            [
              -11.9699,
              21.856
            ],
            [
              -11.935,
              21.9012
            ],
            [
              -11.9306,
              21.902
            ],
            [
              -11.8632,
              21.8712
            ],
            [
              -11.8787,
              21.7964
            ],
            [
              -11.9277,
              21.7765
            ],
            [
              -11.9518,
              21.7181
            ],
            [
              -11.9829,
              21.7064
            ],
            [
              -11.9978,
              21.6891
            ]
          ]
        ]
      },
      "properties": {
        "id": 148,
        "entity_id": "lake:148",
        "feature_class": "lake",
        "name": "Fischinbach",
        "lake_type": "freshwater",
        "area": 13.0,
        "height": 21.9,
        "flux": 14964.0,
        "temperature": 18.0,
        "outlet_id": 1304,
        "rank": 4,
        "minzoom": 8
      }
    },
    {
      "type": "Feature",
      "geometry": {
        "type": "Polygon",
        "coordinates": [
          [
            [
              -16.3891,
              21.3733
            ],
            [
              -16.4607,
              21.3709
            ],
            [
              -16.4989,
              21.3865
            ],
            [
              -16.5199,
              21.3812
            ],
            [
              -16.5952,
              21.4331
            ],
            [
              -16.597,
              21.4801
            ],
            [
              -16.5197,
              21.5544
            ],
            [
              -16.5154,
              21.5545
            ],
            [
              -16.448,
              21.6066
            ],
            [
              -16.4315,
              21.6481
            ],
            [
              -16.3902,
              21.6567
            ],
            [
              -16.353,
              21.649
            ],
            [
              -16.2932,
              21.5517
            ],
            [
              -16.2503,
              21.5304
            ],
            [
              -16.2461,
              21.5221
            ],
            [
              -16.1785,
              21.4996
            ],
            [
              -16.1217,
              21.5183
            ],
            [
              -16.0498,
              21.4474
            ],
            [
              -16.1072,
              21.3855
            ],
            [
              -16.1527,
              21.3918
            ],
            [
              -16.192,
              21.365
            ],
            [
              -16.2536,
              21.4237
            ],
            [
              -16.3032,
              21.3565
            ],
            [
              -16.3674,
              21.3866
            ],
            [
              -16.3891,
              21.3733
            ]
          ]
        ]
      },
      "properties": {
        "id": 149,
        "entity_id": "lake:149",
        "feature_class": "lake",
        "name": "Lasaltorico",
        "lake_type": "freshwater",
        "area": 39.0,
        "height": 22.9,
        "flux": 452.0,
        "temperature": 17.6,
        "outlet_id": 211,
        "rank": 3,
        "minzoom": 6
      }
    },
    {
      "type": "Feature",
      "geometry": {
        "type": "Polygon",
        "coordinates": [
          [
            [
              -21.4207,
              21.0804
            ],
            [
              -21.4251,
              21.0733
            ],
            [
              -21.4864,
              21.0593
            ],
            [
              -21.5488,
              21.1062
            ],
            [
              -21.5577,
              21.1438
            ],
            [
              -21.6101,
              21.1961
            ],
            [
              -21.6133,
              21.2084
            ],
            [
              -21.7264,
              21.232
            ],
            [
              -21.7599,
              21.3295
            ],
            [
              -21.7333,
              21.3578
            ],
            [
              -21.6411,
              21.377
            ],
            [
              -21.6294,
              21.3739
            ],
            [
              -21.5728,
              21.4047
            ],
            [
              -21.4818,
              21.3922
            ],
            [
              -21.465,
              21.3818
            ],
            [
              -21.4452,
              21.3253
            ],
            [
              -21.4496,
              21.3011
            ],
            [
              -21.4309,
              21.2516
            ],
            [
              -21.4367,
              21.1956
            ],
            [
              -21.4251,
              21.1801
            ],
            [
              -21.4207,
              21.0804
            ]
          ]
        ]
      },
      "properties": {
        "id": 154,
        "entity_id": "lake:154",
        "feature_class": "lake",
        "name": "Montero",
        "lake_type": "freshwater",
        "area": 31.0,
        "height": 30.9,
        "flux": 196.0,
        "temperature": 18.0,
        "outlet_id": 587,
        "rank": 3,
        "minzoom": 6
      }
    },
    {
      "type": "Feature",
      "geometry": {
        "type": "Polygon",
        "coordinates": [
          [
            [
              -14.9304,
              21.2266
            ],
            [
              -15.017,
              21.2701
            ],
            [
              -15.0495,
              21.2721
            ],
            [
              -15.0738,
              21.2424
            ],
            [
              -15.1522,
              21.2093
            ],
            [
              -15.1719,
              21.21
            ],
            [
              -15.2149,
              21.2391
            ],
            [
              -15.1989,
              21.3251
            ],
            [
              -15.0948,
              21.3593
            ],
            [
              -15.0571,
              21.3098
            ],
            [
              -15.0005,
              21.3708
            ],
            [
              -14.948,
              21.3383
            ],
            [
              -14.9267,
              21.3418
            ],
            [
              -14.8537,
              21.2904
            ],
            [
              -14.8689,
              21.2512
            ],
            [
              -14.9304,
              21.2266
            ]
          ]
        ]
      },
      "properties": {
        "id": 155,
        "entity_id": "lake:155",
        "feature_class": "lake",
        "name": "Yalalyurt",
        "lake_type": "freshwater",
        "area": 15.0,
        "height": 21.9,
        "flux": 577.0,
        "temperature": 18.0,
        "outlet_id": 720,
        "rank": 4,
        "minzoom": 8
      }
    },
    {
      "type": "Feature",
      "geometry": {
        "type": "Polygon",
        "coordinates": [
          [
            [
              -14.296,
              21.263
            ],
            [
              -14.1944,
              21.2731
            ],
            [
              -14.1724,
              21.2579
            ],
            [
              -14.1508,
              21.1633
            ],
            [
              -14.2257,
              21.0963
            ],
            [
              -14.2336,
              21.095
            ],
            [
              -14.2665,
              21.0715
            ],
            [
              -14.3302,
              21.0703
            ],
            [
              -14.3867,
              21.1246
            ],
            [
              -14.3905,
              21.1366
            ],
            [
              -14.4489,
              21.181
            ],
            [
              -14.4571,
              21.209
            ],
            [
              -14.5294,
              21.2412
            ],
            [
              -14.5533,
              21.3077
            ],
            [
              -14.551,
              21.311
            ],
            [
              -14.4618,
              21.3448
            ],
            [
              -14.4207,
              21.3337
            ],
            [
              -14.4026,
              21.3009
            ],
            [
              -14.3149,
              21.2594
            ],
            [
              -14.2982,
              21.2613
            ],
            [
              -14.296,
              21.263
            ]
          ]
        ]
      },
      "properties": {
        "id": 156,
        "entity_id": "lake:156",
        "feature_class": "lake",
        "name": "Anoyuman",
        "lake_type": "freshwater",
        "area": 26.0,
        "height": 21.9,
        "flux": 280.0,
        "temperature": 18.0,
        "outlet_id": 256,
        "rank": 3,
        "minzoom": 6
      }
    },
    {
      "type": "Feature",
      "geometry": {
        "type": "Polygon",
        "coordinates": [
          [
            [
              -15.4853,
              21.1106
            ],
            [
              -15.4342,
              21.0722
            ],
            [
              -15.4346,
              20.9861
            ],
            [
              -15.478,
              20.9463
            ],
            [
              -15.4879,
              20.9421
            ],
            [
              -15.5276,
              20.9426
            ],
            [
              -15.5807,
              20.9192
            ],
            [
              -15.6876,
              20.9318
            ],
            [
              -15.6899,
              20.9342
            ],
            [
              -15.7235,
              20.9458
            ],
            [
              -15.7692,
              21.0212
            ],
            [
              -15.8485,
              21.0339
            ],
            [
              -15.8706,
              21.071
            ],
            [
              -15.8609,
              21.1065
            ],
            [
              -15.7822,
              21.1485
            ],
            [
              -15.7663,
              21.1464
            ],
            [
              -15.713,
              21.1921
            ],
            [
              -15.6659,
              21.1969
            ],
            [
              -15.6162,
              21.2519
            ],
            [
              -15.5823,
              21.2566
            ],
            [
              -15.5812,
              21.256
            ],
            [
              -15.539,
              21.1157
            ],
            [
              -15.4853,
              21.1106
            ]
          ]
        ]
      },
      "properties": {
        "id": 158,
        "entity_id": "lake:158",
        "feature_class": "lake",
        "name": "Kenizbey",
        "lake_type": "freshwater",
        "area": 37.0,
        "height": 24.9,
        "flux": 785.0,
        "temperature": 15.5,
        "outlet_id": 766,
        "rank": 3,
        "minzoom": 6
      }
    },
    {
      "type": "Feature",
      "geometry": {
        "type": "Polygon",
        "coordinates": [
          [
            [
              -16.2478,
              20.7326
            ],
            [
              -16.3532,
              20.7754
            ],
            [
              -16.375,
              20.7707
            ],
            [
              -16.4185,
              20.7832
            ],
            [
              -16.4453,
              20.8221
            ],
            [
              -16.4523,
              20.8845
            ],
            [
              -16.5052,
              20.9386
            ],
            [
              -16.5201,
              21.0135
            ],
            [
              -16.4755,
              21.0686
            ],
            [
              -16.4696,
              21.071
            ],
            [
              -16.4061,
              21.0634
            ],
            [
              -16.3678,
              21.0825
            ],
            [
              -16.307,
              21.0686
            ],
            [
              -16.247,
              21.1124
            ],
            [
              -16.1731,
              21.0878
            ],
            [
              -16.1269,
              21.0354
            ],
            [
              -16.1266,
              21.027
            ],
            [
              -16.1683,
              20.9631
            ],
            [
              -16.1719,
              20.8938
            ],
            [
              -16.1695,
              20.8895
            ],
            [
              -16.1926,
              20.7621
            ],
            [
              -16.2478,
              20.7326
            ]
          ]
        ]
      },
      "properties": {
        "id": 159,
        "entity_id": "lake:159",
        "feature_class": "lake",
        "name": "Ykut",
        "lake_type": "freshwater",
        "area": 44.0,
        "height": 19.9,
        "flux": 1256.0,
        "temperature": 16.4,
        "rank": 3,
        "minzoom": 6
      }
    },
    {
      "type": "Feature",
      "geometry": {
        "type": "Polygon",
        "coordinates": [
          [
            [
              -13.5264,
              19.9179
            ],
            [
              -13.5179,
              19.9525
            ],
            [
              -13.5958,
              20.0346
            ],
            [
              -13.6321,
              20.0401
            ],
            [
              -13.7049,
              20.1351
            ],
            [
              -13.7078,
              20.1588
            ],
            [
              -13.7185,
              20.1747
            ],
            [
              -13.7546,
              20.2017
            ],
            [
              -13.7654,
              20.2406
            ],
            [
              -13.8253,
              20.315
            ],
            [
              -13.8911,
              20.3443
            ],
            [
              -13.8945,
              20.3593
            ],
            [
              -13.9262,
              20.4069
            ],
            [
              -13.9324,
              20.447
            ],
            [
              -13.9171,
              20.4819
            ],
            [
              -13.8486,
              20.5268
            ],
            [
              -13.7866,
              20.5234
            ],
            [
              -13.7729,
              20.5104
            ],
            [
              -13.7031,
              20.4862
            ],
            [
              -13.6907,
              20.487
            ],
            [
              -13.6826,
              20.4803
            ],
            [
              -13.578,
              20.4469
            ],
            [
              -13.5189,
              20.481
            ],
            [
              -13.4605,
              20.4782
            ],
            [
              -13.432,
              20.4951
            ],
            [
              -13.4098,
              20.5563
            ],
            [
              -13.4181,
              20.6039
            ],
            [
              -13.4084,
              20.6523
            ],
            [
              -13.4159,
              20.6759
            ],
            [
              -13.419,
              20.679
            ],
            [
              -13.4557,
              20.765
            ],
            [
              -13.501,
              20.7894
            ],
            [
              -13.4957,
              20.8896
            ],
            [
              -13.525,
              20.9285
            ],
            [
              -13.5246,
              20.9364
            ],
            [
              -13.4478,
              21.0175
            ],
            [
              -13.4201,
              21.0208
            ],
            [
              -13.4,
              21.0381
            ],
            [
              -13.3236,
              21.0593
            ],
            [
              -13.3098,
              21.0573
            ],
            [
              -13.2651,
              20.9982
            ],
            [
              -13.2716,
              20.9673
            ],
            [
              -13.3662,
              20.8957
            ],
            [
              -13.3699,
              20.8799
            ],
            [
              -13.3599,
              20.8528
            ],
            [
              -13.3021,
              20.8099
            ],
            [
              -13.2924,
              20.7881
            ],
            [
              -13.2328,
              20.7461
            ],
            [
              -13.1701,
              20.7525
            ],
            [
              -13.151,
              20.7667
            ],
            [
              -13.0684,
              20.7794
            ],
            [
              -13.0564,
              20.7888
            ],
            [
              -13.0406,
              20.7921
            ],
            [
              -12.9707,
              20.8416
            ],
            [
              -12.9621,
              20.8599
            ],
            [
              -12.8937,
              20.9085
            ],
            [
              -12.8919,
              20.9087
            ],
            [
              -12.8271,
              20.8866
            ],
            [
              -12.8091,
              20.8151
            ],
            [
              -12.7372,
              20.7684
            ],
            [
              -12.7009,
              20.7805
            ],
            [
              -12.6609,
              20.818
            ],
            [
              -12.548,
              20.8
            ],
            [
              -12.5452,
              20.801
            ],
            [
              -12.4599,
              20.7908
            ],
            [
              -12.4544,
              20.7878
            ],
            [
              -12.3911,
              20.7819
            ],
            [
              -12.3782,
              20.7725
            ],
            [
              -12.3442,
              20.6887
            ],
            [
              -12.2785,
              20.6501
            ],
            [
              -12.2485,
              20.5971
            ],
            [
              -12.2577,
              20.5576
            ],
            [
              -12.3067,
              20.4955
            ],
            [
              -12.3408,
              20.4834
            ],
            [
              -12.369,
              20.4884
            ],
            [
              -12.44,
              20.4664
            ],
            [
              -12.4419,
              20.4669
            ],
            [
              -12.5415,
              20.4319
            ],
            [
              -12.5533,
              20.4111
            ],
            [
              -12.6081,
              20.3802
            ],
            [
              -12.6548,
              20.3898
            ],
            [
              -12.7155,
              20.3617
            ],
            [
              -12.7449,
              20.3697
            ],
            [
              -12.785,
              20.3557
            ],
            [
              -12.8105,
              20.2763
            ],
            [
              -12.8969,
              20.2768
            ],
            [
              -12.9166,
              20.3303
            ],
            [
              -12.9039,
              20.3594
            ],
            [
              -12.9468,
              20.4423
            ],
            [
              -13.0381,
              20.4522
            ],
            [
              -13.0517,
              20.4283
            ],
            [
              -13.0528,
              20.4096
            ],
            [
              -13.0196,
              20.3182
            ],
            [
              -13.0408,
              20.263
            ],
            [
              -13.0294,
              20.2213
            ],
            [
              -13.0295,
              20.221
            ],
            [
              -13.0747,
              20.1716
            ],
            [
              -13.0751,
              20.1548
            ],
            [
              -13.1239,
              20.0844
            ],
            [
              -13.1172,
              19.9921
            ],
            [
              -13.1099,
              19.9766
            ],
            [
              -13.1159,
              19.9577
            ],
            [
              -13.1081,
              19.8836
            ],
            [
              -13.114,
              19.8649
            ],
            [
              -13.1117,
              19.8376
            ],
            [
              -13.1141,
              19.8284
            ],
            [
              -13.095,
              19.7473
            ],
            [
              -13.1163,
              19.6662
            ],
            [
              -13.1026,
              19.6187
            ],
            [
              -13.121,
              19.5753
            ],
            [
              -13.1187,
              19.5384
            ],
            [
              -13.1485,
              19.4741
            ],
            [
              -13.2282,
              19.4626
            ],
            [
              -13.2809,
              19.521
            ],
            [
              -13.2679,
              19.5788
            ],
            [
              -13.304,
              19.6427
            ],
            [
              -13.3255,
              19.6544
            ],
            [
              -13.3328,
              19.7015
            ],
            [
              -13.3943,
              19.7537
            ],
            [
              -13.4566,
              19.7343
            ],
            [
              -13.5211,
              19.7646
            ],
            [
              -13.5302,
              19.791
            ],
            [
              -13.5125,
              19.8695
            ],
            [
              -13.5264,
              19.9179
            ]
          ]
        ]
      },
      "properties": {
        "id": 160,
        "entity_id": "lake:160",
        "feature_class": "lake",
        "name": "Turk",
        "lake_type": "freshwater",
        "area": 422.0,
        "height": 19.9,
        "flux": 3591.0,
        "temperature": 17.2,
        "outlet_id": 1728,
        "rank": 2,
        "minzoom": 4
      }
    },
    {
      "type": "Feature",
      "geometry": {
        "type": "Polygon",
        "coordinates": [
          [
            [
              -23.3005,
              20.8159
            ],
            [
              -23.3746,
              20.735
            ],
            [
              -23.415,
              20.7559
            ],
            [
              -23.4533,
              20.8274
            ],
            [
              -23.4191,
              20.8898
            ],
            [
              -23.3669,
              20.9004
            ],
            [
              -23.3005,
              20.8159
            ]
          ]
        ]
      },
      "properties": {
        "id": 161,
        "entity_id": "lake:161",
        "feature_class": "lake",
        "name": "Contariccos",
        "lake_type": "freshwater",
        "area": 7.0,
        "height": 26.9,
        "flux": 204.0,
        "temperature": 18.0,
        "outlet_id": 702,
        "rank": 4,
        "minzoom": 8
      }
    },
    {
      "type": "Feature",
      "geometry": {
        "type": "Polygon",
        "coordinates": [
          [
            [
              -23.7439,
              18.8864
            ],
            [
              -23.7524,
              18.9487
            ],
            [
              -23.7336,
              18.9876
            ],
            [
              -23.7531,
              19.0893
            ],
            [
              -23.7743,
              19.1143
            ],
            [
              -23.778,
              19.1588
            ],
            [
              -23.7852,
              19.1737
            ],
            [
              -23.8159,
              19.2062
            ],
            [
              -23.8234,
              19.234
            ],
            [
              -23.8719,
              19.2997
            ],
            [
              -23.8729,
              19.323
            ],
            [
              -23.8954,
              19.3642
            ],
            [
              -23.8964,
              19.3983
            ],
            [
              -23.9201,
              19.4343
            ],
            [
              -23.9206,
              19.4525
            ],
            [
              -24.0091,
              19.5163
            ],
            [
              -24.0044,
              19.5425
            ],
            [
              -24.0476,
              19.6102
            ],
            [
              -24.0775,
              19.6111
            ],
            [
              -24.1122,
              19.6446
            ],
            [
              -24.1813,
              19.6492
            ],
            [
              -24.2031,
              19.7285
            ],
            [
              -24.2569,
              19.7457
            ],
            [
              -24.2761,
              19.7927
            ],
            [
              -24.3259,
              19.8228
            ],
            [
              -24.3203,
              19.904
            ],
            [
              -24.302,
              19.9275
            ],
            [
              -24.2578,
              19.9477
            ],
            [
              -24.2463,
              19.9789
            ],
            [
              -24.1838,
              20.0275
            ],
            [
              -24.1635,
              20.0293
            ],
            [
              -24.1292,
              20.075
            ],
            [
              -24.0764,
              20.0915
            ],
            [
              -24.0522,
              20.1578
            ],
            [
              -24.0602,
              20.1848
            ],
            [
              -24.0364,
              20.2517
            ],
            [
              -24.0428,
              20.2821
            ],
            [
              -24.041,
              20.2875
            ],
            [
              -23.9928,
              20.3424
            ],
            [
              -23.966,
              20.3541
            ],
            [
              -23.9224,
              20.4104
            ],
            [
              -23.9075,
              20.4132
            ],
            [
              -23.8221,
              20.4817
            ],
            [
              -23.7998,
              20.4824
            ],
            [
              -23.7544,
              20.4631
            ],
            [
              -23.708,
              20.4751
            ],
            [
              -23.676,
              20.4689
            ],
            [
              -23.6132,
              20.5118
            ],
            [
              -23.532,
              20.5104
            ],
            [
              -23.5122,
              20.4976
            ],
            [
              -23.4263,
              20.5006
            ],
            [
              -23.4097,
              20.4966
            ],
            [
              -23.408,
              20.4975
            ],
            [
              -23.3415,
              20.5068
            ],
            [
              -23.3281,
              20.5142
            ],
            [
              -23.2588,
              20.5206
            ],
            [
              -23.1843,
              20.581
            ],
            [
              -23.1878,
              20.6626
            ],
            [
              -23.1871,
              20.6673
            ],
            [
              -23.1972,
              20.6982
            ],
            [
              -23.1828,
              20.7727
            ],
            [
              -23.1887,
              20.8115
            ],
            [
              -23.181,
              20.8333
            ],
            [
              -23.1693,
              20.8424
            ],
            [
              -23.1101,
              20.9414
            ],
            [
              -23.0768,
              20.9482
            ],
            [
              -23.0572,
              20.9411
            ],
            [
              -23.0274,
              20.8283
            ],
            [
              -23.0199,
              20.8234
            ],
            [
              -22.9626,
              20.8346
            ],
            [
              -22.917,
              20.8127
            ],
            [
              -22.9008,
              20.7462
            ],
            [
              -22.9107,
              20.7196
            ],
            [
              -22.899,
              20.6583
            ],
            [
              -22.848,
              20.629
            ],
            [
              -22.7219,
              20.6391
            ],
            [
              -22.7013,
              20.6262
            ],
            [
              -22.6983,
              20.6259
            ],
            [
              -22.6031,
              20.5538
            ],
            [
              -22.5937,
              20.5513
            ],
            [
              -22.5733,
              20.5304
            ],
            [
              -22.5559,
              20.4737
            ],
            [
              -22.5153,
              20.4308
            ],
            [
              -22.5101,
              20.3429
            ],
            [
              -22.51,
              20.3429
            ],
            [
              -22.5077,
              20.2676
            ],
            [
              -22.5067,
              20.2656
            ],
            [
              -22.5069,
              20.2211
            ],
            [
              -22.4118,
              20.1619
            ],
            [
              -22.4107,
              20.162
            ],
            [
              -22.3245,
              20.08
            ],
            [
              -22.3256,
              20.057
            ],
            [
              -22.2885,
              20.0271
            ],
            [
              -22.1689,
              20.0691
            ],
            [
              -22.1815,
              19.9825
            ],
            [
              -22.1518,
              19.9498
            ],
            [
              -22.1757,
              19.9079
            ],
            [
              -22.1405,
              19.8494
            ],
            [
              -22.1914,
              19.8093
            ],
            [
              -22.2599,
              19.821
            ],
            [
              -22.2673,
              19.8311
            ],
            [
              -22.2853,
              19.839
            ],
            [
              -22.3335,
              19.8971
            ],
            [
              -22.4184,
              19.9185
            ],
            [
              -22.4322,
              19.9913
            ],
            [
              -22.4703,
              20.0205
            ],
            [
              -22.48,
              20.0602
            ],
            [
              -22.577,
              20.1421
            ],
            [
              -22.598,
              20.139
            ],
            [
              -22.6523,
              20.1635
            ],
            [
              -22.6783,
              20.225
            ],
            [
              -22.7515,
              20.2474
            ],
            [
              -22.7753,
              20.3183
            ],
            [
              -22.8435,
              20.3265
            ],
            [
              -22.8731,
              20.3581
            ],
            [
              -22.9145,
              20.3598
            ],
            [
              -22.9499,
              20.3905
            ],
            [
              -22.9944,
              20.3905
            ],
            [
              -23.0456,
              20.4504
            ],
            [
              -23.0828,
              20.4441
            ],
            [
              -23.1175,
              20.4669
            ],
            [
              -23.2116,
              20.4234
            ],
            [
              -23.2135,
              20.4065
            ],
            [
              -23.1299,
              20.3415
            ],
            [
              -23.1287,
              20.3354
            ],
            [
              -23.0494,
              20.2759
            ],
            [
              -23.0479,
              20.2722
            ],
            [
              -23.0051,
              20.2403
            ],
            [
              -22.9651,
              20.2308
            ],
            [
              -22.9376,
              20.2109
            ],
            [
              -22.9007,
              20.2025
            ],
            [
              -22.893,
              20.1971
            ],
            [
              -22.8347,
              20.1825
            ],
            [
              -22.7898,
              20.0989
            ],
            [
              -22.7514,
              20.0797
            ],
            [
              -22.7372,
              20.0295
            ],
            [
              -22.7372,
              20.0229
            ],
            [
              -22.6905,
              19.9548
            ],
            [
              -22.6106,
              19.9445
            ],
            [
              -22.5816,
              19.871
            ],
            [
              -22.5657,
              19.8583
            ],
            [
              -22.5509,
              19.7867
            ],
            [
              -22.4926,
              19.7302
            ],
            [
              -22.4811,
              19.6935
            ],
            [
              -22.5471,
              19.6428
            ],
            [
              -22.6058,
              19.6481
            ],
            [
              -22.678,
              19.6055
            ],
            [
              -22.6786,
              19.6044
            ],
            [
              -22.7017,
              19.5891
            ],
            [
              -22.7952,
              19.5917
            ],
            [
              -22.8521,
              19.6279
            ],
            [
              -22.8652,
              19.6244
            ],
            [
              -22.9348,
              19.6337
            ],
            [
              -22.9368,
              19.6357
            ],
            [
              -22.9952,
              19.6577
            ],
            [
              -23.0585,
              19.7302
            ],
            [
              -23.0069,
              19.8107
            ],
            [
              -23.0145,
              19.8652
            ],
            [
              -23.0815,
              19.8908
            ],
            [
              -23.0934,
              19.9121
            ],
            [
              -23.1801,
              19.9567
            ],
            [
              -23.1823,
              19.9642
            ],
            [
              -23.2473,
              20.0214
            ],
            [
              -23.3207,
              20.0246
            ],
            [
              -23.3518,
              20.0487
            ],
            [
              -23.4178,
              20.0476
            ],
            [
              -23.4597,
              20.0637
            ],
            [
              -23.4784,
              20.0894
            ],
            [
              -23.4882,
              20.1246
            ],
            [
              -23.5441,
              20.1932
            ],
            [
              -23.6072,
              20.201
            ],
            [
              -23.6284,
              20.2237
            ],
            [
              -23.6994,
              20.2483
            ],
            [
              -23.7405,
              20.3244
            ],
            [
              -23.7599,
              20.3378
            ],
            [
              -23.8189,
              20.3125
            ],
            [
              -23.8552,
              20.2471
            ],
            [
              -23.8656,
              20.2403
            ],
            [
              -23.8872,
              20.2018
            ],
            [
              -23.8864,
              20.172
            ],
            [
              -23.9147,
              20.1118
            ],
            [
              -23.9117,
              20.0746
            ],
            [
              -23.881,
              20.0431
            ],
            [
              -23.8862,
              19.9631
            ],
            [
              -23.8302,
              19.8899
            ],
            [
              -23.83,
              19.8888
            ],
            [
              -23.7832,
              19.8299
            ],
            [
              -23.7706,
              19.8249
            ],
            [
              -23.7623,
              19.8168
            ],
            [
              -23.7464,
              19.7297
            ],
            [
              -23.7131,
              19.7021
            ],
            [
              -23.7154,
              19.6003
            ],
            [
              -23.7199,
              19.5969
            ],
            [
              -23.7541,
              19.5375
            ],
            [
              -23.7529,
              19.4851
            ],
            [
              -23.7611,
              19.4671
            ],
            [
              -23.7324,
              19.3998
            ],
            [
              -23.6893,
              19.3644
            ],
            [
              -23.6713,
              19.3588
            ],
            [
              -23.6428,
              19.3322
            ],
            [
              -23.5877,
              19.3279
            ],
            [
              -23.5808,
              19.3239
            ],
            [
              -23.5117,
              19.3173
            ],
            [
              -23.4892,
              19.331
            ],
            [
              -23.4266,
              19.3241
            ],
            [
              -23.4078,
              19.3474
            ],
            [
              -23.3349,
              19.3185
            ],
            [
              -23.3111,
              19.3562
            ],
            [
              -23.334,
              19.4047
            ],
            [
              -23.3028,
              19.4746
            ],
            [
              -23.2516,
              19.4806
            ],
            [
              -23.1876,
              19.4452
            ],
            [
              -23.1928,
              19.3648
            ],
            [
              -23.147,
              19.3231
            ],
            [
              -23.0956,
              19.3159
            ],
            [
              -23.0799,
              19.2849
            ],
            [
              -22.9932,
              19.2507
            ],
            [
              -23.007,
              19.1864
            ],
            [
              -23.0528,
              19.1639
            ],
            [
              -23.0434,
              19.0626
            ],
            [
              -23.0345,
              19.0523
            ],
            [
              -23.0246,
              18.9754
            ],
            [
              -23.0181,
              18.965
            ],
            [
              -23.0147,
              18.9376
            ],
            [
              -23.01,
              18.9304
            ],
            [
              -23.0017,
              18.8325
            ],
            [
              -23.0129,
              18.8101
            ],
            [
              -23.0221,
              18.8034
            ],
            [
              -23.1435,
              18.7987
            ],
            [
              -23.1654,
              18.7548
            ],
            [
              -23.1646,
              18.7088
            ],
            [
              -23.1542,
              18.6886
            ],
            [
              -23.1687,
              18.6266
            ],
            [
              -23.1529,
              18.5785
            ],
            [
              -23.1763,
              18.5283
            ],
            [
              -23.2174,
              18.5226
            ],
            [
              -23.2867,
              18.5785
            ],
            [
              -23.284,
              18.6189
            ],
            [
              -23.3053,
              18.6502
            ],
            [
              -23.2896,
              18.6928
            ],
            [
              -23.3059,
              18.7452
            ],
            [
              -23.3868,
              18.7447
            ],
            [
              -23.4182,
              18.7803
            ],
            [
              -23.4636,
              18.7731
            ],
            [
              -23.5348,
              18.8132
            ],
            [
              -23.5422,
              18.8116
            ],
            [
              -23.6276,
              18.8512
            ],
            [
              -23.6409,
              18.8474
            ],
            [
              -23.7439,
              18.8864
            ]
          ]
        ]
      },
      "properties": {
        "id": 162,
        "entity_id": "lake:162",
        "feature_class": "lake",
        "name": "Bagnanovilvi",
        "lake_type": "freshwater",
        "area": 710.0,
        "height": 19.9,
        "flux": 3392.0,
        "temperature": 18.3,
        "outlet_id": 1635,
        "rank": 2,
        "minzoom": 4
      }
    },
    {
      "type": "Feature",
      "geometry": {
        "type": "Polygon",
        "coordinates": [
          [
            [
              -14.5081,
              20.3828
            ],
            [
              -14.5172,
              20.4406
            ],
            [
              -14.4343,
              20.4767
            ],
            [
              -14.4099,
              20.5235
            ],
            [
              -14.3773,
              20.5304
            ],
            [
              -14.3585,
              20.5596
            ],
            [
              -14.2924,
              20.592
            ],
            [
              -14.2692,
              20.5886
            ],
            [
              -14.1831,
              20.6582
            ],
            [
              -14.1801,
              20.6577
            ],
            [
              -14.1101,
              20.5982
            ],
            [
              -14.098,
              20.5708
            ],
            [
              -14.1561,
              20.4987
            ],
            [
              -14.2157,
              20.4822
            ],
            [
              -14.225,
              20.4719
            ],
            [
              -14.2505,
              20.4078
            ],
            [
              -14.3199,
              20.384
            ],
            [
              -14.3649,
              20.3408
            ],
            [
              -14.3848,
              20.3438
            ],
            [
              -14.3973,
              20.3407
            ],
            [
              -14.5081,
              20.3828
            ]
          ]
        ]
      },
      "properties": {
        "id": 164,
        "entity_id": "lake:164",
        "feature_class": "lake",
        "name": "Bopuztop",
        "lake_type": "freshwater",
        "area": 27.0,
        "height": 22.9,
        "flux": 557.0,
        "temperature": 18.0,
        "outlet_id": 1436,
        "rank": 3,
        "minzoom": 6
      }
    },
    {
      "type": "Feature",
      "geometry": {
        "type": "Polygon",
        "coordinates": [
          [
            [
              -8.2269,
              19.932
            ],
            [
              -8.2068,
              19.8344
            ],
            [
              -8.232,
              19.8023
            ],
            [
              -8.2649,
              19.7943
            ],
            [
              -8.3652,
              19.8641
            ],
            [
              -8.3135,
              19.9555
            ],
            [
              -8.2804,
              19.9578
            ],
            [
              -8.2269,
              19.932
            ]
          ]
        ]
      },
      "properties": {
        "id": 169,
        "entity_id": "lake:169",
        "feature_class": "lake",
        "name": "Ocasayvar",
        "lake_type": "freshwater",
        "area": 7.0,
        "height": 19.9,
        "flux": 166.0,
        "temperature": 19.0,
        "outlet_id": 1510,
        "rank": 4,
        "minzoom": 8
      }
    },
    {
      "type": "Feature",
      "geometry": {
        "type": "Polygon",
        "coordinates": [
          [
            [
              -8.0766,
              19.5901
            ],
            [
              -8.077,
              19.5834
            ],
            [
              -8.1455,
              19.537
            ],
            [
              -8.2111,
              19.5934
            ],
            [
              -8.2104,
              19.6143
            ],
            [
              -8.1457,
              19.6598
            ],
            [
              -8.0766,
              19.5901
            ]
          ]
        ]
      },
      "properties": {
        "id": 171,
        "entity_id": "lake:171",
        "feature_class": "lake",
        "name": "Yeli",
        "lake_type": "freshwater",
        "area": 4.0,
        "height": 21.9,
        "flux": 363.0,
        "temperature": 19.0,
        "outlet_id": 1001,
        "rank": 4,
        "minzoom": 8
      }
    },
    {
      "type": "Feature",
      "geometry": {
        "type": "Polygon",
        "coordinates": [
          [
            [
              3.9121,
              19.6444
            ],
            [
              4.0003,
              19.5951
            ],
            [
              4.0055,
              19.5848
            ],
            [
              4.0049,
              19.566
            ],
            [
              3.9437,
              19.5116
            ],
            [
              3.8726,
              19.5678
            ],
            [
              3.8678,
              19.6109
            ],
            [
              3.9121,
              19.6444
            ]
          ]
        ]
      },
      "properties": {
        "id": 172,
        "entity_id": "lake:172",
        "feature_class": "lake",
        "name": "Bhruridig",
        "lake_type": "freshwater",
        "area": 5.0,
        "height": 20.9,
        "flux": 73.0,
        "temperature": 19.0,
        "rank": 4,
        "minzoom": 8
      }
    },
    {
      "type": "Feature",
      "geometry": {
        "type": "Polygon",
        "coordinates": [
          [
            [
              -7.6703,
              19.2015
            ],
            [
              -7.7527,
              19.1932
            ],
            [
              -7.757,
              19.1951
            ],
            [
              -7.7731,
              19.3024
            ],
            [
              -7.7666,
              19.313
            ],
            [
              -7.7597,
              19.3964
            ],
            [
              -7.7617,
              19.4024
            ],
            [
              -7.709,
              19.4584
            ],
            [
              -7.628,
              19.4744
            ],
            [
              -7.6064,
              19.3686
            ],
            [
              -7.6192,
              19.3577
            ],
            [
              -7.6333,
              19.2777
            ],
            [
              -7.6226,
              19.2546
            ],
            [
              -7.6703,
              19.2015
            ]
          ]
        ]
      },
      "properties": {
        "id": 174,
        "entity_id": "lake:174",
        "feature_class": "lake",
        "name": "Kayvar",
        "lake_type": "freshwater",
        "area": 15.0,
        "height": 21.9,
        "flux": 215.0,
        "temperature": 19.0,
        "outlet_id": 1001,
        "rank": 4,
        "minzoom": 8
      }
    },
    {
      "type": "Feature",
      "geometry": {
        "type": "Polygon",
        "coordinates": [
          [
            [
              9.6168,
              19.4172
            ],
            [
              9.7292,
              19.4689
            ],
            [
              9.7335,
              19.4684
            ],
            [
              9.7689,
              19.402
            ],
            [
              9.7664,
              19.3766
            ],
            [
              9.7513,
              19.3395
            ],
            [
              9.6948,
              19.2877
            ],
            [
              9.6814,
              19.2833
            ],
            [
              9.6548,
              19.2961
            ],
            [
              9.6075,
              19.376
            ],
            [
              9.6168,
              19.4172
            ]
          ]
        ]
      },
      "properties": {
        "id": 175,
        "entity_id": "lake:175",
        "feature_class": "lake",
        "name": "Kavonverowen",
        "lake_type": "freshwater",
        "area": 8.0,
        "height": 21.9,
        "flux": 113.0,
        "temperature": 19.0,
        "outlet_id": 1032,
        "rank": 4,
        "minzoom": 8
      }
    },
    {
      "type": "Feature",
      "geometry": {
        "type": "Polygon",
        "coordinates": [
          [
            [
              -13.0759,
              19.0786
            ],
            [
              -13.0124,
              19.0068
            ],
            [
              -13.0434,
              18.9351
            ],
            [
              -13.0447,
              18.9347
            ],
            [
              -13.1085,
              18.9571
            ],
            [
              -13.1546,
              19.0302
            ],
            [
              -13.0759,
              19.0786
            ]
          ]
        ]
      },
      "properties": {
        "id": 179,
        "entity_id": "lake:179",
        "feature_class": "lake",
        "name": "Poykut",
        "lake_type": "freshwater",
        "area": 5.0,
        "height": 19.9,
        "flux": 873.0,
        "temperature": 19.0,
        "outlet_id": 208,
        "rank": 4,
        "minzoom": 8
      }
    },
    {
      "type": "Feature",
      "geometry": {
        "type": "Polygon",
        "coordinates": [
          [
            [
              20.3934,
              17.9934
            ],
            [
              20.3519,
              18.0358
            ],
            [
              20.3072,
              18.0411
            ],
            [
              20.286,
              18.0725
            ],
            [
              20.22,
              18.0949
            ],
            [
              20.1914,
              18.1356
            ],
            [
              20.1944,
              18.165
            ],
            [
              20.1998,
              18.1733
            ],
            [
              20.2055,
              18.2587
            ],
            [
              20.1896,
              18.2873
            ],
            [
              20.1967,
              18.3088
            ],
            [
              20.167,
              18.3974
            ],
            [
              20.0949,
              18.423
            ],
            [
              20.0859,
              18.4192
            ],
            [
              19.9837,
              18.4676
            ],
            [
              19.9829,
              18.5276
            ],
            [
              19.9782,
              18.5336
            ],
            [
              19.9616,
              18.6366
            ],
            [
              19.9126,
              18.6691
            ],
            [
              19.8704,
              18.7232
            ],
            [
              19.8742,
              18.7396
            ],
            [
              19.9283,
              18.7795
            ],
            [
              20.0334,
              18.7643
            ],
            [
              20.0885,
              18.8091
            ],
            [
              20.1191,
              18.8131
            ],
            [
              20.1747,
              18.7877
            ],
            [
              20.1815,
              18.7742
            ],
            [
              20.1861,
              18.7246
            ],
            [
              20.2428,
              18.6679
            ],
            [
              20.2897,
              18.6754
            ],
            [
              20.3577,
              18.7483
            ],
            [
              20.3578,
              18.751
            ],
            [
              20.4006,
              18.8233
            ],
            [
              20.4243,
              18.8395
            ],
            [
              20.4278,
              18.8482
            ],
            [
              20.5043,
              18.9101
            ],
            [
              20.5343,
              18.9141
            ],
            [
              20.6023,
              18.8793
            ],
            [
              20.6071,
              18.8665
            ],
            [
              20.6051,
              18.8078
            ],
            [
              20.6179,
              18.7698
            ],
            [
              20.6791,
              18.7237
            ],
            [
              20.696,
              18.6562
            ],
            [
              20.7227,
              18.6377
            ],
            [
              20.7402,
              18.5488
            ],
            [
              20.7166,
              18.514
            ],
            [
              20.7127,
              18.4169
            ],
            [
              20.7289,
              18.386
            ],
            [
              20.7258,
              18.3561
            ],
            [
              20.7449,
              18.2849
            ],
            [
              20.7529,
              18.2728
            ],
            [
              20.7533,
              18.2727
            ],
            [
              20.8495,
              18.1642
            ],
            [
              20.8528,
              18.0896
            ],
            [
              20.8405,
              18.0804
            ],
            [
              20.8181,
              17.9806
            ],
            [
              20.8705,
              17.9192
            ],
            [
              20.8534,
              17.8684
            ],
            [
              20.8271,
              17.8552
            ],
            [
              20.7395,
              17.9008
            ],
            [
              20.7223,
              17.8913
            ],
            [
              20.6474,
              17.894
            ],
            [
              20.6217,
              17.9074
            ],
            [
              20.6049,
              17.9053
            ],
            [
              20.5558,
              17.9205
            ],
            [
              20.5234,
              17.9011
            ],
            [
              20.4662,
              17.9001
            ],
            [
              20.4142,
              17.9944
            ],
            [
              20.3934,
              17.9934
            ]
          ]
        ]
      },
      "properties": {
        "id": 183,
        "entity_id": "lake:183",
        "feature_class": "lake",
        "name": "Kalyrossa",
        "lake_type": "freshwater",
        "area": 246.0,
        "height": 19.9,
        "flux": 5105.0,
        "temperature": 19.2,
        "outlet_id": 1472,
        "rank": 2,
        "minzoom": 4
      }
    },
    {
      "type": "Feature",
      "geometry": {
        "type": "Polygon",
        "coordinates": [
          [
            [
              -22.5664,
              16.938
            ],
            [
              -22.6074,
              16.976
            ],
            [
              -22.6092,
              16.9876
            ],
            [
              -22.6256,
              17.028
            ],
            [
              -22.6264,
              17.0708
            ],
            [
              -22.5731,
              17.1641
            ],
            [
              -22.5504,
              17.1768
            ],
            [
              -22.518,
              17.1715
            ],
            [
              -22.4526,
              17.1919
            ],
            [
              -22.4203,
              17.1821
            ],
            [
              -22.3444,
              17.216
            ],
            [
              -22.2667,
              17.1786
            ],
            [
              -22.2663,
              17.1767
            ],
            [
              -22.2149,
              17.1452
            ],
            [
              -22.193,
              17.0894
            ],
            [
              -22.2636,
              17.0117
            ],
            [
              -22.2792,
              17.0087
            ],
            [
              -22.3346,
              17.0337
            ],
            [
              -22.3807,
              17.003
            ],
            [
              -22.4012,
              17.002
            ],
            [
              -22.4905,
              16.9398
            ],
            [
              -22.5664,
              16.938
            ]
          ]
        ]
      },
      "properties": {
        "id": 191,
        "entity_id": "lake:191",
        "feature_class": "lake",
        "name": "Valnuo",
        "lake_type": "freshwater",
        "area": 34.0,
        "height": 19.9,
        "flux": 305.0,
        "temperature": 19.1,
        "outlet_id": 755,
        "rank": 3,
        "minzoom": 6
      }
    },
    {
      "type": "Feature",
      "geometry": {
        "type": "Polygon",
        "coordinates": [
          [
            [
              -22.2531,
              16.6069
            ],
            [
              -22.2577,
              16.6127
            ],
            [
              -22.2687,
              16.6499
            ],
            [
              -22.2237,
              16.7529
            ],
            [
              -22.1863,
              16.7383
            ],
            [
              -22.1347,
              16.7567
            ],
            [
              -22.1159,
              16.7545
            ],
            [
              -22.0884,
              16.6632
            ],
            [
              -22.1577,
              16.6209
            ],
            [
              -22.1854,
              16.6239
            ],
            [
              -22.2531,
              16.6069
            ]
          ]
        ]
      },
      "properties": {
        "id": 197,
        "entity_id": "lake:197",
        "feature_class": "lake",
        "name": "Prerovercu",
        "lake_type": "freshwater",
        "area": 8.0,
        "height": 19.9,
        "flux": 230.0,
        "temperature": 21.0,
        "outlet_id": 1462,
        "rank": 4,
        "minzoom": 8
      }
    },
    {
      "type": "Feature",
      "geometry": {
        "type": "Polygon",
        "coordinates": [
          [
            [
              -11.979,
              16.2047
            ],
            [
              -11.9257,
              16.1572
            ],
            [
              -11.9242,
              16.1374
            ],
            [
              -11.9418,
              16.0954
            ],
            [
              -12.0172,
              16.0615
            ],
            [
              -12.0401,
              16.0281
            ],
            [
              -12.0522,
              16.0237
            ],
            [
              -12.1159,
              16.0472
            ],
            [
              -12.2136,
              16.0099
            ],
            [
              -12.2611,
              16.0337
            ],
            [
              -12.2647,
              16.0414
            ],
            [
              -12.2552,
              16.1081
            ],
            [
              -12.3189,
              16.1715
            ],
            [
              -12.3254,
              16.2063
            ],
            [
              -12.2601,
              16.2815
            ],
            [
              -12.2582,
              16.2921
            ],
            [
              -12.1568,
              16.3009
            ],
            [
              -12.1216,
              16.2411
            ],
            [
              -12.0772,
              16.2481
            ],
            [
              -12.0426,
              16.1863
            ],
            [
              -11.979,
              16.2047
            ]
          ]
        ]
      },
      "properties": {
        "id": 198,
        "entity_id": "lake:198",
        "feature_class": "lake",
        "name": "Bovabeynak",
        "lake_type": "freshwater",
        "area": 31.0,
        "height": 21.9,
        "flux": 432.0,
        "temperature": 20.8,
        "outlet_id": 1550,
        "rank": 3,
        "minzoom": 6
      }
    }
  ]
}
