{
  "type": "FeatureCollection",
  "features": [
    {
      "type": "Feature",
      "geometry": {
        "type": "Point",
        "coordinates": [
          -9.3892,
          30.3027
        ]
      },
      "properties": {
        "id": 0,
        "entity_id": "poi:marker:0",
        "feature_class": "marker",
        "poi_type": "volcanoes",
        "name": "Foliveton",
        "icon": "🌋",
        "description": "Erupting volcano. Height: 4489m.",
        "state_id": 12,
        "province_id": 95,
        "rank": 2,
        "minzoom": 6
      }
    },
    {
      "type": "Feature",
      "geometry": {
        "type": "Point",
        "coordinates": [
          -12.7385,
          29.1864
        ]
      },
      "properties": {
        "id": 1,
        "entity_id": "poi:marker:1",
        "feature_class": "marker",
        "poi_type": "volcanoes",
        "name": "Knutster Volcano",
        "icon": "🌋",
        "description": "Dormant volcano. Height: 2704m.",
        "state_id": 10,
        "province_id": 234,
        "rank": 2,
        "minzoom": 6
      }
    },
    {
      "type": "Feature",
      "geometry": {
        "type": "Point",
        "coordinates": [
          16.869,
          23.2093
        ]
      },
      "properties": {
        "id": 2,
        "entity_id": "poi:marker:2",
        "feature_class": "marker",
        "poi_type": "volcanoes",
        "name": "Grantham",
        "icon": "🌋",
        "description": "Erupting volcano. Height: 4356m.",
        "state_id": 4,
        "province_id": 197,
        "rank": 2,
        "minzoom": 6
      }
    },
    {
      "type": "Feature",
      "geometry": {
        "type": "Point",
        "coordinates": [
          14.7751,
          19.2694
        ]
      },
      "properties": {
        "id": 3,
        "entity_id": "poi:marker:3",
        "feature_class": "marker",
        "poi_type": "hot-springs",
        "name": "Hot Springs of Intaberthin",
        "icon": "♨️",
        "description": "A geothermal springs with naturally heated water that provide relaxation and medicinal benefits. Average temperature is 33°C.",
        "state_id": 4,
        "province_id": 197,
        "rank": 2,
        "minzoom": 6
      }
    },
    {
      "type": "Feature",
      "geometry": {
        "type": "Point",
        "coordinates": [
          8.175,
          31.1255
        ]
      },
      "properties": {
        "id": 4,
        "entity_id": "poi:marker:4",
        "feature_class": "marker",
        "poi_type": "hot-springs",
        "name": "Enayay Hot Springs",
        "icon": "♨️",
        "description": "A geothermal springs with naturally heated water that provide relaxation and medicinal benefits. Average temperature is 43°C.",
        "state_id": 19,
        "province_id": 167,
        "rank": 2,
        "minzoom": 6
      }
    },
    {
      "type": "Feature",
      "geometry": {
        "type": "Point",
        "coordinates": [
          -19.0137,
          18.9247
        ]
      },
      "properties": {
        "id": 5,
        "entity_id": "poi:marker:5",
        "feature_class": "marker",
        "poi_type": "hot-springs",
        "name": "Hot Springs of Celca",
        "icon": "♨️",
        "description": "A geothermal springs with naturally heated water that provide relaxation and medicinal benefits. Average temperature is 23°C.",
        "state_id": 17,
        "province_id": 277,
        "rank": 2,
        "minzoom": 6
      }
    },
    {
      "type": "Feature",
      "geometry": {
        "type": "Point",
        "coordinates": [
          0.3004,
          30.7306
        ]
      },
      "properties": {
        "id": 6,
        "entity_id": "poi:marker:6",
        "feature_class": "marker",
        "poi_type": "water-sources",
        "name": "Beydekiken Creek of Luck",
        "icon": "💧",
        "description": "This legendary water source is whispered about in ancient tales and believed to possess mystical properties. The spring emanates crystal-clear water, shimmering with an otherworldly iridescence that sparkles even in the dimmest light.",
        "state_id": 12,
        "province_id": 242,
        "rank": 2,
        "minzoom": 6
      }
    },
    {
      "type": "Feature",
      "geometry": {
        "type": "Point",
        "coordinates": [
          -0.6693,
          30.8224
        ]
      },
      "properties": {
        "id": 7,
        "entity_id": "poi:marker:7",
        "feature_class": "marker",
        "poi_type": "water-sources",
        "name": "Sarpraklu Healing Spring",
        "icon": "💧",
        "description": "This legendary water source is whispered about in ancient tales and believed to possess mystical properties. The spring emanates crystal-clear water, shimmering with an otherworldly iridescence that sparkles even in the dimmest light.",
        "state_id": 12,
        "province_id": 90,
        "rank": 2,
        "minzoom": 6
      }
    },
    {
      "type": "Feature",
      "geometry": {
        "type": "Point",
        "coordinates": [
          -10.4005,
          35.3594
        ]
      },
      "properties": {
        "id": 8,
        "entity_id": "poi:marker:8",
        "feature_class": "marker",
        "poi_type": "water-sources",
        "name": "Onenka Healing Stream",
        "icon": "💧",
        "description": "This legendary water source is whispered about in ancient tales and believed to possess mystical properties. The spring emanates crystal-clear water, shimmering with an otherworldly iridescence that sparkles even in the dimmest light.",
        "state_id": 10,
        "province_id": 228,
        "rank": 2,
        "minzoom": 6
      }
    },
    {
      "type": "Feature",
      "geometry": {
        "type": "Point",
        "coordinates": [
          -17.3934,
          24.7244
        ]
      },
      "properties": {
        "id": 9,
        "entity_id": "poi:marker:9",
        "feature_class": "marker",
        "poi_type": "mines",
        "name": "Sonte — salt mining town",
        "icon": "⛏️",
        "description": "Sonte is a mining town of 4406 people just nearby the salt mine.",
        "state_id": 6,
        "province_id": 53,
        "rank": 2,
        "minzoom": 6
      }
    },
    {
      "type": "Feature",
      "geometry": {
        "type": "Point",
        "coordinates": [
          -19.7141,
          26.6487
        ]
      },
      "properties": {
        "id": 10,
        "entity_id": "poi:marker:10",
        "feature_class": "marker",
        "poi_type": "mines",
        "name": "Vantignelly — salt mining town",
        "icon": "⛏️",
        "description": "Vantignelly is a mining town of 527 people just nearby the salt mine.",
        "state_id": 2,
        "province_id": 178,
        "rank": 2,
        "minzoom": 6
      }
    },
    {
      "type": "Feature",
      "geometry": {
        "type": "Point",
        "coordinates": [
          -22.4898,
          22.3665
        ]
      },
      "properties": {
        "id": 11,
        "entity_id": "poi:marker:11",
        "feature_class": "marker",
        "poi_type": "mines",
        "name": "Vienvilles — gold mining town",
        "icon": "⛏️",
        "description": "Vienvilles is a mining town of 577 people just nearby the gold mine.",
        "state_id": 11,
        "province_id": 89,
        "rank": 2,
        "minzoom": 6
      }
    },
    {
      "type": "Feature",
      "geometry": {
        "type": "Point",
        "coordinates": [
          21.9531,
          21.787
        ]
      },
      "properties": {
        "id": 12,
        "entity_id": "poi:marker:12",
        "feature_class": "marker",
        "poi_type": "mines",
        "name": "Swasal — iron mining town",
        "icon": "⛏️",
        "description": "Swasal is a mining town of 1830 people just nearby the iron mine.",
        "state_id": 16,
        "province_id": 271,
        "rank": 2,
        "minzoom": 6
      }
    },
    {
      "type": "Feature",
      "geometry": {
        "type": "Point",
        "coordinates": [
          14.2273,
          28.5629
        ]
      },
      "properties": {
        "id": 13,
        "entity_id": "poi:marker:13",
        "feature_class": "marker",
        "poi_type": "bridges",
        "name": "Cliford Bridge",
        "icon": "🌉",
        "description": "A stone bridge spans over the Birbury River near Cliford.",
        "state_id": 19,
        "province_id": 158,
        "rank": 2,
        "minzoom": 6
      }
    },
    {
      "type": "Feature",
      "geometry": {
        "type": "Point",
        "coordinates": [
          18.7066,
          25.8531
        ]
      },
      "properties": {
        "id": 14,
        "entity_id": "poi:marker:14",
        "feature_class": "marker",
        "poi_type": "bridges",
        "name": "Exningdon Bridge",
        "icon": "🌉",
        "description": "A stone bridge spans over the Bamerbury River near Exningdon.",
        "state_id": 7,
        "province_id": 66,
        "rank": 2,
        "minzoom": 6
      }
    },
    {
      "type": "Feature",
      "geometry": {
        "type": "Point",
        "coordinates": [
          27.2327,
          25.7446
        ]
      },
      "properties": {
        "id": 15,
        "entity_id": "poi:marker:15",
        "feature_class": "marker",
        "poi_type": "bridges",
        "name": "Shifton Bridge",
        "icon": "🌉",
        "description": "A formidable bridge spans over the Wargdondo River near Shifton.",
        "state_id": 7,
        "province_id": 216,
        "rank": 2,
        "minzoom": 6
      }
    },
    {
      "type": "Feature",
      "geometry": {
        "type": "Point",
        "coordinates": [
          3.9071,
          36.101
        ]
      },
      "properties": {
        "id": 16,
        "entity_id": "poi:marker:16",
        "feature_class": "marker",
        "poi_type": "lighthouses",
        "name": "Emirkesenese Lighthouse",
        "icon": "🚨",
        "description": "A lighthouse to serve as a beacon for ships in the open sea.",
        "state_id": 12,
        "province_id": 240,
        "rank": 2,
        "minzoom": 6
      }
    },
    {
      "type": "Feature",
      "geometry": {
        "type": "Point",
        "coordinates": [
          -27.958,
          22.289
        ]
      },
      "properties": {
        "id": 17,
        "entity_id": "poi:marker:17",
        "feature_class": "marker",
        "poi_type": "lighthouses",
        "name": "Raran Lighthouse",
        "icon": "🚨",
        "description": "A lighthouse to serve as a beacon for ships in the open sea.",
        "state_id": 13,
        "province_id": 254,
        "rank": 2,
        "minzoom": 6
      }
    },
    {
      "type": "Feature",
      "geometry": {
        "type": "Point",
        "coordinates": [
          2.2724,
          37.6442
        ]
      },
      "properties": {
        "id": 18,
        "entity_id": "poi:marker:18",
        "feature_class": "marker",
        "poi_type": "lighthouses",
        "name": "Delian Lighthouse",
        "icon": "🚨",
        "description": "A lighthouse to serve as a beacon for ships in the open sea.",
        "state_id": 12,
        "province_id": 240,
        "rank": 2,
        "minzoom": 6
      }
    },
    {
      "type": "Feature",
      "geometry": {
        "type": "Point",
        "coordinates": [
          -24.9976,
          18.5465
        ]
      },
      "properties": {
        "id": 19,
        "entity_id": "poi:marker:19",
        "feature_class": "marker",
        "poi_type": "lighthouses",
        "name": "Pespocenanian Lighthouse",
        "icon": "🚨",
        "description": "A lighthouse to serve as a beacon for ships in the open sea.",
        "state_id": 6,
        "province_id": 213,
        "rank": 2,
        "minzoom": 6
      }
    },
    {
      "type": "Feature",
      "geometry": {
        "type": "Point",
        "coordinates": [
          -19.4859,
          13.4138
        ]
      },
      "properties": {
        "id": 20,
        "entity_id": "poi:marker:20",
        "feature_class": "marker",
        "poi_type": "lighthouses",
        "name": "Monhan Lighthouse",
        "icon": "🚨",
        "description": "A lighthouse to serve as a beacon for ships in the open sea.",
        "state_id": 17,
        "province_id": 283,
        "rank": 2,
        "minzoom": 6
      }
    },
    {
      "type": "Feature",
      "geometry": {
        "type": "Point",
        "coordinates": [
          7.3789,
          19.5319
        ]
      },
      "properties": {
        "id": 21,
        "entity_id": "poi:marker:21",
        "feature_class": "marker",
        "poi_type": "lighthouses",
        "name": "Achian Lighthouse",
        "icon": "🚨",
        "description": "A lighthouse to serve as a beacon for ships in the open sea.",
        "state_id": 3,
        "province_id": 195,
        "rank": 2,
        "minzoom": 6
      }
    },
    {
      "type": "Feature",
      "geometry": {
        "type": "Point",
        "coordinates": [
          1.4692,
          34.463
        ]
      },
      "properties": {
        "id": 22,
        "entity_id": "poi:marker:22",
        "feature_class": "marker",
        "poi_type": "lighthouses",
        "name": "Biltamayaz Lighthouse",
        "icon": "🚨",
        "description": "A lighthouse to serve as a beacon for ships in the open sea.",
        "state_id": 12,
        "province_id": 242,
        "rank": 2,
        "minzoom": 6
      }
    },
    {
      "type": "Feature",
      "geometry": {
        "type": "Point",
        "coordinates": [
          -26.3941,
          15.2998
        ]
      },
      "properties": {
        "id": 23,
        "entity_id": "poi:marker:23",
        "feature_class": "marker",
        "poi_type": "lighthouses",
        "name": "Lucustelpian Lighthouse",
        "icon": "🚨",
        "description": "A lighthouse to serve as a beacon for ships in the open sea.",
        "state_id": 17,
        "province_id": 282,
        "rank": 2,
        "minzoom": 6
      }
    },
    {
      "type": "Feature",
      "geometry": {
        "type": "Point",
        "coordinates": [
          -1.2864,
          35.6425
        ]
      },
      "properties": {
        "id": 24,
        "entity_id": "poi:marker:24",
        "feature_class": "marker",
        "poi_type": "lighthouses",
        "name": "Bildepekian Lighthouse",
        "icon": "🚨",
        "description": "A lighthouse to serve as a beacon for ships in the open sea.",
        "state_id": 12,
        "province_id": 242,
        "rank": 2,
        "minzoom": 6
      }
    },
    {
      "type": "Feature",
      "geometry": {
        "type": "Point",
        "coordinates": [
          -21.2532,
          23.6104
        ]
      },
      "properties": {
        "id": 25,
        "entity_id": "poi:marker:25",
        "feature_class": "marker",
        "poi_type": "lighthouses",
        "name": "Santesarcelese Lighthouse",
        "icon": "🚨",
        "description": "A lighthouse to serve as a beacon for ships in the open sea.",
        "state_id": 11,
        "province_id": 85,
        "rank": 2,
        "minzoom": 6
      }
    },
    {
      "type": "Feature",
      "geometry": {
        "type": "Point",
        "coordinates": [
          -5.9313,
          31.8235
        ]
      },
      "properties": {
        "id": 26,
        "entity_id": "poi:marker:26",
        "feature_class": "marker",
        "poi_type": "lighthouses",
        "name": "Bobalazkayan Lighthouse",
        "icon": "🚨",
        "description": "A lighthouse to serve as a beacon for ships in the open sea.",
        "state_id": 12,
        "province_id": 241,
        "rank": 2,
        "minzoom": 6
      }
    },
    {
      "type": "Feature",
      "geometry": {
        "type": "Point",
        "coordinates": [
          -26.9682,
          23.5746
        ]
      },
      "properties": {
        "id": 27,
        "entity_id": "poi:marker:27",
        "feature_class": "marker",
        "poi_type": "lighthouses",
        "name": "Barcotian Lighthouse",
        "icon": "🚨",
        "description": "A lighthouse to serve as a beacon for ships in the open sea.",
        "state_id": 13,
        "province_id": 254,
        "rank": 2,
        "minzoom": 6
      }
    },
    {
      "type": "Feature",
      "geometry": {
        "type": "Point",
        "coordinates": [
          -7.5401,
          21.3462
        ]
      },
      "properties": {
        "id": 28,
        "entity_id": "poi:marker:28",
        "feature_class": "marker",
        "poi_type": "lighthouses",
        "name": "Yuyukayruan Lighthouse",
        "icon": "🚨",
        "description": "A lighthouse to serve as a beacon for ships in the open sea.",
        "state_id": 14,
        "province_id": 257,
        "rank": 2,
        "minzoom": 6
      }
    },
    {
      "type": "Feature",
      "geometry": {
        "type": "Point",
        "coordinates": [
          -16.0677,
          30.754
        ]
      },
      "properties": {
        "id": 29,
        "entity_id": "poi:marker:29",
        "feature_class": "marker",
        "poi_type": "lighthouses",
        "name": "Bobelese Lighthouse",
        "icon": "🚨",
        "description": "A lighthouse to serve as a beacon for ships in the open sea.",
        "state_id": 2,
        "province_id": 178,
        "rank": 2,
        "minzoom": 6
      }
    },
    {
      "type": "Feature",
      "geometry": {
        "type": "Point",
        "coordinates": [
          12.1075,
          23.2189
        ]
      },
      "properties": {
        "id": 30,
        "entity_id": "poi:marker:30",
        "feature_class": "marker",
        "poi_type": "lighthouses",
        "name": "Cambrigan Lighthouse",
        "icon": "🚨",
        "description": "A lighthouse to serve as a beacon for ships in the open sea.",
        "state_id": 3,
        "province_id": 24,
        "rank": 2,
        "minzoom": 6
      }
    },
    {
      "type": "Feature",
      "geometry": {
        "type": "Point",
        "coordinates": [
          -12.9327,
          23.8093
        ]
      },
      "properties": {
        "id": 31,
        "entity_id": "poi:marker:31",
        "feature_class": "marker",
        "poi_type": "lighthouses",
        "name": "Schliberg Lighthouse",
        "icon": "🚨",
        "description": "A lighthouse to serve as a beacon for ships in the open sea.",
        "state_id": 1,
        "province_id": 175,
        "rank": 2,
        "minzoom": 6
      }
    },
    {
      "type": "Feature",
      "geometry": {
        "type": "Point",
        "coordinates": [
          18.222,
          34.1355
        ]
      },
      "properties": {
        "id": 32,
        "entity_id": "poi:marker:32",
        "feature_class": "marker",
        "poi_type": "lighthouses",
        "name": "Tetrymouth Lighthouse",
        "icon": "🚨",
        "description": "A lighthouse to serve as a beacon for ships in the open sea.",
        "state_id": 19,
        "province_id": 298,
        "rank": 2,
        "minzoom": 6
      }
    },
    {
      "type": "Feature",
      "geometry": {
        "type": "Point",
        "coordinates": [
          9.8303,
          18.1253
        ]
      },
      "properties": {
        "id": 33,
        "entity_id": "poi:marker:33",
        "feature_class": "marker",
        "poi_type": "lighthouses",
        "name": "Sendyran Lighthouse",
        "icon": "🚨",
        "description": "A lighthouse to serve as a beacon for ships in the open sea.",
        "state_id": 3,
        "province_id": 195,
        "rank": 2,
        "minzoom": 6
      }
    },
    {
      "type": "Feature",
      "geometry": {
        "type": "Point",
        "coordinates": [
          -22.6745,
          28.2101
        ]
      },
      "properties": {
        "id": 34,
        "entity_id": "poi:marker:34",
        "feature_class": "marker",
        "poi_type": "lighthouses",
        "name": "Bellean Lighthouse",
        "icon": "🚨",
        "description": "A lighthouse to serve as a beacon for ships in the open sea.",
        "state_id": 2,
        "province_id": 179,
        "rank": 2,
        "minzoom": 6
      }
    },
    {
      "type": "Feature",
      "geometry": {
        "type": "Point",
        "coordinates": [
          -24.7087,
          19.005
        ]
      },
      "properties": {
        "id": 35,
        "entity_id": "poi:marker:35",
        "feature_class": "marker",
        "poi_type": "lighthouses",
        "name": "Proroneran Lighthouse",
        "icon": "🚨",
        "description": "A lighthouse to serve as a beacon for ships in the open sea.",
        "state_id": 13,
        "province_id": 255,
        "rank": 2,
        "minzoom": 6
      }
    },
    {
      "type": "Feature",
      "geometry": {
        "type": "Point",
        "coordinates": [
          -20.6729,
          32.0257
        ]
      },
      "properties": {
        "id": 36,
        "entity_id": "poi:marker:36",
        "feature_class": "marker",
        "poi_type": "lighthouses",
        "name": "Courmean Lighthouse",
        "icon": "🚨",
        "description": "A lighthouse to serve as a beacon for ships in the open sea.",
        "state_id": 2,
        "province_id": 176,
        "rank": 2,
        "minzoom": 6
      }
    },
    {
      "type": "Feature",
      "geometry": {
        "type": "Point",
        "coordinates": [
          2.1155,
          20.3709
        ]
      },
      "properties": {
        "id": 37,
        "entity_id": "poi:marker:37",
        "feature_class": "marker",
        "poi_type": "lighthouses",
        "name": "Kirk Lighthouse",
        "icon": "🚨",
        "description": "A lighthouse to serve as a beacon for ships in the open sea.",
        "state_id": 14,
        "province_id": 262,
        "rank": 2,
        "minzoom": 6
      }
    },
    {
      "type": "Feature",
      "geometry": {
        "type": "Point",
        "coordinates": [
          -7.709,
          34.5237
        ]
      },
      "properties": {
        "id": 38,
        "entity_id": "poi:marker:38",
        "feature_class": "marker",
        "poi_type": "lighthouses",
        "name": "Tuunapuavan Lighthouse",
        "icon": "🚨",
        "description": "A lighthouse to serve as a beacon for ships in the open sea.",
        "state_id": 12,
        "province_id": 241,
        "rank": 2,
        "minzoom": 6
      }
    },
    {
      "type": "Feature",
      "geometry": {
        "type": "Point",
        "coordinates": [
          -23.3897,
          23.0578
        ]
      },
      "properties": {
        "id": 39,
        "entity_id": "poi:marker:39",
        "feature_class": "marker",
        "poi_type": "lighthouses",
        "name": "Venvillian Lighthouse",
        "icon": "🚨",
        "description": "A lighthouse to serve as a beacon for ships in the open sea.",
        "state_id": 11,
        "province_id": 238,
        "rank": 2,
        "minzoom": 6
      }
    },
    {
      "type": "Feature",
      "geometry": {
        "type": "Point",
        "coordinates": [
          -15.9921,
          29.61
        ]
      },
      "properties": {
        "id": 40,
        "entity_id": "poi:marker:40",
        "feature_class": "marker",
        "poi_type": "lighthouses",
        "name": "Preoulise Lighthouse",
        "icon": "🚨",
        "description": "A lighthouse to serve as a beacon for ships in the open sea.",
        "state_id": 2,
        "province_id": 9,
        "rank": 2,
        "minzoom": 6
      }
    },
    {
      "type": "Feature",
      "geometry": {
        "type": "Point",
        "coordinates": [
          8.84,
          34.9397
        ]
      },
      "properties": {
        "id": 41,
        "entity_id": "poi:marker:41",
        "feature_class": "marker",
        "poi_type": "lighthouses",
        "name": "Sarpkoynak Lighthouse",
        "icon": "🚨",
        "description": "A lighthouse to serve as a beacon for ships in the open sea.",
        "state_id": 19,
        "province_id": 293,
        "rank": 2,
        "minzoom": 6
      }
    },
    {
      "type": "Feature",
      "geometry": {
        "type": "Point",
        "coordinates": [
          -11.5616,
          23.4488
        ]
      },
      "properties": {
        "id": 42,
        "entity_id": "poi:marker:42",
        "feature_class": "marker",
        "poi_type": "lighthouses",
        "name": "Wiedendinweian Lighthouse",
        "icon": "🚨",
        "description": "A lighthouse to serve as a beacon for ships in the open sea.",
        "state_id": 1,
        "province_id": 175,
        "rank": 2,
        "minzoom": 6
      }
    },
    {
      "type": "Feature",
      "geometry": {
        "type": "Point",
        "coordinates": [
          -8.1635,
          14.5655
        ]
      },
      "properties": {
        "id": 43,
        "entity_id": "poi:marker:43",
        "feature_class": "marker",
        "poi_type": "lighthouses",
        "name": "Lillosan Lighthouse",
        "icon": "🚨",
        "description": "A lighthouse to serve as a beacon for ships in the open sea.",
        "state_id": 17,
        "province_id": 281,
        "rank": 2,
        "minzoom": 6
      }
    },
    {
      "type": "Feature",
      "geometry": {
        "type": "Point",
        "coordinates": [
          16.5968,
          12.8171
        ]
      },
      "properties": {
        "id": 44,
        "entity_id": "poi:marker:44",
        "feature_class": "marker",
        "poi_type": "lighthouses",
        "name": "Ardibarrat Lighthouse",
        "icon": "🚨",
        "description": "A lighthouse to serve as a beacon for ships in the open sea.",
        "state_id": 4,
        "province_id": 199,
        "rank": 2,
        "minzoom": 6
      }
    },
    {
      "type": "Feature",
      "geometry": {
        "type": "Point",
        "coordinates": [
          11.7042,
          18.0751
        ]
      },
      "properties": {
        "id": 45,
        "entity_id": "poi:marker:45",
        "feature_class": "marker",
        "poi_type": "lighthouses",
        "name": "Intobhian Lighthouse",
        "icon": "🚨",
        "description": "A lighthouse to serve as a beacon for ships in the open sea.",
        "state_id": 4,
        "province_id": 198,
        "rank": 2,
        "minzoom": 6
      }
    },
    {
      "type": "Feature",
      "geometry": {
        "type": "Point",
        "coordinates": [
          -7.709,
          34.8077
        ]
      },
      "properties": {
        "id": 46,
        "entity_id": "poi:marker:46",
        "feature_class": "marker",
        "poi_type": "lighthouses",
        "name": "Tottulan Lighthouse",
        "icon": "🚨",
        "description": "A lighthouse to serve as a beacon for ships in the open sea.",
        "state_id": 12,
        "province_id": 241,
        "rank": 2,
        "minzoom": 6
      }
    },
    {
      "type": "Feature",
      "geometry": {
        "type": "Point",
        "coordinates": [
          23.5739,
          24.3046
        ]
      },
      "properties": {
        "id": 47,
        "entity_id": "poi:marker:47",
        "feature_class": "marker",
        "poi_type": "lighthouses",
        "name": "Bridensey Lighthouse",
        "icon": "🚨",
        "description": "A lighthouse to serve as a beacon for ships in the open sea.",
        "state_id": 7,
        "province_id": 217,
        "rank": 2,
        "minzoom": 6
      }
    },
    {
      "type": "Feature",
      "geometry": {
        "type": "Point",
        "coordinates": [
          -21.9784,
          23.4044
        ]
      },
      "properties": {
        "id": 48,
        "entity_id": "poi:marker:48",
        "feature_class": "marker",
        "poi_type": "lighthouses",
        "name": "Givran Lighthouse",
        "icon": "🚨",
        "description": "A lighthouse to serve as a beacon for ships in the open sea.",
        "state_id": 11,
        "province_id": 89,
        "rank": 2,
        "minzoom": 6
      }
    },
    {
      "type": "Feature",
      "geometry": {
        "type": "Point",
        "coordinates": [
          -25.8095,
          20.0745
        ]
      },
      "properties": {
        "id": 49,
        "entity_id": "poi:marker:49",
        "feature_class": "marker",
        "poi_type": "lighthouses",
        "name": "Bolletan Lighthouse",
        "icon": "🚨",
        "description": "A lighthouse to serve as a beacon for ships in the open sea.",
        "state_id": 13,
        "province_id": 254,
        "rank": 2,
        "minzoom": 6
      }
    },
    {
      "type": "Feature",
      "geometry": {
        "type": "Point",
        "coordinates": [
          -8.6974,
          15.9218
        ]
      },
      "properties": {
        "id": 50,
        "entity_id": "poi:marker:50",
        "feature_class": "marker",
        "poi_type": "waterfalls",
        "name": "Nutanese Waterfall",
        "icon": "⟱",
        "description": "An impressive waterfall has cut through the land.",
        "state_id": 17,
        "province_id": 281,
        "rank": 2,
        "minzoom": 6
      }
    },
    {
      "type": "Feature",
      "geometry": {
        "type": "Point",
        "coordinates": [
          4.9778,
          24.2941
        ]
      },
      "properties": {
        "id": 51,
        "entity_id": "poi:marker:51",
        "feature_class": "marker",
        "poi_type": "waterfalls",
        "name": "Aberkeith Waterfall",
        "icon": "⟱",
        "description": "An impressive waterfall has cut through the land.",
        "state_id": 3,
        "province_id": 189,
        "rank": 2,
        "minzoom": 6
      }
    },
    {
      "type": "Feature",
      "geometry": {
        "type": "Point",
        "coordinates": [
          4.4817,
          23.9092
        ]
      },
      "properties": {
        "id": 52,
        "entity_id": "poi:marker:52",
        "feature_class": "marker",
        "poi_type": "waterfalls",
        "name": "Abergaber Waterfall",
        "icon": "⟱",
        "description": "An impressive waterfall has cut through the land.",
        "state_id": 3,
        "province_id": 189,
        "rank": 2,
        "minzoom": 6
      }
    },
    {
      "type": "Feature",
      "geometry": {
        "type": "Point",
        "coordinates": [
          -11.3057,
          27.2831
        ]
      },
      "properties": {
        "id": 53,
        "entity_id": "poi:marker:53",
        "feature_class": "marker",
        "poi_type": "waterfalls",
        "name": "Monchlinbach Waterfall",
        "icon": "⟱",
        "description": "An impressive waterfall has cut through the land.",
        "state_id": 8,
        "province_id": 75,
        "rank": 2,
        "minzoom": 6
      }
    },
    {
      "type": "Feature",
      "geometry": {
        "type": "Point",
        "coordinates": [
          -11.1095,
          27.9161
        ]
      },
      "properties": {
        "id": 54,
        "entity_id": "poi:marker:54",
        "feature_class": "marker",
        "poi_type": "waterfalls",
        "name": "Niederkenese Waterfall",
        "icon": "⟱",
        "description": "The rapids of an exceptionally beautiful waterfall.",
        "state_id": 8,
        "province_id": 75,
        "rank": 2,
        "minzoom": 6
      }
    },
    {
      "type": "Feature",
      "geometry": {
        "type": "Point",
        "coordinates": [
          -13.215,
          26.6955
        ]
      },
      "properties": {
        "id": 55,
        "entity_id": "poi:marker:55",
        "feature_class": "marker",
        "poi_type": "waterfalls",
        "name": "Muhringendinese Waterfall",
        "icon": "⟱",
        "description": "A river drops down from a great height forming a wondrous waterfall.",
        "state_id": 9,
        "province_id": 225,
        "rank": 2,
        "minzoom": 6
      }
    },
    {
      "type": "Feature",
      "geometry": {
        "type": "Point",
        "coordinates": [
          -11.1827,
          27.4533
        ]
      },
      "properties": {
        "id": 56,
        "entity_id": "poi:marker:56",
        "feature_class": "marker",
        "poi_type": "waterfalls",
        "name": "Fluortengenese Waterfall",
        "icon": "⟱",
        "description": "The cascades of a stunning waterfall.",
        "state_id": 8,
        "province_id": 75,
        "rank": 2,
        "minzoom": 6
      }
    },
    {
      "type": "Feature",
      "geometry": {
        "type": "Point",
        "coordinates": [
          -2.0567,
          31.0629
        ]
      },
      "properties": {
        "id": 57,
        "entity_id": "poi:marker:57",
        "feature_class": "marker",
        "poi_type": "battlefields",
        "name": "Ayli Battlefield",
        "icon": "⚔️",
        "description": "A historical battle of the Askian War. \r\nDate: October 14, 763 Brury Era.",
        "state_id": 12,
        "province_id": 109,
        "rank": 2,
        "minzoom": 6
      }
    },
    {
      "type": "Feature",
      "geometry": {
        "type": "Point",
        "coordinates": [
          14.5526,
          24.9849
        ]
      },
      "properties": {
        "id": 58,
        "entity_id": "poi:marker:58",
        "feature_class": "marker",
        "poi_type": "battlefields",
        "name": "Kozyolde Battlefield",
        "icon": "⚔️",
        "description": "A historical battle of the Peinan Invasion. \r\nDate: April 13, 763 Brury Era.",
        "state_id": 4,
        "province_id": 35,
        "rank": 2,
        "minzoom": 6
      }
    },
    {
      "type": "Feature",
      "geometry": {
        "type": "Point",
        "coordinates": [
          19.2611,
          33.5743
        ]
      },
      "properties": {
        "id": 59,
        "entity_id": "poi:marker:59",
        "feature_class": "marker",
        "poi_type": "battlefields",
        "name": "Albrorough Battlefield",
        "icon": "⚔️",
        "description": "A historical battle of the Orporpor Invasion. \r\nDate: October 14, 763 Brury Era.",
        "state_id": 5,
        "province_id": 42,
        "rank": 2,
        "minzoom": 6
      }
    },
    {
      "type": "Feature",
      "geometry": {
        "type": "Point",
        "coordinates": [
          -14.1613,
          30.8143
        ]
      },
      "properties": {
        "id": 60,
        "entity_id": "poi:marker:60",
        "feature_class": "marker",
        "poi_type": "battlefields",
        "name": "Menesjah Battlefield",
        "icon": "⚔️",
        "description": "A historical battle of the Aciasecian Rebellion. \r\nDate: November 8, 465 Brury Era.",
        "state_id": 2,
        "province_id": 185,
        "rank": 2,
        "minzoom": 6
      }
    },
    {
      "type": "Feature",
      "geometry": {
        "type": "Point",
        "coordinates": [
          4.5673,
          23.632
        ]
      },
      "properties": {
        "id": 61,
        "entity_id": "poi:marker:61",
        "feature_class": "marker",
        "poi_type": "battlefields",
        "name": "Mheavon Battlefield",
        "icon": "⚔️",
        "description": "A historical battle of the Boyan Invasion. \r\nDate: November 9, 426 Brury Era.",
        "state_id": 3,
        "province_id": 27,
        "rank": 2,
        "minzoom": 6
      }
    },
    {
      "type": "Feature",
      "geometry": {
        "type": "Point",
        "coordinates": [
          -9.6896,
          35.303
        ]
      },
      "properties": {
        "id": 62,
        "entity_id": "poi:marker:62",
        "feature_class": "marker",
        "poi_type": "battlefields",
        "name": "Kamedakka Battlefield",
        "icon": "⚔️",
        "description": "A historical battle of the Fischrenian War. \r\nDate: March 27, 645 Brury Era.",
        "state_id": 10,
        "province_id": 228,
        "rank": 2,
        "minzoom": 6
      }
    },
    {
      "type": "Feature",
      "geometry": {
        "type": "Point",
        "coordinates": [
          -22.6405,
          21.5336
        ]
      },
      "properties": {
        "id": 63,
        "entity_id": "poi:marker:63",
        "feature_class": "marker",
        "poi_type": "battlefields",
        "name": "Tofredrigno Battlefield",
        "icon": "⚔️",
        "description": "A historical battle of the Nancrean Invasion. \r\nDate: March 17, 612 Brury Era.",
        "state_id": 11,
        "province_id": 86,
        "rank": 2,
        "minzoom": 6
      }
    },
    {
      "type": "Feature",
      "geometry": {
        "type": "Point",
        "coordinates": [
          -2.0375,
          23.992
        ]
      },
      "properties": {
        "id": 64,
        "entity_id": "poi:marker:64",
        "feature_class": "marker",
        "poi_type": "battlefields",
        "name": "Kurt Battlefield",
        "icon": "⚔️",
        "description": "A historical battle of the Boy-Sazkyurtian War. \r\nDate: December 7, 871 Brury Era.",
        "state_id": 12,
        "province_id": 113,
        "rank": 2,
        "minzoom": 6
      }
    },
    {
      "type": "Feature",
      "geometry": {
        "type": "Point",
        "coordinates": [
          18.7085,
          24.6393
        ]
      },
      "properties": {
        "id": 65,
        "entity_id": "poi:marker:65",
        "feature_class": "marker",
        "poi_type": "battlefields",
        "name": "Clifton Battlefield",
        "icon": "⚔️",
        "description": "A historical battle of the Sagelian Campaign. \r\nDate: August 11, 597 Brury Era.",
        "state_id": 7,
        "province_id": 66,
        "rank": 2,
        "minzoom": 6
      }
    },
    {
      "type": "Feature",
      "geometry": {
        "type": "Point",
        "coordinates": [
          -7.5306,
          17.5856
        ]
      },
      "properties": {
        "id": 66,
        "entity_id": "poi:marker:66",
        "feature_class": "marker",
        "poi_type": "battlefields",
        "name": "Torzuenana Battlefield",
        "icon": "⚔️",
        "description": "A historical battle of the Sagelia-Yerintian War. \r\nDate: May 21, 811 Brury Era.",
        "state_id": 14,
        "province_id": 124,
        "rank": 2,
        "minzoom": 6
      }
    },
    {
      "type": "Feature",
      "geometry": {
        "type": "Point",
        "coordinates": [
          -6.645,
          33.1775
        ]
      },
      "properties": {
        "id": 67,
        "entity_id": "poi:marker:67",
        "feature_class": "marker",
        "poi_type": "battlefields",
        "name": "Kortelibi Battlefield",
        "icon": "⚔️",
        "description": "A historical battle of the Boy-Tutachinian War. \r\nDate: May 4, 972 Brury Era.",
        "state_id": 12,
        "province_id": 241,
        "rank": 2,
        "minzoom": 6
      }
    },
    {
      "type": "Feature",
      "geometry": {
        "type": "Point",
        "coordinates": [
          -1.8811,
          33.3969
        ]
      },
      "properties": {
        "id": 68,
        "entity_id": "poi:marker:68",
        "feature_class": "marker",
        "poi_type": "battlefields",
        "name": "Kalgarci Battlefield",
        "icon": "⚔️",
        "description": "A historical battle of the Boy-Sazkyurtian War. \r\nDate: January 27, 996 Brury Era.",
        "state_id": 12,
        "province_id": 112,
        "rank": 2,
        "minzoom": 6
      }
    },
    {
      "type": "Feature",
      "geometry": {
        "type": "Point",
        "coordinates": [
          -6.0408,
          16.7915
        ]
      },
      "properties": {
        "id": 69,
        "entity_id": "poi:marker:69",
        "feature_class": "marker",
        "poi_type": "battlefields",
        "name": "Yumankay Battlefield",
        "icon": "⚔️",
        "description": "A historical battle of the Alprakelian Campaign. \r\nDate: June 4, 418 Brury Era.",
        "state_id": 14,
        "province_id": 124,
        "rank": 2,
        "minzoom": 6
      }
    },
    {
      "type": "Feature",
      "geometry": {
        "type": "Point",
        "coordinates": [
          -2.1102,
          32.7051
        ]
      },
      "properties": {
        "id": 70,
        "entity_id": "poi:marker:70",
        "feature_class": "marker",
        "poi_type": "battlefields",
        "name": "Desente Battlefield",
        "icon": "⚔️",
        "description": "A historical battle of the Boy-Sazkyurtian War. \r\nDate: July 23, 916 Brury Era.",
        "state_id": 12,
        "province_id": 112,
        "rank": 2,
        "minzoom": 6
      }
    },
    {
      "type": "Feature",
      "geometry": {
        "type": "Point",
        "coordinates": [
          -16.5988,
          22.7618
        ]
      },
      "properties": {
        "id": 71,
        "entity_id": "poi:marker:71",
        "feature_class": "marker",
        "poi_type": "battlefields",
        "name": "Kuslach Battlefield",
        "icon": "⚔️",
        "description": "A historical battle of the Patefran Conflict. \r\nDate: April 21, 764 Brury Era.",
        "state_id": 6,
        "province_id": 53,
        "rank": 2,
        "minzoom": 6
      }
    },
    {
      "type": "Feature",
      "geometry": {
        "type": "Point",
        "coordinates": [
          -20.4662,
          17.7902
        ]
      },
      "properties": {
        "id": 72,
        "entity_id": "poi:marker:72",
        "feature_class": "marker",
        "poi_type": "battlefields",
        "name": "Rocciavigno Battlefield",
        "icon": "⚔️",
        "description": "A historical battle of the Yerintean Rebellion. \r\nDate: March 17, 472 Brury Era.",
        "state_id": 17,
        "province_id": 278,
        "rank": 2,
        "minzoom": 6
      }
    },
    {
      "type": "Feature",
      "geometry": {
        "type": "Point",
        "coordinates": [
          -14.8985,
          34.2713
        ]
      },
      "properties": {
        "id": 73,
        "entity_id": "poi:marker:73",
        "feature_class": "marker",
        "poi_type": "battlefields",
        "name": "Hovden Battlefield",
        "icon": "⚔️",
        "description": "A historical battle of the Gjevelsan Campaign. \r\nDate: December 25, 762 Brury Era.",
        "state_id": 18,
        "province_id": 156,
        "rank": 2,
        "minzoom": 6
      }
    },
    {
      "type": "Feature",
      "geometry": {
        "type": "Point",
        "coordinates": [
          13.027,
          30.0096
        ]
      },
      "properties": {
        "id": 74,
        "entity_id": "poi:marker:74",
        "feature_class": "marker",
        "poi_type": "battlefields",
        "name": "Persbore Battlefield",
        "icon": "⚔️",
        "description": "A historical battle of the Swaracury Expedition. \r\nDate: April 15, 557 Brury Era.",
        "state_id": 19,
        "province_id": 295,
        "rank": 2,
        "minzoom": 6
      }
    },
    {
      "type": "Feature",
      "geometry": {
        "type": "Point",
        "coordinates": [
          -21.0044,
          19.8068
        ]
      },
      "properties": {
        "id": 75,
        "entity_id": "poi:marker:75",
        "feature_class": "marker",
        "poi_type": "battlefields",
        "name": "Labriamigna Battlefield",
        "icon": "⚔️",
        "description": "A historical battle of the Mordan Rebellion. \r\nDate: October 1, 764 Brury Era.",
        "state_id": 6,
        "province_id": 49,
        "rank": 2,
        "minzoom": 6
      }
    },
    {
      "type": "Feature",
      "geometry": {
        "type": "Point",
        "coordinates": [
          16.7533,
          28.8675
        ]
      },
      "properties": {
        "id": 76,
        "entity_id": "poi:marker:76",
        "feature_class": "marker",
        "poi_type": "battlefields",
        "name": "Penetslav Battlefield",
        "icon": "⚔️",
        "description": "A historical battle of the Abergian War. \r\nDate: April 22, 697 Brury Era.",
        "state_id": 7,
        "province_id": 69,
        "rank": 2,
        "minzoom": 6
      }
    },
    {
      "type": "Feature",
      "geometry": {
        "type": "Point",
        "coordinates": [
          -20.5738,
          25.6916
        ]
      },
      "properties": {
        "id": 77,
        "entity_id": "poi:marker:77",
        "feature_class": "marker",
        "poi_type": "battlefields",
        "name": "Frevolieulu Battlefield",
        "icon": "⚔️",
        "description": "A historical battle of the Turanmaan Conflict. \r\nDate: March 5, 751 Brury Era.",
        "state_id": 2,
        "province_id": 179,
        "rank": 2,
        "minzoom": 6
      }
    },
    {
      "type": "Feature",
      "geometry": {
        "type": "Point",
        "coordinates": [
          14.6536,
          22.1193
        ]
      },
      "properties": {
        "id": 78,
        "entity_id": "poi:marker:78",
        "feature_class": "marker",
        "poi_type": "battlefields",
        "name": "Invenek Battlefield",
        "icon": "⚔️",
        "description": "A historical battle of the Abergia-Peinian War. \r\nDate: October 17, 1000 Brury Era.",
        "state_id": 4,
        "province_id": 197,
        "rank": 2,
        "minzoom": 6
      }
    },
    {
      "type": "Feature",
      "geometry": {
        "type": "Point",
        "coordinates": [
          23.2318,
          17.5454
        ]
      },
      "properties": {
        "id": 79,
        "entity_id": "poi:marker:79",
        "feature_class": "marker",
        "poi_type": "battlefields",
        "name": "Taurion Battlefield",
        "icon": "⚔️",
        "description": "A historical battle of the Abergia-Peinian War. \r\nDate: August 21, 969 Brury Era.",
        "state_id": 16,
        "province_id": 138,
        "rank": 2,
        "minzoom": 6
      }
    },
    {
      "type": "Feature",
      "geometry": {
        "type": "Point",
        "coordinates": [
          -2.072,
          33.6555
        ]
      },
      "properties": {
        "id": 80,
        "entity_id": "poi:marker:80",
        "feature_class": "marker",
        "poi_type": "battlefields",
        "name": "Yedi Battlefield",
        "icon": "⚔️",
        "description": "A historical battle of the Stansburian War. \r\nDate: March 4, 611 Brury Era.",
        "state_id": 12,
        "province_id": 112,
        "rank": 2,
        "minzoom": 6
      }
    },
    {
      "type": "Feature",
      "geometry": {
        "type": "Point",
        "coordinates": [
          -7.6133,
          32.9657
        ]
      },
      "properties": {
        "id": 81,
        "entity_id": "poi:marker:81",
        "feature_class": "marker",
        "poi_type": "battlefields",
        "name": "Manttoinaro Battlefield",
        "icon": "⚔️",
        "description": "A historical battle of the Aberleith Crusade. \r\nDate: March 19, 453 Brury Era.",
        "state_id": 12,
        "province_id": 241,
        "rank": 2,
        "minzoom": 6
      }
    },
    {
      "type": "Feature",
      "geometry": {
        "type": "Point",
        "coordinates": [
          19.9256,
          32.6946
        ]
      },
      "properties": {
        "id": 82,
        "entity_id": "poi:marker:82",
        "feature_class": "marker",
        "poi_type": "lake-monsters",
        "name": "Skipton Monster",
        "icon": "🐉",
        "description": "Elders say a relic monster of 14 m long inhabits Skipton Lake. Truth or lie, folks are afraid to fish in the lake.",
        "rank": 2,
        "minzoom": 6
      }
    },
    {
      "type": "Feature",
      "geometry": {
        "type": "Point",
        "coordinates": [
          -17.3054,
          23.6702
        ]
      },
      "properties": {
        "id": 83,
        "entity_id": "poi:marker:83",
        "feature_class": "marker",
        "poi_type": "lake-monsters",
        "name": "Guarnedinono Monster",
        "icon": "🐉",
        "description": "Inscriptions say a relic monster of 9 m long inhabits Guarnedinono Lake. Truth or lie, folks are afraid to fish in the lake.",
        "rank": 2,
        "minzoom": 6
      }
    },
    {
      "type": "Feature",
      "geometry": {
        "type": "Point",
        "coordinates": [
          9.6738,
          19.3736
        ]
      },
      "properties": {
        "id": 84,
        "entity_id": "poi:marker:84",
        "feature_class": "marker",
        "poi_type": "lake-monsters",
        "name": "Kavonverowen Monster",
        "icon": "🐉",
        "description": "Rumors say a relic monster of 11 m long inhabits Kavonverowen Lake. Truth or lie, folks are afraid to fish in the lake.",
        "rank": 2,
        "minzoom": 6
      }
    },
    {
      "type": "Feature",
      "geometry": {
        "type": "Point",
        "coordinates": [
          -1.0668,
          31.9115
        ]
      },
      "properties": {
        "id": 85,
        "entity_id": "poi:marker:85",
        "feature_class": "marker",
        "poi_type": "lake-monsters",
        "name": "Alte Monster",
        "icon": "🐉",
        "description": "Legends say a relic monster of 17 m long inhabits Alte Lake. Truth or lie, folks are afraid to fish in the lake.",
        "rank": 2,
        "minzoom": 6
      }
    },
    {
      "type": "Feature",
      "geometry": {
        "type": "Point",
        "coordinates": [
          -10.4101,
          26.7462
        ]
      },
      "properties": {
        "id": 86,
        "entity_id": "poi:marker:86",
        "feature_class": "marker",
        "poi_type": "lake-monsters",
        "name": "Albron Monster",
        "icon": "🐉",
        "description": "Rumors say a relic monster of 11 m long inhabits Albron Lake. Truth or lie, folks are afraid to fish in the lake.",
        "rank": 2,
        "minzoom": 6
      }
    },
    {
      "type": "Feature",
      "geometry": {
        "type": "Point",
        "coordinates": [
          -13.371,
          23.7171
        ]
      },
      "properties": {
        "id": 87,
        "entity_id": "poi:marker:87",
        "feature_class": "marker",
        "poi_type": "lake-monsters",
        "name": "Schwonafen Monster",
        "icon": "🐉",
        "description": "Elders say a relic monster of 13 m long inhabits Schwonafen Lake. Truth or lie, folks are afraid to fish in the lake.",
        "rank": 2,
        "minzoom": 6
      }
    },
    {
      "type": "Feature",
      "geometry": {
        "type": "Point",
        "coordinates": [
          -13.07,
          19.0179
        ]
      },
      "properties": {
        "id": 88,
        "entity_id": "poi:marker:88",
        "feature_class": "marker",
        "poi_type": "lake-monsters",
        "name": "Poykut Monster",
        "icon": "🐉",
        "description": "Inscriptions say a relic monster of 5 m long inhabits Poykut Lake. Truth or lie, folks are afraid to fish in the lake.",
        "rank": 2,
        "minzoom": 6
      }
    },
    {
      "type": "Feature",
      "geometry": {
        "type": "Point",
        "coordinates": [
          13.1758,
          21.711
        ]
      },
      "properties": {
        "id": 89,
        "entity_id": "poi:marker:89",
        "feature_class": "marker",
        "poi_type": "sea-monsters",
        "name": "Newleigh Monster",
        "icon": "🦑",
        "description": "Old sailors tell stories of a gigantic sea monster inhabiting these dangerous waters. Rumors say it can be 17 m long.",
        "rank": 2,
        "minzoom": 6
      }
    },
    {
      "type": "Feature",
      "geometry": {
        "type": "Point",
        "coordinates": [
          -1.1864,
          34.0657
        ]
      },
      "properties": {
        "id": 90,
        "entity_id": "poi:marker:90",
        "feature_class": "marker",
        "poi_type": "sea-monsters",
        "name": "Burymock Monster",
        "icon": "🦑",
        "description": "Old sailors tell stories of a gigantic sea monster inhabiting these dangerous waters. Rumors say it can be 21 m long.",
        "rank": 2,
        "minzoom": 6
      }
    },
    {
      "type": "Feature",
      "geometry": {
        "type": "Point",
        "coordinates": [
          -18.7296,
          37.4554
        ]
      },
      "properties": {
        "id": 91,
        "entity_id": "poi:marker:91",
        "feature_class": "marker",
        "poi_type": "sea-monsters",
        "name": "Thetrere Monster",
        "icon": "🦑",
        "description": "Old sailors tell stories of a gigantic sea monster inhabiting these dangerous waters. Rumors say it can be 20 m long.",
        "rank": 2,
        "minzoom": 6
      }
    },
    {
      "type": "Feature",
      "geometry": {
        "type": "Point",
        "coordinates": [
          -13.5858,
          35.358
        ]
      },
      "properties": {
        "id": 92,
        "entity_id": "poi:marker:92",
        "feature_class": "marker",
        "poi_type": "sea-monsters",
        "name": "Sherskirk Monster",
        "icon": "🦑",
        "description": "Old sailors tell stories of a gigantic sea monster inhabiting these dangerous waters. Rumors say it can be 29 m long.",
        "rank": 2,
        "minzoom": 6
      }
    },
    {
      "type": "Feature",
      "geometry": {
        "type": "Point",
        "coordinates": [
          -24.6599,
          28.168
        ]
      },
      "properties": {
        "id": 93,
        "entity_id": "poi:marker:93",
        "feature_class": "marker",
        "poi_type": "sea-monsters",
        "name": "Southin Monster",
        "icon": "🦑",
        "description": "Old sailors tell stories of a gigantic sea monster inhabiting these dangerous waters. Rumors say it can be 23 m long.",
        "rank": 2,
        "minzoom": 6
      }
    },
    {
      "type": "Feature",
      "geometry": {
        "type": "Point",
        "coordinates": [
          3.6024,
          21.9223
        ]
      },
      "properties": {
        "id": 94,
        "entity_id": "poi:marker:94",
        "feature_class": "marker",
        "poi_type": "sea-monsters",
        "name": "Westley Monster",
        "icon": "🦑",
        "description": "Old sailors tell stories of a gigantic sea monster inhabiting these dangerous waters. Rumors say it can be 21 m long.",
        "rank": 2,
        "minzoom": 6
      }
    },
    {
      "type": "Feature",
      "geometry": {
        "type": "Point",
        "coordinates": [
          10.2379,
          21.4194
        ]
      },
      "properties": {
        "id": 95,
        "entity_id": "poi:marker:95",
        "feature_class": "marker",
        "poi_type": "hill-monsters",
        "name": "Aman Undead",
        "icon": "👹",
        "description": "Whispers speak of a fat Undead who inhabits Aman hills and eats kids whole.",
        "state_id": 3,
        "province_id": 21,
        "rank": 2,
        "minzoom": 6
      }
    },
    {
      "type": "Feature",
      "geometry": {
        "type": "Point",
        "coordinates": [
          20.6097,
          23.7754
        ]
      },
      "properties": {
        "id": 96,
        "entity_id": "poi:marker:96",
        "feature_class": "marker",
        "poi_type": "hill-monsters",
        "name": "Netersto Dragon",
        "icon": "👹",
        "description": "Legends speak of a prime Dragon who inhabits Netersto hills and attacks unsuspecting victims.",
        "state_id": 7,
        "province_id": 217,
        "rank": 2,
        "minzoom": 6
      }
    },
    {
      "type": "Feature",
      "geometry": {
        "type": "Point",
        "coordinates": [
          7.1699,
          28.279
        ]
      },
      "properties": {
        "id": 97,
        "entity_id": "poi:marker:97",
        "feature_class": "marker",
        "poi_type": "hill-monsters",
        "name": "Kahar Yur Hag",
        "icon": "👹",
        "description": "Locals speak of a proud Hag who inhabits Kahar Yur hills and abducts young women.",
        "state_id": 12,
        "province_id": 244,
        "rank": 2,
        "minzoom": 6
      }
    },
    {
      "type": "Feature",
      "geometry": {
        "type": "Point",
        "coordinates": [
          -14.3622,
          22.3215
        ]
      },
      "properties": {
        "id": 98,
        "entity_id": "poi:marker:98",
        "feature_class": "marker",
        "poi_type": "hill-monsters",
        "name": "Gutachenburg Hydra",
        "icon": "👹",
        "description": "Tipplers speak of a terrifying Hydra who inhabits Gutachenburg hills and terrorizes the region.",
        "state_id": 6,
        "province_id": 209,
        "rank": 2,
        "minzoom": 6
      }
    },
    {
      "type": "Feature",
      "geometry": {
        "type": "Point",
        "coordinates": [
          17.3733,
          20.5583
        ]
      },
      "properties": {
        "id": 99,
        "entity_id": "poi:marker:99",
        "feature_class": "marker",
        "poi_type": "hill-monsters",
        "name": "Bothehover Monster",
        "icon": "👹",
        "description": "Legends speak of a great Monster who inhabits Bothehover hills and abducts young women.",
        "state_id": 16,
        "province_id": 271,
        "rank": 2,
        "minzoom": 6
      }
    },
    {
      "type": "Feature",
      "geometry": {
        "type": "Point",
        "coordinates": [
          -12.8299,
          30.6269
        ]
      },
      "properties": {
        "id": 100,
        "entity_id": "poi:marker:100",
        "feature_class": "marker",
        "poi_type": "hill-monsters",
        "name": "Ylakoski Hydra",
        "icon": "👹",
        "description": "Inscriptions speak of a superior Hydra who inhabits Ylakoski hills and attacks unsuspecting victims.",
        "state_id": 10,
        "province_id": 234,
        "rank": 2,
        "minzoom": 6
      }
    },
    {
      "type": "Feature",
      "geometry": {
        "type": "Point",
        "coordinates": [
          16.0538,
          24.0555
        ]
      },
      "properties": {
        "id": 101,
        "entity_id": "poi:marker:101",
        "feature_class": "marker",
        "poi_type": "hill-monsters",
        "name": "Eruro Troll",
        "icon": "👹",
        "description": "Journeying folk speak of a giant Troll who inhabits Eruro hills and abducts young women.",
        "state_id": 4,
        "province_id": 197,
        "rank": 2,
        "minzoom": 6
      }
    },
    {
      "type": "Feature",
      "geometry": {
        "type": "Point",
        "coordinates": [
          15.5243,
          19.7269
        ]
      },
      "properties": {
        "id": 102,
        "entity_id": "poi:marker:102",
        "feature_class": "marker",
        "poi_type": "hill-monsters",
        "name": "Fernandodu Giant",
        "icon": "👹",
        "description": "Journeying folk speak of a fat Giant who inhabits Fernandodu hills and prefers eating children.",
        "state_id": 4,
        "province_id": 197,
        "rank": 2,
        "minzoom": 6
      }
    },
    {
      "type": "Feature",
      "geometry": {
        "type": "Point",
        "coordinates": [
          -22.3544,
          26.3848
        ]
      },
      "properties": {
        "id": 103,
        "entity_id": "poi:marker:103",
        "feature_class": "marker",
        "poi_type": "sacred-forests",
        "name": "Oieillonte Forest",
        "icon": "🌳",
        "description": "A forest sacred to local Luari Doctrine.",
        "state_id": 2,
        "province_id": 12,
        "rank": 2,
        "minzoom": 6
      }
    },
    {
      "type": "Feature",
      "geometry": {
        "type": "Point",
        "coordinates": [
          18.6698,
          19.2598
        ]
      },
      "properties": {
        "id": 104,
        "entity_id": "poi:marker:104",
        "feature_class": "marker",
        "poi_type": "sacred-forests",
        "name": "Rhamnatis Forest",
        "icon": "🌳",
        "description": "A forest sacred to local Tamanian Heresy.",
        "state_id": 16,
        "province_id": 271,
        "rank": 2,
        "minzoom": 6
      }
    },
    {
      "type": "Feature",
      "geometry": {
        "type": "Point",
        "coordinates": [
          26.8113,
          25.1155
        ]
      },
      "properties": {
        "id": 105,
        "entity_id": "poi:marker:105",
        "feature_class": "marker",
        "poi_type": "sacred-forests",
        "name": "Skipton Forest",
        "icon": "🌳",
        "description": "A forest sacred to local Bramburghism.",
        "state_id": 7,
        "province_id": 216,
        "rank": 2,
        "minzoom": 6
      }
    },
    {
      "type": "Feature",
      "geometry": {
        "type": "Point",
        "coordinates": [
          -13.9388,
          25.4678
        ]
      },
      "properties": {
        "id": 106,
        "entity_id": "poi:marker:106",
        "feature_class": "marker",
        "poi_type": "sacred-forests",
        "name": "Schopel Forest",
        "icon": "🌳",
        "description": "A forest sacred to local Shwazen Religion.",
        "state_id": 9,
        "province_id": 225,
        "rank": 2,
        "minzoom": 6
      }
    },
    {
      "type": "Feature",
      "geometry": {
        "type": "Point",
        "coordinates": [
          -9.5997,
          37.4109
        ]
      },
      "properties": {
        "id": 107,
        "entity_id": "poi:marker:107",
        "feature_class": "marker",
        "poi_type": "sacred-forests",
        "name": "Kylvakuhajo Forest",
        "icon": "🌳",
        "description": "A forest sacred to local Kocapism.",
        "state_id": 10,
        "province_id": 228,
        "rank": 2,
        "minzoom": 6
      }
    },
    {
      "type": "Feature",
      "geometry": {
        "type": "Point",
        "coordinates": [
          -20.7164,
          27.4571
        ]
      },
      "properties": {
        "id": 108,
        "entity_id": "poi:marker:108",
        "feature_class": "marker",
        "poi_type": "sacred-forests",
        "name": "Monteou Forest",
        "icon": "🌳",
        "description": "A forest sacred to local Luari Doctrine.",
        "state_id": 2,
        "province_id": 179,
        "rank": 2,
        "minzoom": 6
      }
    },
    {
      "type": "Feature",
      "geometry": {
        "type": "Point",
        "coordinates": [
          12.7218,
          20.7008
        ]
      },
      "properties": {
        "id": 109,
        "entity_id": "poi:marker:109",
        "feature_class": "marker",
        "poi_type": "sacred-forests",
        "name": "Duibhidig Forest",
        "icon": "🌳",
        "description": "A forest sacred to local Bramburghism.",
        "state_id": 4,
        "province_id": 34,
        "rank": 2,
        "minzoom": 6
      }
    },
    {
      "type": "Feature",
      "geometry": {
        "type": "Point",
        "coordinates": [
          -21.6459,
          21.9476
        ]
      },
      "properties": {
        "id": 110,
        "entity_id": "poi:marker:110",
        "feature_class": "marker",
        "poi_type": "sacred-forests",
        "name": "Marnolarivig Forest",
        "icon": "🌳",
        "description": "A forest sacred to local Faith of Fateaux.",
        "state_id": 11,
        "province_id": 85,
        "rank": 2,
        "minzoom": 6
      }
    },
    {
      "type": "Feature",
      "geometry": {
        "type": "Point",
        "coordinates": [
          -14.6574,
          29.6616
        ]
      },
      "properties": {
        "id": 111,
        "entity_id": "poi:marker:111",
        "feature_class": "marker",
        "poi_type": "sacred-forests",
        "name": "Elzheim Forest",
        "icon": "🌳",
        "description": "A forest sacred to local Shwazen Religion.",
        "state_id": 2,
        "province_id": 17,
        "rank": 2,
        "minzoom": 6
      }
    },
    {
      "type": "Feature",
      "geometry": {
        "type": "Point",
        "coordinates": [
          -21.7043,
          29.0965
        ]
      },
      "properties": {
        "id": 112,
        "entity_id": "poi:marker:112",
        "feature_class": "marker",
        "poi_type": "sacred-forests",
        "name": "Chadon Forest",
        "icon": "🌳",
        "description": "A forest sacred to local Luari Doctrine.",
        "state_id": 2,
        "province_id": 8,
        "rank": 2,
        "minzoom": 6
      }
    },
    {
      "type": "Feature",
      "geometry": {
        "type": "Point",
        "coordinates": [
          -16.2342,
          23.5225
        ]
      },
      "properties": {
        "id": 113,
        "entity_id": "poi:marker:113",
        "feature_class": "marker",
        "poi_type": "sacred-forests",
        "name": "Isachin Forest",
        "icon": "🌳",
        "description": "A forest sacred to local Shwazen Religion.",
        "state_id": 6,
        "province_id": 53,
        "rank": 2,
        "minzoom": 6
      }
    },
    {
      "type": "Feature",
      "geometry": {
        "type": "Point",
        "coordinates": [
          -22.0215,
          26.4273
        ]
      },
      "properties": {
        "id": 114,
        "entity_id": "poi:marker:114",
        "feature_class": "marker",
        "poi_type": "sacred-forests",
        "name": "Vitruy Forest",
        "icon": "🌳",
        "description": "A forest sacred to local Luari Doctrine.",
        "state_id": 2,
        "province_id": 11,
        "rank": 2,
        "minzoom": 6
      }
    },
    {
      "type": "Feature",
      "geometry": {
        "type": "Point",
        "coordinates": [
          -10.5632,
          36.2578
        ]
      },
      "properties": {
        "id": 115,
        "entity_id": "poi:marker:115",
        "feature_class": "marker",
        "poi_type": "sacred-forests",
        "name": "Purjari Forest",
        "icon": "🌳",
        "description": "A forest sacred to local Kocapism.",
        "state_id": 10,
        "province_id": 228,
        "rank": 2,
        "minzoom": 6
      }
    },
    {
      "type": "Feature",
      "geometry": {
        "type": "Point",
        "coordinates": [
          -12.8806,
          18.4108
        ]
      },
      "properties": {
        "id": 116,
        "entity_id": "poi:marker:116",
        "feature_class": "marker",
        "poi_type": "sacred-forests",
        "name": "Akateli Forest",
        "icon": "🌳",
        "description": "A forest sacred to local Kocapism.",
        "state_id": 15,
        "province_id": 267,
        "rank": 2,
        "minzoom": 6
      }
    },
    {
      "type": "Feature",
      "geometry": {
        "type": "Point",
        "coordinates": [
          3.0077,
          32.8074
        ]
      },
      "properties": {
        "id": 117,
        "entity_id": "poi:marker:117",
        "feature_class": "marker",
        "poi_type": "sacred-forests",
        "name": "Devreka Forest",
        "icon": "🌳",
        "description": "A forest sacred to local Kocapism.",
        "state_id": 12,
        "province_id": 107,
        "rank": 2,
        "minzoom": 6
      }
    },
    {
      "type": "Feature",
      "geometry": {
        "type": "Point",
        "coordinates": [
          -1.2711,
          33.6594
        ]
      },
      "properties": {
        "id": 118,
        "entity_id": "poi:marker:118",
        "feature_class": "marker",
        "poi_type": "sacred-forests",
        "name": "Yaztoprak Forest",
        "icon": "🌳",
        "description": "A forest sacred to local Kocapism.",
        "state_id": 12,
        "province_id": 112,
        "rank": 2,
        "minzoom": 6
      }
    },
    {
      "type": "Feature",
      "geometry": {
        "type": "Point",
        "coordinates": [
          -11.0507,
          31.366
        ]
      },
      "properties": {
        "id": 119,
        "entity_id": "poi:marker:119",
        "feature_class": "marker",
        "poi_type": "sacred-forests",
        "name": "Viohma Forest",
        "icon": "🌳",
        "description": "A forest sacred to local Turanv Religion.",
        "state_id": 10,
        "province_id": 80,
        "rank": 2,
        "minzoom": 6
      }
    },
    {
      "type": "Feature",
      "geometry": {
        "type": "Point",
        "coordinates": [
          16.759,
          30.5269
        ]
      },
      "properties": {
        "id": 120,
        "entity_id": "poi:marker:120",
        "feature_class": "marker",
        "poi_type": "sacred-forests",
        "name": "Mebemoshe Forest",
        "icon": "🌳",
        "description": "A forest sacred to local Bramburghism.",
        "state_id": 19,
        "province_id": 170,
        "rank": 2,
        "minzoom": 6
      }
    },
    {
      "type": "Feature",
      "geometry": {
        "type": "Point",
        "coordinates": [
          6.2958,
          25.5606
        ]
      },
      "properties": {
        "id": 121,
        "entity_id": "poi:marker:121",
        "feature_class": "marker",
        "poi_type": "sacred-forests",
        "name": "Akalazbey Forest",
        "icon": "🌳",
        "description": "A forest sacred to local Treaberlese Pantheon.",
        "state_id": 3,
        "province_id": 189,
        "rank": 2,
        "minzoom": 6
      }
    },
    {
      "type": "Feature",
      "geometry": {
        "type": "Point",
        "coordinates": [
          -13.2016,
          21.3405
        ]
      },
      "properties": {
        "id": 122,
        "entity_id": "poi:marker:122",
        "feature_class": "marker",
        "poi_type": "sacred-forests",
        "name": "Ekibaydi Forest",
        "icon": "🌳",
        "description": "A forest sacred to local Kocapism.",
        "state_id": 17,
        "province_id": 146,
        "rank": 2,
        "minzoom": 6
      }
    },
    {
      "type": "Feature",
      "geometry": {
        "type": "Point",
        "coordinates": [
          -4.5276,
          37.0624
        ]
      },
      "properties": {
        "id": 123,
        "entity_id": "poi:marker:123",
        "feature_class": "marker",
        "poi_type": "sacred-forests",
        "name": "Kaumamaama Forest",
        "icon": "🌳",
        "description": "A forest sacred to local Kocapism.",
        "state_id": 12,
        "province_id": 239,
        "rank": 2,
        "minzoom": 6
      }
    },
    {
      "type": "Feature",
      "geometry": {
        "type": "Point",
        "coordinates": [
          -8.9778,
          39.5465
        ]
      },
      "properties": {
        "id": 124,
        "entity_id": "poi:marker:124",
        "feature_class": "marker",
        "poi_type": "sacred-forests",
        "name": "Vilpulai Forest",
        "icon": "🌳",
        "description": "A forest sacred to local Kocapism.",
        "state_id": 10,
        "province_id": 228,
        "rank": 2,
        "minzoom": 6
      }
    },
    {
      "type": "Feature",
      "geometry": {
        "type": "Point",
        "coordinates": [
          -8.4156,
          20.139
        ]
      },
      "properties": {
        "id": 125,
        "entity_id": "poi:marker:125",
        "feature_class": "marker",
        "poi_type": "sacred-forests",
        "name": "Kovala Forest",
        "icon": "🌳",
        "description": "A forest sacred to local Yerinish Creed.",
        "state_id": 14,
        "province_id": 257,
        "rank": 2,
        "minzoom": 6
      }
    },
    {
      "type": "Feature",
      "geometry": {
        "type": "Point",
        "coordinates": [
          7.8875,
          27.5953
        ]
      },
      "properties": {
        "id": 126,
        "entity_id": "poi:marker:126",
        "feature_class": "marker",
        "poi_type": "sacred-forests",
        "name": "Yazsu Forest",
        "icon": "🌳",
        "description": "A forest sacred to local Kocapism.",
        "state_id": 19,
        "province_id": 173,
        "rank": 2,
        "minzoom": 6
      }
    },
    {
      "type": "Feature",
      "geometry": {
        "type": "Point",
        "coordinates": [
          -8.1946,
          19.6605
        ]
      },
      "properties": {
        "id": 127,
        "entity_id": "poi:marker:127",
        "feature_class": "marker",
        "poi_type": "sacred-forests",
        "name": "Aski Forest",
        "icon": "🌳",
        "description": "A forest sacred to local Yerinish Creed.",
        "state_id": 14,
        "province_id": 263,
        "rank": 2,
        "minzoom": 6
      }
    },
    {
      "type": "Feature",
      "geometry": {
        "type": "Point",
        "coordinates": [
          -12.3706,
          27.7655
        ]
      },
      "properties": {
        "id": 128,
        "entity_id": "poi:marker:128",
        "feature_class": "marker",
        "poi_type": "sacred-pineries",
        "name": "Ohlsberg Pinery",
        "icon": "🌲",
        "description": "A pinery sacred to local Turanv Religion.",
        "state_id": 10,
        "province_id": 234,
        "rank": 2,
        "minzoom": 6
      }
    },
    {
      "type": "Feature",
      "geometry": {
        "type": "Point",
        "coordinates": [
          -14.4852,
          21.5102
        ]
      },
      "properties": {
        "id": 129,
        "entity_id": "poi:marker:129",
        "feature_class": "marker",
        "poi_type": "statues",
        "name": "Kalgekin Runestone",
        "icon": "🗿",
        "description": "An ancient runestone. It has an inscription, but no one can translate it:\n        <div style=\"font-size: 1.8em; line-break: anywhere;\">���𐠮�𐠏��𐠪����� ���𐠿�� ������� 𐠋���𐠵𐠦�����𐠞�𐠟𐠱� ���𐠷�𐠌�𐠔�𐠜� 𐠵</div>",
        "state_id": 6,
        "province_id": 209,
        "rank": 2,
        "minzoom": 6
      }
    },
    {
      "type": "Feature",
      "geometry": {
        "type": "Point",
        "coordinates": [
          -10.6933,
          36.8492
        ]
      },
      "properties": {
        "id": 130,
        "entity_id": "poi:marker:130",
        "feature_class": "marker",
        "poi_type": "statues",
        "name": "Kuuni Megalith",
        "icon": "🗿",
        "description": "An ancient megalith. It has an inscription, but no one can translate it:\n        <div style=\"font-size: 1.8em; line-break: anywhere;\">�𐠑�  � 𐠌�𐠦�𐠢𐠥�𐠷𐠒� 𐠮𐠼���𐠥��𐠄��𐠈�𐠰��𐠸��𐠰 𐠯���� �  𐠛� �</div>",
        "state_id": 10,
        "province_id": 228,
        "rank": 2,
        "minzoom": 6
      }
    },
    {
      "type": "Feature",
      "geometry": {
        "type": "Point",
        "coordinates": [
          -18.7454,
          36.6699
        ]
      },
      "properties": {
        "id": 131,
        "entity_id": "poi:marker:131",
        "feature_class": "marker",
        "poi_type": "statues",
        "name": "Opnafrost Megalith",
        "icon": "🗿",
        "description": "An ancient megalith. It has an inscription, but no one can translate it:\n        <div style=\"font-size: 1.8em; line-break: anywhere;\">་༠༐༭༤༬༯༶༗༻་༚༓༊༩༰༴༹་༶༴༘༊༈༪༗༇༶༆༱༥༱༪༊༱༅༛༃༼༨་༒༓༳༸༇༈༣༉༐༊༌༦༙༗༠༌༚༕༦༡༜༷༪༫༜༧༌༁༡༧༢༙༌༬༃༚༰༤༖་༯༖༠༻༼༅༴༨༒༦༒༷༜༐༒༴༯༬༑</div>",
        "state_id": 18,
        "province_id": 290,
        "rank": 2,
        "minzoom": 6
      }
    },
    {
      "type": "Feature",
      "geometry": {
        "type": "Point",
        "coordinates": [
          4.4884,
          26.162
        ]
      },
      "properties": {
        "id": 132,
        "entity_id": "poi:marker:132",
        "feature_class": "marker",
        "poi_type": "statues",
        "name": "Kadanoguz Statue",
        "icon": "🗿",
        "description": "An ancient statue. It has an inscription, but no one can translate it:\n        <div style=\"font-size: 1.8em; line-break: anywhere;\">���𐠭� � 𐠩𐠘�𐠘𐠘�����𐠨�� 𐠨𐠿�𐠵�� �� �𐠎�𐠷�𐠡�𐠎� �𐠬𐠬�𐠅��𐠔�𐠛�𐠕��</div>",
        "state_id": 12,
        "province_id": 246,
        "rank": 2,
        "minzoom": 6
      }
    },
    {
      "type": "Feature",
      "geometry": {
        "type": "Point",
        "coordinates": [
          -23.2027,
          25.441
        ]
      },
      "properties": {
        "id": 133,
        "entity_id": "poi:marker:133",
        "feature_class": "marker",
        "poi_type": "statues",
        "name": "Brouy Pillar",
        "icon": "🗿",
        "description": "An ancient pillar. It has an inscription, but no one can translate it:\n        <div style=\"font-size: 1.8em; line-break: anywhere;\">ᡠᡠᡟᡱᢜ᠐ᡠᠵᠧ᠑ᡗᡍᡙᠰᡔᡕᠦᡠᠨᠠᡍᡓ᠀ᠳᢓᠩᠾᡯᠯᠾᢦᠭᢐᡍᠱᢥᠿᡟᢥᡱᢞᡀᢦᠽᢜᡔᠳᠯᢁᡎᠽᠱᠩᠱᡐᠽ᠑ᡎᡏᡁᡡᢁᠿᡝᡳᠨᡐᢡ</div>",
        "state_id": 2,
        "province_id": 12,
        "rank": 2,
        "minzoom": 6
      }
    },
    {
      "type": "Feature",
      "geometry": {
        "type": "Point",
        "coordinates": [
          -27.8532,
          21.8678
        ]
      },
      "properties": {
        "id": 134,
        "entity_id": "poi:marker:134",
        "feature_class": "marker",
        "poi_type": "statues",
        "name": "Joliveville Stele",
        "icon": "🗿",
        "description": "An ancient stele. It has an inscription, but no one can translate it:\n        <div style=\"font-size: 1.8em; line-break: anywhere;\">Ⳕ ⳈⳚⲼⳭⲴⲴⳜⳚ ⳘⳁⳲⳜⳂⳞⳬⲲⳆ⳾⳩ⳜⳈ ⳆⳭⳎ⳪ⳎⳌ ⳬ⳧ⲲⳖⲺⳃⳬⲲⳈ ⳥ⳒⲺⳎⲾⲸⳊⳚⳔⳒⳈⳔⳢ⳩ⳠⳂⳁ</div>",
        "state_id": 13,
        "province_id": 254,
        "rank": 2,
        "minzoom": 6
      }
    },
    {
      "type": "Feature",
      "geometry": {
        "type": "Point",
        "coordinates": [
          5.2405,
          19.5854
        ]
      },
      "properties": {
        "id": 135,
        "entity_id": "poi:marker:135",
        "feature_class": "marker",
        "poi_type": "statues",
        "name": "Llandona Monument",
        "icon": "🗿",
        "description": "An ancient monument. It has an inscription, but no one can translate it:\n        <div style=\"font-size: 1.8em; line-break: anywhere;\">ⳔⳬⳒⳈⳂⳃ⳩ⳊⳫⳞ ⳘⲶ⳥⳩⳩ⳜⳈⲲ Ⲻ⳥ⳠⳔⲾⲺⳬⲸⲲⳖⳫⳎ⳥ⳫⳭ Ⳳ⳪ⳁⲾⳬⳔⳠⳆⳔⳊⳢⳘⳐⳎ⳥⳾⳾ⳞⲴⳁ</div>",
        "state_id": 3,
        "province_id": 191,
        "rank": 2,
        "minzoom": 6
      }
    },
    {
      "type": "Feature",
      "geometry": {
        "type": "Point",
        "coordinates": [
          -1.9442,
          35.7376
        ]
      },
      "properties": {
        "id": 136,
        "entity_id": "poi:marker:136",
        "feature_class": "marker",
        "poi_type": "statues",
        "name": "Balbeynuz Runestone",
        "icon": "🗿",
        "description": "An ancient runestone. It has an inscription, but no one can translate it:\n        <div style=\"font-size: 1.8em; line-break: anywhere;\">ⲴⳜⳔⳆ⳥ⲺⲺ⳥ⳃⳎⳔ⳹ⳢⳜⳈⳆ⳪ⳈⲲⳌ⳩ⳤⳀⳃⳈ⳥ⳜⳤⳁⲸⲾ⳾ⳞⳖⲼ ⳂⳄ⳧Ⳁ Ⳝ⳧ ⳩Ⲿ⳪ⳂⲲⲾⳈⲸⳠⳞⳲⳊⲴ⳧ ⳠⳁⳆ ⳞⳢⲸⳃ⳩Ⲹ⳪Ⲻ⳩ⲺⳈⳊ ⳜⲶ⳧</div>",
        "state_id": 12,
        "province_id": 239,
        "rank": 2,
        "minzoom": 6
      }
    },
    {
      "type": "Feature",
      "geometry": {
        "type": "Point",
        "coordinates": [
          -0.6401,
          29.3795
        ]
      },
      "properties": {
        "id": 137,
        "entity_id": "poi:marker:137",
        "feature_class": "marker",
        "poi_type": "statues",
        "name": "Oguzli Stele",
        "icon": "🗿",
        "description": "An ancient stele. It has an inscription, but no one can translate it:\n        <div style=\"font-size: 1.8em; line-break: anywhere;\">ᠲᡑᡀᢛᡭᡜᠵᢋᢁ᠒ᡡᡗᠠᢢ᠀ᠪᢂᢥᠰᠭᢦᡝᠰᢜᡯᡆᠨᢞᠽᢒᡟᢓᡠᢦᠻᡎᢜ᠀ᢒᠵᢟᢋᠲᢢᡰᡔᠭᠮᡐ᠀ᠨᡝᡆᠲᠼᠯᢁᡞᡔᡏᠩᢢᠾ᠒ᠭ᠀ᡔᢜᢐᠮ᠑ᢢᠮᡱᡖᠯᢤᢏᡜᡀᡭᢢᡁᠱᠠ</div>",
        "state_id": 12,
        "province_id": 90,
        "rank": 2,
        "minzoom": 6
      }
    },
    {
      "type": "Feature",
      "geometry": {
        "type": "Point",
        "coordinates": [
          -9.4074,
          40.1102
        ]
      },
      "properties": {
        "id": 138,
        "entity_id": "poi:marker:138",
        "feature_class": "marker",
        "poi_type": "statues",
        "name": "Suole Runestone",
        "icon": "🗿",
        "description": "An ancient runestone. It has an inscription, but no one can translate it:\n        <div style=\"font-size: 1.8em; line-break: anywhere;\">ⳭⲲⲸ⳾ⳬⲴ⳹ⳬⲼⳖⳫⳌⳆ⳹ⳭⳫⳜⳖⳁⳐⲴⳲⳈⳈ⳧ⳫⳎⳒⲲⳬ Ⳕⳬ⳥ⳄⳜ⳾Ⲽ⳾ ⳠⳖⳭ⳪⳧ⳄⳢⲸ⳥ⳫⳤⳂ Ⳗ⳥ⲸⳠⳘ Ⳳⳁⳃⳃ⳪⳧ⳁⳃⲴⳌ⳪Ⳉ⳧ⳢⳫⳆ ⳾</div>",
        "state_id": 10,
        "province_id": 228,
        "rank": 2,
        "minzoom": 6
      }
    },
    {
      "type": "Feature",
      "geometry": {
        "type": "Point",
        "coordinates": [
          9.2763,
          34.0275
        ]
      },
      "properties": {
        "id": 139,
        "entity_id": "poi:marker:139",
        "feature_class": "marker",
        "poi_type": "statues",
        "name": "Clifnalton Monument",
        "icon": "🗿",
        "description": "An ancient monument. It has an inscription, but no one can translate it:\n        <div style=\"font-size: 1.8em; line-break: anywhere;\">ሠጸ ሰዘሰየፀሀኀፀነጸቀሠጸጠጸኀኀለጠሠፀመበደጸ  ገጸጠገ ሐየ ዘነ ጠሰፈገገ ፈዘዐኀወደነጰፐገአበዐአዘ  ደፈነገሰ ለደቀ ወ መ ተሐፐ</div>",
        "state_id": 19,
        "province_id": 159,
        "rank": 2,
        "minzoom": 6
      }
    },
    {
      "type": "Feature",
      "geometry": {
        "type": "Point",
        "coordinates": [
          4.1669,
          35.4618
        ]
      },
      "properties": {
        "id": 140,
        "entity_id": "poi:marker:140",
        "feature_class": "marker",
        "poi_type": "statues",
        "name": "Bilkalada Idol",
        "icon": "🗿",
        "description": "An ancient idol. It has an inscription, but no one can translate it:\n        <div style=\"font-size: 1.8em; line-break: anywhere;\">༹༈༢༫༥༚༜༒ༀ༢༵༭༔༵༰༆༿༠༦༘༗་༄༫༔༪༷༽༫་༸༶༒༶༖༉༶༔༫༫༠༰</div>",
        "state_id": 12,
        "province_id": 240,
        "rank": 2,
        "minzoom": 6
      }
    },
    {
      "type": "Feature",
      "geometry": {
        "type": "Point",
        "coordinates": [
          -5.0615,
          15.5733
        ]
      },
      "properties": {
        "id": 141,
        "entity_id": "poi:marker:141",
        "feature_class": "marker",
        "poi_type": "statues",
        "name": "Baltun Column",
        "icon": "🗿",
        "description": "An ancient column. It has an inscription, but no one can translate it:\n        <div style=\"font-size: 1.8em; line-break: anywhere;\">༼༑ༀ༩༣ༀ༑༻༠༴༻༮༉༈༰ༀ༕༁༫༤༈༫༺༥༁༶༙༶༢༛༴༽༱༆༲༜༢༡༅༬༜༇༘༸༖༽༂༱༡༗༸༘༦༙༃༼༡༙༡༹༱༲༙ༀ༩༦༁༳༤༗༦༄༖༒༮༷༛༷༘༵༑༖༌༅༗༣༑༦༬༪༌༼༃</div>",
        "state_id": 14,
        "province_id": 260,
        "rank": 2,
        "minzoom": 6
      }
    },
    {
      "type": "Feature",
      "geometry": {
        "type": "Point",
        "coordinates": [
          -11.3942,
          25.3985
        ]
      },
      "properties": {
        "id": 142,
        "entity_id": "poi:marker:142",
        "feature_class": "marker",
        "poi_type": "statues",
        "name": "Fischrin Monument",
        "icon": "🗿",
        "description": "An ancient monument. It has an inscription, but no one can translate it:\n        <div style=\"font-size: 1.8em; line-break: anywhere;\">ጸ ረየ ገፈፀሠደገፐዘወኀበጸፐጠፈ ዐ ፐየሐመተገረደፈ ፐኀጠቀፀ ረመፈፐ ጸረለኀደገ</div>",
        "state_id": 1,
        "province_id": 174,
        "rank": 2,
        "minzoom": 6
      }
    },
    {
      "type": "Feature",
      "geometry": {
        "type": "Point",
        "coordinates": [
          -2.5001,
          34.9469
        ]
      },
      "properties": {
        "id": 143,
        "entity_id": "poi:marker:143",
        "feature_class": "marker",
        "poi_type": "statues",
        "name": "Buyvarkil Pillar",
        "icon": "🗿",
        "description": "An ancient pillar. It has an inscription, but no one can translate it:\n        <div style=\"font-size: 1.8em; line-break: anywhere;\">ለሠሐለዐፈፐዐበሐኀወመፀሀከዐረጸጸ በሰረመበሐቀሰ ወተየዐጸረተጸ  ቀበዘሀሰፈበሀቀጸበዐጠወወዘየጠነጠቀጸሀየፀወሀሀ የሰዐየሰዐሐቀፐ</div>",
        "state_id": 12,
        "province_id": 99,
        "rank": 2,
        "minzoom": 6
      }
    },
    {
      "type": "Feature",
      "geometry": {
        "type": "Point",
        "coordinates": [
          25.2933,
          26.512
        ]
      },
      "properties": {
        "id": 144,
        "entity_id": "poi:marker:144",
        "feature_class": "marker",
        "poi_type": "statues",
        "name": "Loutham Pillar",
        "icon": "🗿",
        "description": "An ancient pillar. It has an inscription, but no one can translate it:\n        <div style=\"font-size: 1.8em; line-break: anywhere;\">ነ ጠፐገቀሐ መሐረቀደሐለረከወጰ ጰፀከቀየዘፐየሰዘደዘ ደሀመደኀጠፀሀሀጠከከጰገመበረገደ</div>",
        "state_id": 7,
        "province_id": 216,
        "rank": 2,
        "minzoom": 6
      }
    },
    {
      "type": "Feature",
      "geometry": {
        "type": "Point",
        "coordinates": [
          -8.0975,
          33.8014
        ]
      },
      "properties": {
        "id": 145,
        "entity_id": "poi:marker:145",
        "feature_class": "marker",
        "poi_type": "statues",
        "name": "Yhavalaki Idol",
        "icon": "🗿",
        "description": "An ancient idol. It has an inscription, but no one can translate it:\n        <div style=\"font-size: 1.8em; line-break: anywhere;\">ᢥᠯᠪᡴᠽᢞᡗᡙᠿᡕᠯᠰᢏᢋᢤᡆᡳᠿᢟᡰᡖᡁᠽᡍᠡᢋᡔᠽᠯᠭᡝᠯᠦᢒᠦᡱᠵᡡᡐᡏᡲᢛ᠀ᡁᢓᠯᡳᠪᠡᠯᢦᠯᡗᡔᠿᢁᡱᡆᠼᡙᡁᠡ</div>",
        "state_id": 12,
        "province_id": 241,
        "rank": 2,
        "minzoom": 6
      }
    },
    {
      "type": "Feature",
      "geometry": {
        "type": "Point",
        "coordinates": [
          4.0004,
          35.7367
        ]
      },
      "properties": {
        "id": 146,
        "entity_id": "poi:marker:146",
        "feature_class": "marker",
        "poi_type": "statues",
        "name": "Aslan Megalith",
        "icon": "🗿",
        "description": "An ancient megalith. It has an inscription, but no one can translate it:\n        <div style=\"font-size: 1.8em; line-break: anywhere;\">ᡴᠠ᠑ᠱᢥᠵᢐᡡᢤᢒᡜᡑᠰᢟᡆᢡᢏᠪᢑ᠀ᡠ᠀ᠼᡭᡆᠭᠦᢢᡗ᠀ᡭᠭᡲᢏᡒᢒᢡᡞᢑᢂᢏᡮᡑᠲᠩᡏ᠑᠒ᠱᢋᠳᡕᡁ</div>",
        "state_id": 12,
        "province_id": 240,
        "rank": 2,
        "minzoom": 6
      }
    },
    {
      "type": "Feature",
      "geometry": {
        "type": "Point",
        "coordinates": [
          -5.8868,
          12.4954
        ]
      },
      "properties": {
        "id": 147,
        "entity_id": "poi:marker:147",
        "feature_class": "marker",
        "poi_type": "statues",
        "name": "Allalidado Monolith",
        "icon": "🗿",
        "description": "An ancient monolith. It has an inscription, but no one can translate it:\n        <div style=\"font-size: 1.8em; line-break: anywhere;\">ᠩᡍᡳᠳᠪᡓᢢᢂᠩᡡᠳᡟᢦᢛᠨᡳᢥᠵᠭᡑᡆᠡᡆᠼᢦᠨᡜᡯᡀᠭᢓᠰᠱᡀᠨ᠀᠐ᠠᡒᡒᠻᡭ᠐ᠵ᠀ᡎᡭᠿᡴᢓᡡᢂᡔᢀᠭ᠒ᡡᡔᢠᢐᡯᡎᡕᢥᠠᠧᢟᠩᡒᢀᡜᢀᡆ᠒ᠻ᠒ᢢᡓᡔᡑᠨᡗᡏᡡᡜᡒᠦᡑᢓᢤᡙᡴᢟ</div>",
        "state_id": 17,
        "province_id": 284,
        "rank": 2,
        "minzoom": 6
      }
    },
    {
      "type": "Feature",
      "geometry": {
        "type": "Point",
        "coordinates": [
          10.0331,
          22.9234
        ]
      },
      "properties": {
        "id": 148,
        "entity_id": "poi:marker:148",
        "feature_class": "marker",
        "poi_type": "statues",
        "name": "Abergornant Idol",
        "icon": "🗿",
        "description": "An ancient idol. It has an inscription, but no one can translate it:\n        <div style=\"font-size: 1.8em; line-break: anywhere;\">༮༿༵་༵༙༷༶༵༽༤༹༧ༀ༫༔༱༊༛༆ༀ༄༚༉༒༶༊ༀ༽༨༽༼༫༥༢༻༷༛༇༁༜༔༵༢༉༾༈༿༫༶༺༰༥༇༹༈༷༶༺༔༔༡་༜༖༠༜༭༓༶༷༵༑༴༃༫༭༈༽༢༁༁༑༰༅༕༳༠༬༕༈༓༄༢</div>",
        "state_id": 3,
        "province_id": 25,
        "rank": 2,
        "minzoom": 6
      }
    },
    {
      "type": "Feature",
      "geometry": {
        "type": "Point",
        "coordinates": [
          -5.4538,
          19.8981
        ]
      },
      "properties": {
        "id": 149,
        "entity_id": "poi:marker:149",
        "feature_class": "marker",
        "poi_type": "ruins",
        "name": "Ruined Sacred site",
        "icon": "🏺",
        "description": "Ruins of an ancient sacred site. Untold riches may lie within.",
        "state_id": 14,
        "province_id": 129,
        "rank": 2,
        "minzoom": 6
      }
    },
    {
      "type": "Feature",
      "geometry": {
        "type": "Point",
        "coordinates": [
          -3.2378,
          36.9142
        ]
      },
      "properties": {
        "id": 150,
        "entity_id": "poi:marker:150",
        "feature_class": "marker",
        "poi_type": "ruins",
        "name": "Ruined Pyramid",
        "icon": "🏺",
        "description": "Ruins of an ancient pyramid. Untold riches may lie within.",
        "state_id": 12,
        "province_id": 239,
        "rank": 2,
        "minzoom": 6
      }
    },
    {
      "type": "Feature",
      "geometry": {
        "type": "Point",
        "coordinates": [
          -10.4125,
          34.9316
        ]
      },
      "properties": {
        "id": 151,
        "entity_id": "poi:marker:151",
        "feature_class": "marker",
        "poi_type": "ruins",
        "name": "Ruined City",
        "icon": "🏺",
        "description": "Ruins of an ancient city. Untold riches may lie within.",
        "state_id": 10,
        "province_id": 228,
        "rank": 2,
        "minzoom": 6
      }
    },
    {
      "type": "Feature",
      "geometry": {
        "type": "Point",
        "coordinates": [
          -17.0551,
          35.3135
        ]
      },
      "properties": {
        "id": 152,
        "entity_id": "poi:marker:152",
        "feature_class": "marker",
        "poi_type": "ruins",
        "name": "Ruined Outpost",
        "icon": "🏺",
        "description": "Ruins of an ancient outpost. Untold riches may lie within.",
        "state_id": 18,
        "province_id": 290,
        "rank": 2,
        "minzoom": 6
      }
    },
    {
      "type": "Feature",
      "geometry": {
        "type": "Point",
        "coordinates": [
          -22.5817,
          22.4688
        ]
      },
      "properties": {
        "id": 153,
        "entity_id": "poi:marker:153",
        "feature_class": "marker",
        "poi_type": "ruins",
        "name": "Ruined City",
        "icon": "🏺",
        "description": "Ruins of an ancient city. Untold riches may lie within.",
        "state_id": 11,
        "province_id": 89,
        "rank": 2,
        "minzoom": 6
      }
    },
    {
      "type": "Feature",
      "geometry": {
        "type": "Point",
        "coordinates": [
          -13.1911,
          33.1115
        ]
      },
      "properties": {
        "id": 154,
        "entity_id": "poi:marker:154",
        "feature_class": "marker",
        "poi_type": "ruins",
        "name": "Ruined Settlement",
        "icon": "🏺",
        "description": "Ruins of an ancient settlement. Untold riches may lie within.",
        "state_id": 10,
        "province_id": 229,
        "rank": 2,
        "minzoom": 6
      }
    },
    {
      "type": "Feature",
      "geometry": {
        "type": "Point",
        "coordinates": [
          19.2166,
          19.0858
        ]
      },
      "properties": {
        "id": 155,
        "entity_id": "poi:marker:155",
        "feature_class": "marker",
        "poi_type": "ruins",
        "name": "Ruined Town",
        "icon": "🏺",
        "description": "Ruins of an ancient town. Untold riches may lie within.",
        "state_id": 16,
        "province_id": 271,
        "rank": 2,
        "minzoom": 6
      }
    },
    {
      "type": "Feature",
      "geometry": {
        "type": "Point",
        "coordinates": [
          22.0478,
          17.4986
        ]
      },
      "properties": {
        "id": 156,
        "entity_id": "poi:marker:156",
        "feature_class": "marker",
        "poi_type": "ruins",
        "name": "Ruined Town",
        "icon": "🏺",
        "description": "Ruins of an ancient town. Untold riches may lie within.",
        "state_id": 16,
        "province_id": 138,
        "rank": 2,
        "minzoom": 6
      }
    },
    {
      "type": "Feature",
      "geometry": {
        "type": "Point",
        "coordinates": [
          -3.0809,
          35.0147
        ]
      },
      "properties": {
        "id": 157,
        "entity_id": "poi:marker:157",
        "feature_class": "marker",
        "poi_type": "ruins",
        "name": "Ruined Outpost",
        "icon": "🏺",
        "description": "Ruins of an ancient outpost. Untold riches may lie within.",
        "state_id": 12,
        "province_id": 99,
        "rank": 2,
        "minzoom": 6
      }
    },
    {
      "type": "Feature",
      "geometry": {
        "type": "Point",
        "coordinates": [
          -15.0612,
          33.3462
        ]
      },
      "properties": {
        "id": 158,
        "entity_id": "poi:marker:158",
        "feature_class": "marker",
        "poi_type": "ruins",
        "name": "Ruined Fortress",
        "icon": "🏺",
        "description": "Ruins of an ancient fortress. Untold riches may lie within.",
        "state_id": 18,
        "province_id": 291,
        "rank": 2,
        "minzoom": 6
      }
    },
    {
      "type": "Feature",
      "geometry": {
        "type": "Point",
        "coordinates": [
          -10.5354,
          34.9545
        ]
      },
      "properties": {
        "id": 159,
        "entity_id": "poi:marker:159",
        "feature_class": "marker",
        "poi_type": "ruins",
        "name": "Ruined Temple",
        "icon": "🏺",
        "description": "Ruins of an ancient temple. Untold riches may lie within.",
        "state_id": 10,
        "province_id": 228,
        "rank": 2,
        "minzoom": 6
      }
    },
    {
      "type": "Feature",
      "geometry": {
        "type": "Point",
        "coordinates": [
          -13.9383,
          16.1504
        ]
      },
      "properties": {
        "id": 160,
        "entity_id": "poi:marker:160",
        "feature_class": "marker",
        "poi_type": "ruins",
        "name": "Ruined Mausoleum",
        "icon": "🏺",
        "description": "Ruins of an ancient mausoleum. Untold riches may lie within.",
        "state_id": 17,
        "province_id": 148,
        "rank": 2,
        "minzoom": 6
      }
    },
    {
      "type": "Feature",
      "geometry": {
        "type": "Point",
        "coordinates": [
          18.7812,
          33.3849
        ]
      },
      "properties": {
        "id": 161,
        "entity_id": "poi:marker:161",
        "feature_class": "marker",
        "poi_type": "ruins",
        "name": "Ruined Castle",
        "icon": "🏺",
        "description": "Ruins of an ancient castle. Untold riches may lie within.",
        "state_id": 5,
        "province_id": 42,
        "rank": 2,
        "minzoom": 6
      }
    },
    {
      "type": "Feature",
      "geometry": {
        "type": "Point",
        "coordinates": [
          -23.5567,
          35.0171
        ]
      },
      "properties": {
        "id": 162,
        "entity_id": "poi:marker:162",
        "feature_class": "marker",
        "poi_type": "ruins",
        "name": "Ruined Sacred site",
        "icon": "🏺",
        "description": "Ruins of an ancient sacred site. Untold riches may lie within.",
        "state_id": 2,
        "province_id": 176,
        "rank": 2,
        "minzoom": 6
      }
    },
    {
      "type": "Feature",
      "geometry": {
        "type": "Point",
        "coordinates": [
          -22.2559,
          18.3959
        ]
      },
      "properties": {
        "id": 163,
        "entity_id": "poi:marker:163",
        "feature_class": "marker",
        "poi_type": "ruins",
        "name": "Ruined Settlement",
        "icon": "🏺",
        "description": "Ruins of an ancient settlement. Untold riches may lie within.",
        "state_id": 6,
        "province_id": 51,
        "rank": 2,
        "minzoom": 6
      }
    },
    {
      "type": "Feature",
      "geometry": {
        "type": "Point",
        "coordinates": [
          -6.9929,
          32.4077
        ]
      },
      "properties": {
        "id": 164,
        "entity_id": "poi:marker:164",
        "feature_class": "marker",
        "poi_type": "ruins",
        "name": "Ruined Stronghold",
        "icon": "🏺",
        "description": "Ruins of an ancient stronghold. Untold riches may lie within.",
        "state_id": 12,
        "province_id": 241,
        "rank": 2,
        "minzoom": 6
      }
    },
    {
      "type": "Feature",
      "geometry": {
        "type": "Point",
        "coordinates": [
          20.8087,
          29.1099
        ]
      },
      "properties": {
        "id": 165,
        "entity_id": "poi:marker:165",
        "feature_class": "marker",
        "poi_type": "ruins",
        "name": "Ruined Fort",
        "icon": "🏺",
        "description": "Ruins of an ancient fort. Untold riches may lie within.",
        "state_id": 5,
        "province_id": 44,
        "rank": 2,
        "minzoom": 6
      }
    },
    {
      "type": "Feature",
      "geometry": {
        "type": "Point",
        "coordinates": [
          -13.1327,
          18.6665
        ]
      },
      "properties": {
        "id": 166,
        "entity_id": "poi:marker:166",
        "feature_class": "marker",
        "poi_type": "ruins",
        "name": "Ruined Fort",
        "icon": "🏺",
        "description": "Ruins of an ancient fort. Untold riches may lie within.",
        "state_id": 17,
        "province_id": 150,
        "rank": 2,
        "minzoom": 6
      }
    },
    {
      "type": "Feature",
      "geometry": {
        "type": "Point",
        "coordinates": [
          24.603,
          26.3633
        ]
      },
      "properties": {
        "id": 167,
        "entity_id": "poi:marker:167",
        "feature_class": "marker",
        "poi_type": "ruins",
        "name": "Ruined Stronghold",
        "icon": "🏺",
        "description": "Ruins of an ancient stronghold. Untold riches may lie within.",
        "state_id": 7,
        "province_id": 63,
        "rank": 2,
        "minzoom": 6
      }
    },
    {
      "type": "Feature",
      "geometry": {
        "type": "Point",
        "coordinates": [
          -14.4416,
          20.1649
        ]
      },
      "properties": {
        "id": 168,
        "entity_id": "poi:marker:168",
        "feature_class": "marker",
        "poi_type": "ruins",
        "name": "Ruined Town",
        "icon": "🏺",
        "description": "Ruins of an ancient town. Untold riches may lie within.",
        "state_id": 17,
        "province_id": 146,
        "rank": 2,
        "minzoom": 6
      }
    },
    {
      "type": "Feature",
      "geometry": {
        "type": "Point",
        "coordinates": [
          -14.5866,
          16.6108
        ]
      },
      "properties": {
        "id": 169,
        "entity_id": "poi:marker:169",
        "feature_class": "marker",
        "poi_type": "ruins",
        "name": "Ruined City",
        "icon": "🏺",
        "description": "Ruins of an ancient city. Untold riches may lie within.",
        "state_id": 17,
        "province_id": 148,
        "rank": 2,
        "minzoom": 6
      }
    },
    {
      "type": "Feature",
      "geometry": {
        "type": "Point",
        "coordinates": [
          -3.7172,
          34.1107
        ]
      },
      "properties": {
        "id": 170,
        "entity_id": "poi:marker:170",
        "feature_class": "marker",
        "poi_type": "ruins",
        "name": "Ruined Castle",
        "icon": "🏺",
        "description": "Ruins of an ancient castle. Untold riches may lie within.",
        "state_id": 12,
        "province_id": 99,
        "rank": 2,
        "minzoom": 6
      }
    },
    {
      "type": "Feature",
      "geometry": {
        "type": "Point",
        "coordinates": [
          -14.1751,
          18.5456
        ]
      },
      "properties": {
        "id": 171,
        "entity_id": "poi:marker:171",
        "feature_class": "marker",
        "poi_type": "ruins",
        "name": "Ruined Stronghold",
        "icon": "🏺",
        "description": "Ruins of an ancient stronghold. Untold riches may lie within.",
        "state_id": 17,
        "province_id": 150,
        "rank": 2,
        "minzoom": 6
      }
    },
    {
      "type": "Feature",
      "geometry": {
        "type": "Point",
        "coordinates": [
          -4.2956,
          15.0402
        ]
      },
      "properties": {
        "id": 172,
        "entity_id": "poi:marker:172",
        "feature_class": "marker",
        "poi_type": "ruins",
        "name": "Ruined Sacred site",
        "icon": "🏺",
        "description": "Ruins of an ancient sacred site. Untold riches may lie within.",
        "state_id": 14,
        "province_id": 260,
        "rank": 2,
        "minzoom": 6
      }
    },
    {
      "type": "Feature",
      "geometry": {
        "type": "Point",
        "coordinates": [
          15.5879,
          22.6404
        ]
      },
      "properties": {
        "id": 173,
        "entity_id": "poi:marker:173",
        "feature_class": "marker",
        "poi_type": "ruins",
        "name": "Ruined Temple",
        "icon": "🏺",
        "description": "Ruins of an ancient temple. Untold riches may lie within.",
        "state_id": 4,
        "province_id": 197,
        "rank": 2,
        "minzoom": 6
      }
    },
    {
      "type": "Feature",
      "geometry": {
        "type": "Point",
        "coordinates": [
          8.1932,
          20.6281
        ]
      },
      "properties": {
        "id": 174,
        "entity_id": "poi:marker:174",
        "feature_class": "marker",
        "poi_type": "ruins",
        "name": "Ruined Temple",
        "icon": "🏺",
        "description": "Ruins of an ancient temple. Untold riches may lie within.",
        "state_id": 3,
        "province_id": 19,
        "rank": 2,
        "minzoom": 6
      }
    },
    {
      "type": "Feature",
      "geometry": {
        "type": "Point",
        "coordinates": [
          -22.4468,
          35.7104
        ]
      },
      "properties": {
        "id": 175,
        "entity_id": "poi:marker:175",
        "feature_class": "marker",
        "poi_type": "ruins",
        "name": "Ruined City",
        "icon": "🏺",
        "description": "Ruins of an ancient city. Untold riches may lie within.",
        "state_id": 2,
        "province_id": 176,
        "rank": 2,
        "minzoom": 6
      }
    },
    {
      "type": "Feature",
      "geometry": {
        "type": "Point",
        "coordinates": [
          -20.072,
          22.6155
        ]
      },
      "properties": {
        "id": 176,
        "entity_id": "poi:marker:176",
        "feature_class": "marker",
        "poi_type": "libraries",
        "name": "Ladon Archive",
        "icon": "📚",
        "description": "A vast collection of knowledge, including many rare and ancient tomes.",
        "state_id": 11,
        "province_id": 236,
        "rank": 2,
        "minzoom": 6
      }
    },
    {
      "type": "Feature",
      "geometry": {
        "type": "Point",
        "coordinates": [
          7.4229,
          28.3186
        ]
      },
      "properties": {
        "id": 177,
        "entity_id": "poi:marker:177",
        "feature_class": "marker",
        "poi_type": "caves",
        "name": "Boba Cavern",
        "icon": "🦇",
        "description": "The Boba Cavern. Locals claim that it is endlessly deep and unexplored.",
        "state_id": 19,
        "province_id": 169,
        "rank": 2,
        "minzoom": 6
      }
    },
    {
      "type": "Feature",
      "geometry": {
        "type": "Point",
        "coordinates": [
          -19.3812,
          26.086
        ]
      },
      "properties": {
        "id": 178,
        "entity_id": "poi:marker:178",
        "feature_class": "marker",
        "poi_type": "caves",
        "name": "Comeilliers Chasm",
        "icon": "🦇",
        "description": "The Comeilliers Chasm. Locals claim that it is a good spot to hid treasure.",
        "state_id": 2,
        "province_id": 178,
        "rank": 2,
        "minzoom": 6
      }
    },
    {
      "type": "Feature",
      "geometry": {
        "type": "Point",
        "coordinates": [
          14.6306,
          20.9504
        ]
      },
      "properties": {
        "id": 179,
        "entity_id": "poi:marker:179",
        "feature_class": "marker",
        "poi_type": "caves",
        "name": "Inversochla Grotto",
        "icon": "🦇",
        "description": "The Inversochla Grotto. Locals claim that it is endlessly deep and unexplored.",
        "state_id": 4,
        "province_id": 197,
        "rank": 2,
        "minzoom": 6
      }
    },
    {
      "type": "Feature",
      "geometry": {
        "type": "Point",
        "coordinates": [
          -17.5962,
          20.8524
        ]
      },
      "properties": {
        "id": 180,
        "entity_id": "poi:marker:180",
        "feature_class": "marker",
        "poi_type": "caves",
        "name": "Torgolo Cave",
        "icon": "🦇",
        "description": "The Torgolo Cave. Locals claim that it is the home of strange monsters.",
        "state_id": 6,
        "province_id": 210,
        "rank": 2,
        "minzoom": 6
      }
    },
    {
      "type": "Feature",
      "geometry": {
        "type": "Point",
        "coordinates": [
          19.3797,
          21.4313
        ]
      },
      "properties": {
        "id": 181,
        "entity_id": "poi:marker:181",
        "feature_class": "marker",
        "poi_type": "caves",
        "name": "Icealinia Hole",
        "icon": "🦇",
        "description": "The Icealinia Hole. Locals claim that it is endlessly deep and unexplored.",
        "state_id": 16,
        "province_id": 143,
        "rank": 2,
        "minzoom": 6
      }
    },
    {
      "type": "Feature",
      "geometry": {
        "type": "Point",
        "coordinates": [
          19.5252,
          32.1907
        ]
      },
      "properties": {
        "id": 182,
        "entity_id": "poi:marker:182",
        "feature_class": "marker",
        "poi_type": "portals",
        "name": "Grambedondo Portal",
        "icon": "🌀",
        "description": "An element of the magic portal system connecting major city. The portals were installed centuries ago, but still work fine.",
        "state_id": 5,
        "province_id": 45,
        "rank": 2,
        "minzoom": 6
      }
    },
    {
      "type": "Feature",
      "geometry": {
        "type": "Point",
        "coordinates": [
          -8.3113,
          17.4613
        ]
      },
      "properties": {
        "id": 183,
        "entity_id": "poi:marker:183",
        "feature_class": "marker",
        "poi_type": "portals",
        "name": "Torrinosoce Portal",
        "icon": "🌀",
        "description": "An element of the magic portal system connecting major city. The portals were installed centuries ago, but still work fine.",
        "state_id": 14,
        "province_id": 126,
        "rank": 2,
        "minzoom": 6
      }
    },
    {
      "type": "Feature",
      "geometry": {
        "type": "Point",
        "coordinates": [
          13.9967,
          28.9784
        ]
      },
      "properties": {
        "id": 184,
        "entity_id": "poi:marker:184",
        "feature_class": "marker",
        "poi_type": "portals",
        "name": "Linbury Portal",
        "icon": "🌀",
        "description": "An element of the magic portal system connecting major city. The portals were installed centuries ago, but still work fine.",
        "state_id": 19,
        "province_id": 158,
        "rank": 2,
        "minzoom": 6
      }
    },
    {
      "type": "Feature",
      "geometry": {
        "type": "Point",
        "coordinates": [
          -22.8022,
          18.5676
        ]
      },
      "properties": {
        "id": 185,
        "entity_id": "poi:marker:185",
        "feature_class": "marker",
        "poi_type": "portals",
        "name": "Vellena Portal",
        "icon": "🌀",
        "description": "An element of the magic portal system connecting major city. The portals were installed centuries ago, but still work fine.",
        "state_id": 6,
        "province_id": 51,
        "rank": 2,
        "minzoom": 6
      }
    },
    {
      "type": "Feature",
      "geometry": {
        "type": "Point",
        "coordinates": [
          -8.8969,
          15.3013
        ]
      },
      "properties": {
        "id": 186,
        "entity_id": "poi:marker:186",
        "feature_class": "marker",
        "poi_type": "portals",
        "name": "Allos Portal",
        "icon": "🌀",
        "description": "An element of the magic portal system connecting major city. The portals were installed centuries ago, but still work fine.",
        "state_id": 17,
        "province_id": 281,
        "rank": 2,
        "minzoom": 6
      }
    },
    {
      "type": "Feature",
      "geometry": {
        "type": "Point",
        "coordinates": [
          -11.9228,
          31.1025
        ]
      },
      "properties": {
        "id": 187,
        "entity_id": "poi:marker:187",
        "feature_class": "marker",
        "poi_type": "portals",
        "name": "Turanva Portal",
        "icon": "🌀",
        "description": "An element of the magic portal system connecting major city. The portals were installed centuries ago, but still work fine.",
        "state_id": 10,
        "province_id": 80,
        "rank": 2,
        "minzoom": 6
      }
    },
    {
      "type": "Feature",
      "geometry": {
        "type": "Point",
        "coordinates": [
          -10.2962,
          24.591
        ]
      },
      "properties": {
        "id": 188,
        "entity_id": "poi:marker:188",
        "feature_class": "marker",
        "poi_type": "portals",
        "name": "Hochenschw Portal",
        "icon": "🌀",
        "description": "An element of the magic portal system connecting major city. The portals were installed centuries ago, but still work fine.",
        "state_id": 1,
        "province_id": 174,
        "rank": 2,
        "minzoom": 6
      }
    },
    {
      "type": "Feature",
      "geometry": {
        "type": "Point",
        "coordinates": [
          -11.1736,
          26.6544
        ]
      },
      "properties": {
        "id": 189,
        "entity_id": "poi:marker:189",
        "feature_class": "marker",
        "poi_type": "portals",
        "name": "Wingengen Portal",
        "icon": "🌀",
        "description": "An element of the magic portal system connecting major city. The portals were installed centuries ago, but still work fine.",
        "state_id": 8,
        "province_id": 75,
        "rank": 2,
        "minzoom": 6
      }
    },
    {
      "type": "Feature",
      "geometry": {
        "type": "Point",
        "coordinates": [
          -6.2858,
          17.9575
        ]
      },
      "properties": {
        "id": 190,
        "entity_id": "poi:marker:190",
        "feature_class": "marker",
        "poi_type": "portals",
        "name": "Ayayruzun Portal",
        "icon": "🌀",
        "description": "An element of the magic portal system connecting major city. The portals were installed centuries ago, but still work fine.",
        "state_id": 14,
        "province_id": 127,
        "rank": 2,
        "minzoom": 6
      }
    },
    {
      "type": "Feature",
      "geometry": {
        "type": "Point",
        "coordinates": [
          -4.6453,
          19.8345
        ]
      },
      "properties": {
        "id": 191,
        "entity_id": "poi:marker:191",
        "feature_class": "marker",
        "poi_type": "portals",
        "name": "Yerinte Portal",
        "icon": "🌀",
        "description": "An element of the magic portal system connecting major city. The portals were installed centuries ago, but still work fine.",
        "state_id": 14,
        "province_id": 120,
        "rank": 2,
        "minzoom": 6
      }
    },
    {
      "type": "Feature",
      "geometry": {
        "type": "Point",
        "coordinates": [
          17.3561,
          25.2536
        ]
      },
      "properties": {
        "id": 192,
        "entity_id": "poi:marker:192",
        "feature_class": "marker",
        "poi_type": "rifts",
        "name": "Subterranean Rift",
        "icon": "🎆",
        "description": "A rumoured subterranean rift in this area is causing cracks in reality itself to form.",
        "state_id": 19,
        "province_id": 303,
        "rank": 2,
        "minzoom": 6
      }
    },
    {
      "type": "Feature",
      "geometry": {
        "type": "Point",
        "coordinates": [
          -14.1417,
          31.2321
        ]
      },
      "properties": {
        "id": 193,
        "entity_id": "poi:marker:193",
        "feature_class": "marker",
        "poi_type": "rifts",
        "name": "Subterranean Rift",
        "icon": "🎆",
        "description": "A rumoured subterranean rift in this area is causing an emmissary to step through with an all-powerful relic.",
        "state_id": 2,
        "province_id": 185,
        "rank": 2,
        "minzoom": 6
      }
    },
    {
      "type": "Feature",
      "geometry": {
        "type": "Point",
        "coordinates": [
          -17.9345,
          20.7739
        ]
      },
      "properties": {
        "id": 194,
        "entity_id": "poi:marker:194",
        "feature_class": "marker",
        "poi_type": "disturbed-burials",
        "name": "Disturbed Burial",
        "icon": "💀",
        "description": "A burial site has been disturbed in this area, causing the dead to rise and attack the living.",
        "state_id": 6,
        "province_id": 210,
        "rank": 2,
        "minzoom": 6
      }
    },
    {
      "type": "Feature",
      "geometry": {
        "type": "Point",
        "coordinates": [
          20.9537,
          20.282
        ]
      },
      "properties": {
        "id": 195,
        "entity_id": "poi:marker:195",
        "feature_class": "marker",
        "poi_type": "disturbed-burials",
        "name": "Disturbed Burial",
        "icon": "💀",
        "description": "A burial site has been disturbed in this area, causing the dead to rise and attack the living.",
        "state_id": 16,
        "province_id": 271,
        "rank": 2,
        "minzoom": 6
      }
    },
    {
      "type": "Feature",
      "geometry": {
        "type": "Point",
        "coordinates": [
          19.883,
          31.0045
        ]
      },
      "properties": {
        "id": 196,
        "entity_id": "poi:marker:196",
        "feature_class": "marker",
        "poi_type": "disturbed-burials",
        "name": "Disturbed Burial",
        "icon": "💀",
        "description": "A burial site has been disturbed in this area, causing the dead to rise and attack the living.",
        "state_id": 5,
        "province_id": 41,
        "rank": 2,
        "minzoom": 6
      }
    },
    {
      "type": "Feature",
      "geometry": {
        "type": "Point",
        "coordinates": [
          -14.9506,
          24.0637
        ]
      },
      "properties": {
        "id": 197,
        "entity_id": "poi:marker:197",
        "feature_class": "marker",
        "poi_type": "disturbed-burials",
        "name": "Disturbed Burial",
        "icon": "💀",
        "description": "A burial site has been disturbed in this area, causing the dead to rise and attack the living.",
        "state_id": 9,
        "province_id": 225,
        "rank": 2,
        "minzoom": 6
      }
    },
    {
      "type": "Feature",
      "geometry": {
        "type": "Point",
        "coordinates": [
          -24.1384,
          17.0119
        ]
      },
      "properties": {
        "id": 198,
        "entity_id": "poi:marker:198",
        "feature_class": "marker",
        "poi_type": "disturbed-burials",
        "name": "Disturbed Burial",
        "icon": "💀",
        "description": "A burial site has been disturbed in this area, causing the dead to rise and attack the living.",
        "state_id": 6,
        "province_id": 212,
        "rank": 2,
        "minzoom": 6
      }
    },
    {
      "type": "Feature",
      "geometry": {
        "type": "Point",
        "coordinates": [
          -3.8268,
          37.528
        ]
      },
      "properties": {
        "id": 199,
        "entity_id": "poi:marker:199",
        "feature_class": "marker",
        "poi_type": "disturbed-burials",
        "name": "Disturbed Burial",
        "icon": "💀",
        "description": "A burial site has been disturbed in this area, causing the dead to rise and attack the living.",
        "state_id": 12,
        "province_id": 239,
        "rank": 2,
        "minzoom": 6
      }
    },
    {
      "type": "Feature",
      "geometry": {
        "type": "Point",
        "coordinates": [
          -15.5156,
          19.8594
        ]
      },
      "properties": {
        "id": 200,
        "entity_id": "poi:marker:200",
        "feature_class": "marker",
        "poi_type": "disturbed-burials",
        "name": "Disturbed Burial",
        "icon": "💀",
        "description": "A burial site has been disturbed in this area, causing the dead to rise and attack the living.",
        "state_id": 17,
        "province_id": 277,
        "rank": 2,
        "minzoom": 6
      }
    },
    {
      "type": "Feature",
      "geometry": {
        "type": "Point",
        "coordinates": [
          5.9925,
          28.2422
        ]
      },
      "properties": {
        "id": 201,
        "entity_id": "poi:marker:201",
        "feature_class": "marker",
        "poi_type": "disturbed-burials",
        "name": "Disturbed Burial",
        "icon": "💀",
        "description": "A burial site has been disturbed in this area, causing the dead to rise and attack the living.",
        "state_id": 12,
        "province_id": 105,
        "rank": 2,
        "minzoom": 6
      }
    },
    {
      "type": "Feature",
      "geometry": {
        "type": "Point",
        "coordinates": [
          2.1906,
          32.6429
        ]
      },
      "properties": {
        "id": 202,
        "entity_id": "poi:marker:202",
        "feature_class": "marker",
        "poi_type": "disturbed-burials",
        "name": "Disturbed Burial",
        "icon": "💀",
        "description": "A burial site has been disturbed in this area, causing the dead to rise and attack the living.",
        "state_id": 12,
        "province_id": 243,
        "rank": 2,
        "minzoom": 6
      }
    },
    {
      "type": "Feature",
      "geometry": {
        "type": "Point",
        "coordinates": [
          -17.7948,
          29.4302
        ]
      },
      "properties": {
        "id": 203,
        "entity_id": "poi:marker:203",
        "feature_class": "marker",
        "poi_type": "disturbed-burials",
        "name": "Disturbed Burial",
        "icon": "💀",
        "description": "A burial site has been disturbed in this area, causing the dead to rise and attack the living.",
        "state_id": 2,
        "province_id": 10,
        "rank": 2,
        "minzoom": 6
      }
    },
    {
      "type": "Feature",
      "geometry": {
        "type": "Point",
        "coordinates": [
          -3.4287,
          32.0994
        ]
      },
      "properties": {
        "id": 204,
        "entity_id": "poi:marker:204",
        "feature_class": "marker",
        "poi_type": "disturbed-burials",
        "name": "Disturbed Burial",
        "icon": "💀",
        "description": "A burial site has been disturbed in this area, causing the dead to rise and attack the living.",
        "state_id": 12,
        "province_id": 109,
        "rank": 2,
        "minzoom": 6
      }
    },
    {
      "type": "Feature",
      "geometry": {
        "type": "Point",
        "coordinates": [
          -14.2091,
          17.8337
        ]
      },
      "properties": {
        "id": 205,
        "entity_id": "poi:marker:205",
        "feature_class": "marker",
        "poi_type": "necropolises",
        "name": "Elen Crypt",
        "icon": "🪦",
        "description": "An eerie necropolis where nature intertwines with death. Overgrown tombstones are entwined by thorny vines, and mournful spirits wander among the fading petals of once-vibrant flowers.",
        "state_id": 17,
        "province_id": 287,
        "rank": 2,
        "minzoom": 6
      }
    },
    {
      "type": "Feature",
      "geometry": {
        "type": "Point",
        "coordinates": [
          -9.5207,
          26.5072
        ]
      },
      "properties": {
        "id": 206,
        "entity_id": "poi:marker:206",
        "feature_class": "marker",
        "poi_type": "necropolises",
        "name": "Tutosch Tomb",
        "icon": "🪦",
        "description": "A foreboding necropolis shrouded in perpetual darkness, where eerie whispers echo through the winding corridors and spectral guardians stand watch over the tombs of long-forgotten souls.",
        "state_id": 1,
        "province_id": 174,
        "rank": 2,
        "minzoom": 6
      }
    },
    {
      "type": "Feature",
      "geometry": {
        "type": "Point",
        "coordinates": [
          16.8944,
          20.2681
        ]
      },
      "properties": {
        "id": 207,
        "entity_id": "poi:marker:207",
        "feature_class": "marker",
        "poi_type": "necropolises",
        "name": "Hertry Graveyard",
        "icon": "🪦",
        "description": "Rising from the desolate landscape, this sinister necropolis is a testament to necromantic power. Its skeletal spires cast ominous shadows, concealing forbidden knowledge and arcane secrets.",
        "state_id": 4,
        "province_id": 197,
        "rank": 2,
        "minzoom": 6
      }
    },
    {
      "type": "Feature",
      "geometry": {
        "type": "Point",
        "coordinates": [
          -20.4073,
          36.9701
        ]
      },
      "properties": {
        "id": 208,
        "entity_id": "poi:marker:208",
        "feature_class": "marker",
        "poi_type": "necropolises",
        "name": "Gimstad Cemetery",
        "icon": "🪦",
        "description": "A foreboding necropolis perched atop a jagged cliff, overlooking a desolate wasteland. Its towering walls harbor restless spirits, and the imposing gates bear the marks of countless battles and ancient curses.",
        "state_id": 2,
        "province_id": 7,
        "rank": 2,
        "minzoom": 6
      }
    },
    {
      "type": "Feature",
      "geometry": {
        "type": "Point",
        "coordinates": [
          17.5422,
          25.1819
        ]
      },
      "properties": {
        "id": 209,
        "entity_id": "poi:marker:209",
        "feature_class": "marker",
        "poi_type": "necropolises",
        "name": "Thatcles Necropolis",
        "icon": "🪦",
        "description": "Rising from the desolate landscape, this sinister necropolis is a testament to necromantic power. Its skeletal spires cast ominous shadows, concealing forbidden knowledge and arcane secrets.",
        "state_id": 7,
        "province_id": 221,
        "rank": 2,
        "minzoom": 6
      }
    },
    {
      "type": "Feature",
      "geometry": {
        "type": "Point",
        "coordinates": [
          -9.896292,
          22.46494
        ]
      },
      "properties": {
        "id": "1:0",
        "entity_id": "poi:military:1:0",
        "feature_class": "military",
        "poi_type": "regiment",
        "name": "1st (Haudenster) Regiment",
        "state_id": 1,
        "strength": 6570,
        "icon": "⚔️",
        "rank": 3,
        "minzoom": 7
      }
    },
    {
      "type": "Feature",
      "geometry": {
        "type": "Point",
        "coordinates": [
          -9.726458,
          24.98255
        ]
      },
      "properties": {
        "id": "1:1",
        "entity_id": "poi:military:1:1",
        "feature_class": "military",
        "poi_type": "regiment",
        "name": "2nd (Enizdyurt) Regiment",
        "state_id": 1,
        "strength": 6256,
        "icon": "⚔️",
        "rank": 3,
        "minzoom": 7
      }
    },
    {
      "type": "Feature",
      "geometry": {
        "type": "Point",
        "coordinates": [
          -13.987136,
          22.904303
        ]
      },
      "properties": {
        "id": "1:2",
        "entity_id": "poi:military:1:2",
        "feature_class": "military",
        "poi_type": "regiment",
        "name": "3rd (Schopenbach) Regiment",
        "state_id": 1,
        "strength": 5503,
        "icon": "⚔️",
        "rank": 3,
        "minzoom": 7
      }
    },
    {
      "type": "Feature",
      "geometry": {
        "type": "Point",
        "coordinates": [
          -12.472505,
          21.972032
        ]
      },
      "properties": {
        "id": "1:3",
        "entity_id": "poi:military:1:3",
        "feature_class": "military",
        "poi_type": "regiment",
        "name": "4th (Munsbach) Regiment",
        "state_id": 1,
        "strength": 4425,
        "icon": "🏹",
        "rank": 3,
        "minzoom": 7
      }
    },
    {
      "type": "Feature",
      "geometry": {
        "type": "Point",
        "coordinates": [
          -9.248532,
          25.846454
        ]
      },
      "properties": {
        "id": "1:4",
        "entity_id": "poi:military:1:4",
        "feature_class": "military",
        "poi_type": "regiment",
        "name": "5th (Enheim) Regiment",
        "state_id": 1,
        "strength": 2353,
        "icon": "⚔️",
        "rank": 3,
        "minzoom": 7
      }
    },
    {
      "type": "Feature",
      "geometry": {
        "type": "Point",
        "coordinates": [
          -14.062724,
          23.023347
        ]
      },
      "properties": {
        "id": "1:5",
        "entity_id": "poi:military:1:5",
        "feature_class": "military",
        "poi_type": "fleet",
        "name": "1st Fleet",
        "state_id": 1,
        "strength": 5,
        "icon": "🌊",
        "rank": 3,
        "minzoom": 7
      }
    },
    {
      "type": "Feature",
      "geometry": {
        "type": "Point",
        "coordinates": [
          -8.543362,
          26.20502
        ]
      },
      "properties": {
        "id": "1:6",
        "entity_id": "poi:military:1:6",
        "feature_class": "military",
        "poi_type": "fleet",
        "name": "2nd Fleet",
        "state_id": 1,
        "strength": 2,
        "icon": "🌊",
        "rank": 3,
        "minzoom": 7
      }
    },
    {
      "type": "Feature",
      "geometry": {
        "type": "Point",
        "coordinates": [
          -11.9099,
          21.83243
        ]
      },
      "properties": {
        "id": "1:7",
        "entity_id": "poi:military:1:7",
        "feature_class": "military",
        "poi_type": "fleet",
        "name": "3rd Fleet",
        "state_id": 1,
        "strength": 1,
        "icon": "🌊",
        "rank": 3,
        "minzoom": 7
      }
    },
    {
      "type": "Feature",
      "geometry": {
        "type": "Point",
        "coordinates": [
          -20.671415,
          28.147968
        ]
      },
      "properties": {
        "id": "2:0",
        "entity_id": "poi:military:2:0",
        "feature_class": "military",
        "poi_type": "regiment",
        "name": "1st (Charvillenest) Regiment",
        "state_id": 2,
        "strength": 14844,
        "icon": "⚔️",
        "rank": 3,
        "minzoom": 7
      }
    },
    {
      "type": "Feature",
      "geometry": {
        "type": "Point",
        "coordinates": [
          -17.790937,
          29.172988
        ]
      },
      "properties": {
        "id": "2:1",
        "entity_id": "poi:military:2:1",
        "feature_class": "military",
        "poi_type": "regiment",
        "name": "2nd (Ivria) Regiment",
        "state_id": 2,
        "strength": 5603,
        "icon": "⚔️",
        "rank": 3,
        "minzoom": 7
      }
    },
    {
      "type": "Feature",
      "geometry": {
        "type": "Point",
        "coordinates": [
          -16.552824,
          27.808048
        ]
      },
      "properties": {
        "id": "2:2",
        "entity_id": "poi:military:2:2",
        "feature_class": "military",
        "poi_type": "regiment",
        "name": "3rd (Fonces) Regiment",
        "state_id": 2,
        "strength": 5463,
        "icon": "⚔️",
        "rank": 3,
        "minzoom": 7
      }
    },
    {
      "type": "Feature",
      "geometry": {
        "type": "Point",
        "coordinates": [
          -26.255841,
          27.424143
        ]
      },
      "properties": {
        "id": "2:3",
        "entity_id": "poi:military:2:3",
        "feature_class": "military",
        "poi_type": "regiment",
        "name": "4th (Sannessas) Regiment",
        "state_id": 2,
        "strength": 5396,
        "icon": "⚔️",
        "rank": 3,
        "minzoom": 7
      }
    },
    {
      "type": "Feature",
      "geometry": {
        "type": "Point",
        "coordinates": [
          -22.903176,
          26.047729
        ]
      },
      "properties": {
        "id": "2:4",
        "entity_id": "poi:military:2:4",
        "feature_class": "military",
        "poi_type": "regiment",
        "name": "5th (Marquilles) Regiment",
        "state_id": 2,
        "strength": 4659,
        "icon": "⚔️",
        "rank": 3,
        "minzoom": 7
      }
    },
    {
      "type": "Feature",
      "geometry": {
        "type": "Point",
        "coordinates": [
          -18.45592,
          25.994661
        ]
      },
      "properties": {
        "id": "2:5",
        "entity_id": "poi:military:2:5",
        "feature_class": "military",
        "poi_type": "regiment",
        "name": "6th (Fonces) Regiment",
        "state_id": 2,
        "strength": 4224,
        "icon": "⚔️",
        "rank": 3,
        "minzoom": 7
      }
    },
    {
      "type": "Feature",
      "geometry": {
        "type": "Point",
        "coordinates": [
          -20.31309,
          26.21745
        ]
      },
      "properties": {
        "id": "2:6",
        "entity_id": "poi:military:2:6",
        "feature_class": "military",
        "poi_type": "regiment",
        "name": "7th (Charvillenest) Regiment",
        "state_id": 2,
        "strength": 3585,
        "icon": "⚔️",
        "rank": 3,
        "minzoom": 7
      }
    },
    {
      "type": "Feature",
      "geometry": {
        "type": "Point",
        "coordinates": [
          -24.38097,
          34.899044
        ]
      },
      "properties": {
        "id": "2:7",
        "entity_id": "poi:military:2:7",
        "feature_class": "military",
        "poi_type": "regiment",
        "name": "8th (Hvamsund) Regiment",
        "state_id": 2,
        "strength": 2906,
        "icon": "🏹",
        "rank": 3,
        "minzoom": 7
      }
    },
    {
      "type": "Feature",
      "geometry": {
        "type": "Point",
        "coordinates": [
          -18.548731,
          30.445657
        ]
      },
      "properties": {
        "id": "2:8",
        "entity_id": "poi:military:2:8",
        "feature_class": "military",
        "poi_type": "regiment",
        "name": "9th (Orquileresia) Regiment",
        "state_id": 2,
        "strength": 2769,
        "icon": "🏹",
        "rank": 3,
        "minzoom": 7
      }
    },
    {
      "type": "Feature",
      "geometry": {
        "type": "Point",
        "coordinates": [
          -18.962551,
          26.996733
        ]
      },
      "properties": {
        "id": "2:9",
        "entity_id": "poi:military:2:9",
        "feature_class": "military",
        "poi_type": "regiment",
        "name": "10th (Corvilter) Regiment",
        "state_id": 2,
        "strength": 2762,
        "icon": "⚔️",
        "rank": 3,
        "minzoom": 7
      }
    },
    {
      "type": "Feature",
      "geometry": {
        "type": "Point",
        "coordinates": [
          -17.351282,
          25.041833
        ]
      },
      "properties": {
        "id": "2:10",
        "entity_id": "poi:military:2:10",
        "feature_class": "military",
        "poi_type": "regiment",
        "name": "11th (Fonces) Regiment",
        "state_id": 2,
        "strength": 2263,
        "icon": "⚔️",
        "rank": 3,
        "minzoom": 7
      }
    },
    {
      "type": "Feature",
      "geometry": {
        "type": "Point",
        "coordinates": [
          -18.037794,
          27.954821
        ]
      },
      "properties": {
        "id": "2:11",
        "entity_id": "poi:military:2:11",
        "feature_class": "military",
        "poi_type": "regiment",
        "name": "12th (Ivria) Regiment",
        "state_id": 2,
        "strength": 978,
        "icon": "⚔️",
        "rank": 3,
        "minzoom": 7
      }
    },
    {
      "type": "Feature",
      "geometry": {
        "type": "Point",
        "coordinates": [
          -21.138817,
          30.173625
        ]
      },
      "properties": {
        "id": "2:12",
        "entity_id": "poi:military:2:12",
        "feature_class": "military",
        "poi_type": "regiment",
        "name": "13th (Aunesardon) Regiment",
        "state_id": 2,
        "strength": 764,
        "icon": "🏹",
        "rank": 3,
        "minzoom": 7
      }
    },
    {
      "type": "Feature",
      "geometry": {
        "type": "Point",
        "coordinates": [
          -24.70198,
          26.500478
        ]
      },
      "properties": {
        "id": "2:13",
        "entity_id": "poi:military:2:13",
        "feature_class": "military",
        "poi_type": "regiment",
        "name": "14th (Sannessas) Regiment",
        "state_id": 2,
        "strength": 555,
        "icon": "⚔️",
        "rank": 3,
        "minzoom": 7
      }
    },
    {
      "type": "Feature",
      "geometry": {
        "type": "Point",
        "coordinates": [
          -18.80707,
          39.960558
        ]
      },
      "properties": {
        "id": "2:14",
        "entity_id": "poi:military:2:14",
        "feature_class": "military",
        "poi_type": "regiment",
        "name": "15th (New Myrinogia) Regiment",
        "state_id": 2,
        "strength": 10,
        "icon": "🏹",
        "rank": 3,
        "minzoom": 7
      }
    },
    {
      "type": "Feature",
      "geometry": {
        "type": "Point",
        "coordinates": [
          -21.046963,
          30.353865
        ]
      },
      "properties": {
        "id": "2:15",
        "entity_id": "poi:military:2:15",
        "feature_class": "military",
        "poi_type": "fleet",
        "name": "1st Fleet",
        "state_id": 2,
        "strength": 4,
        "icon": "🌊",
        "rank": 3,
        "minzoom": 7
      }
    },
    {
      "type": "Feature",
      "geometry": {
        "type": "Point",
        "coordinates": [
          -18.534857,
          30.580478
        ]
      },
      "properties": {
        "id": "2:16",
        "entity_id": "poi:military:2:16",
        "feature_class": "military",
        "poi_type": "fleet",
        "name": "2nd Fleet",
        "state_id": 2,
        "strength": 3,
        "icon": "🌊",
        "rank": 3,
        "minzoom": 7
      }
    },
    {
      "type": "Feature",
      "geometry": {
        "type": "Point",
        "coordinates": [
          -23.944664,
          25.686295
        ]
      },
      "properties": {
        "id": "2:17",
        "entity_id": "poi:military:2:17",
        "feature_class": "military",
        "poi_type": "fleet",
        "name": "3rd Fleet",
        "state_id": 2,
        "strength": 2,
        "icon": "🌊",
        "rank": 3,
        "minzoom": 7
      }
    },
    {
      "type": "Feature",
      "geometry": {
        "type": "Point",
        "coordinates": [
          5.38493,
          21.414104
        ]
      },
      "properties": {
        "id": "3:0",
        "entity_id": "poi:military:3:0",
        "feature_class": "military",
        "poi_type": "regiment",
        "name": "1st (Maberleithia) Regiment",
        "state_id": 3,
        "strength": 1585,
        "icon": "⚔️",
        "rank": 3,
        "minzoom": 7
      }
    },
    {
      "type": "Feature",
      "geometry": {
        "type": "Point",
        "coordinates": [
          11.124837,
          21.322311
        ]
      },
      "properties": {
        "id": "3:1",
        "entity_id": "poi:military:3:1",
        "feature_class": "military",
        "poi_type": "regiment",
        "name": "2nd (Araberfania) Regiment",
        "state_id": 3,
        "strength": 1531,
        "icon": "⚔️",
        "rank": 3,
        "minzoom": 7
      }
    },
    {
      "type": "Feature",
      "geometry": {
        "type": "Point",
        "coordinates": [
          8.404146,
          21.693785
        ]
      },
      "properties": {
        "id": "3:2",
        "entity_id": "poi:military:3:2",
        "feature_class": "military",
        "poi_type": "regiment",
        "name": "3rd (Aberporth) Regiment",
        "state_id": 3,
        "strength": 1195,
        "icon": "⚔️",
        "rank": 3,
        "minzoom": 7
      }
    },
    {
      "type": "Feature",
      "geometry": {
        "type": "Point",
        "coordinates": [
          6.774219,
          20.201195
        ]
      },
      "properties": {
        "id": "3:3",
        "entity_id": "poi:military:3:3",
        "feature_class": "military",
        "poi_type": "regiment",
        "name": "4th (Fertia) Regiment",
        "state_id": 3,
        "strength": 1096,
        "icon": "⚔️",
        "rank": 3,
        "minzoom": 7
      }
    },
    {
      "type": "Feature",
      "geometry": {
        "type": "Point",
        "coordinates": [
          4.259721,
          19.319124
        ]
      },
      "properties": {
        "id": "3:4",
        "entity_id": "poi:military:3:4",
        "feature_class": "military",
        "poi_type": "regiment",
        "name": "5th (Invenek) Regiment",
        "state_id": 3,
        "strength": 1032,
        "icon": "⚔️",
        "rank": 3,
        "minzoom": 7
      }
    },
    {
      "type": "Feature",
      "geometry": {
        "type": "Point",
        "coordinates": [
          9.295415,
          19.424781
        ]
      },
      "properties": {
        "id": "3:5",
        "entity_id": "poi:military:3:5",
        "feature_class": "military",
        "poi_type": "regiment",
        "name": "6th (Bouaigaiglos) Regiment",
        "state_id": 3,
        "strength": 844,
        "icon": "⚔️",
        "rank": 3,
        "minzoom": 7
      }
    },
    {
      "type": "Feature",
      "geometry": {
        "type": "Point",
        "coordinates": [
          4.522844,
          22.845498
        ]
      },
      "properties": {
        "id": "3:6",
        "entity_id": "poi:military:3:6",
        "feature_class": "military",
        "poi_type": "regiment",
        "name": "7th (Chortilia) Regiment",
        "state_id": 3,
        "strength": 656,
        "icon": "⚔️",
        "rank": 3,
        "minzoom": 7
      }
    },
    {
      "type": "Feature",
      "geometry": {
        "type": "Point",
        "coordinates": [
          5.785355,
          18.885498
        ]
      },
      "properties": {
        "id": "3:7",
        "entity_id": "poi:military:3:7",
        "feature_class": "military",
        "poi_type": "regiment",
        "name": "8th (Bhrunos) Regiment",
        "state_id": 3,
        "strength": 580,
        "icon": "⚔️",
        "rank": 3,
        "minzoom": 7
      }
    },
    {
      "type": "Feature",
      "geometry": {
        "type": "Point",
        "coordinates": [
          5.572944,
          24.142072
        ]
      },
      "properties": {
        "id": "3:8",
        "entity_id": "poi:military:3:8",
        "feature_class": "military",
        "poi_type": "regiment",
        "name": "9th (Chortilia) Regiment",
        "state_id": 3,
        "strength": 580,
        "icon": "🏹",
        "rank": 3,
        "minzoom": 7
      }
    },
    {
      "type": "Feature",
      "geometry": {
        "type": "Point",
        "coordinates": [
          10.47899,
          19.208685
        ]
      },
      "properties": {
        "id": "3:9",
        "entity_id": "poi:military:3:9",
        "feature_class": "military",
        "poi_type": "regiment",
        "name": "10th (Bouaigaiglos) Regiment",
        "state_id": 3,
        "strength": 558,
        "icon": "⚔️",
        "rank": 3,
        "minzoom": 7
      }
    },
    {
      "type": "Feature",
      "geometry": {
        "type": "Point",
        "coordinates": [
          4.209967,
          20.301116
        ]
      },
      "properties": {
        "id": "3:10",
        "entity_id": "poi:military:3:10",
        "feature_class": "military",
        "poi_type": "regiment",
        "name": "11th (Bonaraberg) Regiment",
        "state_id": 3,
        "strength": 376,
        "icon": "⚔️",
        "rank": 3,
        "minzoom": 7
      }
    },
    {
      "type": "Feature",
      "geometry": {
        "type": "Point",
        "coordinates": [
          9.287761,
          20.865259
        ]
      },
      "properties": {
        "id": "3:11",
        "entity_id": "poi:military:3:11",
        "feature_class": "military",
        "poi_type": "regiment",
        "name": "12th (Aberporth) Regiment",
        "state_id": 3,
        "strength": 354,
        "icon": "⚔️",
        "rank": 3,
        "minzoom": 7
      }
    },
    {
      "type": "Feature",
      "geometry": {
        "type": "Point",
        "coordinates": [
          13.613502,
          18.523586
        ]
      },
      "properties": {
        "id": "4:0",
        "entity_id": "poi:military:4:0",
        "feature_class": "military",
        "poi_type": "regiment",
        "name": "1st (Inwenfartsea) Regiment",
        "state_id": 4,
        "strength": 11809,
        "icon": "⚔️",
        "rank": 3,
        "minzoom": 7
      }
    },
    {
      "type": "Feature",
      "geometry": {
        "type": "Point",
        "coordinates": [
          16.367203,
          18.266853
        ]
      },
      "properties": {
        "id": "4:1",
        "entity_id": "poi:military:4:1",
        "feature_class": "military",
        "poi_type": "regiment",
        "name": "2nd (Agosindyria) Regiment",
        "state_id": 4,
        "strength": 10053,
        "icon": "⚔️",
        "rank": 3,
        "minzoom": 7
      }
    },
    {
      "type": "Feature",
      "geometry": {
        "type": "Point",
        "coordinates": [
          12.559575,
          20.309721
        ]
      },
      "properties": {
        "id": "4:2",
        "entity_id": "poi:military:4:2",
        "feature_class": "military",
        "poi_type": "regiment",
        "name": "3rd (Invermainia) Regiment",
        "state_id": 4,
        "strength": 7698,
        "icon": "⚔️",
        "rank": 3,
        "minzoom": 7
      }
    },
    {
      "type": "Feature",
      "geometry": {
        "type": "Point",
        "coordinates": [
          14.918113,
          18.995936
        ]
      },
      "properties": {
        "id": "4:3",
        "entity_id": "poi:military:4:3",
        "feature_class": "military",
        "poi_type": "regiment",
        "name": "4th (Abercta) Regiment",
        "state_id": 4,
        "strength": 5111,
        "icon": "⚔️",
        "rank": 3,
        "minzoom": 7
      }
    },
    {
      "type": "Feature",
      "geometry": {
        "type": "Point",
        "coordinates": [
          12.202206,
          18.825737
        ]
      },
      "properties": {
        "id": "4:4",
        "entity_id": "poi:military:4:4",
        "feature_class": "military",
        "poi_type": "regiment",
        "name": "5th (Areruria) Regiment",
        "state_id": 4,
        "strength": 3799,
        "icon": "⚔️",
        "rank": 3,
        "minzoom": 7
      }
    },
    {
      "type": "Feature",
      "geometry": {
        "type": "Point",
        "coordinates": [
          14.903761,
          21.629243
        ]
      },
      "properties": {
        "id": "4:5",
        "entity_id": "poi:military:4:5",
        "feature_class": "military",
        "poi_type": "regiment",
        "name": "6th (Agosindyria) Regiment",
        "state_id": 4,
        "strength": 2855,
        "icon": "🐴",
        "rank": 3,
        "minzoom": 7
      }
    },
    {
      "type": "Feature",
      "geometry": {
        "type": "Point",
        "coordinates": [
          16.010791,
          23.885339
        ]
      },
      "properties": {
        "id": "4:6",
        "entity_id": "poi:military:4:6",
        "feature_class": "military",
        "poi_type": "regiment",
        "name": "7th (Agosindyria) Regiment",
        "state_id": 4,
        "strength": 2422,
        "icon": "🐴",
        "rank": 3,
        "minzoom": 7
      }
    },
    {
      "type": "Feature",
      "geometry": {
        "type": "Point",
        "coordinates": [
          18.213369,
          17.375219
        ]
      },
      "properties": {
        "id": "4:7",
        "entity_id": "poi:military:4:7",
        "feature_class": "military",
        "poi_type": "regiment",
        "name": "8th (Laion) Regiment",
        "state_id": 4,
        "strength": 2270,
        "icon": "⚔️",
        "rank": 3,
        "minzoom": 7
      }
    },
    {
      "type": "Feature",
      "geometry": {
        "type": "Point",
        "coordinates": [
          16.360027,
          13.043267
        ]
      },
      "properties": {
        "id": "4:8",
        "entity_id": "poi:military:4:8",
        "feature_class": "military",
        "poi_type": "regiment",
        "name": "9th (Errerangia) Regiment",
        "state_id": 4,
        "strength": 2127,
        "icon": "🏹",
        "rank": 3,
        "minzoom": 7
      }
    },
    {
      "type": "Feature",
      "geometry": {
        "type": "Point",
        "coordinates": [
          15.63907,
          19.944462
        ]
      },
      "properties": {
        "id": "4:9",
        "entity_id": "poi:military:4:9",
        "feature_class": "military",
        "poi_type": "regiment",
        "name": "10th (Agosindyria) Regiment",
        "state_id": 4,
        "strength": 803,
        "icon": "⚔️",
        "rank": 3,
        "minzoom": 7
      }
    },
    {
      "type": "Feature",
      "geometry": {
        "type": "Point",
        "coordinates": [
          17.612013,
          18.709562
        ]
      },
      "properties": {
        "id": "4:10",
        "entity_id": "poi:military:4:10",
        "feature_class": "military",
        "poi_type": "regiment",
        "name": "11th (Agosindyria) Regiment",
        "state_id": 4,
        "strength": 660,
        "icon": "⚔️",
        "rank": 3,
        "minzoom": 7
      }
    },
    {
      "type": "Feature",
      "geometry": {
        "type": "Point",
        "coordinates": [
          15.154445,
          9.89745
        ]
      },
      "properties": {
        "id": "4:11",
        "entity_id": "poi:military:4:11",
        "feature_class": "military",
        "poi_type": "regiment",
        "name": "12th (Urra) Regiment",
        "state_id": 4,
        "strength": 633,
        "icon": "🏹",
        "rank": 3,
        "minzoom": 7
      }
    },
    {
      "type": "Feature",
      "geometry": {
        "type": "Point",
        "coordinates": [
          15.792159,
          16.577291
        ]
      },
      "properties": {
        "id": "4:12",
        "entity_id": "poi:military:4:12",
        "feature_class": "military",
        "poi_type": "regiment",
        "name": "13th (Olicargan) Regiment",
        "state_id": 4,
        "strength": 244,
        "icon": "🏹",
        "rank": 3,
        "minzoom": 7
      }
    },
    {
      "type": "Feature",
      "geometry": {
        "type": "Point",
        "coordinates": [
          16.350937,
          12.884064
        ]
      },
      "properties": {
        "id": "4:13",
        "entity_id": "poi:military:4:13",
        "feature_class": "military",
        "poi_type": "fleet",
        "name": "1st Fleet",
        "state_id": 4,
        "strength": 1,
        "icon": "🌊",
        "rank": 3,
        "minzoom": 7
      }
    },
    {
      "type": "Feature",
      "geometry": {
        "type": "Point",
        "coordinates": [
          11.567841,
          19.503665
        ]
      },
      "properties": {
        "id": "4:14",
        "entity_id": "poi:military:4:14",
        "feature_class": "military",
        "poi_type": "fleet",
        "name": "2nd Fleet",
        "state_id": 4,
        "strength": 1,
        "icon": "🌊",
        "rank": 3,
        "minzoom": 7
      }
    },
    {
      "type": "Feature",
      "geometry": {
        "type": "Point",
        "coordinates": [
          13.883322,
          24.523108
        ]
      },
      "properties": {
        "id": "4:15",
        "entity_id": "poi:military:4:15",
        "feature_class": "military",
        "poi_type": "fleet",
        "name": "3rd Fleet",
        "state_id": 4,
        "strength": 1,
        "icon": "🌊",
        "rank": 3,
        "minzoom": 7
      }
    },
    {
      "type": "Feature",
      "geometry": {
        "type": "Point",
        "coordinates": [
          20.668545,
          28.714024
        ]
      },
      "properties": {
        "id": "5:0",
        "entity_id": "poi:military:5:0",
        "feature_class": "military",
        "poi_type": "regiment",
        "name": "1st (Bokehamia) Regiment",
        "state_id": 5,
        "strength": 5111,
        "icon": "🏹",
        "rank": 3,
        "minzoom": 7
      }
    },
    {
      "type": "Feature",
      "geometry": {
        "type": "Point",
        "coordinates": [
          19.549555,
          32.239442
        ]
      },
      "properties": {
        "id": "5:1",
        "entity_id": "poi:military:5:1",
        "feature_class": "military",
        "poi_type": "regiment",
        "name": "2nd (Kirbuteria) Regiment",
        "state_id": 5,
        "strength": 4910,
        "icon": "🏹",
        "rank": 3,
        "minzoom": 7
      }
    },
    {
      "type": "Feature",
      "geometry": {
        "type": "Point",
        "coordinates": [
          21.581821,
          30.432271
        ]
      },
      "properties": {
        "id": "5:2",
        "entity_id": "poi:military:5:2",
        "feature_class": "military",
        "poi_type": "regiment",
        "name": "3rd (Dury) Regiment",
        "state_id": 5,
        "strength": 4288,
        "icon": "⚔️",
        "rank": 3,
        "minzoom": 7
      }
    },
    {
      "type": "Feature",
      "geometry": {
        "type": "Point",
        "coordinates": [
          18.843907,
          33.719124
        ]
      },
      "properties": {
        "id": "5:3",
        "entity_id": "poi:military:5:3",
        "feature_class": "military",
        "poi_type": "regiment",
        "name": "4th (Portster) Regiment",
        "state_id": 5,
        "strength": 3956,
        "icon": "🏹",
        "rank": 3,
        "minzoom": 7
      }
    },
    {
      "type": "Feature",
      "geometry": {
        "type": "Point",
        "coordinates": [
          19.986817,
          31.210598
        ]
      },
      "properties": {
        "id": "5:4",
        "entity_id": "poi:military:5:4",
        "feature_class": "military",
        "poi_type": "regiment",
        "name": "5th (Kirbuteria) Regiment",
        "state_id": 5,
        "strength": 3299,
        "icon": "⚔️",
        "rank": 3,
        "minzoom": 7
      }
    },
    {
      "type": "Feature",
      "geometry": {
        "type": "Point",
        "coordinates": [
          19.189316,
          30.448526
        ]
      },
      "properties": {
        "id": "5:5",
        "entity_id": "poi:military:5:5",
        "feature_class": "military",
        "poi_type": "regiment",
        "name": "6th (Draxtedia) Regiment",
        "state_id": 5,
        "strength": 3132,
        "icon": "⚔️",
        "rank": 3,
        "minzoom": 7
      }
    },
    {
      "type": "Feature",
      "geometry": {
        "type": "Point",
        "coordinates": [
          19.336664,
          29.401036
        ]
      },
      "properties": {
        "id": "5:6",
        "entity_id": "poi:military:5:6",
        "feature_class": "military",
        "poi_type": "regiment",
        "name": "7th (Draxtedia) Regiment",
        "state_id": 5,
        "strength": 2229,
        "icon": "⚔️",
        "rank": 3,
        "minzoom": 7
      }
    },
    {
      "type": "Feature",
      "geometry": {
        "type": "Point",
        "coordinates": [
          17.76606,
          29.547331
        ]
      },
      "properties": {
        "id": "5:7",
        "entity_id": "poi:military:5:7",
        "feature_class": "military",
        "poi_type": "regiment",
        "name": "8th (Roskia) Regiment",
        "state_id": 5,
        "strength": 2070,
        "icon": "⚔️",
        "rank": 3,
        "minzoom": 7
      }
    },
    {
      "type": "Feature",
      "geometry": {
        "type": "Point",
        "coordinates": [
          20.868997,
          31.657131
        ]
      },
      "properties": {
        "id": "5:8",
        "entity_id": "poi:military:5:8",
        "feature_class": "military",
        "poi_type": "regiment",
        "name": "9th (Kirbuteria) Regiment",
        "state_id": 5,
        "strength": 1353,
        "icon": "🏹",
        "rank": 3,
        "minzoom": 7
      }
    },
    {
      "type": "Feature",
      "geometry": {
        "type": "Point",
        "coordinates": [
          18.754445,
          31.521833
        ]
      },
      "properties": {
        "id": "5:9",
        "entity_id": "poi:military:5:9",
        "feature_class": "military",
        "poi_type": "regiment",
        "name": "10th (Draxtedia) Regiment",
        "state_id": 5,
        "strength": 1072,
        "icon": "🏹",
        "rank": 3,
        "minzoom": 7
      }
    },
    {
      "type": "Feature",
      "geometry": {
        "type": "Point",
        "coordinates": [
          23.123721,
          29.822709
        ]
      },
      "properties": {
        "id": "5:10",
        "entity_id": "poi:military:5:10",
        "feature_class": "military",
        "poi_type": "regiment",
        "name": "11th (New Sagelia) Regiment",
        "state_id": 5,
        "strength": 399,
        "icon": "🏹",
        "rank": 3,
        "minzoom": 7
      }
    },
    {
      "type": "Feature",
      "geometry": {
        "type": "Point",
        "coordinates": [
          27.512611,
          28.595458
        ]
      },
      "properties": {
        "id": "5:11",
        "entity_id": "poi:military:5:11",
        "feature_class": "military",
        "poi_type": "regiment",
        "name": "12th (New Sagelia) Regiment",
        "state_id": 5,
        "strength": 26,
        "icon": "🏹",
        "rank": 3,
        "minzoom": 7
      }
    },
    {
      "type": "Feature",
      "geometry": {
        "type": "Point",
        "coordinates": [
          21.642578,
          30.685657
        ]
      },
      "properties": {
        "id": "5:12",
        "entity_id": "poi:military:5:12",
        "feature_class": "military",
        "poi_type": "fleet",
        "name": "1st Fleet",
        "state_id": 5,
        "strength": 18,
        "icon": "🌊",
        "rank": 3,
        "minzoom": 7
      }
    },
    {
      "type": "Feature",
      "geometry": {
        "type": "Point",
        "coordinates": [
          19.639017,
          34.170916
        ]
      },
      "properties": {
        "id": "5:13",
        "entity_id": "poi:military:5:13",
        "feature_class": "military",
        "poi_type": "fleet",
        "name": "2nd Fleet",
        "state_id": 5,
        "strength": 6,
        "icon": "🌊",
        "rank": 3,
        "minzoom": 7
      }
    },
    {
      "type": "Feature",
      "geometry": {
        "type": "Point",
        "coordinates": [
          20.221236,
          27.95004
        ]
      },
      "properties": {
        "id": "5:14",
        "entity_id": "poi:military:5:14",
        "feature_class": "military",
        "poi_type": "fleet",
        "name": "3rd Fleet",
        "state_id": 5,
        "strength": 5,
        "icon": "🌊",
        "rank": 3,
        "minzoom": 7
      }
    },
    {
      "type": "Feature",
      "geometry": {
        "type": "Point",
        "coordinates": [
          20.536983,
          31.919124
        ]
      },
      "properties": {
        "id": "5:15",
        "entity_id": "poi:military:5:15",
        "feature_class": "military",
        "poi_type": "fleet",
        "name": "4th Fleet",
        "state_id": 5,
        "strength": 3,
        "icon": "🌊",
        "rank": 3,
        "minzoom": 7
      }
    },
    {
      "type": "Feature",
      "geometry": {
        "type": "Point",
        "coordinates": [
          -21.278512,
          17.36996
        ]
      },
      "properties": {
        "id": "6:0",
        "entity_id": "poi:military:6:0",
        "feature_class": "military",
        "poi_type": "regiment",
        "name": "1st (Capra) Regiment",
        "state_id": 6,
        "strength": 5762,
        "icon": "⚔️",
        "rank": 3,
        "minzoom": 7
      }
    },
    {
      "type": "Feature",
      "geometry": {
        "type": "Point",
        "coordinates": [
          -19.213236,
          20.623347
        ]
      },
      "properties": {
        "id": "6:1",
        "entity_id": "poi:military:6:1",
        "feature_class": "military",
        "poi_type": "regiment",
        "name": "2nd (Conterra) Regiment",
        "state_id": 6,
        "strength": 4028,
        "icon": "⚔️",
        "rank": 3,
        "minzoom": 7
      }
    },
    {
      "type": "Feature",
      "geometry": {
        "type": "Point",
        "coordinates": [
          -16.264824,
          21.628765
        ]
      },
      "properties": {
        "id": "6:2",
        "entity_id": "poi:military:6:2",
        "feature_class": "military",
        "poi_type": "regiment",
        "name": "3rd (Serte) Regiment",
        "state_id": 6,
        "strength": 3499,
        "icon": "👑",
        "rank": 3,
        "minzoom": 7
      }
    },
    {
      "type": "Feature",
      "geometry": {
        "type": "Point",
        "coordinates": [
          -22.416638,
          17.86
        ]
      },
      "properties": {
        "id": "6:3",
        "entity_id": "poi:military:6:3",
        "feature_class": "military",
        "poi_type": "regiment",
        "name": "4th (Celleparno) Regiment",
        "state_id": 6,
        "strength": 3409,
        "icon": "⚔️",
        "rank": 3,
        "minzoom": 7
      }
    },
    {
      "type": "Feature",
      "geometry": {
        "type": "Point",
        "coordinates": [
          -18.304266,
          23.535378
        ]
      },
      "properties": {
        "id": "6:4",
        "entity_id": "poi:military:6:4",
        "feature_class": "military",
        "poi_type": "regiment",
        "name": "5th (Sezesezia) Regiment",
        "state_id": 6,
        "strength": 2635,
        "icon": "⚔️",
        "rank": 3,
        "minzoom": 7
      }
    },
    {
      "type": "Feature",
      "geometry": {
        "type": "Point",
        "coordinates": [
          -18.060757,
          20.088367
        ]
      },
      "properties": {
        "id": "6:5",
        "entity_id": "poi:military:6:5",
        "feature_class": "military",
        "poi_type": "regiment",
        "name": "6th (Grotatia) Regiment",
        "state_id": 6,
        "strength": 2335,
        "icon": "🐴",
        "rank": 3,
        "minzoom": 7
      }
    },
    {
      "type": "Feature",
      "geometry": {
        "type": "Point",
        "coordinates": [
          -17.485236,
          24.687092
        ]
      },
      "properties": {
        "id": "6:6",
        "entity_id": "poi:military:6:6",
        "feature_class": "military",
        "poi_type": "regiment",
        "name": "7th (Sezesezia) Regiment",
        "state_id": 6,
        "strength": 2136,
        "icon": "⚔️",
        "rank": 3,
        "minzoom": 7
      }
    },
    {
      "type": "Feature",
      "geometry": {
        "type": "Point",
        "coordinates": [
          -22.528585,
          18.98494
        ]
      },
      "properties": {
        "id": "6:7",
        "entity_id": "poi:military:6:7",
        "feature_class": "military",
        "poi_type": "regiment",
        "name": "8th (Vellena) Regiment",
        "state_id": 6,
        "strength": 2107,
        "icon": "⚔️",
        "rank": 3,
        "minzoom": 7
      }
    },
    {
      "type": "Feature",
      "geometry": {
        "type": "Point",
        "coordinates": [
          -24.003987,
          18.031155
        ]
      },
      "properties": {
        "id": "6:8",
        "entity_id": "poi:military:6:8",
        "feature_class": "military",
        "poi_type": "regiment",
        "name": "9th (Rorumia) Regiment",
        "state_id": 6,
        "strength": 1834,
        "icon": "⚔️",
        "rank": 3,
        "minzoom": 7
      }
    },
    {
      "type": "Feature",
      "geometry": {
        "type": "Point",
        "coordinates": [
          -19.825595,
          22.023665
        ]
      },
      "properties": {
        "id": "6:9",
        "entity_id": "poi:military:6:9",
        "feature_class": "military",
        "poi_type": "regiment",
        "name": "10th (Trino) Regiment",
        "state_id": 6,
        "strength": 1719,
        "icon": "⚔️",
        "rank": 3,
        "minzoom": 7
      }
    },
    {
      "type": "Feature",
      "geometry": {
        "type": "Point",
        "coordinates": [
          -19.759575,
          18.746375
        ]
      },
      "properties": {
        "id": "6:10",
        "entity_id": "poi:military:6:10",
        "feature_class": "military",
        "poi_type": "regiment",
        "name": "11th (Grotatia) Regiment",
        "state_id": 6,
        "strength": 1302,
        "icon": "⚔️",
        "rank": 3,
        "minzoom": 7
      }
    },
    {
      "type": "Feature",
      "geometry": {
        "type": "Point",
        "coordinates": [
          -18.414299,
          23.48757
        ]
      },
      "properties": {
        "id": "6:11",
        "entity_id": "poi:military:6:11",
        "feature_class": "military",
        "poi_type": "fleet",
        "name": "1st Fleet",
        "state_id": 6,
        "strength": 4,
        "icon": "🌊",
        "rank": 3,
        "minzoom": 7
      }
    },
    {
      "type": "Feature",
      "geometry": {
        "type": "Point",
        "coordinates": [
          -16.374857,
          21.561355
        ]
      },
      "properties": {
        "id": "6:12",
        "entity_id": "poi:military:6:12",
        "feature_class": "military",
        "poi_type": "fleet",
        "name": "2nd Fleet",
        "state_id": 6,
        "strength": 3,
        "icon": "🌊",
        "rank": 3,
        "minzoom": 7
      }
    },
    {
      "type": "Feature",
      "geometry": {
        "type": "Point",
        "coordinates": [
          -22.986897,
          19.73506
        ]
      },
      "properties": {
        "id": "6:13",
        "entity_id": "poi:military:6:13",
        "feature_class": "military",
        "poi_type": "fleet",
        "name": "3rd Fleet",
        "state_id": 6,
        "strength": 2,
        "icon": "🌊",
        "rank": 3,
        "minzoom": 7
      }
    },
    {
      "type": "Feature",
      "geometry": {
        "type": "Point",
        "coordinates": [
          19.3979,
          25.028924
        ]
      },
      "properties": {
        "id": "7:0",
        "entity_id": "poi:military:7:0",
        "feature_class": "military",
        "poi_type": "regiment",
        "name": "1st (Cleoleshole) Regiment",
        "state_id": 7,
        "strength": 1924,
        "icon": "⚔️",
        "rank": 3,
        "minzoom": 7
      }
    },
    {
      "type": "Feature",
      "geometry": {
        "type": "Point",
        "coordinates": [
          24.009249,
          26.605657
        ]
      },
      "properties": {
        "id": "7:1",
        "entity_id": "poi:military:7:1",
        "feature_class": "military",
        "poi_type": "regiment",
        "name": "2nd (Searesham) Regiment",
        "state_id": 7,
        "strength": 1883,
        "icon": "🏹",
        "rank": 3,
        "minzoom": 7
      }
    },
    {
      "type": "Feature",
      "geometry": {
        "type": "Point",
        "coordinates": [
          25.973103,
          25.035618
        ]
      },
      "properties": {
        "id": "7:2",
        "entity_id": "poi:military:7:2",
        "feature_class": "military",
        "poi_type": "regiment",
        "name": "3rd (Altnesterby) Regiment",
        "state_id": 7,
        "strength": 1263,
        "icon": "🏹",
        "rank": 3,
        "minzoom": 7
      }
    },
    {
      "type": "Feature",
      "geometry": {
        "type": "Point",
        "coordinates": [
          21.964066,
          26.456494
        ]
      },
      "properties": {
        "id": "7:3",
        "entity_id": "poi:military:7:3",
        "feature_class": "military",
        "poi_type": "regiment",
        "name": "4th (Skiptonbury) Regiment",
        "state_id": 7,
        "strength": 1177,
        "icon": "🏹",
        "rank": 3,
        "minzoom": 7
      }
    },
    {
      "type": "Feature",
      "geometry": {
        "type": "Point",
        "coordinates": [
          18.826206,
          24.160239
        ]
      },
      "properties": {
        "id": "7:4",
        "entity_id": "poi:military:7:4",
        "feature_class": "military",
        "poi_type": "regiment",
        "name": "5th (Cleoleshole) Regiment",
        "state_id": 7,
        "strength": 1166,
        "icon": "⚔️",
        "rank": 3,
        "minzoom": 7
      }
    },
    {
      "type": "Feature",
      "geometry": {
        "type": "Point",
        "coordinates": [
          27.238007,
          25.720239
        ]
      },
      "properties": {
        "id": "7:5",
        "entity_id": "poi:military:7:5",
        "feature_class": "military",
        "poi_type": "regiment",
        "name": "6th (Altnesterby) Regiment",
        "state_id": 7,
        "strength": 1112,
        "icon": "🏹",
        "rank": 3,
        "minzoom": 7
      }
    },
    {
      "type": "Feature",
      "geometry": {
        "type": "Point",
        "coordinates": [
          22.805581,
          25.106375
        ]
      },
      "properties": {
        "id": "7:6",
        "entity_id": "poi:military:7:6",
        "feature_class": "military",
        "poi_type": "regiment",
        "name": "7th (Cocheapton) Regiment",
        "state_id": 7,
        "strength": 884,
        "icon": "⚔️",
        "rank": 3,
        "minzoom": 7
      }
    },
    {
      "type": "Feature",
      "geometry": {
        "type": "Point",
        "coordinates": [
          17.896186,
          27.526932
        ]
      },
      "properties": {
        "id": "7:7",
        "entity_id": "poi:military:7:7",
        "feature_class": "military",
        "poi_type": "regiment",
        "name": "8th (Binghambe) Regiment",
        "state_id": 7,
        "strength": 883,
        "icon": "🏹",
        "rank": 3,
        "minzoom": 7
      }
    },
    {
      "type": "Feature",
      "geometry": {
        "type": "Point",
        "coordinates": [
          18.64202,
          25.844064
        ]
      },
      "properties": {
        "id": "7:8",
        "entity_id": "poi:military:7:8",
        "feature_class": "military",
        "poi_type": "regiment",
        "name": "9th (Cleoleshole) Regiment",
        "state_id": 7,
        "strength": 839,
        "icon": "⚔️",
        "rank": 3,
        "minzoom": 7
      }
    },
    {
      "type": "Feature",
      "geometry": {
        "type": "Point",
        "coordinates": [
          21.954977,
          24.162151
        ]
      },
      "properties": {
        "id": "7:9",
        "entity_id": "poi:military:7:9",
        "feature_class": "military",
        "poi_type": "regiment",
        "name": "10th (Winetonbia) Regiment",
        "state_id": 7,
        "strength": 801,
        "icon": "🏹",
        "rank": 3,
        "minzoom": 7
      }
    },
    {
      "type": "Feature",
      "geometry": {
        "type": "Point",
        "coordinates": [
          22.634312,
          23.063984
        ]
      },
      "properties": {
        "id": "7:10",
        "entity_id": "poi:military:7:10",
        "feature_class": "military",
        "poi_type": "regiment",
        "name": "11th (Winetonbia) Regiment",
        "state_id": 7,
        "strength": 776,
        "icon": "🏹",
        "rank": 3,
        "minzoom": 7
      }
    },
    {
      "type": "Feature",
      "geometry": {
        "type": "Point",
        "coordinates": [
          20.044704,
          23.681195
        ]
      },
      "properties": {
        "id": "7:11",
        "entity_id": "poi:military:7:11",
        "feature_class": "military",
        "poi_type": "regiment",
        "name": "12th (Mitherslia) Regiment",
        "state_id": 7,
        "strength": 640,
        "icon": "⚔️",
        "rank": 3,
        "minzoom": 7
      }
    },
    {
      "type": "Feature",
      "geometry": {
        "type": "Point",
        "coordinates": [
          26.843322,
          27.707171
        ]
      },
      "properties": {
        "id": "7:12",
        "entity_id": "poi:military:7:12",
        "feature_class": "military",
        "poi_type": "regiment",
        "name": "13th (Crafland) Regiment",
        "state_id": 7,
        "strength": 383,
        "icon": "🏹",
        "rank": 3,
        "minzoom": 7
      }
    },
    {
      "type": "Feature",
      "geometry": {
        "type": "Point",
        "coordinates": [
          21.861688,
          26.305896
        ]
      },
      "properties": {
        "id": "7:13",
        "entity_id": "poi:military:7:13",
        "feature_class": "military",
        "poi_type": "fleet",
        "name": "1st Fleet",
        "state_id": 7,
        "strength": 3,
        "icon": "🌊",
        "rank": 3,
        "minzoom": 7
      }
    },
    {
      "type": "Feature",
      "geometry": {
        "type": "Point",
        "coordinates": [
          26.899774,
          27.658884
        ]
      },
      "properties": {
        "id": "7:14",
        "entity_id": "poi:military:7:14",
        "feature_class": "military",
        "poi_type": "fleet",
        "name": "2nd Fleet",
        "state_id": 7,
        "strength": 2,
        "icon": "🌊",
        "rank": 3,
        "minzoom": 7
      }
    },
    {
      "type": "Feature",
      "geometry": {
        "type": "Point",
        "coordinates": [
          23.146684,
          27.723904
        ]
      },
      "properties": {
        "id": "7:15",
        "entity_id": "poi:military:7:15",
        "feature_class": "military",
        "poi_type": "fleet",
        "name": "3rd Fleet",
        "state_id": 7,
        "strength": 1,
        "icon": "🌊",
        "rank": 3,
        "minzoom": 7
      }
    },
    {
      "type": "Feature",
      "geometry": {
        "type": "Point",
        "coordinates": [
          22.708465,
          25.175697
        ]
      },
      "properties": {
        "id": "7:16",
        "entity_id": "poi:military:7:16",
        "feature_class": "military",
        "poi_type": "fleet",
        "name": "4th Fleet",
        "state_id": 7,
        "strength": 1,
        "icon": "🌊",
        "rank": 3,
        "minzoom": 7
      }
    },
    {
      "type": "Feature",
      "geometry": {
        "type": "Point",
        "coordinates": [
          -10.644518,
          27.759761
        ]
      },
      "properties": {
        "id": "8:0",
        "entity_id": "poi:military:8:0",
        "feature_class": "military",
        "poi_type": "regiment",
        "name": "1st (Belternia) Regiment",
        "state_id": 8,
        "strength": 18332,
        "icon": "⚔️",
        "rank": 3,
        "minzoom": 7
      }
    },
    {
      "type": "Feature",
      "geometry": {
        "type": "Point",
        "coordinates": [
          -10.218738,
          26.894422
        ]
      },
      "properties": {
        "id": "8:1",
        "entity_id": "poi:military:8:1",
        "feature_class": "military",
        "poi_type": "regiment",
        "name": "2nd (Pfafringen) Regiment",
        "state_id": 8,
        "strength": 4996,
        "icon": "👑",
        "rank": 3,
        "minzoom": 7
      }
    },
    {
      "type": "Feature",
      "geometry": {
        "type": "Point",
        "coordinates": [
          -11.562578,
          26.550677
        ]
      },
      "properties": {
        "id": "8:2",
        "entity_id": "poi:military:8:2",
        "feature_class": "military",
        "poi_type": "regiment",
        "name": "3rd (Bazyoleli) Regiment",
        "state_id": 8,
        "strength": 4674,
        "icon": "🏹",
        "rank": 3,
        "minzoom": 7
      }
    },
    {
      "type": "Feature",
      "geometry": {
        "type": "Point",
        "coordinates": [
          -9.174379,
          26.463665
        ]
      },
      "properties": {
        "id": "8:3",
        "entity_id": "poi:military:8:3",
        "feature_class": "military",
        "poi_type": "regiment",
        "name": "4th (Bazyoleli) Regiment",
        "state_id": 8,
        "strength": 1206,
        "icon": "🏹",
        "rank": 3,
        "minzoom": 7
      }
    },
    {
      "type": "Feature",
      "geometry": {
        "type": "Point",
        "coordinates": [
          -10.438326,
          27.626375
        ]
      },
      "properties": {
        "id": "8:4",
        "entity_id": "poi:military:8:4",
        "feature_class": "military",
        "poi_type": "fleet",
        "name": "1st Fleet",
        "state_id": 8,
        "strength": 4,
        "icon": "🌊",
        "rank": 3,
        "minzoom": 7
      }
    },
    {
      "type": "Feature",
      "geometry": {
        "type": "Point",
        "coordinates": [
          -10.475641,
          25.914821
        ]
      },
      "properties": {
        "id": "8:5",
        "entity_id": "poi:military:8:5",
        "feature_class": "military",
        "poi_type": "fleet",
        "name": "2nd Fleet",
        "state_id": 8,
        "strength": 2,
        "icon": "🌊",
        "rank": 3,
        "minzoom": 7
      }
    },
    {
      "type": "Feature",
      "geometry": {
        "type": "Point",
        "coordinates": [
          -8.463468,
          27.325657
        ]
      },
      "properties": {
        "id": "8:6",
        "entity_id": "poi:military:8:6",
        "feature_class": "military",
        "poi_type": "fleet",
        "name": "3rd Fleet",
        "state_id": 8,
        "strength": 1,
        "icon": "🌊",
        "rank": 3,
        "minzoom": 7
      }
    },
    {
      "type": "Feature",
      "geometry": {
        "type": "Point",
        "coordinates": [
          -8.193169,
          28.651873
        ]
      },
      "properties": {
        "id": "8:7",
        "entity_id": "poi:military:8:7",
        "feature_class": "military",
        "poi_type": "fleet",
        "name": "4th Fleet",
        "state_id": 8,
        "strength": 1,
        "icon": "🌊",
        "rank": 3,
        "minzoom": 7
      }
    },
    {
      "type": "Feature",
      "geometry": {
        "type": "Point",
        "coordinates": [
          -15.213767,
          24.966295
        ]
      },
      "properties": {
        "id": "9:0",
        "entity_id": "poi:military:9:0",
        "feature_class": "military",
        "poi_type": "regiment",
        "name": "1st (Selstadt) Regiment",
        "state_id": 9,
        "strength": 1053,
        "icon": "⚔️",
        "rank": 3,
        "minzoom": 7
      }
    },
    {
      "type": "Feature",
      "geometry": {
        "type": "Point",
        "coordinates": [
          -15.41996,
          23.725657
        ]
      },
      "properties": {
        "id": "9:1",
        "entity_id": "poi:military:9:1",
        "feature_class": "military",
        "poi_type": "regiment",
        "name": "2nd (Hagendorf) Regiment",
        "state_id": 9,
        "strength": 1045,
        "icon": "⚔️",
        "rank": 3,
        "minzoom": 7
      }
    },
    {
      "type": "Feature",
      "geometry": {
        "type": "Point",
        "coordinates": [
          -13.606804,
          27.048845
        ]
      },
      "properties": {
        "id": "9:2",
        "entity_id": "poi:military:9:2",
        "feature_class": "military",
        "poi_type": "regiment",
        "name": "3rd (Schaldenia) Regiment",
        "state_id": 9,
        "strength": 590,
        "icon": "⚔️",
        "rank": 3,
        "minzoom": 7
      }
    },
    {
      "type": "Feature",
      "geometry": {
        "type": "Point",
        "coordinates": [
          -16.249993,
          24.967251
        ]
      },
      "properties": {
        "id": "9:3",
        "entity_id": "poi:military:9:3",
        "feature_class": "military",
        "poi_type": "regiment",
        "name": "4th (Hagendorf) Regiment",
        "state_id": 9,
        "strength": 464,
        "icon": "⚔️",
        "rank": 3,
        "minzoom": 7
      }
    },
    {
      "type": "Feature",
      "geometry": {
        "type": "Point",
        "coordinates": [
          -14.312452,
          24.269721
        ]
      },
      "properties": {
        "id": "9:4",
        "entity_id": "poi:military:9:4",
        "feature_class": "military",
        "poi_type": "regiment",
        "name": "5th (Schaldenia) Regiment",
        "state_id": 9,
        "strength": 395,
        "icon": "⚔️",
        "rank": 3,
        "minzoom": 7
      }
    },
    {
      "type": "Feature",
      "geometry": {
        "type": "Point",
        "coordinates": [
          -11.597023,
          30.299841
        ]
      },
      "properties": {
        "id": "10:0",
        "entity_id": "poi:military:10:0",
        "feature_class": "military",
        "poi_type": "regiment",
        "name": "1st (Kurania) Regiment",
        "state_id": 10,
        "strength": 5870,
        "icon": "⚔️",
        "rank": 3,
        "minzoom": 7
      }
    },
    {
      "type": "Feature",
      "geometry": {
        "type": "Point",
        "coordinates": [
          -10.828704,
          30.981594
        ]
      },
      "properties": {
        "id": "10:1",
        "entity_id": "poi:military:10:1",
        "feature_class": "military",
        "poi_type": "regiment",
        "name": "2nd (Kurania) Regiment",
        "state_id": 10,
        "strength": 4084,
        "icon": "🏹",
        "rank": 3,
        "minzoom": 7
      }
    },
    {
      "type": "Feature",
      "geometry": {
        "type": "Point",
        "coordinates": [
          -11.644864,
          32.762948
        ]
      },
      "properties": {
        "id": "10:2",
        "entity_id": "poi:military:10:2",
        "feature_class": "military",
        "poi_type": "regiment",
        "name": "3rd (Sasjarvia) Regiment",
        "state_id": 10,
        "strength": 3899,
        "icon": "⚔️",
        "rank": 3,
        "minzoom": 7
      }
    },
    {
      "type": "Feature",
      "geometry": {
        "type": "Point",
        "coordinates": [
          -9.775256,
          31.116892
        ]
      },
      "properties": {
        "id": "10:3",
        "entity_id": "poi:military:10:3",
        "feature_class": "military",
        "poi_type": "regiment",
        "name": "4th (Resia) Regiment",
        "state_id": 10,
        "strength": 3592,
        "icon": "🏹",
        "rank": 3,
        "minzoom": 7
      }
    },
    {
      "type": "Feature",
      "geometry": {
        "type": "Point",
        "coordinates": [
          -8.979668,
          36.781275
        ]
      },
      "properties": {
        "id": "10:4",
        "entity_id": "poi:military:10:4",
        "feature_class": "military",
        "poi_type": "regiment",
        "name": "5th (Raritavori) Regiment",
        "state_id": 10,
        "strength": 2128,
        "icon": "🏹",
        "rank": 3,
        "minzoom": 7
      }
    },
    {
      "type": "Feature",
      "geometry": {
        "type": "Point",
        "coordinates": [
          -10.54501,
          35.078805
        ]
      },
      "properties": {
        "id": "10:5",
        "entity_id": "poi:military:10:5",
        "feature_class": "military",
        "poi_type": "regiment",
        "name": "6th (New Turanmaa) Regiment",
        "state_id": 10,
        "strength": 2074,
        "icon": "🏹",
        "rank": 3,
        "minzoom": 7
      }
    },
    {
      "type": "Feature",
      "geometry": {
        "type": "Point",
        "coordinates": [
          -10.438804,
          36.113865
        ]
      },
      "properties": {
        "id": "10:6",
        "entity_id": "poi:military:10:6",
        "feature_class": "military",
        "poi_type": "regiment",
        "name": "7th (New Turanmaa) Regiment",
        "state_id": 10,
        "strength": 1973,
        "icon": "🏹",
        "rank": 3,
        "minzoom": 7
      }
    },
    {
      "type": "Feature",
      "geometry": {
        "type": "Point",
        "coordinates": [
          -6.784744,
          41.12996
        ]
      },
      "properties": {
        "id": "10:7",
        "entity_id": "poi:military:10:7",
        "feature_class": "military",
        "poi_type": "regiment",
        "name": "8th (New Turanmaa) Regiment",
        "state_id": 10,
        "strength": 1655,
        "icon": "🏹",
        "rank": 3,
        "minzoom": 7
      }
    },
    {
      "type": "Feature",
      "geometry": {
        "type": "Point",
        "coordinates": [
          -7.469342,
          39.950996
        ]
      },
      "properties": {
        "id": "10:8",
        "entity_id": "poi:military:10:8",
        "feature_class": "military",
        "poi_type": "regiment",
        "name": "9th (New Turanmaa) Regiment",
        "state_id": 10,
        "strength": 1631,
        "icon": "🏹",
        "rank": 3,
        "minzoom": 7
      }
    },
    {
      "type": "Feature",
      "geometry": {
        "type": "Point",
        "coordinates": [
          -11.419056,
          34.214422
        ]
      },
      "properties": {
        "id": "10:9",
        "entity_id": "poi:military:10:9",
        "feature_class": "military",
        "poi_type": "regiment",
        "name": "10th (New Sasjarvia) Regiment",
        "state_id": 10,
        "strength": 1278,
        "icon": "🏹",
        "rank": 3,
        "minzoom": 7
      }
    },
    {
      "type": "Feature",
      "geometry": {
        "type": "Point",
        "coordinates": [
          -8.29794,
          39.320876
        ]
      },
      "properties": {
        "id": "10:10",
        "entity_id": "poi:military:10:10",
        "feature_class": "military",
        "poi_type": "regiment",
        "name": "11th (New Turanmaa) Regiment",
        "state_id": 10,
        "strength": 962,
        "icon": "🏹",
        "rank": 3,
        "minzoom": 7
      }
    },
    {
      "type": "Feature",
      "geometry": {
        "type": "Point",
        "coordinates": [
          -14.03402,
          33.263506
        ]
      },
      "properties": {
        "id": "10:11",
        "entity_id": "poi:military:10:11",
        "feature_class": "military",
        "poi_type": "regiment",
        "name": "12th (New Sasjarvia) Regiment",
        "state_id": 10,
        "strength": 900,
        "icon": "⚔️",
        "rank": 3,
        "minzoom": 7
      }
    },
    {
      "type": "Feature",
      "geometry": {
        "type": "Point",
        "coordinates": [
          -13.041329,
          33.841036
        ]
      },
      "properties": {
        "id": "10:12",
        "entity_id": "poi:military:10:12",
        "feature_class": "military",
        "poi_type": "regiment",
        "name": "13th (New Sasjarvia) Regiment",
        "state_id": 10,
        "strength": 843,
        "icon": "🏹",
        "rank": 3,
        "minzoom": 7
      }
    },
    {
      "type": "Feature",
      "geometry": {
        "type": "Point",
        "coordinates": [
          -12.034764,
          37.030837
        ]
      },
      "properties": {
        "id": "10:13",
        "entity_id": "poi:military:10:13",
        "feature_class": "military",
        "poi_type": "regiment",
        "name": "14th (New Turanmaa) Regiment",
        "state_id": 10,
        "strength": 780,
        "icon": "🏹",
        "rank": 3,
        "minzoom": 7
      }
    },
    {
      "type": "Feature",
      "geometry": {
        "type": "Point",
        "coordinates": [
          -7.977887,
          36.989243
        ]
      },
      "properties": {
        "id": "10:14",
        "entity_id": "poi:military:10:14",
        "feature_class": "military",
        "poi_type": "regiment",
        "name": "15th (Raritavori) Regiment",
        "state_id": 10,
        "strength": 694,
        "icon": "🏹",
        "rank": 3,
        "minzoom": 7
      }
    },
    {
      "type": "Feature",
      "geometry": {
        "type": "Point",
        "coordinates": [
          -8.993063,
          40.309084
        ]
      },
      "properties": {
        "id": "10:15",
        "entity_id": "poi:military:10:15",
        "feature_class": "military",
        "poi_type": "regiment",
        "name": "16th (New Turanmaa) Regiment",
        "state_id": 10,
        "strength": 485,
        "icon": "🏹",
        "rank": 3,
        "minzoom": 7
      }
    },
    {
      "type": "Feature",
      "geometry": {
        "type": "Point",
        "coordinates": [
          -6.418286,
          44.300637
        ]
      },
      "properties": {
        "id": "10:16",
        "entity_id": "poi:military:10:16",
        "feature_class": "military",
        "poi_type": "regiment",
        "name": "17th (New Raritavori) Regiment",
        "state_id": 10,
        "strength": 210,
        "icon": "🏹",
        "rank": 3,
        "minzoom": 7
      }
    },
    {
      "type": "Feature",
      "geometry": {
        "type": "Point",
        "coordinates": [
          -18.207628,
          40.01506
        ]
      },
      "properties": {
        "id": "10:17",
        "entity_id": "poi:military:10:17",
        "feature_class": "military",
        "poi_type": "regiment",
        "name": "18th (Helsolenia) Regiment",
        "state_id": 10,
        "strength": 27,
        "icon": "🏹",
        "rank": 3,
        "minzoom": 7
      }
    },
    {
      "type": "Feature",
      "geometry": {
        "type": "Point",
        "coordinates": [
          -16.067721,
          38.584143
        ]
      },
      "properties": {
        "id": "10:18",
        "entity_id": "poi:military:10:18",
        "feature_class": "military",
        "poi_type": "regiment",
        "name": "19th (Helsolenia) Regiment",
        "state_id": 10,
        "strength": 2,
        "icon": "🏹",
        "rank": 3,
        "minzoom": 7
      }
    },
    {
      "type": "Feature",
      "geometry": {
        "type": "Point",
        "coordinates": [
          -11.416186,
          31.818247
        ]
      },
      "properties": {
        "id": "10:19",
        "entity_id": "poi:military:10:19",
        "feature_class": "military",
        "poi_type": "fleet",
        "name": "1st Fleet",
        "state_id": 10,
        "strength": 2,
        "icon": "🌊",
        "rank": 3,
        "minzoom": 7
      }
    },
    {
      "type": "Feature",
      "geometry": {
        "type": "Point",
        "coordinates": [
          -12.085953,
          34.777131
        ]
      },
      "properties": {
        "id": "10:20",
        "entity_id": "poi:military:10:20",
        "feature_class": "military",
        "poi_type": "fleet",
        "name": "2nd Fleet",
        "state_id": 10,
        "strength": 1,
        "icon": "🌊",
        "rank": 3,
        "minzoom": 7
      }
    },
    {
      "type": "Feature",
      "geometry": {
        "type": "Point",
        "coordinates": [
          -9.058605,
          36.70239
        ]
      },
      "properties": {
        "id": "10:21",
        "entity_id": "poi:military:10:21",
        "feature_class": "military",
        "poi_type": "fleet",
        "name": "3rd Fleet",
        "state_id": 10,
        "strength": 1,
        "icon": "🌊",
        "rank": 3,
        "minzoom": 7
      }
    },
    {
      "type": "Feature",
      "geometry": {
        "type": "Point",
        "coordinates": [
          -22.776877,
          22.568207
        ]
      },
      "properties": {
        "id": "11:0",
        "entity_id": "poi:military:11:0",
        "feature_class": "military",
        "poi_type": "regiment",
        "name": "1st (Lantaimancheb) Regiment",
        "state_id": 11,
        "strength": 1033,
        "icon": "⚔️",
        "rank": 3,
        "minzoom": 7
      }
    },
    {
      "type": "Feature",
      "geometry": {
        "type": "Point",
        "coordinates": [
          -20.633621,
          20.32741
        ]
      },
      "properties": {
        "id": "11:1",
        "entity_id": "poi:military:11:1",
        "feature_class": "military",
        "poi_type": "regiment",
        "name": "2nd (Giupolia) Regiment",
        "state_id": 11,
        "strength": 794,
        "icon": "⚔️",
        "rank": 3,
        "minzoom": 7
      }
    },
    {
      "type": "Feature",
      "geometry": {
        "type": "Point",
        "coordinates": [
          -23.722684,
          21.868287
        ]
      },
      "properties": {
        "id": "11:2",
        "entity_id": "poi:military:11:2",
        "feature_class": "military",
        "poi_type": "regiment",
        "name": "3rd (Bolinadusia) Regiment",
        "state_id": 11,
        "strength": 442,
        "icon": "⚔️",
        "rank": 3,
        "minzoom": 7
      }
    },
    {
      "type": "Feature",
      "geometry": {
        "type": "Point",
        "coordinates": [
          -20.929754,
          22.26749
        ]
      },
      "properties": {
        "id": "11:3",
        "entity_id": "poi:military:11:3",
        "feature_class": "military",
        "poi_type": "regiment",
        "name": "4th (Montcria) Regiment",
        "state_id": 11,
        "strength": 387,
        "icon": "⚔️",
        "rank": 3,
        "minzoom": 7
      }
    },
    {
      "type": "Feature",
      "geometry": {
        "type": "Point",
        "coordinates": [
          3.703814,
          33.995936
        ]
      },
      "properties": {
        "id": "12:0",
        "entity_id": "poi:military:12:0",
        "feature_class": "military",
        "poi_type": "regiment",
        "name": "1st (Sivrek) Regiment",
        "state_id": 12,
        "strength": 3151,
        "icon": "🏹",
        "rank": 3,
        "minzoom": 7
      }
    },
    {
      "type": "Feature",
      "geometry": {
        "type": "Point",
        "coordinates": [
          -4.213316,
          31.48741
        ]
      },
      "properties": {
        "id": "12:1",
        "entity_id": "poi:military:12:1",
        "feature_class": "military",
        "poi_type": "regiment",
        "name": "2nd (Paisa) Regiment",
        "state_id": 12,
        "strength": 3132,
        "icon": "🏹",
        "rank": 3,
        "minzoom": 7
      }
    },
    {
      "type": "Feature",
      "geometry": {
        "type": "Point",
        "coordinates": [
          2.81685,
          28.853147
        ]
      },
      "properties": {
        "id": "12:2",
        "entity_id": "poi:military:12:2",
        "feature_class": "military",
        "poi_type": "regiment",
        "name": "3rd (Erlyurt) Regiment",
        "state_id": 12,
        "strength": 2669,
        "icon": "🏹",
        "rank": 3,
        "minzoom": 7
      }
    },
    {
      "type": "Feature",
      "geometry": {
        "type": "Point",
        "coordinates": [
          -0.768797,
          31.066215
        ]
      },
      "properties": {
        "id": "12:3",
        "entity_id": "poi:military:12:3",
        "feature_class": "military",
        "poi_type": "regiment",
        "name": "4th (Galu) Regiment",
        "state_id": 12,
        "strength": 2494,
        "icon": "🏹",
        "rank": 3,
        "minzoom": 7
      }
    },
    {
      "type": "Feature",
      "geometry": {
        "type": "Point",
        "coordinates": [
          6.030299,
          29.513865
        ]
      },
      "properties": {
        "id": "12:4",
        "entity_id": "poi:military:12:4",
        "feature_class": "military",
        "poi_type": "regiment",
        "name": "5th (Kumkaroke) Regiment",
        "state_id": 12,
        "strength": 2440,
        "icon": "🏹",
        "rank": 3,
        "minzoom": 7
      }
    },
    {
      "type": "Feature",
      "geometry": {
        "type": "Point",
        "coordinates": [
          0.607575,
          22.017928
        ]
      },
      "properties": {
        "id": "12:5",
        "entity_id": "poi:military:12:5",
        "feature_class": "military",
        "poi_type": "regiment",
        "name": "6th (Yayaztopyurt) Regiment",
        "state_id": 12,
        "strength": 2193,
        "icon": "⚔️",
        "rank": 3,
        "minzoom": 7
      }
    },
    {
      "type": "Feature",
      "geometry": {
        "type": "Point",
        "coordinates": [
          -0.679814,
          24.133466
        ]
      },
      "properties": {
        "id": "12:6",
        "entity_id": "poi:military:12:6",
        "feature_class": "military",
        "poi_type": "regiment",
        "name": "7th (Ayaneli) Regiment",
        "state_id": 12,
        "strength": 2153,
        "icon": "⚔️",
        "rank": 3,
        "minzoom": 7
      }
    },
    {
      "type": "Feature",
      "geometry": {
        "type": "Point",
        "coordinates": [
          2.295389,
          30.468606
        ]
      },
      "properties": {
        "id": "12:7",
        "entity_id": "poi:military:12:7",
        "feature_class": "military",
        "poi_type": "regiment",
        "name": "8th (Ayana) Regiment",
        "state_id": 12,
        "strength": 1940,
        "icon": "⚔️",
        "rank": 3,
        "minzoom": 7
      }
    },
    {
      "type": "Feature",
      "geometry": {
        "type": "Point",
        "coordinates": [
          2.525023,
          23.26
        ]
      },
      "properties": {
        "id": "12:8",
        "entity_id": "poi:military:12:8",
        "feature_class": "military",
        "poi_type": "regiment",
        "name": "9th (Kesenbyurt) Regiment",
        "state_id": 12,
        "strength": 1931,
        "icon": "⚔️",
        "rank": 3,
        "minzoom": 7
      }
    },
    {
      "type": "Feature",
      "geometry": {
        "type": "Point",
        "coordinates": [
          -0.076545,
          29.681673
        ]
      },
      "properties": {
        "id": "12:9",
        "entity_id": "poi:military:12:9",
        "feature_class": "military",
        "poi_type": "regiment",
        "name": "10th (Sazeli) Regiment",
        "state_id": 12,
        "strength": 1737,
        "icon": "🏹",
        "rank": 3,
        "minzoom": 7
      }
    },
    {
      "type": "Feature",
      "geometry": {
        "type": "Point",
        "coordinates": [
          -5.660013,
          26.733785
        ]
      },
      "properties": {
        "id": "12:10",
        "entity_id": "poi:military:12:10",
        "feature_class": "military",
        "poi_type": "regiment",
        "name": "11th (Derinbey) Regiment",
        "state_id": 12,
        "strength": 1698,
        "icon": "🏹",
        "rank": 3,
        "minzoom": 7
      }
    },
    {
      "type": "Feature",
      "geometry": {
        "type": "Point",
        "coordinates": [
          -3.909528,
          34.949721
        ]
      },
      "properties": {
        "id": "12:11",
        "entity_id": "poi:military:12:11",
        "feature_class": "military",
        "poi_type": "regiment",
        "name": "12th (Ytelen) Regiment",
        "state_id": 12,
        "strength": 1519,
        "icon": "🏹",
        "rank": 3,
        "minzoom": 7
      }
    },
    {
      "type": "Feature",
      "geometry": {
        "type": "Point",
        "coordinates": [
          -3.34788,
          36.12247
        ]
      },
      "properties": {
        "id": "12:12",
        "entity_id": "poi:military:12:12",
        "feature_class": "military",
        "poi_type": "regiment",
        "name": "13th (Abeynak) Regiment",
        "state_id": 12,
        "strength": 1493,
        "icon": "🏹",
        "rank": 3,
        "minzoom": 7
      }
    },
    {
      "type": "Feature",
      "geometry": {
        "type": "Point",
        "coordinates": [
          -6.51301,
          32.732829
        ]
      },
      "properties": {
        "id": "12:13",
        "entity_id": "poi:military:12:13",
        "feature_class": "military",
        "poi_type": "regiment",
        "name": "14th (Paisa) Regiment",
        "state_id": 12,
        "strength": 1445,
        "icon": "🏹",
        "rank": 3,
        "minzoom": 7
      }
    },
    {
      "type": "Feature",
      "geometry": {
        "type": "Point",
        "coordinates": [
          7.000027,
          27.731076
        ]
      },
      "properties": {
        "id": "12:14",
        "entity_id": "poi:military:12:14",
        "feature_class": "military",
        "poi_type": "regiment",
        "name": "15th (Eriyurt) Regiment",
        "state_id": 12,
        "strength": 1384,
        "icon": "🏹",
        "rank": 3,
        "minzoom": 7
      }
    },
    {
      "type": "Feature",
      "geometry": {
        "type": "Point",
        "coordinates": [
          -1.880133,
          32.583665
        ]
      },
      "properties": {
        "id": "12:15",
        "entity_id": "poi:military:12:15",
        "feature_class": "military",
        "poi_type": "regiment",
        "name": "16th (Yeneri) Regiment",
        "state_id": 12,
        "strength": 1365,
        "icon": "⚔️",
        "rank": 3,
        "minzoom": 7
      }
    },
    {
      "type": "Feature",
      "geometry": {
        "type": "Point",
        "coordinates": [
          -4.051615,
          32.695538
        ]
      },
      "properties": {
        "id": "12:16",
        "entity_id": "poi:military:12:16",
        "feature_class": "military",
        "poi_type": "regiment",
        "name": "17th (Erkanesen) Regiment",
        "state_id": 12,
        "strength": 1234,
        "icon": "⚔️",
        "rank": 3,
        "minzoom": 7
      }
    },
    {
      "type": "Feature",
      "geometry": {
        "type": "Point",
        "coordinates": [
          -2.777143,
          33.98494
        ]
      },
      "properties": {
        "id": "12:17",
        "entity_id": "poi:military:12:17",
        "feature_class": "military",
        "poi_type": "regiment",
        "name": "18th (Ytelen) Regiment",
        "state_id": 12,
        "strength": 1177,
        "icon": "⚔️",
        "rank": 3,
        "minzoom": 7
      }
    },
    {
      "type": "Feature",
      "geometry": {
        "type": "Point",
        "coordinates": [
          -6.533103,
          28.512749
        ]
      },
      "properties": {
        "id": "12:18",
        "entity_id": "poi:military:12:18",
        "feature_class": "military",
        "poi_type": "regiment",
        "name": "19th (Sarprakdi) Regiment",
        "state_id": 12,
        "strength": 1135,
        "icon": "🏹",
        "rank": 3,
        "minzoom": 7
      }
    },
    {
      "type": "Feature",
      "geometry": {
        "type": "Point",
        "coordinates": [
          4.052571,
          25.071474
        ]
      },
      "properties": {
        "id": "12:19",
        "entity_id": "poi:military:12:19",
        "feature_class": "military",
        "poi_type": "regiment",
        "name": "20th (Kesenbyurt) Regiment",
        "state_id": 12,
        "strength": 1113,
        "icon": "🏹",
        "rank": 3,
        "minzoom": 7
      }
    },
    {
      "type": "Feature",
      "geometry": {
        "type": "Point",
        "coordinates": [
          0.84008,
          31.736494
        ]
      },
      "properties": {
        "id": "12:20",
        "entity_id": "poi:military:12:20",
        "feature_class": "military",
        "poi_type": "regiment",
        "name": "21st (Galu) Regiment",
        "state_id": 12,
        "strength": 811,
        "icon": "🏹",
        "rank": 3,
        "minzoom": 7
      }
    },
    {
      "type": "Feature",
      "geometry": {
        "type": "Point",
        "coordinates": [
          -8.367309,
          30.293625
        ]
      },
      "properties": {
        "id": "12:21",
        "entity_id": "poi:military:12:21",
        "feature_class": "military",
        "poi_type": "regiment",
        "name": "22nd (Kozyoltay) Regiment",
        "state_id": 12,
        "strength": 777,
        "icon": "⚔️",
        "rank": 3,
        "minzoom": 7
      }
    },
    {
      "type": "Feature",
      "geometry": {
        "type": "Point",
        "coordinates": [
          -5.550937,
          33.566614
        ]
      },
      "properties": {
        "id": "12:22",
        "entity_id": "poi:military:12:22",
        "feature_class": "military",
        "poi_type": "regiment",
        "name": "23rd (Erkanesen) Regiment",
        "state_id": 12,
        "strength": 658,
        "icon": "🏹",
        "rank": 3,
        "minzoom": 7
      }
    },
    {
      "type": "Feature",
      "geometry": {
        "type": "Point",
        "coordinates": [
          5.287814,
          25.808207
        ]
      },
      "properties": {
        "id": "12:23",
        "entity_id": "poi:military:12:23",
        "feature_class": "military",
        "poi_type": "regiment",
        "name": "24th (Alazseren) Regiment",
        "state_id": 12,
        "strength": 624,
        "icon": "🏹",
        "rank": 3,
        "minzoom": 7
      }
    },
    {
      "type": "Feature",
      "geometry": {
        "type": "Point",
        "coordinates": [
          -7.94105,
          33.085657
        ]
      },
      "properties": {
        "id": "12:24",
        "entity_id": "poi:military:12:24",
        "feature_class": "military",
        "poi_type": "regiment",
        "name": "25th (Paisa) Regiment",
        "state_id": 12,
        "strength": 598,
        "icon": "🏹",
        "rank": 3,
        "minzoom": 7
      }
    },
    {
      "type": "Feature",
      "geometry": {
        "type": "Point",
        "coordinates": [
          -0.215282,
          32.588446
        ]
      },
      "properties": {
        "id": "12:25",
        "entity_id": "poi:military:12:25",
        "feature_class": "military",
        "poi_type": "regiment",
        "name": "26th (Galu) Regiment",
        "state_id": 12,
        "strength": 553,
        "icon": "⚔️",
        "rank": 3,
        "minzoom": 7
      }
    },
    {
      "type": "Feature",
      "geometry": {
        "type": "Point",
        "coordinates": [
          -5.234711,
          34.496494
        ]
      },
      "properties": {
        "id": "12:26",
        "entity_id": "poi:military:12:26",
        "feature_class": "military",
        "poi_type": "regiment",
        "name": "27th (Erkanesen) Regiment",
        "state_id": 12,
        "strength": 499,
        "icon": "🏹",
        "rank": 3,
        "minzoom": 7
      }
    },
    {
      "type": "Feature",
      "geometry": {
        "type": "Point",
        "coordinates": [
          5.788226,
          30.969163
        ]
      },
      "properties": {
        "id": "12:27",
        "entity_id": "poi:military:12:27",
        "feature_class": "military",
        "poi_type": "regiment",
        "name": "28th (Kumkaroke) Regiment",
        "state_id": 12,
        "strength": 290,
        "icon": "🏹",
        "rank": 3,
        "minzoom": 7
      }
    },
    {
      "type": "Feature",
      "geometry": {
        "type": "Point",
        "coordinates": [
          0.598007,
          21.855378
        ]
      },
      "properties": {
        "id": "12:28",
        "entity_id": "poi:military:12:28",
        "feature_class": "military",
        "poi_type": "fleet",
        "name": "1st Fleet",
        "state_id": 12,
        "strength": 3,
        "icon": "🌊",
        "rank": 3,
        "minzoom": 7
      }
    },
    {
      "type": "Feature",
      "geometry": {
        "type": "Point",
        "coordinates": [
          -1.564385,
          32.781116
        ]
      },
      "properties": {
        "id": "12:29",
        "entity_id": "poi:military:12:29",
        "feature_class": "military",
        "poi_type": "fleet",
        "name": "2nd Fleet",
        "state_id": 12,
        "strength": 2,
        "icon": "🌊",
        "rank": 3,
        "minzoom": 7
      }
    },
    {
      "type": "Feature",
      "geometry": {
        "type": "Point",
        "coordinates": [
          -3.816718,
          36.983984
        ]
      },
      "properties": {
        "id": "12:30",
        "entity_id": "poi:military:12:30",
        "feature_class": "military",
        "poi_type": "fleet",
        "name": "3rd Fleet",
        "state_id": 12,
        "strength": 2,
        "icon": "🌊",
        "rank": 3,
        "minzoom": 7
      }
    },
    {
      "type": "Feature",
      "geometry": {
        "type": "Point",
        "coordinates": [
          -5.54089,
          29.39243
        ]
      },
      "properties": {
        "id": "12:31",
        "entity_id": "poi:military:12:31",
        "feature_class": "military",
        "poi_type": "fleet",
        "name": "4th Fleet",
        "state_id": 12,
        "strength": 1,
        "icon": "🌊",
        "rank": 3,
        "minzoom": 7
      }
    },
    {
      "type": "Feature",
      "geometry": {
        "type": "Point",
        "coordinates": [
          -1.195535,
          33.987331
        ]
      },
      "properties": {
        "id": "12:32",
        "entity_id": "poi:military:12:32",
        "feature_class": "military",
        "poi_type": "fleet",
        "name": "5th Fleet",
        "state_id": 12,
        "strength": 1,
        "icon": "🌊",
        "rank": 3,
        "minzoom": 7
      }
    },
    {
      "type": "Feature",
      "geometry": {
        "type": "Point",
        "coordinates": [
          -2.180571,
          23.929801
        ]
      },
      "properties": {
        "id": "12:33",
        "entity_id": "poi:military:12:33",
        "feature_class": "military",
        "poi_type": "fleet",
        "name": "6th Fleet",
        "state_id": 12,
        "strength": 1,
        "icon": "🌊",
        "rank": 3,
        "minzoom": 7
      }
    },
    {
      "type": "Feature",
      "geometry": {
        "type": "Point",
        "coordinates": [
          5.017037,
          28.340159
        ]
      },
      "properties": {
        "id": "12:34",
        "entity_id": "poi:military:12:34",
        "feature_class": "military",
        "poi_type": "fleet",
        "name": "7th Fleet",
        "state_id": 12,
        "strength": 1,
        "icon": "🌊",
        "rank": 3,
        "minzoom": 7
      }
    },
    {
      "type": "Feature",
      "geometry": {
        "type": "Point",
        "coordinates": [
          -5.002684,
          26.489482
        ]
      },
      "properties": {
        "id": "12:35",
        "entity_id": "poi:military:12:35",
        "feature_class": "military",
        "poi_type": "fleet",
        "name": "8th Fleet",
        "state_id": 12,
        "strength": 1,
        "icon": "🌊",
        "rank": 3,
        "minzoom": 7
      }
    },
    {
      "type": "Feature",
      "geometry": {
        "type": "Point",
        "coordinates": [
          0.483189,
          28.830677
        ]
      },
      "properties": {
        "id": "12:36",
        "entity_id": "poi:military:12:36",
        "feature_class": "military",
        "poi_type": "fleet",
        "name": "9th Fleet",
        "state_id": 12,
        "strength": 1,
        "icon": "🌊",
        "rank": 3,
        "minzoom": 7
      }
    },
    {
      "type": "Feature",
      "geometry": {
        "type": "Point",
        "coordinates": [
          -24.740252,
          21.572829
        ]
      },
      "properties": {
        "id": "13:0",
        "entity_id": "poi:military:13:0",
        "feature_class": "military",
        "poi_type": "regiment",
        "name": "1st (Messes) Regiment",
        "state_id": 13,
        "strength": 1060,
        "icon": "⚔️",
        "rank": 3,
        "minzoom": 7
      }
    },
    {
      "type": "Feature",
      "geometry": {
        "type": "Point",
        "coordinates": [
          -26.307508,
          21.854422
        ]
      },
      "properties": {
        "id": "13:1",
        "entity_id": "poi:military:13:1",
        "feature_class": "military",
        "poi_type": "regiment",
        "name": "2nd (Combrechienia) Regiment",
        "state_id": 13,
        "strength": 639,
        "icon": "👑",
        "rank": 3,
        "minzoom": 7
      }
    },
    {
      "type": "Feature",
      "geometry": {
        "type": "Point",
        "coordinates": [
          -24.385754,
          19.599283
        ]
      },
      "properties": {
        "id": "13:2",
        "entity_id": "poi:military:13:2",
        "feature_class": "military",
        "poi_type": "regiment",
        "name": "3rd (Camponetevig) Regiment",
        "state_id": 13,
        "strength": 444,
        "icon": "⚔️",
        "rank": 3,
        "minzoom": 7
      }
    },
    {
      "type": "Feature",
      "geometry": {
        "type": "Point",
        "coordinates": [
          -25.221528,
          23.366135
        ]
      },
      "properties": {
        "id": "13:3",
        "entity_id": "poi:military:13:3",
        "feature_class": "military",
        "poi_type": "regiment",
        "name": "4th (Timancheauzo) Regiment",
        "state_id": 13,
        "strength": 408,
        "icon": "🏹",
        "rank": 3,
        "minzoom": 7
      }
    },
    {
      "type": "Feature",
      "geometry": {
        "type": "Point",
        "coordinates": [
          -5.407894,
          21.481036
        ]
      },
      "properties": {
        "id": "14:0",
        "entity_id": "poi:military:14:0",
        "feature_class": "military",
        "poi_type": "regiment",
        "name": "1st (Alprak) Regiment",
        "state_id": 14,
        "strength": 3058,
        "icon": "⚔️",
        "rank": 3,
        "minzoom": 7
      }
    },
    {
      "type": "Feature",
      "geometry": {
        "type": "Point",
        "coordinates": [
          -6.223096,
          19.0949
        ]
      },
      "properties": {
        "id": "14:1",
        "entity_id": "poi:military:14:1",
        "feature_class": "military",
        "poi_type": "regiment",
        "name": "2nd (Azozesbey) Regiment",
        "state_id": 14,
        "strength": 3000,
        "icon": "⚔️",
        "rank": 3,
        "minzoom": 7
      }
    },
    {
      "type": "Feature",
      "geometry": {
        "type": "Point",
        "coordinates": [
          -5.731296,
          17.547809
        ]
      },
      "properties": {
        "id": "14:2",
        "entity_id": "poi:military:14:2",
        "feature_class": "military",
        "poi_type": "regiment",
        "name": "3rd (Erselenyurt) Regiment",
        "state_id": 14,
        "strength": 2910,
        "icon": "⚔️",
        "rank": 3,
        "minzoom": 7
      }
    },
    {
      "type": "Feature",
      "geometry": {
        "type": "Point",
        "coordinates": [
          -7.996545,
          20.316414
        ]
      },
      "properties": {
        "id": "14:3",
        "entity_id": "poi:military:14:3",
        "feature_class": "military",
        "poi_type": "regiment",
        "name": "4th (Yalbe) Regiment",
        "state_id": 14,
        "strength": 1875,
        "icon": "⚔️",
        "rank": 3,
        "minzoom": 7
      }
    },
    {
      "type": "Feature",
      "geometry": {
        "type": "Point",
        "coordinates": [
          -8.34004,
          17.767251
        ]
      },
      "properties": {
        "id": "14:4",
        "entity_id": "poi:military:14:4",
        "feature_class": "military",
        "poi_type": "regiment",
        "name": "5th (Yeli) Regiment",
        "state_id": 14,
        "strength": 1548,
        "icon": "⚔️",
        "rank": 3,
        "minzoom": 7
      }
    },
    {
      "type": "Feature",
      "geometry": {
        "type": "Point",
        "coordinates": [
          -4.607043,
          22.213944
        ]
      },
      "properties": {
        "id": "14:5",
        "entity_id": "poi:military:14:5",
        "feature_class": "military",
        "poi_type": "regiment",
        "name": "6th (Alprak) Regiment",
        "state_id": 14,
        "strength": 1236,
        "icon": "🏹",
        "rank": 3,
        "minzoom": 7
      }
    },
    {
      "type": "Feature",
      "geometry": {
        "type": "Point",
        "coordinates": [
          -7.428678,
          19.173785
        ]
      },
      "properties": {
        "id": "14:6",
        "entity_id": "poi:military:14:6",
        "feature_class": "military",
        "poi_type": "regiment",
        "name": "7th (Yalbe) Regiment",
        "state_id": 14,
        "strength": 1074,
        "icon": "⚔️",
        "rank": 3,
        "minzoom": 7
      }
    },
    {
      "type": "Feature",
      "geometry": {
        "type": "Point",
        "coordinates": [
          0.250206,
          18.534104
        ]
      },
      "properties": {
        "id": "14:7",
        "entity_id": "poi:military:14:7",
        "feature_class": "military",
        "poi_type": "regiment",
        "name": "8th (New Ayayruzun) Regiment",
        "state_id": 14,
        "strength": 1038,
        "icon": "🏹",
        "rank": 3,
        "minzoom": 7
      }
    },
    {
      "type": "Feature",
      "geometry": {
        "type": "Point",
        "coordinates": [
          -4.723296,
          19.843108
        ]
      },
      "properties": {
        "id": "14:8",
        "entity_id": "poi:military:14:8",
        "feature_class": "military",
        "poi_type": "regiment",
        "name": "9th (Umanyurt) Regiment",
        "state_id": 14,
        "strength": 678,
        "icon": "🏹",
        "rank": 3,
        "minzoom": 7
      }
    },
    {
      "type": "Feature",
      "geometry": {
        "type": "Point",
        "coordinates": [
          -5.649967,
          16.148924
        ]
      },
      "properties": {
        "id": "14:9",
        "entity_id": "poi:military:14:9",
        "feature_class": "military",
        "poi_type": "regiment",
        "name": "10th (Yaninok) Regiment",
        "state_id": 14,
        "strength": 594,
        "icon": "🏹",
        "rank": 3,
        "minzoom": 7
      }
    },
    {
      "type": "Feature",
      "geometry": {
        "type": "Point",
        "coordinates": [
          -4.391282,
          16.37506
        ]
      },
      "properties": {
        "id": "14:10",
        "entity_id": "poi:military:14:10",
        "feature_class": "military",
        "poi_type": "regiment",
        "name": "11th (Epelenteli) Regiment",
        "state_id": 14,
        "strength": 495,
        "icon": "🏹",
        "rank": 3,
        "minzoom": 7
      }
    },
    {
      "type": "Feature",
      "geometry": {
        "type": "Point",
        "coordinates": [
          -3.155561,
          11.073068
        ]
      },
      "properties": {
        "id": "14:11",
        "entity_id": "poi:military:14:11",
        "feature_class": "military",
        "poi_type": "regiment",
        "name": "12th (Nobles) Regiment",
        "state_id": 14,
        "strength": 31,
        "icon": "🏹",
        "rank": 3,
        "minzoom": 7
      }
    },
    {
      "type": "Feature",
      "geometry": {
        "type": "Point",
        "coordinates": [
          -4.559203,
          19.823984
        ]
      },
      "properties": {
        "id": "14:12",
        "entity_id": "poi:military:14:12",
        "feature_class": "military",
        "poi_type": "fleet",
        "name": "1st Fleet",
        "state_id": 14,
        "strength": 7,
        "icon": "🌊",
        "rank": 3,
        "minzoom": 7
      }
    },
    {
      "type": "Feature",
      "geometry": {
        "type": "Point",
        "coordinates": [
          -7.944877,
          15.818088
        ]
      },
      "properties": {
        "id": "14:13",
        "entity_id": "poi:military:14:13",
        "feature_class": "military",
        "poi_type": "fleet",
        "name": "2nd Fleet",
        "state_id": 14,
        "strength": 1,
        "icon": "🌊",
        "rank": 3,
        "minzoom": 7
      }
    },
    {
      "type": "Feature",
      "geometry": {
        "type": "Point",
        "coordinates": [
          0.967336,
          19.829721
        ]
      },
      "properties": {
        "id": "14:14",
        "entity_id": "poi:military:14:14",
        "feature_class": "military",
        "poi_type": "fleet",
        "name": "3rd Fleet",
        "state_id": 14,
        "strength": 1,
        "icon": "🌊",
        "rank": 3,
        "minzoom": 7
      }
    },
    {
      "type": "Feature",
      "geometry": {
        "type": "Point",
        "coordinates": [
          -10.822485,
          20.330279
        ]
      },
      "properties": {
        "id": "15:0",
        "entity_id": "poi:military:15:0",
        "feature_class": "military",
        "poi_type": "regiment",
        "name": "1st (Derenkor) Regiment",
        "state_id": 15,
        "strength": 2000,
        "icon": "🏹",
        "rank": 3,
        "minzoom": 7
      }
    },
    {
      "type": "Feature",
      "geometry": {
        "type": "Point",
        "coordinates": [
          -9.319814,
          18.19992
        ]
      },
      "properties": {
        "id": "15:1",
        "entity_id": "poi:military:15:1",
        "feature_class": "military",
        "poi_type": "regiment",
        "name": "2nd (Sereli) Regiment",
        "state_id": 15,
        "strength": 1794,
        "icon": "🏹",
        "rank": 3,
        "minzoom": 7
      }
    },
    {
      "type": "Feature",
      "geometry": {
        "type": "Point",
        "coordinates": [
          -12.262485,
          19.005976
        ]
      },
      "properties": {
        "id": "15:2",
        "entity_id": "poi:military:15:2",
        "feature_class": "military",
        "poi_type": "regiment",
        "name": "3rd (Yeri) Regiment",
        "state_id": 15,
        "strength": 1718,
        "icon": "⚔️",
        "rank": 3,
        "minzoom": 7
      }
    },
    {
      "type": "Feature",
      "geometry": {
        "type": "Point",
        "coordinates": [
          -10.627774,
          18.784143
        ]
      },
      "properties": {
        "id": "15:3",
        "entity_id": "poi:military:15:3",
        "feature_class": "military",
        "poi_type": "regiment",
        "name": "4th (Derenkor) Regiment",
        "state_id": 15,
        "strength": 1482,
        "icon": "👑",
        "rank": 3,
        "minzoom": 7
      }
    },
    {
      "type": "Feature",
      "geometry": {
        "type": "Point",
        "coordinates": [
          -9.394924,
          21.999761
        ]
      },
      "properties": {
        "id": "15:4",
        "entity_id": "poi:military:15:4",
        "feature_class": "military",
        "poi_type": "regiment",
        "name": "5th (New Secilbenzon) Regiment",
        "state_id": 15,
        "strength": 858,
        "icon": "⚔️",
        "rank": 3,
        "minzoom": 7
      }
    },
    {
      "type": "Feature",
      "geometry": {
        "type": "Point",
        "coordinates": [
          -10.445023,
          17.140956
        ]
      },
      "properties": {
        "id": "15:5",
        "entity_id": "poi:military:15:5",
        "feature_class": "military",
        "poi_type": "regiment",
        "name": "6th (Buykuteli) Regiment",
        "state_id": 15,
        "strength": 488,
        "icon": "⚔️",
        "rank": 3,
        "minzoom": 7
      }
    },
    {
      "type": "Feature",
      "geometry": {
        "type": "Point",
        "coordinates": [
          -10.553621,
          17.036255
        ]
      },
      "properties": {
        "id": "15:6",
        "entity_id": "poi:military:15:6",
        "feature_class": "military",
        "poi_type": "fleet",
        "name": "1st Fleet",
        "state_id": 15,
        "strength": 3,
        "icon": "🌊",
        "rank": 3,
        "minzoom": 7
      }
    },
    {
      "type": "Feature",
      "geometry": {
        "type": "Point",
        "coordinates": [
          23.624611,
          17.097928
        ]
      },
      "properties": {
        "id": "16:0",
        "entity_id": "poi:military:16:0",
        "feature_class": "military",
        "poi_type": "regiment",
        "name": "1st (Amphia) Regiment",
        "state_id": 16,
        "strength": 7458,
        "icon": "🏹",
        "rank": 3,
        "minzoom": 7
      }
    },
    {
      "type": "Feature",
      "geometry": {
        "type": "Point",
        "coordinates": [
          20.703947,
          21.979203
        ]
      },
      "properties": {
        "id": "16:1",
        "entity_id": "poi:military:16:1",
        "feature_class": "military",
        "poi_type": "regiment",
        "name": "2nd (Totestable) Regiment",
        "state_id": 16,
        "strength": 6705,
        "icon": "🏹",
        "rank": 3,
        "minzoom": 7
      }
    },
    {
      "type": "Feature",
      "geometry": {
        "type": "Point",
        "coordinates": [
          21.809542,
          19.934422
        ]
      },
      "properties": {
        "id": "16:2",
        "entity_id": "poi:military:16:2",
        "feature_class": "military",
        "poi_type": "regiment",
        "name": "3rd (Totestable) Regiment",
        "state_id": 16,
        "strength": 5452,
        "icon": "🏹",
        "rank": 3,
        "minzoom": 7
      }
    },
    {
      "type": "Feature",
      "geometry": {
        "type": "Point",
        "coordinates": [
          18.34206,
          18.650279
        ]
      },
      "properties": {
        "id": "16:3",
        "entity_id": "poi:military:16:3",
        "feature_class": "military",
        "poi_type": "regiment",
        "name": "4th (Totestable) Regiment",
        "state_id": 16,
        "strength": 3723,
        "icon": "⚔️",
        "rank": 3,
        "minzoom": 7
      }
    },
    {
      "type": "Feature",
      "geometry": {
        "type": "Point",
        "coordinates": [
          19.930844,
          19.371713
        ]
      },
      "properties": {
        "id": "16:4",
        "entity_id": "poi:military:16:4",
        "feature_class": "military",
        "poi_type": "regiment",
        "name": "5th (Totestable) Regiment",
        "state_id": 16,
        "strength": 3664,
        "icon": "⚔️",
        "rank": 3,
        "minzoom": 7
      }
    },
    {
      "type": "Feature",
      "geometry": {
        "type": "Point",
        "coordinates": [
          19.261076,
          16.506534
        ]
      },
      "properties": {
        "id": "16:5",
        "entity_id": "poi:military:16:5",
        "feature_class": "military",
        "poi_type": "regiment",
        "name": "6th (Degaicarnia) Regiment",
        "state_id": 16,
        "strength": 2104,
        "icon": "🏹",
        "rank": 3,
        "minzoom": 7
      }
    },
    {
      "type": "Feature",
      "geometry": {
        "type": "Point",
        "coordinates": [
          19.304133,
          18.359124
        ]
      },
      "properties": {
        "id": "16:6",
        "entity_id": "poi:military:16:6",
        "feature_class": "military",
        "poi_type": "regiment",
        "name": "7th (Pegera) Regiment",
        "state_id": 16,
        "strength": 1795,
        "icon": "🏹",
        "rank": 3,
        "minzoom": 7
      }
    },
    {
      "type": "Feature",
      "geometry": {
        "type": "Point",
        "coordinates": [
          18.524332,
          21.263028
        ]
      },
      "properties": {
        "id": "16:7",
        "entity_id": "poi:military:16:7",
        "feature_class": "military",
        "poi_type": "regiment",
        "name": "8th (Hitchia) Regiment",
        "state_id": 16,
        "strength": 1395,
        "icon": "🏹",
        "rank": 3,
        "minzoom": 7
      }
    },
    {
      "type": "Feature",
      "geometry": {
        "type": "Point",
        "coordinates": [
          21.609568,
          16.548606
        ]
      },
      "properties": {
        "id": "16:8",
        "entity_id": "poi:military:16:8",
        "feature_class": "military",
        "poi_type": "regiment",
        "name": "9th (Amphia) Regiment",
        "state_id": 16,
        "strength": 1208,
        "icon": "🏹",
        "rank": 3,
        "minzoom": 7
      }
    },
    {
      "type": "Feature",
      "geometry": {
        "type": "Point",
        "coordinates": [
          21.470831,
          16.430518
        ]
      },
      "properties": {
        "id": "16:9",
        "entity_id": "poi:military:16:9",
        "feature_class": "military",
        "poi_type": "fleet",
        "name": "1st Fleet",
        "state_id": 16,
        "strength": 1,
        "icon": "🌊",
        "rank": 3,
        "minzoom": 7
      }
    },
    {
      "type": "Feature",
      "geometry": {
        "type": "Point",
        "coordinates": [
          19.392159,
          16.441514
        ]
      },
      "properties": {
        "id": "16:10",
        "entity_id": "poi:military:16:10",
        "feature_class": "military",
        "poi_type": "fleet",
        "name": "2nd Fleet",
        "state_id": 16,
        "strength": 1,
        "icon": "🌊",
        "rank": 3,
        "minzoom": 7
      }
    },
    {
      "type": "Feature",
      "geometry": {
        "type": "Point",
        "coordinates": [
          -13.766591,
          19.569641
        ]
      },
      "properties": {
        "id": "17:0",
        "entity_id": "poi:military:17:0",
        "feature_class": "military",
        "poi_type": "regiment",
        "name": "1st (Galokseki) Regiment",
        "state_id": 17,
        "strength": 5166,
        "icon": "⚔️",
        "rank": 3,
        "minzoom": 7
      }
    },
    {
      "type": "Feature",
      "geometry": {
        "type": "Point",
        "coordinates": [
          -13.600106,
          16.350677
        ]
      },
      "properties": {
        "id": "17:1",
        "entity_id": "poi:military:17:1",
        "feature_class": "military",
        "poi_type": "regiment",
        "name": "2nd (Toprak) Regiment",
        "state_id": 17,
        "strength": 4312,
        "icon": "⚔️",
        "rank": 3,
        "minzoom": 7
      }
    },
    {
      "type": "Feature",
      "geometry": {
        "type": "Point",
        "coordinates": [
          -14.745887,
          20.361355
        ]
      },
      "properties": {
        "id": "17:2",
        "entity_id": "poi:military:17:2",
        "feature_class": "military",
        "poi_type": "regiment",
        "name": "3rd (Yasyurt) Regiment",
        "state_id": 17,
        "strength": 2576,
        "icon": "⚔️",
        "rank": 3,
        "minzoom": 7
      }
    },
    {
      "type": "Feature",
      "geometry": {
        "type": "Point",
        "coordinates": [
          -13.956518,
          21.260637
        ]
      },
      "properties": {
        "id": "17:3",
        "entity_id": "poi:military:17:3",
        "feature_class": "military",
        "poi_type": "regiment",
        "name": "4th (Yasyurt) Regiment",
        "state_id": 17,
        "strength": 1463,
        "icon": "⚔️",
        "rank": 3,
        "minzoom": 7
      }
    },
    {
      "type": "Feature",
      "geometry": {
        "type": "Point",
        "coordinates": [
          -12.73515,
          20.135697
        ]
      },
      "properties": {
        "id": "17:4",
        "entity_id": "poi:military:17:4",
        "feature_class": "military",
        "poi_type": "regiment",
        "name": "5th (Dodurbyurt) Regiment",
        "state_id": 17,
        "strength": 1417,
        "icon": "🏹",
        "rank": 3,
        "minzoom": 7
      }
    },
    {
      "type": "Feature",
      "geometry": {
        "type": "Point",
        "coordinates": [
          -18.331535,
          18.949562
        ]
      },
      "properties": {
        "id": "17:5",
        "entity_id": "poi:military:17:5",
        "feature_class": "military",
        "poi_type": "regiment",
        "name": "6th (Kaltaylyurt) Regiment",
        "state_id": 17,
        "strength": 868,
        "icon": "⚔️",
        "rank": 3,
        "minzoom": 7
      }
    },
    {
      "type": "Feature",
      "geometry": {
        "type": "Point",
        "coordinates": [
          -20.713515,
          13.850757
        ]
      },
      "properties": {
        "id": "17:6",
        "entity_id": "poi:military:17:6",
        "feature_class": "military",
        "poi_type": "regiment",
        "name": "7th (New Toprak) Regiment",
        "state_id": 17,
        "strength": 630,
        "icon": "🏹",
        "rank": 3,
        "minzoom": 7
      }
    },
    {
      "type": "Feature",
      "geometry": {
        "type": "Point",
        "coordinates": [
          -25.420066,
          15.341434
        ]
      },
      "properties": {
        "id": "17:7",
        "entity_id": "poi:military:17:7",
        "feature_class": "military",
        "poi_type": "regiment",
        "name": "8th (Tresiumia) Regiment",
        "state_id": 17,
        "strength": 505,
        "icon": "🏹",
        "rank": 3,
        "minzoom": 7
      }
    },
    {
      "type": "Feature",
      "geometry": {
        "type": "Point",
        "coordinates": [
          -6.525449,
          11.997211
        ]
      },
      "properties": {
        "id": "17:8",
        "entity_id": "poi:military:17:8",
        "feature_class": "military",
        "poi_type": "regiment",
        "name": "9th (Heruesia) Regiment",
        "state_id": 17,
        "strength": 421,
        "icon": "🏹",
        "rank": 3,
        "minzoom": 7
      }
    },
    {
      "type": "Feature",
      "geometry": {
        "type": "Point",
        "coordinates": [
          -4.219056,
          11.216016
        ]
      },
      "properties": {
        "id": "17:9",
        "entity_id": "poi:military:17:9",
        "feature_class": "military",
        "poi_type": "regiment",
        "name": "10th (Alvis) Regiment",
        "state_id": 17,
        "strength": 298,
        "icon": "🏹",
        "rank": 3,
        "minzoom": 7
      }
    },
    {
      "type": "Feature",
      "geometry": {
        "type": "Point",
        "coordinates": [
          -8.880159,
          15.292669
        ]
      },
      "properties": {
        "id": "17:10",
        "entity_id": "poi:military:17:10",
        "feature_class": "military",
        "poi_type": "regiment",
        "name": "11th (New Sazkay) Regiment",
        "state_id": 17,
        "strength": 295,
        "icon": "🏹",
        "rank": 3,
        "minzoom": 7
      }
    },
    {
      "type": "Feature",
      "geometry": {
        "type": "Point",
        "coordinates": [
          -20.707296,
          17.156733
        ]
      },
      "properties": {
        "id": "17:11",
        "entity_id": "poi:military:17:11",
        "feature_class": "military",
        "poi_type": "regiment",
        "name": "12th (Castinia) Regiment",
        "state_id": 17,
        "strength": 287,
        "icon": "🏹",
        "rank": 3,
        "minzoom": 7
      }
    },
    {
      "type": "Feature",
      "geometry": {
        "type": "Point",
        "coordinates": [
          -12.487814,
          17.315458
        ]
      },
      "properties": {
        "id": "17:12",
        "entity_id": "poi:military:17:12",
        "feature_class": "military",
        "poi_type": "regiment",
        "name": "13th (Kalteli) Regiment",
        "state_id": 17,
        "strength": 227,
        "icon": "🏹",
        "rank": 3,
        "minzoom": 7
      }
    },
    {
      "type": "Feature",
      "geometry": {
        "type": "Point",
        "coordinates": [
          -24.789528,
          16.672908
        ]
      },
      "properties": {
        "id": "17:13",
        "entity_id": "poi:military:17:13",
        "feature_class": "military",
        "poi_type": "regiment",
        "name": "14th (Macumia) Regiment",
        "state_id": 17,
        "strength": 194,
        "icon": "🏹",
        "rank": 3,
        "minzoom": 7
      }
    },
    {
      "type": "Feature",
      "geometry": {
        "type": "Point",
        "coordinates": [
          -7.191389,
          13.397052
        ]
      },
      "properties": {
        "id": "17:14",
        "entity_id": "poi:military:17:14",
        "feature_class": "military",
        "poi_type": "regiment",
        "name": "15th (New Sazkay) Regiment",
        "state_id": 17,
        "strength": 155,
        "icon": "🏹",
        "rank": 3,
        "minzoom": 7
      }
    },
    {
      "type": "Feature",
      "geometry": {
        "type": "Point",
        "coordinates": [
          -27.288239,
          13.063347
        ]
      },
      "properties": {
        "id": "17:15",
        "entity_id": "poi:military:17:15",
        "feature_class": "military",
        "poi_type": "regiment",
        "name": "16th (Contialisia) Regiment",
        "state_id": 17,
        "strength": 119,
        "icon": "🏹",
        "rank": 3,
        "minzoom": 7
      }
    },
    {
      "type": "Feature",
      "geometry": {
        "type": "Point",
        "coordinates": [
          -13.90485,
          13.255538
        ]
      },
      "properties": {
        "id": "17:16",
        "entity_id": "poi:military:17:16",
        "feature_class": "military",
        "poi_type": "regiment",
        "name": "17th (Valle) Regiment",
        "state_id": 17,
        "strength": 16,
        "icon": "🏹",
        "rank": 3,
        "minzoom": 7
      }
    },
    {
      "type": "Feature",
      "geometry": {
        "type": "Point",
        "coordinates": [
          -12.461502,
          17.422072
        ]
      },
      "properties": {
        "id": "17:17",
        "entity_id": "poi:military:17:17",
        "feature_class": "military",
        "poi_type": "fleet",
        "name": "1st Fleet",
        "state_id": 17,
        "strength": 7,
        "icon": "🌊",
        "rank": 3,
        "minzoom": 7
      }
    },
    {
      "type": "Feature",
      "geometry": {
        "type": "Point",
        "coordinates": [
          -25.727203,
          15.231474
        ]
      },
      "properties": {
        "id": "17:18",
        "entity_id": "poi:military:17:18",
        "feature_class": "military",
        "poi_type": "fleet",
        "name": "2nd Fleet",
        "state_id": 17,
        "strength": 1,
        "icon": "🌊",
        "rank": 3,
        "minzoom": 7
      }
    },
    {
      "type": "Feature",
      "geometry": {
        "type": "Point",
        "coordinates": [
          -6.436465,
          12.044542
        ]
      },
      "properties": {
        "id": "17:19",
        "entity_id": "poi:military:17:19",
        "feature_class": "military",
        "poi_type": "fleet",
        "name": "3rd Fleet",
        "state_id": 17,
        "strength": 1,
        "icon": "🌊",
        "rank": 3,
        "minzoom": 7
      }
    },
    {
      "type": "Feature",
      "geometry": {
        "type": "Point",
        "coordinates": [
          -15.72614,
          16.842151
        ]
      },
      "properties": {
        "id": "17:20",
        "entity_id": "poi:military:17:20",
        "feature_class": "military",
        "poi_type": "fleet",
        "name": "4th Fleet",
        "state_id": 17,
        "strength": 1,
        "icon": "🌊",
        "rank": 3,
        "minzoom": 7
      }
    },
    {
      "type": "Feature",
      "geometry": {
        "type": "Point",
        "coordinates": [
          -17.843561,
          17.940319
        ]
      },
      "properties": {
        "id": "17:21",
        "entity_id": "poi:military:17:21",
        "feature_class": "military",
        "poi_type": "fleet",
        "name": "5th Fleet",
        "state_id": 17,
        "strength": 1,
        "icon": "🌊",
        "rank": 3,
        "minzoom": 7
      }
    },
    {
      "type": "Feature",
      "geometry": {
        "type": "Point",
        "coordinates": [
          -15.629502,
          34.789562
        ]
      },
      "properties": {
        "id": "18:0",
        "entity_id": "poi:military:18:0",
        "feature_class": "military",
        "poi_type": "regiment",
        "name": "1st (Leinia) Regiment",
        "state_id": 18,
        "strength": 3209,
        "icon": "⚔️",
        "rank": 3,
        "minzoom": 7
      }
    },
    {
      "type": "Feature",
      "geometry": {
        "type": "Point",
        "coordinates": [
          -14.62198,
          33.236255
        ]
      },
      "properties": {
        "id": "18:1",
        "entity_id": "poi:military:18:1",
        "feature_class": "military",
        "poi_type": "regiment",
        "name": "2nd (Enesetia) Regiment",
        "state_id": 18,
        "strength": 2125,
        "icon": "⚔️",
        "rank": 3,
        "minzoom": 7
      }
    },
    {
      "type": "Feature",
      "geometry": {
        "type": "Point",
        "coordinates": [
          -14.462671,
          34.832112
        ]
      },
      "properties": {
        "id": "18:2",
        "entity_id": "poi:military:18:2",
        "feature_class": "military",
        "poi_type": "regiment",
        "name": "3rd (Nehamn) Regiment",
        "state_id": 18,
        "strength": 1870,
        "icon": "⚔️",
        "rank": 3,
        "minzoom": 7
      }
    },
    {
      "type": "Feature",
      "geometry": {
        "type": "Point",
        "coordinates": [
          -13.986179,
          33.951952
        ]
      },
      "properties": {
        "id": "18:3",
        "entity_id": "poi:military:18:3",
        "feature_class": "military",
        "poi_type": "regiment",
        "name": "4th (Enesetia) Regiment",
        "state_id": 18,
        "strength": 1567,
        "icon": "⚔️",
        "rank": 3,
        "minzoom": 7
      }
    },
    {
      "type": "Feature",
      "geometry": {
        "type": "Point",
        "coordinates": [
          -17.12404,
          37.097291
        ]
      },
      "properties": {
        "id": "18:4",
        "entity_id": "poi:military:18:4",
        "feature_class": "military",
        "poi_type": "regiment",
        "name": "5th (Strausia) Regiment",
        "state_id": 18,
        "strength": 1313,
        "icon": "⚔️",
        "rank": 3,
        "minzoom": 7
      }
    },
    {
      "type": "Feature",
      "geometry": {
        "type": "Point",
        "coordinates": [
          -14.233037,
          31.936813
        ]
      },
      "properties": {
        "id": "18:5",
        "entity_id": "poi:military:18:5",
        "feature_class": "military",
        "poi_type": "regiment",
        "name": "6th (Enesetia) Regiment",
        "state_id": 18,
        "strength": 1152,
        "icon": "⚔️",
        "rank": 3,
        "minzoom": 7
      }
    },
    {
      "type": "Feature",
      "geometry": {
        "type": "Point",
        "coordinates": [
          -19.185488,
          37.435299
        ]
      },
      "properties": {
        "id": "18:6",
        "entity_id": "poi:military:18:6",
        "feature_class": "military",
        "poi_type": "regiment",
        "name": "7th (Strausia) Regiment",
        "state_id": 18,
        "strength": 889,
        "icon": "⚔️",
        "rank": 3,
        "minzoom": 7
      }
    },
    {
      "type": "Feature",
      "geometry": {
        "type": "Point",
        "coordinates": [
          -13.420226,
          34.818247
        ]
      },
      "properties": {
        "id": "18:7",
        "entity_id": "poi:military:18:7",
        "feature_class": "military",
        "poi_type": "regiment",
        "name": "8th (Nehamn) Regiment",
        "state_id": 18,
        "strength": 677,
        "icon": "⚔️",
        "rank": 3,
        "minzoom": 7
      }
    },
    {
      "type": "Feature",
      "geometry": {
        "type": "Point",
        "coordinates": [
          -18.162658,
          36.828606
        ]
      },
      "properties": {
        "id": "18:8",
        "entity_id": "poi:military:18:8",
        "feature_class": "military",
        "poi_type": "regiment",
        "name": "9th (Strausia) Regiment",
        "state_id": 18,
        "strength": 603,
        "icon": "⚔️",
        "rank": 3,
        "minzoom": 7
      }
    },
    {
      "type": "Feature",
      "geometry": {
        "type": "Point",
        "coordinates": [
          -13.902937,
          35.408207
        ]
      },
      "properties": {
        "id": "18:9",
        "entity_id": "poi:military:18:9",
        "feature_class": "military",
        "poi_type": "fleet",
        "name": "1st Fleet",
        "state_id": 18,
        "strength": 2,
        "icon": "🌊",
        "rank": 3,
        "minzoom": 7
      }
    },
    {
      "type": "Feature",
      "geometry": {
        "type": "Point",
        "coordinates": [
          9.831708,
          32.779681
        ]
      },
      "properties": {
        "id": "19:0",
        "entity_id": "poi:military:19:0",
        "feature_class": "military",
        "poi_type": "regiment",
        "name": "1st (Southeria) Regiment",
        "state_id": 19,
        "strength": 2808,
        "icon": "🏹",
        "rank": 3,
        "minzoom": 7
      }
    },
    {
      "type": "Feature",
      "geometry": {
        "type": "Point",
        "coordinates": [
          10.917209,
          30.719124
        ]
      },
      "properties": {
        "id": "19:1",
        "entity_id": "poi:military:19:1",
        "feature_class": "military",
        "poi_type": "regiment",
        "name": "2nd (North) Regiment",
        "state_id": 19,
        "strength": 2228,
        "icon": "⚔️",
        "rank": 3,
        "minzoom": 7
      }
    },
    {
      "type": "Feature",
      "geometry": {
        "type": "Point",
        "coordinates": [
          9.129409,
          31.366932
        ]
      },
      "properties": {
        "id": "19:2",
        "entity_id": "poi:military:19:2",
        "feature_class": "military",
        "poi_type": "regiment",
        "name": "3rd (Berton) Regiment",
        "state_id": 19,
        "strength": 2053,
        "icon": "🏹",
        "rank": 3,
        "minzoom": 7
      }
    },
    {
      "type": "Feature",
      "geometry": {
        "type": "Point",
        "coordinates": [
          15.335761,
          28.298566
        ]
      },
      "properties": {
        "id": "19:3",
        "entity_id": "poi:military:19:3",
        "feature_class": "military",
        "poi_type": "regiment",
        "name": "4th (Halnia) Regiment",
        "state_id": 19,
        "strength": 1942,
        "icon": "⚔️",
        "rank": 3,
        "minzoom": 7
      }
    },
    {
      "type": "Feature",
      "geometry": {
        "type": "Point",
        "coordinates": [
          13.026977,
          30.009641
        ]
      },
      "properties": {
        "id": "19:4",
        "entity_id": "poi:military:19:4",
        "feature_class": "military",
        "poi_type": "regiment",
        "name": "5th (Olingia) Regiment",
        "state_id": 19,
        "strength": 1850,
        "icon": "🏹",
        "rank": 3,
        "minzoom": 7
      }
    },
    {
      "type": "Feature",
      "geometry": {
        "type": "Point",
        "coordinates": [
          15.342937,
          26.769641
        ]
      },
      "properties": {
        "id": "19:5",
        "entity_id": "poi:military:19:5",
        "feature_class": "military",
        "poi_type": "regiment",
        "name": "6th (Uxbronere) Regiment",
        "state_id": 19,
        "strength": 1761,
        "icon": "⚔️",
        "rank": 3,
        "minzoom": 7
      }
    },
    {
      "type": "Feature",
      "geometry": {
        "type": "Point",
        "coordinates": [
          15.421395,
          30.786056
        ]
      },
      "properties": {
        "id": "19:6",
        "entity_id": "poi:military:19:6",
        "feature_class": "military",
        "poi_type": "regiment",
        "name": "7th (Maldock) Regiment",
        "state_id": 19,
        "strength": 1717,
        "icon": "🏹",
        "rank": 3,
        "minzoom": 7
      }
    },
    {
      "type": "Feature",
      "geometry": {
        "type": "Point",
        "coordinates": [
          14.785595,
          25.286135
        ]
      },
      "properties": {
        "id": "19:7",
        "entity_id": "poi:military:19:7",
        "feature_class": "military",
        "poi_type": "regiment",
        "name": "8th (Cheria) Regiment",
        "state_id": 19,
        "strength": 1645,
        "icon": "⚔️",
        "rank": 3,
        "minzoom": 7
      }
    },
    {
      "type": "Feature",
      "geometry": {
        "type": "Point",
        "coordinates": [
          15.042498,
          29.830837
        ]
      },
      "properties": {
        "id": "19:8",
        "entity_id": "poi:military:19:8",
        "feature_class": "military",
        "poi_type": "regiment",
        "name": "9th (Maldock) Regiment",
        "state_id": 19,
        "strength": 1642,
        "icon": "⚔️",
        "rank": 3,
        "minzoom": 7
      }
    },
    {
      "type": "Feature",
      "geometry": {
        "type": "Point",
        "coordinates": [
          14.207203,
          28.531873
        ]
      },
      "properties": {
        "id": "19:9",
        "entity_id": "poi:military:19:9",
        "feature_class": "military",
        "poi_type": "regiment",
        "name": "10th (Linbury) Regiment",
        "state_id": 19,
        "strength": 1554,
        "icon": "🏹",
        "rank": 3,
        "minzoom": 7
      }
    },
    {
      "type": "Feature",
      "geometry": {
        "type": "Point",
        "coordinates": [
          16.031362,
          32.349402
        ]
      },
      "properties": {
        "id": "19:10",
        "entity_id": "poi:military:19:10",
        "feature_class": "military",
        "poi_type": "regiment",
        "name": "11th (Wineterscom) Regiment",
        "state_id": 19,
        "strength": 1497,
        "icon": "🏹",
        "rank": 3,
        "minzoom": 7
      }
    },
    {
      "type": "Feature",
      "geometry": {
        "type": "Point",
        "coordinates": [
          7.650658,
          29.812191
        ]
      },
      "properties": {
        "id": "19:11",
        "entity_id": "poi:military:19:11",
        "feature_class": "military",
        "poi_type": "regiment",
        "name": "12th (Yramka) Regiment",
        "state_id": 19,
        "strength": 1358,
        "icon": "⚔️",
        "rank": 3,
        "minzoom": 7
      }
    },
    {
      "type": "Feature",
      "geometry": {
        "type": "Point",
        "coordinates": [
          13.071468,
          28.94494
        ]
      },
      "properties": {
        "id": "19:12",
        "entity_id": "poi:military:19:12",
        "feature_class": "military",
        "poi_type": "regiment",
        "name": "13th (Olingia) Regiment",
        "state_id": 19,
        "strength": 1274,
        "icon": "🏹",
        "rank": 3,
        "minzoom": 7
      }
    },
    {
      "type": "Feature",
      "geometry": {
        "type": "Point",
        "coordinates": [
          8.798352,
          27.862072
        ]
      },
      "properties": {
        "id": "19:13",
        "entity_id": "poi:military:19:13",
        "feature_class": "military",
        "poi_type": "regiment",
        "name": "14th (Uyurt) Regiment",
        "state_id": 19,
        "strength": 958,
        "icon": "🏹",
        "rank": 3,
        "minzoom": 7
      }
    },
    {
      "type": "Feature",
      "geometry": {
        "type": "Point",
        "coordinates": [
          9.444199,
          30.29745
        ]
      },
      "properties": {
        "id": "19:14",
        "entity_id": "poi:military:19:14",
        "feature_class": "military",
        "poi_type": "regiment",
        "name": "15th (Berton) Regiment",
        "state_id": 19,
        "strength": 777,
        "icon": "⚔️",
        "rank": 3,
        "minzoom": 7
      }
    },
    {
      "type": "Feature",
      "geometry": {
        "type": "Point",
        "coordinates": [
          10.271362,
          26.454582
        ]
      },
      "properties": {
        "id": "19:15",
        "entity_id": "poi:military:19:15",
        "feature_class": "military",
        "poi_type": "regiment",
        "name": "16th (Yramka) Regiment",
        "state_id": 19,
        "strength": 710,
        "icon": "🏹",
        "rank": 3,
        "minzoom": 7
      }
    },
    {
      "type": "Feature",
      "geometry": {
        "type": "Point",
        "coordinates": [
          17.066153,
          30.925657
        ]
      },
      "properties": {
        "id": "19:16",
        "entity_id": "poi:military:19:16",
        "feature_class": "military",
        "poi_type": "regiment",
        "name": "17th (Stalia) Regiment",
        "state_id": 19,
        "strength": 662,
        "icon": "⚔️",
        "rank": 3,
        "minzoom": 7
      }
    },
    {
      "type": "Feature",
      "geometry": {
        "type": "Point",
        "coordinates": [
          17.78711,
          31.703984
        ]
      },
      "properties": {
        "id": "19:17",
        "entity_id": "poi:military:19:17",
        "feature_class": "military",
        "poi_type": "regiment",
        "name": "18th (Stalia) Regiment",
        "state_id": 19,
        "strength": 637,
        "icon": "🏹",
        "rank": 3,
        "minzoom": 7
      }
    },
    {
      "type": "Feature",
      "geometry": {
        "type": "Point",
        "coordinates": [
          9.963269,
          28.489323
        ]
      },
      "properties": {
        "id": "19:18",
        "entity_id": "poi:military:19:18",
        "feature_class": "military",
        "poi_type": "regiment",
        "name": "19th (Yramka) Regiment",
        "state_id": 19,
        "strength": 635,
        "icon": "🏹",
        "rank": 3,
        "minzoom": 7
      }
    },
    {
      "type": "Feature",
      "geometry": {
        "type": "Point",
        "coordinates": [
          18.454007,
          33.184622
        ]
      },
      "properties": {
        "id": "19:19",
        "entity_id": "poi:military:19:19",
        "feature_class": "military",
        "poi_type": "regiment",
        "name": "20th (Waresto) Regiment",
        "state_id": 19,
        "strength": 487,
        "icon": "🏹",
        "rank": 3,
        "minzoom": 7
      }
    },
    {
      "type": "Feature",
      "geometry": {
        "type": "Point",
        "coordinates": [
          14.602365,
          31.908606
        ]
      },
      "properties": {
        "id": "19:20",
        "entity_id": "poi:military:19:20",
        "feature_class": "military",
        "poi_type": "regiment",
        "name": "21st (Maldock) Regiment",
        "state_id": 19,
        "strength": 421,
        "icon": "🏹",
        "rank": 3,
        "minzoom": 7
      }
    },
    {
      "type": "Feature",
      "geometry": {
        "type": "Point",
        "coordinates": [
          10.200558,
          26.376653
        ]
      },
      "properties": {
        "id": "19:21",
        "entity_id": "poi:military:19:21",
        "feature_class": "military",
        "poi_type": "fleet",
        "name": "1st Fleet",
        "state_id": 19,
        "strength": 4,
        "icon": "🌊",
        "rank": 3,
        "minzoom": 7
      }
    },
    {
      "type": "Feature",
      "geometry": {
        "type": "Point",
        "coordinates": [
          9.568106,
          33.968685
        ]
      },
      "properties": {
        "id": "19:22",
        "entity_id": "poi:military:19:22",
        "feature_class": "military",
        "poi_type": "fleet",
        "name": "2nd Fleet",
        "state_id": 19,
        "strength": 2,
        "icon": "🌊",
        "rank": 3,
        "minzoom": 7
      }
    },
    {
      "type": "Feature",
      "geometry": {
        "type": "Point",
        "coordinates": [
          13.998618,
          28.939681
        ]
      },
      "properties": {
        "id": "19:23",
        "entity_id": "poi:military:19:23",
        "feature_class": "military",
        "poi_type": "fleet",
        "name": "3rd Fleet",
        "state_id": 19,
        "strength": 1,
        "icon": "🌊",
        "rank": 3,
        "minzoom": 7
      }
    },
    {
      "type": "Feature",
      "geometry": {
        "type": "Point",
        "coordinates": [
          15.147269,
          33.116733
        ]
      },
      "properties": {
        "id": "19:24",
        "entity_id": "poi:military:19:24",
        "feature_class": "military",
        "poi_type": "fleet",
        "name": "4th Fleet",
        "state_id": 19,
        "strength": 1,
        "icon": "🌊",
        "rank": 3,
        "minzoom": 7
      }
    },
    {
      "type": "Feature",
      "geometry": {
        "type": "Point",
        "coordinates": [
          8.84093,
          27.761195
        ]
      },
      "properties": {
        "id": "19:25",
        "entity_id": "poi:military:19:25",
        "feature_class": "military",
        "poi_type": "fleet",
        "name": "5th Fleet",
        "state_id": 19,
        "strength": 1,
        "icon": "🌊",
        "rank": 3,
        "minzoom": 7
      }
    },
    {
      "type": "Feature",
      "geometry": {
        "type": "Point",
        "coordinates": [
          9.476252,
          31.703984
        ]
      },
      "properties": {
        "id": "19:26",
        "entity_id": "poi:military:19:26",
        "feature_class": "military",
        "poi_type": "fleet",
        "name": "6th Fleet",
        "state_id": 19,
        "strength": 1,
        "icon": "🌊",
        "rank": 3,
        "minzoom": 7
      }
    },
    {
      "type": "Feature",
      "geometry": {
        "type": "Point",
        "coordinates": [
          15.79503,
          31.56008
        ]
      },
      "properties": {
        "id": "19:27",
        "entity_id": "poi:military:19:27",
        "feature_class": "military",
        "poi_type": "fleet",
        "name": "7th Fleet",
        "state_id": 19,
        "strength": 1,
        "icon": "🌊",
        "rank": 3,
        "minzoom": 7
      }
    }
  ]
}
