{
  "type": "FeatureCollection",
  "features": [
    {
      "type": "Feature",
      "geometry": {
        "type": "Point",
        "coordinates": [
          -11.87,
          21.83
        ]
      },
      "properties": {
        "id": 1,
        "entity_id": "settlement:1",
        "feature_class": "settlement",
        "name": "Kupold",
        "settlement_type": "Naval",
        "state_id": 1,
        "province_id": 1,
        "population": 6.976,
        "capital": true,
        "port": true,
        "market_center": false,
        "market_level": "international",
        "market_id": 2,
        "rank": 1,
        "minzoom": 2
      }
    },
    {
      "type": "Feature",
      "geometry": {
        "type": "Point",
        "coordinates": [
          -18.85,
          27.27
        ]
      },
      "properties": {
        "id": 2,
        "entity_id": "settlement:2",
        "feature_class": "settlement",
        "name": "Chan",
        "settlement_type": "River",
        "state_id": 2,
        "province_id": 6,
        "population": 2.605,
        "capital": true,
        "port": false,
        "market_center": false,
        "market_level": "international",
        "market_id": 5,
        "rank": 1,
        "minzoom": 2
      }
    },
    {
      "type": "Feature",
      "geometry": {
        "type": "Point",
        "coordinates": [
          8.54,
          20.66
        ]
      },
      "properties": {
        "id": 3,
        "entity_id": "settlement:3",
        "feature_class": "settlement",
        "name": "Treaberl",
        "settlement_type": "Generic",
        "state_id": 3,
        "province_id": 19,
        "population": 1.959,
        "capital": true,
        "port": false,
        "market_center": false,
        "market_level": "major",
        "market_id": 11,
        "rank": 1,
        "minzoom": 2
      }
    },
    {
      "type": "Feature",
      "geometry": {
        "type": "Point",
        "coordinates": [
          14.22,
          18.43
        ]
      },
      "properties": {
        "id": 4,
        "entity_id": "settlement:4",
        "feature_class": "settlement",
        "name": "Abercta",
        "settlement_type": "Naval",
        "state_id": 4,
        "province_id": 31,
        "population": 6.271,
        "capital": true,
        "port": true,
        "market_center": false,
        "market_level": "regional",
        "market_id": 4,
        "rank": 1,
        "minzoom": 2
      }
    },
    {
      "type": "Feature",
      "geometry": {
        "type": "Point",
        "coordinates": [
          19.38,
          30.9
        ]
      },
      "properties": {
        "id": 5,
        "entity_id": "settlement:5",
        "feature_class": "settlement",
        "name": "Hitch",
        "settlement_type": "Generic",
        "state_id": 5,
        "province_id": 41,
        "population": 4.405,
        "capital": true,
        "port": false,
        "market_center": false,
        "market_level": "international",
        "market_id": 25,
        "rank": 1,
        "minzoom": 2
      }
    },
    {
      "type": "Feature",
      "geometry": {
        "type": "Point",
        "coordinates": [
          -16.32,
          21.6
        ]
      },
      "properties": {
        "id": 6,
        "entity_id": "settlement:6",
        "feature_class": "settlement",
        "name": "Serte",
        "settlement_type": "Naval",
        "state_id": 6,
        "province_id": 47,
        "population": 54.365,
        "capital": true,
        "port": true,
        "market_center": true,
        "market_level": "international",
        "market_id": 1,
        "rank": 1,
        "minzoom": 2
      }
    },
    {
      "type": "Feature",
      "geometry": {
        "type": "Point",
        "coordinates": [
          19.33,
          27.26
        ]
      },
      "properties": {
        "id": 7,
        "entity_id": "settlement:7",
        "feature_class": "settlement",
        "name": "Altbuse",
        "settlement_type": "Naval",
        "state_id": 7,
        "province_id": 59,
        "population": 3.316,
        "capital": true,
        "port": true,
        "market_center": false,
        "market_level": "international",
        "market_id": 6,
        "rank": 1,
        "minzoom": 2
      }
    },
    {
      "type": "Feature",
      "geometry": {
        "type": "Point",
        "coordinates": [
          -10.23,
          26.87
        ]
      },
      "properties": {
        "id": 8,
        "entity_id": "settlement:8",
        "feature_class": "settlement",
        "name": "Otlingen",
        "settlement_type": "Lake",
        "state_id": 8,
        "province_id": 73,
        "population": 44.014,
        "capital": true,
        "port": false,
        "market_center": true,
        "market_level": "international",
        "market_id": 7,
        "rank": 1,
        "minzoom": 2
      }
    },
    {
      "type": "Feature",
      "geometry": {
        "type": "Point",
        "coordinates": [
          -15.53,
          25.75
        ]
      },
      "properties": {
        "id": 9,
        "entity_id": "settlement:9",
        "feature_class": "settlement",
        "name": "Selstadt",
        "settlement_type": "Naval",
        "state_id": 9,
        "province_id": 77,
        "population": 3.609,
        "capital": true,
        "port": true,
        "market_center": false,
        "market_level": "major",
        "market_id": 9,
        "rank": 1,
        "minzoom": 2
      }
    },
    {
      "type": "Feature",
      "geometry": {
        "type": "Point",
        "coordinates": [
          -11.92,
          31.1
        ]
      },
      "properties": {
        "id": 10,
        "entity_id": "settlement:10",
        "feature_class": "settlement",
        "name": "Turanva",
        "settlement_type": "Lake",
        "state_id": 10,
        "province_id": 80,
        "population": 1.207,
        "capital": true,
        "port": false,
        "market_center": false,
        "market_level": "regional",
        "market_id": 26,
        "rank": 1,
        "minzoom": 2
      }
    },
    {
      "type": "Feature",
      "geometry": {
        "type": "Point",
        "coordinates": [
          -20.92,
          22.28
        ]
      },
      "properties": {
        "id": 11,
        "entity_id": "settlement:11",
        "feature_class": "settlement",
        "name": "Combrecheb",
        "settlement_type": "Generic",
        "state_id": 11,
        "province_id": 85,
        "population": 17.227,
        "capital": true,
        "port": false,
        "market_center": true,
        "market_level": "regional",
        "market_id": 10,
        "rank": 1,
        "minzoom": 2
      }
    },
    {
      "type": "Feature",
      "geometry": {
        "type": "Point",
        "coordinates": [
          -0.3,
          29.27
        ]
      },
      "properties": {
        "id": 12,
        "entity_id": "settlement:12",
        "feature_class": "settlement",
        "name": "Alasay",
        "settlement_type": "Naval",
        "state_id": 12,
        "province_id": 90,
        "population": 4.735,
        "capital": true,
        "port": true,
        "market_center": false,
        "market_level": "international",
        "market_id": 20,
        "rank": 1,
        "minzoom": 2
      }
    },
    {
      "type": "Feature",
      "geometry": {
        "type": "Point",
        "coordinates": [
          -26.31,
          21.87
        ]
      },
      "properties": {
        "id": 13,
        "entity_id": "settlement:13",
        "feature_class": "settlement",
        "name": "Serelnay",
        "settlement_type": "Generic",
        "state_id": 13,
        "province_id": 116,
        "population": 4.468,
        "capital": true,
        "port": false,
        "market_center": false,
        "market_level": "local",
        "market_id": 27,
        "rank": 1,
        "minzoom": 2
      }
    },
    {
      "type": "Feature",
      "geometry": {
        "type": "Point",
        "coordinates": [
          -4.65,
          19.83
        ]
      },
      "properties": {
        "id": 14,
        "entity_id": "settlement:14",
        "feature_class": "settlement",
        "name": "Yerinte",
        "settlement_type": "Naval",
        "state_id": 14,
        "province_id": 120,
        "population": 46.436,
        "capital": true,
        "port": true,
        "market_center": true,
        "market_level": "international",
        "market_id": 3,
        "rank": 1,
        "minzoom": 2
      }
    },
    {
      "type": "Feature",
      "geometry": {
        "type": "Point",
        "coordinates": [
          -10.61,
          18.87
        ]
      },
      "properties": {
        "id": 15,
        "entity_id": "settlement:15",
        "feature_class": "settlement",
        "name": "Edi",
        "settlement_type": "Generic",
        "state_id": 15,
        "province_id": 131,
        "population": 33.945,
        "capital": true,
        "port": false,
        "market_center": true,
        "market_level": "international",
        "market_id": 2,
        "rank": 1,
        "minzoom": 2
      }
    },
    {
      "type": "Feature",
      "geometry": {
        "type": "Point",
        "coordinates": [
          21.72,
          18.33
        ]
      },
      "properties": {
        "id": 16,
        "entity_id": "settlement:16",
        "feature_class": "settlement",
        "name": "Tamanos",
        "settlement_type": "Naval",
        "state_id": 16,
        "province_id": 135,
        "population": 10.19,
        "capital": true,
        "port": true,
        "market_center": true,
        "market_level": "international",
        "market_id": 18,
        "rank": 1,
        "minzoom": 2
      }
    },
    {
      "type": "Feature",
      "geometry": {
        "type": "Point",
        "coordinates": [
          -13.29,
          16.79
        ]
      },
      "properties": {
        "id": 17,
        "entity_id": "settlement:17",
        "feature_class": "settlement",
        "name": "Sazkay",
        "settlement_type": "Naval",
        "state_id": 17,
        "province_id": 144,
        "population": 11.572,
        "capital": true,
        "port": true,
        "market_center": false,
        "market_level": "international",
        "market_id": 2,
        "rank": 1,
        "minzoom": 2
      }
    },
    {
      "type": "Feature",
      "geometry": {
        "type": "Point",
        "coordinates": [
          -15.98,
          34.62
        ]
      },
      "properties": {
        "id": 18,
        "entity_id": "settlement:18",
        "feature_class": "settlement",
        "name": "Stran",
        "settlement_type": "Naval",
        "state_id": 18,
        "province_id": 156,
        "population": 1.928,
        "capital": true,
        "port": true,
        "market_center": false,
        "market_level": "local",
        "market_id": 17,
        "rank": 1,
        "minzoom": 2
      }
    },
    {
      "type": "Feature",
      "geometry": {
        "type": "Point",
        "coordinates": [
          14.0,
          28.98
        ]
      },
      "properties": {
        "id": 19,
        "entity_id": "settlement:19",
        "feature_class": "settlement",
        "name": "Linbury",
        "settlement_type": "Naval",
        "state_id": 19,
        "province_id": 158,
        "population": 5.568,
        "capital": true,
        "port": true,
        "market_center": false,
        "market_level": "international",
        "market_id": 13,
        "rank": 1,
        "minzoom": 2
      }
    },
    {
      "type": "Feature",
      "geometry": {
        "type": "Point",
        "coordinates": [
          -13.1,
          20.08
        ]
      },
      "properties": {
        "id": 20,
        "entity_id": "settlement:20",
        "feature_class": "settlement",
        "name": "Asbekekin",
        "settlement_type": "Lake",
        "state_id": 17,
        "province_id": 154,
        "population": 3.029,
        "capital": false,
        "port": false,
        "market_center": false,
        "market_level": "international",
        "market_id": 2,
        "rank": 6,
        "minzoom": 9
      }
    },
    {
      "type": "Feature",
      "geometry": {
        "type": "Point",
        "coordinates": [
          20.61,
          31.92
        ]
      },
      "properties": {
        "id": 21,
        "entity_id": "settlement:21",
        "feature_class": "settlement",
        "name": "Newbigrara",
        "settlement_type": "Naval",
        "state_id": 5,
        "province_id": 45,
        "population": 11.297,
        "capital": false,
        "port": true,
        "market_center": false,
        "market_level": "international",
        "market_id": 25,
        "rank": 5,
        "minzoom": 7
      }
    },
    {
      "type": "Feature",
      "geometry": {
        "type": "Point",
        "coordinates": [
          -8.9,
          15.3
        ]
      },
      "properties": {
        "id": 22,
        "entity_id": "settlement:22",
        "feature_class": "settlement",
        "name": "Allos",
        "settlement_type": "Generic",
        "state_id": 17,
        "province_id": 281,
        "population": 22.509,
        "capital": false,
        "port": false,
        "market_center": false,
        "market_level": "local",
        "market_id": 29,
        "rank": 4,
        "minzoom": 6
      }
    },
    {
      "type": "Feature",
      "geometry": {
        "type": "Point",
        "coordinates": [
          -16.42,
          22.62
        ]
      },
      "properties": {
        "id": 23,
        "entity_id": "settlement:23",
        "feature_class": "settlement",
        "name": "Ponta",
        "settlement_type": "Lake",
        "state_id": 6,
        "province_id": 209,
        "population": 2.9,
        "capital": false,
        "port": false,
        "market_center": false,
        "market_level": "international",
        "market_id": 1,
        "rank": 6,
        "minzoom": 9
      }
    },
    {
      "type": "Feature",
      "geometry": {
        "type": "Point",
        "coordinates": [
          -10.3,
          24.59
        ]
      },
      "properties": {
        "id": 24,
        "entity_id": "settlement:24",
        "feature_class": "settlement",
        "name": "Hochenschw",
        "settlement_type": "Generic",
        "state_id": 1,
        "province_id": 174,
        "population": 2.213,
        "capital": false,
        "port": false,
        "market_center": false,
        "market_level": "international",
        "market_id": 7,
        "rank": 6,
        "minzoom": 9
      }
    },
    {
      "type": "Feature",
      "geometry": {
        "type": "Point",
        "coordinates": [
          17.62,
          28.13
        ]
      },
      "properties": {
        "id": 25,
        "entity_id": "settlement:25",
        "feature_class": "settlement",
        "name": "Zubnobori",
        "settlement_type": "Lake",
        "state_id": 7,
        "province_id": 69,
        "population": 1.972,
        "capital": false,
        "port": false,
        "market_center": false,
        "market_level": "international",
        "market_id": 6,
        "rank": 6,
        "minzoom": 9
      }
    },
    {
      "type": "Feature",
      "geometry": {
        "type": "Point",
        "coordinates": [
          -17.12,
          24.0
        ]
      },
      "properties": {
        "id": 26,
        "entity_id": "settlement:26",
        "feature_class": "settlement",
        "name": "Sezesezia",
        "settlement_type": "Generic",
        "state_id": 6,
        "province_id": 53,
        "population": 30.308,
        "capital": false,
        "port": false,
        "market_center": false,
        "market_level": "international",
        "market_id": 1,
        "rank": 3,
        "minzoom": 5
      }
    },
    {
      "type": "Feature",
      "geometry": {
        "type": "Point",
        "coordinates": [
          3.98,
          33.51
        ]
      },
      "properties": {
        "id": 27,
        "entity_id": "settlement:27",
        "feature_class": "settlement",
        "name": "Yaztoprak",
        "settlement_type": "Generic",
        "state_id": 12,
        "province_id": 94,
        "population": 1.627,
        "capital": false,
        "port": false,
        "market_center": false,
        "market_level": "local",
        "market_id": 32,
        "rank": 6,
        "minzoom": 9
      }
    },
    {
      "type": "Feature",
      "geometry": {
        "type": "Point",
        "coordinates": [
          -14.37,
          21.64
        ]
      },
      "properties": {
        "id": 28,
        "entity_id": "settlement:28",
        "feature_class": "settlement",
        "name": "Gayayasi",
        "settlement_type": "Generic",
        "state_id": 17,
        "province_id": 276,
        "population": 6.927,
        "capital": false,
        "port": false,
        "market_center": false,
        "market_level": "international",
        "market_id": 1,
        "rank": 6,
        "minzoom": 9
      }
    },
    {
      "type": "Feature",
      "geometry": {
        "type": "Point",
        "coordinates": [
          18.58,
          34.14
        ]
      },
      "properties": {
        "id": 29,
        "entity_id": "settlement:29",
        "feature_class": "settlement",
        "name": "Kilkleigh",
        "settlement_type": "Naval",
        "state_id": 5,
        "province_id": 203,
        "population": 3.07,
        "capital": false,
        "port": true,
        "market_center": false,
        "market_level": "international",
        "market_id": 25,
        "rank": 6,
        "minzoom": 9
      }
    },
    {
      "type": "Feature",
      "geometry": {
        "type": "Point",
        "coordinates": [
          -9.81,
          16.28
        ]
      },
      "properties": {
        "id": 30,
        "entity_id": "settlement:30",
        "feature_class": "settlement",
        "name": "Secilbenzon",
        "settlement_type": "Generic",
        "state_id": 15,
        "province_id": 133,
        "population": 5.526,
        "capital": false,
        "port": false,
        "market_center": false,
        "market_level": "international",
        "market_id": 2,
        "rank": 6,
        "minzoom": 9
      }
    },
    {
      "type": "Feature",
      "geometry": {
        "type": "Point",
        "coordinates": [
          -11.17,
          26.65
        ]
      },
      "properties": {
        "id": 31,
        "entity_id": "settlement:31",
        "feature_class": "settlement",
        "name": "Wingengen",
        "settlement_type": "Lake",
        "state_id": 8,
        "province_id": 75,
        "population": 1.683,
        "capital": false,
        "port": false,
        "market_center": false,
        "market_level": "international",
        "market_id": 7,
        "rank": 6,
        "minzoom": 9
      }
    },
    {
      "type": "Feature",
      "geometry": {
        "type": "Point",
        "coordinates": [
          -14.43,
          21.05
        ]
      },
      "properties": {
        "id": 32,
        "entity_id": "settlement:32",
        "feature_class": "settlement",
        "name": "Er Yurke",
        "settlement_type": "Lake",
        "state_id": 17,
        "province_id": 146,
        "population": 8.694,
        "capital": false,
        "port": false,
        "market_center": false,
        "market_level": "international",
        "market_id": 1,
        "rank": 5,
        "minzoom": 7
      }
    },
    {
      "type": "Feature",
      "geometry": {
        "type": "Point",
        "coordinates": [
          23.05,
          26.76
        ]
      },
      "properties": {
        "id": 33,
        "entity_id": "settlement:33",
        "feature_class": "settlement",
        "name": "Clifnal",
        "settlement_type": "Generic",
        "state_id": 7,
        "province_id": 68,
        "population": 14.872,
        "capital": false,
        "port": false,
        "market_center": false,
        "market_level": "international",
        "market_id": 6,
        "rank": 5,
        "minzoom": 7
      }
    },
    {
      "type": "Feature",
      "geometry": {
        "type": "Point",
        "coordinates": [
          -22.8,
          18.57
        ]
      },
      "properties": {
        "id": 34,
        "entity_id": "settlement:34",
        "feature_class": "settlement",
        "name": "Vellena",
        "settlement_type": "Generic",
        "state_id": 6,
        "province_id": 51,
        "population": 7.917,
        "capital": false,
        "port": false,
        "market_center": false,
        "market_level": "major",
        "market_id": 30,
        "rank": 5,
        "minzoom": 7
      }
    },
    {
      "type": "Feature",
      "geometry": {
        "type": "Point",
        "coordinates": [
          -4.42,
          37.28
        ]
      },
      "properties": {
        "id": 35,
        "entity_id": "settlement:35",
        "feature_class": "settlement",
        "name": "Oviivijarku",
        "settlement_type": "Naval",
        "state_id": 12,
        "province_id": 239,
        "population": 17.915,
        "capital": false,
        "port": true,
        "market_center": false,
        "market_level": "regional",
        "market_id": 14,
        "rank": 4,
        "minzoom": 6
      }
    },
    {
      "type": "Feature",
      "geometry": {
        "type": "Point",
        "coordinates": [
          3.39,
          25.26
        ]
      },
      "properties": {
        "id": 36,
        "entity_id": "settlement:36",
        "feature_class": "settlement",
        "name": "Aslanenyol",
        "settlement_type": "Generic",
        "state_id": 12,
        "province_id": 104,
        "population": 21.348,
        "capital": false,
        "port": false,
        "market_center": false,
        "market_level": "international",
        "market_id": 16,
        "rank": 4,
        "minzoom": 6
      }
    },
    {
      "type": "Feature",
      "geometry": {
        "type": "Point",
        "coordinates": [
          9.04,
          21.51
        ]
      },
      "properties": {
        "id": 37,
        "entity_id": "settlement:37",
        "feature_class": "settlement",
        "name": "Lochijodurum",
        "settlement_type": "Generic",
        "state_id": 3,
        "province_id": 19,
        "population": 14.988,
        "capital": false,
        "port": false,
        "market_center": false,
        "market_level": "major",
        "market_id": 11,
        "rank": 5,
        "minzoom": 7
      }
    },
    {
      "type": "Feature",
      "geometry": {
        "type": "Point",
        "coordinates": [
          -10.8,
          20.33
        ]
      },
      "properties": {
        "id": 38,
        "entity_id": "settlement:38",
        "feature_class": "settlement",
        "name": "Bane",
        "settlement_type": "Generic",
        "state_id": 15,
        "province_id": 131,
        "population": 5.681,
        "capital": false,
        "port": false,
        "market_center": false,
        "market_level": "international",
        "market_id": 2,
        "rank": 6,
        "minzoom": 9
      }
    },
    {
      "type": "Feature",
      "geometry": {
        "type": "Point",
        "coordinates": [
          -14.49,
          19.82
        ]
      },
      "properties": {
        "id": 39,
        "entity_id": "settlement:39",
        "feature_class": "settlement",
        "name": "Boykut",
        "settlement_type": "Generic",
        "state_id": 17,
        "province_id": 277,
        "population": 12.509,
        "capital": false,
        "port": false,
        "market_center": false,
        "market_level": "international",
        "market_id": 1,
        "rank": 5,
        "minzoom": 7
      }
    },
    {
      "type": "Feature",
      "geometry": {
        "type": "Point",
        "coordinates": [
          -14.67,
          20.43
        ]
      },
      "properties": {
        "id": 40,
        "entity_id": "settlement:40",
        "feature_class": "settlement",
        "name": "Yazsuyol",
        "settlement_type": "Generic",
        "state_id": 17,
        "province_id": 146,
        "population": 21.426,
        "capital": false,
        "port": false,
        "market_center": false,
        "market_level": "international",
        "market_id": 1,
        "rank": 4,
        "minzoom": 6
      }
    },
    {
      "type": "Feature",
      "geometry": {
        "type": "Point",
        "coordinates": [
          20.52,
          26.27
        ]
      },
      "properties": {
        "id": 41,
        "entity_id": "settlement:41",
        "feature_class": "settlement",
        "name": "Mitlewent",
        "settlement_type": "Generic",
        "state_id": 7,
        "province_id": 215,
        "population": 22.112,
        "capital": false,
        "port": false,
        "market_center": false,
        "market_level": "international",
        "market_id": 6,
        "rank": 4,
        "minzoom": 6
      }
    },
    {
      "type": "Feature",
      "geometry": {
        "type": "Point",
        "coordinates": [
          14.65,
          22.12
        ]
      },
      "properties": {
        "id": 42,
        "entity_id": "settlement:42",
        "feature_class": "settlement",
        "name": "Inverduron",
        "settlement_type": "Generic",
        "state_id": 4,
        "province_id": 197,
        "population": 20.268,
        "capital": false,
        "port": false,
        "market_center": true,
        "market_level": "regional",
        "market_id": 22,
        "rank": 3,
        "minzoom": 5
      }
    },
    {
      "type": "Feature",
      "geometry": {
        "type": "Point",
        "coordinates": [
          27.67,
          28.27
        ]
      },
      "properties": {
        "id": 43,
        "entity_id": "settlement:43",
        "feature_class": "settlement",
        "name": "Mackingley",
        "settlement_type": "Naval",
        "state_id": 7,
        "province_id": 64,
        "population": 7.594,
        "capital": false,
        "port": true,
        "market_center": false,
        "market_level": "international",
        "market_id": 6,
        "rank": 5,
        "minzoom": 7
      }
    },
    {
      "type": "Feature",
      "geometry": {
        "type": "Point",
        "coordinates": [
          -10.75,
          22.64
        ]
      },
      "properties": {
        "id": 44,
        "entity_id": "settlement:44",
        "feature_class": "settlement",
        "name": "Schwewald",
        "settlement_type": "Generic",
        "state_id": 1,
        "province_id": 4,
        "population": 2.56,
        "capital": false,
        "port": false,
        "market_center": false,
        "market_level": "international",
        "market_id": 2,
        "rank": 6,
        "minzoom": 9
      }
    },
    {
      "type": "Feature",
      "geometry": {
        "type": "Point",
        "coordinates": [
          8.3,
          21.69
        ]
      },
      "properties": {
        "id": 45,
        "entity_id": "settlement:45",
        "feature_class": "settlement",
        "name": "Chlatulais",
        "settlement_type": "Generic",
        "state_id": 3,
        "province_id": 19,
        "population": 7.614,
        "capital": false,
        "port": false,
        "market_center": false,
        "market_level": "major",
        "market_id": 11,
        "rank": 5,
        "minzoom": 7
      }
    },
    {
      "type": "Feature",
      "geometry": {
        "type": "Point",
        "coordinates": [
          19.79,
          26.15
        ]
      },
      "properties": {
        "id": 46,
        "entity_id": "settlement:46",
        "feature_class": "settlement",
        "name": "Chipton",
        "settlement_type": "Lake",
        "state_id": 7,
        "province_id": 66,
        "population": 9.332,
        "capital": false,
        "port": false,
        "market_center": false,
        "market_level": "international",
        "market_id": 6,
        "rank": 5,
        "minzoom": 7
      }
    },
    {
      "type": "Feature",
      "geometry": {
        "type": "Point",
        "coordinates": [
          12.02,
          31.15
        ]
      },
      "properties": {
        "id": 47,
        "entity_id": "settlement:47",
        "feature_class": "settlement",
        "name": "Albrighin",
        "settlement_type": "Generic",
        "state_id": 19,
        "province_id": 295,
        "population": 4.524,
        "capital": false,
        "port": false,
        "market_center": false,
        "market_level": "international",
        "market_id": 15,
        "rank": 6,
        "minzoom": 9
      }
    },
    {
      "type": "Feature",
      "geometry": {
        "type": "Point",
        "coordinates": [
          19.53,
          32.19
        ]
      },
      "properties": {
        "id": 48,
        "entity_id": "settlement:48",
        "feature_class": "settlement",
        "name": "Grambedondo",
        "settlement_type": "Generic",
        "state_id": 5,
        "province_id": 45,
        "population": 25.284,
        "capital": false,
        "port": false,
        "market_center": false,
        "market_level": "international",
        "market_id": 25,
        "rank": 4,
        "minzoom": 6
      }
    },
    {
      "type": "Feature",
      "geometry": {
        "type": "Point",
        "coordinates": [
          -22.71,
          22.45
        ]
      },
      "properties": {
        "id": 49,
        "entity_id": "settlement:49",
        "feature_class": "settlement",
        "name": "Lantaimancheb",
        "settlement_type": "Generic",
        "state_id": 11,
        "province_id": 89,
        "population": 4.916,
        "capital": false,
        "port": false,
        "market_center": false,
        "market_level": "regional",
        "market_id": 10,
        "rank": 6,
        "minzoom": 9
      }
    },
    {
      "type": "Feature",
      "geometry": {
        "type": "Point",
        "coordinates": [
          -8.31,
          17.46
        ]
      },
      "properties": {
        "id": 50,
        "entity_id": "settlement:50",
        "feature_class": "settlement",
        "name": "Torrinosoce",
        "settlement_type": "Generic",
        "state_id": 14,
        "province_id": 126,
        "population": 3.386,
        "capital": false,
        "port": false,
        "market_center": false,
        "market_level": "international",
        "market_id": 3,
        "rank": 6,
        "minzoom": 9
      }
    },
    {
      "type": "Feature",
      "geometry": {
        "type": "Point",
        "coordinates": [
          -21.15,
          19.39
        ]
      },
      "properties": {
        "id": 51,
        "entity_id": "settlement:51",
        "feature_class": "settlement",
        "name": "Viciconiame",
        "settlement_type": "Generic",
        "state_id": 6,
        "province_id": 49,
        "population": 1.586,
        "capital": false,
        "port": false,
        "market_center": false,
        "market_level": "major",
        "market_id": 30,
        "rank": 6,
        "minzoom": 9
      }
    },
    {
      "type": "Feature",
      "geometry": {
        "type": "Point",
        "coordinates": [
          3.66,
          19.82
        ]
      },
      "properties": {
        "id": 52,
        "entity_id": "settlement:52",
        "feature_class": "settlement",
        "name": "Kirviegunum",
        "settlement_type": "Generic",
        "state_id": 3,
        "province_id": 194,
        "population": 4.271,
        "capital": false,
        "port": false,
        "market_center": false,
        "market_level": "major",
        "market_id": 28,
        "rank": 6,
        "minzoom": 9
      }
    },
    {
      "type": "Feature",
      "geometry": {
        "type": "Point",
        "coordinates": [
          -15.66,
          30.8
        ]
      },
      "properties": {
        "id": 53,
        "entity_id": "settlement:53",
        "feature_class": "settlement",
        "name": "Trisenau",
        "settlement_type": "Naval",
        "state_id": 2,
        "province_id": 16,
        "population": 5.36,
        "capital": false,
        "port": true,
        "market_center": false,
        "market_level": "major",
        "market_id": 9,
        "rank": 6,
        "minzoom": 9
      }
    },
    {
      "type": "Feature",
      "geometry": {
        "type": "Point",
        "coordinates": [
          11.95,
          18.05
        ]
      },
      "properties": {
        "id": 54,
        "entity_id": "settlement:54",
        "feature_class": "settlement",
        "name": "Lochilerell",
        "settlement_type": "Naval",
        "state_id": 4,
        "province_id": 32,
        "population": 2.793,
        "capital": false,
        "port": true,
        "market_center": false,
        "market_level": "regional",
        "market_id": 4,
        "rank": 6,
        "minzoom": 9
      }
    },
    {
      "type": "Feature",
      "geometry": {
        "type": "Point",
        "coordinates": [
          -13.9,
          16.59
        ]
      },
      "properties": {
        "id": 55,
        "entity_id": "settlement:55",
        "feature_class": "settlement",
        "name": "Toprak",
        "settlement_type": "Generic",
        "state_id": 17,
        "province_id": 148,
        "population": 4.016,
        "capital": false,
        "port": false,
        "market_center": false,
        "market_level": "local",
        "market_id": 29,
        "rank": 6,
        "minzoom": 9
      }
    },
    {
      "type": "Feature",
      "geometry": {
        "type": "Point",
        "coordinates": [
          -6.81,
          34.26
        ]
      },
      "properties": {
        "id": 56,
        "entity_id": "settlement:56",
        "feature_class": "settlement",
        "name": "Paisa",
        "settlement_type": "Generic",
        "state_id": 12,
        "province_id": 241,
        "population": 1.78,
        "capital": false,
        "port": false,
        "market_center": false,
        "market_level": "international",
        "market_id": 19,
        "rank": 6,
        "minzoom": 9
      }
    },
    {
      "type": "Feature",
      "geometry": {
        "type": "Point",
        "coordinates": [
          10.25,
          31.05
        ]
      },
      "properties": {
        "id": 57,
        "entity_id": "settlement:57",
        "feature_class": "settlement",
        "name": "Knutsdon",
        "settlement_type": "Naval",
        "state_id": 19,
        "province_id": 162,
        "population": 3.286,
        "capital": false,
        "port": true,
        "market_center": false,
        "market_level": "international",
        "market_id": 15,
        "rank": 6,
        "minzoom": 9
      }
    },
    {
      "type": "Feature",
      "geometry": {
        "type": "Point",
        "coordinates": [
          -22.54,
          23.15
        ]
      },
      "properties": {
        "id": 58,
        "entity_id": "settlement:58",
        "feature_class": "settlement",
        "name": "Louvillemur",
        "settlement_type": "Generic",
        "state_id": 11,
        "province_id": 89,
        "population": 1.573,
        "capital": false,
        "port": false,
        "market_center": false,
        "market_level": "regional",
        "market_id": 10,
        "rank": 6,
        "minzoom": 9
      }
    },
    {
      "type": "Feature",
      "geometry": {
        "type": "Point",
        "coordinates": [
          25.14,
          25.8
        ]
      },
      "properties": {
        "id": 59,
        "entity_id": "settlement:59",
        "feature_class": "settlement",
        "name": "Kilksey",
        "settlement_type": "Generic",
        "state_id": 7,
        "province_id": 65,
        "population": 2.333,
        "capital": false,
        "port": false,
        "market_center": false,
        "market_level": "local",
        "market_id": 21,
        "rank": 6,
        "minzoom": 9
      }
    },
    {
      "type": "Feature",
      "geometry": {
        "type": "Point",
        "coordinates": [
          -15.79,
          28.46
        ]
      },
      "properties": {
        "id": 60,
        "entity_id": "settlement:60",
        "feature_class": "settlement",
        "name": "Poyers",
        "settlement_type": "Naval",
        "state_id": 2,
        "province_id": 178,
        "population": 5.839,
        "capital": false,
        "port": true,
        "market_center": false,
        "market_level": "major",
        "market_id": 9,
        "rank": 6,
        "minzoom": 9
      }
    },
    {
      "type": "Feature",
      "geometry": {
        "type": "Point",
        "coordinates": [
          -10.49,
          27.68
        ]
      },
      "properties": {
        "id": 61,
        "entity_id": "settlement:61",
        "feature_class": "settlement",
        "name": "Eschbruck",
        "settlement_type": "Naval",
        "state_id": 8,
        "province_id": 76,
        "population": 9.802,
        "capital": false,
        "port": true,
        "market_center": false,
        "market_level": "international",
        "market_id": 7,
        "rank": 5,
        "minzoom": 7
      }
    },
    {
      "type": "Feature",
      "geometry": {
        "type": "Point",
        "coordinates": [
          -12.31,
          37.24
        ]
      },
      "properties": {
        "id": 62,
        "entity_id": "settlement:62",
        "feature_class": "settlement",
        "name": "Koulamaski",
        "settlement_type": "Generic",
        "state_id": 10,
        "province_id": 228,
        "population": 14.152,
        "capital": false,
        "port": false,
        "market_center": false,
        "market_level": "local",
        "market_id": 23,
        "rank": 5,
        "minzoom": 7
      }
    },
    {
      "type": "Feature",
      "geometry": {
        "type": "Point",
        "coordinates": [
          3.66,
          34.1
        ]
      },
      "properties": {
        "id": 63,
        "entity_id": "settlement:63",
        "feature_class": "settlement",
        "name": "Altapa",
        "settlement_type": "Generic",
        "state_id": 12,
        "province_id": 111,
        "population": 6.351,
        "capital": false,
        "port": false,
        "market_center": false,
        "market_level": "local",
        "market_id": 32,
        "rank": 6,
        "minzoom": 9
      }
    },
    {
      "type": "Feature",
      "geometry": {
        "type": "Point",
        "coordinates": [
          -18.35,
          20.62
        ]
      },
      "properties": {
        "id": 64,
        "entity_id": "settlement:64",
        "feature_class": "settlement",
        "name": "Grotronero",
        "settlement_type": "Generic",
        "state_id": 6,
        "province_id": 210,
        "population": 14.561,
        "capital": false,
        "port": false,
        "market_center": false,
        "market_level": "international",
        "market_id": 1,
        "rank": 5,
        "minzoom": 7
      }
    },
    {
      "type": "Feature",
      "geometry": {
        "type": "Point",
        "coordinates": [
          -5.08,
          19.4
        ]
      },
      "properties": {
        "id": 65,
        "entity_id": "settlement:65",
        "feature_class": "settlement",
        "name": "Sayansuyol",
        "settlement_type": "Generic",
        "state_id": 14,
        "province_id": 120,
        "population": 2.368,
        "capital": false,
        "port": false,
        "market_center": false,
        "market_level": "international",
        "market_id": 3,
        "rank": 6,
        "minzoom": 9
      }
    },
    {
      "type": "Feature",
      "geometry": {
        "type": "Point",
        "coordinates": [
          -21.68,
          17.23
        ]
      },
      "properties": {
        "id": 66,
        "entity_id": "settlement:66",
        "feature_class": "settlement",
        "name": "Casttile",
        "settlement_type": "Generic",
        "state_id": 6,
        "province_id": 58,
        "population": 17.066,
        "capital": false,
        "port": false,
        "market_center": false,
        "market_level": "major",
        "market_id": 30,
        "rank": 4,
        "minzoom": 6
      }
    },
    {
      "type": "Feature",
      "geometry": {
        "type": "Point",
        "coordinates": [
          0.05,
          22.75
        ]
      },
      "properties": {
        "id": 67,
        "entity_id": "settlement:67",
        "feature_class": "settlement",
        "name": "Deki",
        "settlement_type": "Generic",
        "state_id": 12,
        "province_id": 103,
        "population": 1.655,
        "capital": false,
        "port": false,
        "market_center": false,
        "market_level": "international",
        "market_id": 16,
        "rank": 6,
        "minzoom": 9
      }
    },
    {
      "type": "Feature",
      "geometry": {
        "type": "Point",
        "coordinates": [
          -0.44,
          18.01
        ]
      },
      "properties": {
        "id": 68,
        "entity_id": "settlement:68",
        "feature_class": "settlement",
        "name": "Epelensuko",
        "settlement_type": "Generic",
        "state_id": 14,
        "province_id": 258,
        "population": 19.74,
        "capital": false,
        "port": false,
        "market_center": false,
        "market_level": "international",
        "market_id": 3,
        "rank": 4,
        "minzoom": 6
      }
    },
    {
      "type": "Feature",
      "geometry": {
        "type": "Point",
        "coordinates": [
          23.06,
          24.88
        ]
      },
      "properties": {
        "id": 69,
        "entity_id": "settlement:69",
        "feature_class": "settlement",
        "name": "Totrinch",
        "settlement_type": "Generic",
        "state_id": 7,
        "province_id": 72,
        "population": 10.111,
        "capital": false,
        "port": false,
        "market_center": false,
        "market_level": "international",
        "market_id": 6,
        "rank": 5,
        "minzoom": 7
      }
    },
    {
      "type": "Feature",
      "geometry": {
        "type": "Point",
        "coordinates": [
          14.9,
          27.94
        ]
      },
      "properties": {
        "id": 70,
        "entity_id": "settlement:70",
        "feature_class": "settlement",
        "name": "Uxbronere",
        "settlement_type": "Generic",
        "state_id": 19,
        "province_id": 161,
        "population": 22.782,
        "capital": false,
        "port": false,
        "market_center": false,
        "market_level": "international",
        "market_id": 13,
        "rank": 4,
        "minzoom": 6
      }
    },
    {
      "type": "Feature",
      "geometry": {
        "type": "Point",
        "coordinates": [
          -20.53,
          29.61
        ]
      },
      "properties": {
        "id": 71,
        "entity_id": "settlement:71",
        "feature_class": "settlement",
        "name": "Piervillerais",
        "settlement_type": "River",
        "state_id": 2,
        "province_id": 8,
        "population": 11.349,
        "capital": false,
        "port": false,
        "market_center": false,
        "market_level": "international",
        "market_id": 5,
        "rank": 5,
        "minzoom": 7
      }
    },
    {
      "type": "Feature",
      "geometry": {
        "type": "Point",
        "coordinates": [
          20.44,
          31.5
        ]
      },
      "properties": {
        "id": 72,
        "entity_id": "settlement:72",
        "feature_class": "settlement",
        "name": "Exning",
        "settlement_type": "Generic",
        "state_id": 5,
        "province_id": 45,
        "population": 1.497,
        "capital": false,
        "port": false,
        "market_center": false,
        "market_level": "international",
        "market_id": 25,
        "rank": 6,
        "minzoom": 9
      }
    },
    {
      "type": "Feature",
      "geometry": {
        "type": "Point",
        "coordinates": [
          3.28,
          18.42
        ]
      },
      "properties": {
        "id": 73,
        "entity_id": "settlement:73",
        "feature_class": "settlement",
        "name": "Invenek",
        "settlement_type": "Naval",
        "state_id": 3,
        "province_id": 23,
        "population": 3.337,
        "capital": false,
        "port": true,
        "market_center": false,
        "market_level": "major",
        "market_id": 28,
        "rank": 6,
        "minzoom": 9
      }
    },
    {
      "type": "Feature",
      "geometry": {
        "type": "Point",
        "coordinates": [
          -6.29,
          17.96
        ]
      },
      "properties": {
        "id": 74,
        "entity_id": "settlement:74",
        "feature_class": "settlement",
        "name": "Ayayruzun",
        "settlement_type": "Generic",
        "state_id": 14,
        "province_id": 127,
        "population": 2.264,
        "capital": false,
        "port": false,
        "market_center": false,
        "market_level": "international",
        "market_id": 3,
        "rank": 6,
        "minzoom": 9
      }
    },
    {
      "type": "Feature",
      "geometry": {
        "type": "Point",
        "coordinates": [
          20.79,
          24.65
        ]
      },
      "properties": {
        "id": 75,
        "entity_id": "settlement:75",
        "feature_class": "settlement",
        "name": "Draxningley",
        "settlement_type": "Naval",
        "state_id": 7,
        "province_id": 61,
        "population": 8.739,
        "capital": false,
        "port": true,
        "market_center": false,
        "market_level": "international",
        "market_id": 6,
        "rank": 5,
        "minzoom": 7
      }
    },
    {
      "type": "Feature",
      "geometry": {
        "type": "Point",
        "coordinates": [
          -25.67,
          15.3
        ]
      },
      "properties": {
        "id": 76,
        "entity_id": "settlement:76",
        "feature_class": "settlement",
        "name": "Dutodute",
        "settlement_type": "Naval",
        "state_id": 17,
        "province_id": 153,
        "population": 14.196,
        "capital": false,
        "port": true,
        "market_center": false,
        "market_level": "local",
        "market_id": 31,
        "rank": 5,
        "minzoom": 7
      }
    },
    {
      "type": "Feature",
      "geometry": {
        "type": "Point",
        "coordinates": [
          15.32,
          17.48
        ]
      },
      "properties": {
        "id": 77,
        "entity_id": "settlement:77",
        "feature_class": "settlement",
        "name": "Mongordenti",
        "settlement_type": "Generic",
        "state_id": 4,
        "province_id": 37,
        "population": 1.831,
        "capital": false,
        "port": false,
        "market_center": false,
        "market_level": "regional",
        "market_id": 4,
        "rank": 6,
        "minzoom": 9
      }
    },
    {
      "type": "Feature",
      "geometry": {
        "type": "Point",
        "coordinates": [
          26.58,
          27.38
        ]
      },
      "properties": {
        "id": 78,
        "entity_id": "settlement:78",
        "feature_class": "settlement",
        "name": "Cambrigh",
        "settlement_type": "Naval",
        "state_id": 7,
        "province_id": 216,
        "population": 11.516,
        "capital": false,
        "port": true,
        "market_center": false,
        "market_level": "international",
        "market_id": 6,
        "rank": 5,
        "minzoom": 7
      }
    },
    {
      "type": "Feature",
      "geometry": {
        "type": "Point",
        "coordinates": [
          17.86,
          16.32
        ]
      },
      "properties": {
        "id": 79,
        "entity_id": "settlement:79",
        "feature_class": "settlement",
        "name": "Sicos",
        "settlement_type": "Generic",
        "state_id": 4,
        "province_id": 36,
        "population": 2.637,
        "capital": false,
        "port": false,
        "market_center": false,
        "market_level": "regional",
        "market_id": 4,
        "rank": 6,
        "minzoom": 9
      }
    },
    {
      "type": "Feature",
      "geometry": {
        "type": "Point",
        "coordinates": [
          -16.18,
          24.8
        ]
      },
      "properties": {
        "id": 80,
        "entity_id": "settlement:80",
        "feature_class": "settlement",
        "name": "Sinach",
        "settlement_type": "Generic",
        "state_id": 9,
        "province_id": 78,
        "population": 14.892,
        "capital": false,
        "port": false,
        "market_center": false,
        "market_level": "international",
        "market_id": 1,
        "rank": 5,
        "minzoom": 7
      }
    },
    {
      "type": "Feature",
      "geometry": {
        "type": "Point",
        "coordinates": [
          -15.25,
          24.89
        ]
      },
      "properties": {
        "id": 81,
        "entity_id": "settlement:81",
        "feature_class": "settlement",
        "name": "Kirchal",
        "settlement_type": "Generic",
        "state_id": 9,
        "province_id": 77,
        "population": 3.101,
        "capital": false,
        "port": false,
        "market_center": false,
        "market_level": "international",
        "market_id": 1,
        "rank": 6,
        "minzoom": 9
      }
    },
    {
      "type": "Feature",
      "geometry": {
        "type": "Point",
        "coordinates": [
          19.58,
          18.74
        ]
      },
      "properties": {
        "id": 82,
        "entity_id": "settlement:82",
        "feature_class": "settlement",
        "name": "Lapagaies",
        "settlement_type": "Generic",
        "state_id": 16,
        "province_id": 136,
        "population": 2.433,
        "capital": false,
        "port": false,
        "market_center": false,
        "market_level": "international",
        "market_id": 18,
        "rank": 6,
        "minzoom": 9
      }
    },
    {
      "type": "Feature",
      "geometry": {
        "type": "Point",
        "coordinates": [
          18.51,
          27.38
        ]
      },
      "properties": {
        "id": 83,
        "entity_id": "settlement:83",
        "feature_class": "settlement",
        "name": "Borougham",
        "settlement_type": "Generic",
        "state_id": 7,
        "province_id": 71,
        "population": 2.337,
        "capital": false,
        "port": false,
        "market_center": false,
        "market_level": "international",
        "market_id": 6,
        "rank": 6,
        "minzoom": 9
      }
    },
    {
      "type": "Feature",
      "geometry": {
        "type": "Point",
        "coordinates": [
          8.45,
          31.02
        ]
      },
      "properties": {
        "id": 84,
        "entity_id": "settlement:84",
        "feature_class": "settlement",
        "name": "Bolmond",
        "settlement_type": "Generic",
        "state_id": 19,
        "province_id": 160,
        "population": 5.791,
        "capital": false,
        "port": false,
        "market_center": false,
        "market_level": "international",
        "market_id": 15,
        "rank": 6,
        "minzoom": 9
      }
    },
    {
      "type": "Feature",
      "geometry": {
        "type": "Point",
        "coordinates": [
          -22.39,
          21.84
        ]
      },
      "properties": {
        "id": 85,
        "entity_id": "settlement:85",
        "feature_class": "settlement",
        "name": "Manoce",
        "settlement_type": "Generic",
        "state_id": 11,
        "province_id": 86,
        "population": 2.461,
        "capital": false,
        "port": false,
        "market_center": false,
        "market_level": "regional",
        "market_id": 10,
        "rank": 6,
        "minzoom": 9
      }
    },
    {
      "type": "Feature",
      "geometry": {
        "type": "Point",
        "coordinates": [
          -19.32,
          18.39
        ]
      },
      "properties": {
        "id": 86,
        "entity_id": "settlement:86",
        "feature_class": "settlement",
        "name": "Bascano",
        "settlement_type": "Generic",
        "state_id": 17,
        "province_id": 278,
        "population": 3.313,
        "capital": false,
        "port": false,
        "market_center": false,
        "market_level": "major",
        "market_id": 30,
        "rank": 6,
        "minzoom": 9
      }
    },
    {
      "type": "Feature",
      "geometry": {
        "type": "Point",
        "coordinates": [
          9.03,
          19.54
        ]
      },
      "properties": {
        "id": 87,
        "entity_id": "settlement:87",
        "feature_class": "settlement",
        "name": "Angen",
        "settlement_type": "Generic",
        "state_id": 3,
        "province_id": 22,
        "population": 2.474,
        "capital": false,
        "port": false,
        "market_center": false,
        "market_level": "major",
        "market_id": 11,
        "rank": 6,
        "minzoom": 9
      }
    },
    {
      "type": "Feature",
      "geometry": {
        "type": "Point",
        "coordinates": [
          -24.91,
          26.26
        ]
      },
      "properties": {
        "id": 88,
        "entity_id": "settlement:88",
        "feature_class": "settlement",
        "name": "Mortempierte",
        "settlement_type": "Generic",
        "state_id": 2,
        "province_id": 18,
        "population": 14.842,
        "capital": false,
        "port": false,
        "market_center": false,
        "market_level": "local",
        "market_id": 24,
        "rank": 5,
        "minzoom": 7
      }
    },
    {
      "type": "Feature",
      "geometry": {
        "type": "Point",
        "coordinates": [
          -13.76,
          34.13
        ]
      },
      "properties": {
        "id": 89,
        "entity_id": "settlement:89",
        "feature_class": "settlement",
        "name": "Snubalen",
        "settlement_type": "River",
        "state_id": 18,
        "province_id": 291,
        "population": 5.14,
        "capital": false,
        "port": false,
        "market_center": false,
        "market_level": "regional",
        "market_id": 26,
        "rank": 6,
        "minzoom": 9
      }
    },
    {
      "type": "Feature",
      "geometry": {
        "type": "Point",
        "coordinates": [
          23.25,
          25.44
        ]
      },
      "properties": {
        "id": 90,
        "entity_id": "settlement:90",
        "feature_class": "settlement",
        "name": "Modfordbury",
        "settlement_type": "Generic",
        "state_id": 7,
        "province_id": 72,
        "population": 6.82,
        "capital": false,
        "port": false,
        "market_center": false,
        "market_level": "international",
        "market_id": 6,
        "rank": 6,
        "minzoom": 9
      }
    },
    {
      "type": "Feature",
      "geometry": {
        "type": "Point",
        "coordinates": [
          4.11,
          28.35
        ]
      },
      "properties": {
        "id": 91,
        "entity_id": "settlement:91",
        "feature_class": "settlement",
        "name": "Umankay",
        "settlement_type": "Hunting",
        "state_id": 12,
        "province_id": 105,
        "population": 1.829,
        "capital": false,
        "port": false,
        "market_center": false,
        "market_level": "international",
        "market_id": 20,
        "rank": 6,
        "minzoom": 9
      }
    },
    {
      "type": "Feature",
      "geometry": {
        "type": "Point",
        "coordinates": [
          21.27,
          28.41
        ]
      },
      "properties": {
        "id": 92,
        "entity_id": "settlement:92",
        "feature_class": "settlement",
        "name": "Pickerby",
        "settlement_type": "Generic",
        "state_id": 5,
        "province_id": 44,
        "population": 2.718,
        "capital": false,
        "port": false,
        "market_center": false,
        "market_level": "international",
        "market_id": 6,
        "rank": 6,
        "minzoom": 9
      }
    },
    {
      "type": "Feature",
      "geometry": {
        "type": "Point",
        "coordinates": [
          -7.98,
          15.89
        ]
      },
      "properties": {
        "id": 93,
        "entity_id": "settlement:93",
        "feature_class": "settlement",
        "name": "Homblanarre",
        "settlement_type": "Naval",
        "state_id": 14,
        "province_id": 123,
        "population": 19.036,
        "capital": false,
        "port": true,
        "market_center": false,
        "market_level": "international",
        "market_id": 3,
        "rank": 4,
        "minzoom": 6
      }
    },
    {
      "type": "Feature",
      "geometry": {
        "type": "Point",
        "coordinates": [
          -15.17,
          20.68
        ]
      },
      "properties": {
        "id": 94,
        "entity_id": "settlement:94",
        "feature_class": "settlement",
        "name": "Ynuzbey",
        "settlement_type": "Generic",
        "state_id": 6,
        "province_id": 209,
        "population": 38.46,
        "capital": false,
        "port": false,
        "market_center": false,
        "market_level": "international",
        "market_id": 1,
        "rank": 3,
        "minzoom": 5
      }
    },
    {
      "type": "Feature",
      "geometry": {
        "type": "Point",
        "coordinates": [
          -5.95,
          17.68
        ]
      },
      "properties": {
        "id": 95,
        "entity_id": "settlement:95",
        "feature_class": "settlement",
        "name": "Alpse",
        "settlement_type": "Generic",
        "state_id": 14,
        "province_id": 259,
        "population": 10.368,
        "capital": false,
        "port": false,
        "market_center": false,
        "market_level": "international",
        "market_id": 3,
        "rank": 5,
        "minzoom": 7
      }
    },
    {
      "type": "Feature",
      "geometry": {
        "type": "Point",
        "coordinates": [
          18.28,
          27.46
        ]
      },
      "properties": {
        "id": 96,
        "entity_id": "settlement:96",
        "feature_class": "settlement",
        "name": "Dunsham",
        "settlement_type": "Generic",
        "state_id": 7,
        "province_id": 71,
        "population": 9.834,
        "capital": false,
        "port": false,
        "market_center": false,
        "market_level": "international",
        "market_id": 6,
        "rank": 5,
        "minzoom": 7
      }
    },
    {
      "type": "Feature",
      "geometry": {
        "type": "Point",
        "coordinates": [
          -18.5,
          20.79
        ]
      },
      "properties": {
        "id": 97,
        "entity_id": "settlement:97",
        "feature_class": "settlement",
        "name": "Brocciania",
        "settlement_type": "Naval",
        "state_id": 6,
        "province_id": 52,
        "population": 11.352,
        "capital": false,
        "port": true,
        "market_center": false,
        "market_level": "international",
        "market_id": 1,
        "rank": 5,
        "minzoom": 7
      }
    },
    {
      "type": "Feature",
      "geometry": {
        "type": "Point",
        "coordinates": [
          -7.62,
          19.32
        ]
      },
      "properties": {
        "id": 98,
        "entity_id": "settlement:98",
        "feature_class": "settlement",
        "name": "Yvartesen",
        "settlement_type": "Naval",
        "state_id": 14,
        "province_id": 122,
        "population": 4.511,
        "capital": false,
        "port": true,
        "market_center": false,
        "market_level": "international",
        "market_id": 3,
        "rank": 6,
        "minzoom": 9
      }
    },
    {
      "type": "Feature",
      "geometry": {
        "type": "Point",
        "coordinates": [
          27.57,
          28.37
        ]
      },
      "properties": {
        "id": 99,
        "entity_id": "settlement:99",
        "feature_class": "settlement",
        "name": "Carham",
        "settlement_type": "Generic",
        "state_id": 7,
        "province_id": 64,
        "population": 6.412,
        "capital": false,
        "port": false,
        "market_center": false,
        "market_level": "international",
        "market_id": 6,
        "rank": 6,
        "minzoom": 9
      }
    },
    {
      "type": "Feature",
      "geometry": {
        "type": "Point",
        "coordinates": [
          -9.0,
          27.56
        ]
      },
      "properties": {
        "id": 100,
        "entity_id": "settlement:100",
        "feature_class": "settlement",
        "name": "Dokuzbey",
        "settlement_type": "Generic",
        "state_id": 8,
        "province_id": 76,
        "population": 2.584,
        "capital": false,
        "port": false,
        "market_center": false,
        "market_level": "international",
        "market_id": 7,
        "rank": 6,
        "minzoom": 9
      }
    },
    {
      "type": "Feature",
      "geometry": {
        "type": "Point",
        "coordinates": [
          -7.71,
          20.04
        ]
      },
      "properties": {
        "id": 101,
        "entity_id": "settlement:101",
        "feature_class": "settlement",
        "name": "Sarpraklu",
        "settlement_type": "Generic",
        "state_id": 14,
        "province_id": 122,
        "population": 4.427,
        "capital": false,
        "port": false,
        "market_center": false,
        "market_level": "international",
        "market_id": 3,
        "rank": 6,
        "minzoom": 9
      }
    },
    {
      "type": "Feature",
      "geometry": {
        "type": "Point",
        "coordinates": [
          5.61,
          18.65
        ]
      },
      "properties": {
        "id": 102,
        "entity_id": "settlement:102",
        "feature_class": "settlement",
        "name": "Theorgelerar",
        "settlement_type": "Naval",
        "state_id": 3,
        "province_id": 191,
        "population": 3.303,
        "capital": false,
        "port": true,
        "market_center": false,
        "market_level": "major",
        "market_id": 28,
        "rank": 6,
        "minzoom": 9
      }
    },
    {
      "type": "Feature",
      "geometry": {
        "type": "Point",
        "coordinates": [
          -12.98,
          16.16
        ]
      },
      "properties": {
        "id": 103,
        "entity_id": "settlement:103",
        "feature_class": "settlement",
        "name": "Beyruk",
        "settlement_type": "Naval",
        "state_id": 17,
        "province_id": 151,
        "population": 9.476,
        "capital": false,
        "port": true,
        "market_center": false,
        "market_level": "local",
        "market_id": 29,
        "rank": 5,
        "minzoom": 7
      }
    },
    {
      "type": "Feature",
      "geometry": {
        "type": "Point",
        "coordinates": [
          -12.99,
          19.14
        ]
      },
      "properties": {
        "id": 104,
        "entity_id": "settlement:104",
        "feature_class": "settlement",
        "name": "Yeri",
        "settlement_type": "Lake",
        "state_id": 15,
        "province_id": 267,
        "population": 5.672,
        "capital": false,
        "port": false,
        "market_center": false,
        "market_level": "international",
        "market_id": 2,
        "rank": 6,
        "minzoom": 9
      }
    },
    {
      "type": "Feature",
      "geometry": {
        "type": "Point",
        "coordinates": [
          -21.46,
          36.49
        ]
      },
      "properties": {
        "id": 105,
        "entity_id": "settlement:105",
        "feature_class": "settlement",
        "name": "Valdeset",
        "settlement_type": "Generic",
        "state_id": 2,
        "province_id": 7,
        "population": 9.849,
        "capital": false,
        "port": false,
        "market_center": false,
        "market_level": "local",
        "market_id": 33,
        "rank": 5,
        "minzoom": 7
      }
    },
    {
      "type": "Feature",
      "geometry": {
        "type": "Point",
        "coordinates": [
          -8.88,
          32.36
        ]
      },
      "properties": {
        "id": 106,
        "entity_id": "settlement:106",
        "feature_class": "settlement",
        "name": "Sazkaynak",
        "settlement_type": "Naval",
        "state_id": 10,
        "province_id": 81,
        "population": 2.434,
        "capital": false,
        "port": true,
        "market_center": false,
        "market_level": "regional",
        "market_id": 26,
        "rank": 6,
        "minzoom": 9
      }
    },
    {
      "type": "Feature",
      "geometry": {
        "type": "Point",
        "coordinates": [
          13.95,
          24.44
        ]
      },
      "properties": {
        "id": 107,
        "entity_id": "settlement:107",
        "feature_class": "settlement",
        "name": "Boyrakar",
        "settlement_type": "Naval",
        "state_id": 4,
        "province_id": 35,
        "population": 4.384,
        "capital": false,
        "port": true,
        "market_center": false,
        "market_level": "regional",
        "market_id": 22,
        "rank": 6,
        "minzoom": 9
      }
    },
    {
      "type": "Feature",
      "geometry": {
        "type": "Point",
        "coordinates": [
          -10.74,
          20.55
        ]
      },
      "properties": {
        "id": 108,
        "entity_id": "settlement:108",
        "feature_class": "settlement",
        "name": "Boyli",
        "settlement_type": "Generic",
        "state_id": 15,
        "province_id": 266,
        "population": 11.382,
        "capital": false,
        "port": false,
        "market_center": false,
        "market_level": "international",
        "market_id": 2,
        "rank": 5,
        "minzoom": 7
      }
    },
    {
      "type": "Feature",
      "geometry": {
        "type": "Point",
        "coordinates": [
          10.17,
          20.26
        ]
      },
      "properties": {
        "id": 109,
        "entity_id": "settlement:109",
        "feature_class": "settlement",
        "name": "Abergwicodu",
        "settlement_type": "Naval",
        "state_id": 3,
        "province_id": 22,
        "population": 2.441,
        "capital": false,
        "port": true,
        "market_center": false,
        "market_level": "major",
        "market_id": 11,
        "rank": 6,
        "minzoom": 9
      }
    },
    {
      "type": "Feature",
      "geometry": {
        "type": "Point",
        "coordinates": [
          -25.39,
          27.66
        ]
      },
      "properties": {
        "id": 110,
        "entity_id": "settlement:110",
        "feature_class": "settlement",
        "name": "Dines",
        "settlement_type": "Generic",
        "state_id": 2,
        "province_id": 18,
        "population": 2.429,
        "capital": false,
        "port": false,
        "market_center": false,
        "market_level": "local",
        "market_id": 24,
        "rank": 6,
        "minzoom": 9
      }
    },
    {
      "type": "Feature",
      "geometry": {
        "type": "Point",
        "coordinates": [
          -21.26,
          28.49
        ]
      },
      "properties": {
        "id": 111,
        "entity_id": "settlement:111",
        "feature_class": "settlement",
        "name": "Charvillenest",
        "settlement_type": "Generic",
        "state_id": 2,
        "province_id": 179,
        "population": 15.726,
        "capital": false,
        "port": false,
        "market_center": false,
        "market_level": "international",
        "market_id": 5,
        "rank": 5,
        "minzoom": 7
      }
    },
    {
      "type": "Feature",
      "geometry": {
        "type": "Point",
        "coordinates": [
          28.58,
          26.36
        ]
      },
      "properties": {
        "id": 112,
        "entity_id": "settlement:112",
        "feature_class": "settlement",
        "name": "Covilseates",
        "settlement_type": "Naval",
        "state_id": 7,
        "province_id": 216,
        "population": 3.253,
        "capital": false,
        "port": true,
        "market_center": false,
        "market_level": "local",
        "market_id": 21,
        "rank": 6,
        "minzoom": 9
      }
    },
    {
      "type": "Feature",
      "geometry": {
        "type": "Point",
        "coordinates": [
          11.12,
          29.59
        ]
      },
      "properties": {
        "id": 113,
        "entity_id": "settlement:113",
        "feature_class": "settlement",
        "name": "Kepeniz",
        "settlement_type": "Generic",
        "state_id": 19,
        "province_id": 162,
        "population": 21.273,
        "capital": false,
        "port": false,
        "market_center": false,
        "market_level": "international",
        "market_id": 15,
        "rank": 4,
        "minzoom": 6
      }
    },
    {
      "type": "Feature",
      "geometry": {
        "type": "Point",
        "coordinates": [
          -5.18,
          28.39
        ]
      },
      "properties": {
        "id": 114,
        "entity_id": "settlement:114",
        "feature_class": "settlement",
        "name": "Salanoguz",
        "settlement_type": "Naval",
        "state_id": 12,
        "province_id": 93,
        "population": 3.444,
        "capital": false,
        "port": true,
        "market_center": false,
        "market_level": "local",
        "market_id": 12,
        "rank": 6,
        "minzoom": 9
      }
    },
    {
      "type": "Feature",
      "geometry": {
        "type": "Point",
        "coordinates": [
          11.25,
          20.84
        ]
      },
      "properties": {
        "id": 115,
        "entity_id": "settlement:115",
        "feature_class": "settlement",
        "name": "Raithe",
        "settlement_type": "Naval",
        "state_id": 3,
        "province_id": 21,
        "population": 8.898,
        "capital": false,
        "port": true,
        "market_center": false,
        "market_level": "major",
        "market_id": 11,
        "rank": 5,
        "minzoom": 7
      }
    },
    {
      "type": "Feature",
      "geometry": {
        "type": "Point",
        "coordinates": [
          -9.65,
          36.88
        ]
      },
      "properties": {
        "id": 116,
        "entity_id": "settlement:116",
        "feature_class": "settlement",
        "name": "Ylala",
        "settlement_type": "Generic",
        "state_id": 10,
        "province_id": 228,
        "population": 2.901,
        "capital": false,
        "port": false,
        "market_center": false,
        "market_level": "local",
        "market_id": 23,
        "rank": 6,
        "minzoom": 9
      }
    },
    {
      "type": "Feature",
      "geometry": {
        "type": "Point",
        "coordinates": [
          -20.44,
          37.25
        ]
      },
      "properties": {
        "id": 117,
        "entity_id": "settlement:117",
        "feature_class": "settlement",
        "name": "Ikabygd",
        "settlement_type": "Naval",
        "state_id": 2,
        "province_id": 7,
        "population": 3.624,
        "capital": false,
        "port": true,
        "market_center": false,
        "market_level": "local",
        "market_id": 33,
        "rank": 6,
        "minzoom": 9
      }
    },
    {
      "type": "Feature",
      "geometry": {
        "type": "Point",
        "coordinates": [
          18.17,
          32.95
        ]
      },
      "properties": {
        "id": 118,
        "entity_id": "settlement:118",
        "feature_class": "settlement",
        "name": "Birham",
        "settlement_type": "Generic",
        "state_id": 19,
        "province_id": 172,
        "population": 17.874,
        "capital": false,
        "port": false,
        "market_center": false,
        "market_level": "international",
        "market_id": 13,
        "rank": 4,
        "minzoom": 6
      }
    },
    {
      "type": "Feature",
      "geometry": {
        "type": "Point",
        "coordinates": [
          1.66,
          20.05
        ]
      },
      "properties": {
        "id": 119,
        "entity_id": "settlement:119",
        "feature_class": "settlement",
        "name": "Inverleigh",
        "settlement_type": "Naval",
        "state_id": 14,
        "province_id": 121,
        "population": 11.511,
        "capital": false,
        "port": true,
        "market_center": false,
        "market_level": "major",
        "market_id": 28,
        "rank": 5,
        "minzoom": 7
      }
    },
    {
      "type": "Feature",
      "geometry": {
        "type": "Point",
        "coordinates": [
          -10.14,
          25.94
        ]
      },
      "properties": {
        "id": 120,
        "entity_id": "settlement:120",
        "feature_class": "settlement",
        "name": "Teimeltenswe",
        "settlement_type": "Naval",
        "state_id": 8,
        "province_id": 74,
        "population": 2.719,
        "capital": false,
        "port": true,
        "market_center": false,
        "market_level": "international",
        "market_id": 7,
        "rank": 6,
        "minzoom": 9
      }
    },
    {
      "type": "Feature",
      "geometry": {
        "type": "Point",
        "coordinates": [
          -20.03,
          17.6
        ]
      },
      "properties": {
        "id": 121,
        "entity_id": "settlement:121",
        "feature_class": "settlement",
        "name": "Mindano",
        "settlement_type": "Naval",
        "state_id": 17,
        "province_id": 278,
        "population": 7.959,
        "capital": false,
        "port": true,
        "market_center": false,
        "market_level": "major",
        "market_id": 30,
        "rank": 5,
        "minzoom": 7
      }
    },
    {
      "type": "Feature",
      "geometry": {
        "type": "Point",
        "coordinates": [
          21.09,
          30.51
        ]
      },
      "properties": {
        "id": 122,
        "entity_id": "settlement:122",
        "feature_class": "settlement",
        "name": "Burham",
        "settlement_type": "Generic",
        "state_id": 5,
        "province_id": 46,
        "population": 14.483,
        "capital": false,
        "port": false,
        "market_center": false,
        "market_level": "international",
        "market_id": 25,
        "rank": 5,
        "minzoom": 7
      }
    },
    {
      "type": "Feature",
      "geometry": {
        "type": "Point",
        "coordinates": [
          10.37,
          32.35
        ]
      },
      "properties": {
        "id": 123,
        "entity_id": "settlement:123",
        "feature_class": "settlement",
        "name": "Thetfordge",
        "settlement_type": "Generic",
        "state_id": 19,
        "province_id": 162,
        "population": 16.894,
        "capital": false,
        "port": false,
        "market_center": false,
        "market_level": "international",
        "market_id": 15,
        "rank": 4,
        "minzoom": 6
      }
    },
    {
      "type": "Feature",
      "geometry": {
        "type": "Point",
        "coordinates": [
          12.48,
          21.44
        ]
      },
      "properties": {
        "id": 124,
        "entity_id": "settlement:124",
        "feature_class": "settlement",
        "name": "Iubhlaberce",
        "settlement_type": "Generic",
        "state_id": 4,
        "province_id": 39,
        "population": 7.12,
        "capital": false,
        "port": false,
        "market_center": false,
        "market_level": "regional",
        "market_id": 22,
        "rank": 5,
        "minzoom": 7
      }
    },
    {
      "type": "Feature",
      "geometry": {
        "type": "Point",
        "coordinates": [
          -8.5,
          25.74
        ]
      },
      "properties": {
        "id": 125,
        "entity_id": "settlement:125",
        "feature_class": "settlement",
        "name": "Schom",
        "settlement_type": "Generic",
        "state_id": 1,
        "province_id": 174,
        "population": 2.657,
        "capital": false,
        "port": false,
        "market_center": false,
        "market_level": "international",
        "market_id": 7,
        "rank": 6,
        "minzoom": 9
      }
    },
    {
      "type": "Feature",
      "geometry": {
        "type": "Point",
        "coordinates": [
          2.76,
          28.95
        ]
      },
      "properties": {
        "id": 126,
        "entity_id": "settlement:126",
        "feature_class": "settlement",
        "name": "Uzunkayruk",
        "settlement_type": "Generic",
        "state_id": 12,
        "province_id": 92,
        "population": 22.494,
        "capital": false,
        "port": false,
        "market_center": false,
        "market_level": "international",
        "market_id": 20,
        "rank": 4,
        "minzoom": 6
      }
    },
    {
      "type": "Feature",
      "geometry": {
        "type": "Point",
        "coordinates": [
          21.56,
          16.47
        ]
      },
      "properties": {
        "id": 127,
        "entity_id": "settlement:127",
        "feature_class": "settlement",
        "name": "Icearneta",
        "settlement_type": "Naval",
        "state_id": 16,
        "province_id": 138,
        "population": 31.878,
        "capital": false,
        "port": true,
        "market_center": false,
        "market_level": "international",
        "market_id": 18,
        "rank": 3,
        "minzoom": 5
      }
    },
    {
      "type": "Feature",
      "geometry": {
        "type": "Point",
        "coordinates": [
          -12.01,
          34.83
        ]
      },
      "properties": {
        "id": 128,
        "entity_id": "settlement:128",
        "feature_class": "settlement",
        "name": "Karkvera",
        "settlement_type": "Naval",
        "state_id": 10,
        "province_id": 229,
        "population": 17.035,
        "capital": false,
        "port": true,
        "market_center": false,
        "market_level": "local",
        "market_id": 23,
        "rank": 4,
        "minzoom": 6
      }
    },
    {
      "type": "Feature",
      "geometry": {
        "type": "Point",
        "coordinates": [
          21.6,
          30.56
        ]
      },
      "properties": {
        "id": 129,
        "entity_id": "settlement:129",
        "feature_class": "settlement",
        "name": "Foroughwark",
        "settlement_type": "Naval",
        "state_id": 5,
        "province_id": 46,
        "population": 64.103,
        "capital": false,
        "port": true,
        "market_center": false,
        "market_level": "international",
        "market_id": 25,
        "rank": 3,
        "minzoom": 5
      }
    },
    {
      "type": "Feature",
      "geometry": {
        "type": "Point",
        "coordinates": [
          22.57,
          21.94
        ]
      },
      "properties": {
        "id": 130,
        "entity_id": "settlement:130",
        "feature_class": "settlement",
        "name": "Teton",
        "settlement_type": "Generic",
        "state_id": 7,
        "province_id": 217,
        "population": 5.809,
        "capital": false,
        "port": false,
        "market_center": false,
        "market_level": "international",
        "market_id": 6,
        "rank": 6,
        "minzoom": 9
      }
    },
    {
      "type": "Feature",
      "geometry": {
        "type": "Point",
        "coordinates": [
          11.12,
          29.9
        ]
      },
      "properties": {
        "id": 131,
        "entity_id": "settlement:131",
        "feature_class": "settlement",
        "name": "Calton",
        "settlement_type": "Generic",
        "state_id": 19,
        "province_id": 162,
        "population": 2.375,
        "capital": false,
        "port": false,
        "market_center": false,
        "market_level": "international",
        "market_id": 15,
        "rank": 6,
        "minzoom": 9
      }
    },
    {
      "type": "Feature",
      "geometry": {
        "type": "Point",
        "coordinates": [
          0.25,
          18.49
        ]
      },
      "properties": {
        "id": 132,
        "entity_id": "settlement:132",
        "feature_class": "settlement",
        "name": "Adasiler",
        "settlement_type": "Lake",
        "state_id": 14,
        "province_id": 258,
        "population": 18.785,
        "capital": false,
        "port": false,
        "market_center": false,
        "market_level": "international",
        "market_id": 3,
        "rank": 4,
        "minzoom": 6
      }
    },
    {
      "type": "Feature",
      "geometry": {
        "type": "Point",
        "coordinates": [
          -7.88,
          20.09
        ]
      },
      "properties": {
        "id": 133,
        "entity_id": "settlement:133",
        "feature_class": "settlement",
        "name": "Algepepeli",
        "settlement_type": "Generic",
        "state_id": 14,
        "province_id": 122,
        "population": 2.519,
        "capital": false,
        "port": false,
        "market_center": false,
        "market_level": "international",
        "market_id": 3,
        "rank": 6,
        "minzoom": 9
      }
    },
    {
      "type": "Feature",
      "geometry": {
        "type": "Point",
        "coordinates": [
          -12.1,
          16.77
        ]
      },
      "properties": {
        "id": 134,
        "entity_id": "settlement:134",
        "feature_class": "settlement",
        "name": "Sarp Oksun",
        "settlement_type": "Naval",
        "state_id": 17,
        "province_id": 151,
        "population": 7.822,
        "capital": false,
        "port": true,
        "market_center": false,
        "market_level": "international",
        "market_id": 2,
        "rank": 5,
        "minzoom": 7
      }
    },
    {
      "type": "Feature",
      "geometry": {
        "type": "Point",
        "coordinates": [
          -24.38,
          17.48
        ]
      },
      "properties": {
        "id": 135,
        "entity_id": "settlement:135",
        "feature_class": "settlement",
        "name": "Dutulia",
        "settlement_type": "Generic",
        "state_id": 6,
        "province_id": 55,
        "population": 21.456,
        "capital": false,
        "port": false,
        "market_center": false,
        "market_level": "major",
        "market_id": 30,
        "rank": 4,
        "minzoom": 6
      }
    },
    {
      "type": "Feature",
      "geometry": {
        "type": "Point",
        "coordinates": [
          15.29,
          9.85
        ]
      },
      "properties": {
        "id": 136,
        "entity_id": "settlement:136",
        "feature_class": "settlement",
        "name": "Urra",
        "settlement_type": "Naval",
        "state_id": 4,
        "province_id": 200,
        "population": 3.047,
        "capital": false,
        "port": true,
        "market_center": true,
        "market_level": "local",
        "market_id": 34,
        "rank": 6,
        "minzoom": 9
      }
    },
    {
      "type": "Feature",
      "geometry": {
        "type": "Point",
        "coordinates": [
          -21.75,
          20.4
        ]
      },
      "properties": {
        "id": 137,
        "entity_id": "settlement:137",
        "feature_class": "settlement",
        "name": "Cergonorino",
        "settlement_type": "Generic",
        "state_id": 11,
        "province_id": 237,
        "population": 1.47,
        "capital": false,
        "port": false,
        "market_center": false,
        "market_level": "regional",
        "market_id": 10,
        "rank": 6,
        "minzoom": 9
      }
    },
    {
      "type": "Feature",
      "geometry": {
        "type": "Point",
        "coordinates": [
          -7.3,
          15.97
        ]
      },
      "properties": {
        "id": 138,
        "entity_id": "settlement:138",
        "feature_class": "settlement",
        "name": "Temblerajof",
        "settlement_type": "Generic",
        "state_id": 14,
        "province_id": 123,
        "population": 14.487,
        "capital": false,
        "port": false,
        "market_center": false,
        "market_level": "international",
        "market_id": 3,
        "rank": 5,
        "minzoom": 7
      }
    },
    {
      "type": "Feature",
      "geometry": {
        "type": "Point",
        "coordinates": [
          -23.75,
          25.97
        ]
      },
      "properties": {
        "id": 139,
        "entity_id": "settlement:139",
        "feature_class": "settlement",
        "name": "Aulles",
        "settlement_type": "Generic",
        "state_id": 2,
        "province_id": 12,
        "population": 17.268,
        "capital": false,
        "port": false,
        "market_center": false,
        "market_level": "local",
        "market_id": 24,
        "rank": 4,
        "minzoom": 6
      }
    },
    {
      "type": "Feature",
      "geometry": {
        "type": "Point",
        "coordinates": [
          -15.53,
          20.84
        ]
      },
      "properties": {
        "id": 140,
        "entity_id": "settlement:140",
        "feature_class": "settlement",
        "name": "Toprak",
        "settlement_type": "Lake",
        "state_id": 6,
        "province_id": 209,
        "population": 5.887,
        "capital": false,
        "port": false,
        "market_center": false,
        "market_level": "international",
        "market_id": 1,
        "rank": 6,
        "minzoom": 9
      }
    },
    {
      "type": "Feature",
      "geometry": {
        "type": "Point",
        "coordinates": [
          -15.01,
          18.16
        ]
      },
      "properties": {
        "id": 141,
        "entity_id": "settlement:141",
        "feature_class": "settlement",
        "name": "Casco",
        "settlement_type": "Generic",
        "state_id": 17,
        "province_id": 277,
        "population": 30.466,
        "capital": false,
        "port": false,
        "market_center": false,
        "market_level": "international",
        "market_id": 2,
        "rank": 3,
        "minzoom": 5
      }
    },
    {
      "type": "Feature",
      "geometry": {
        "type": "Point",
        "coordinates": [
          -23.67,
          19.93
        ]
      },
      "properties": {
        "id": 142,
        "entity_id": "settlement:142",
        "feature_class": "settlement",
        "name": "Vetri",
        "settlement_type": "Lake",
        "state_id": 6,
        "province_id": 56,
        "population": 2.131,
        "capital": false,
        "port": false,
        "market_center": false,
        "market_level": "major",
        "market_id": 30,
        "rank": 6,
        "minzoom": 9
      }
    },
    {
      "type": "Feature",
      "geometry": {
        "type": "Point",
        "coordinates": [
          -10.48,
          17.07
        ]
      },
      "properties": {
        "id": 143,
        "entity_id": "settlement:143",
        "feature_class": "settlement",
        "name": "Sernu",
        "settlement_type": "Naval",
        "state_id": 15,
        "province_id": 132,
        "population": 26.036,
        "capital": false,
        "port": true,
        "market_center": false,
        "market_level": "international",
        "market_id": 2,
        "rank": 4,
        "minzoom": 6
      }
    },
    {
      "type": "Feature",
      "geometry": {
        "type": "Point",
        "coordinates": [
          -21.59,
          18.02
        ]
      },
      "properties": {
        "id": 144,
        "entity_id": "settlement:144",
        "feature_class": "settlement",
        "name": "Capra",
        "settlement_type": "Generic",
        "state_id": 6,
        "province_id": 54,
        "population": 2.59,
        "capital": false,
        "port": false,
        "market_center": false,
        "market_level": "major",
        "market_id": 30,
        "rank": 6,
        "minzoom": 9
      }
    },
    {
      "type": "Feature",
      "geometry": {
        "type": "Point",
        "coordinates": [
          -3.18,
          37.81
        ]
      },
      "properties": {
        "id": 145,
        "entity_id": "settlement:145",
        "feature_class": "settlement",
        "name": "Rurusanide",
        "settlement_type": "Naval",
        "state_id": 12,
        "province_id": 239,
        "population": 1.979,
        "capital": false,
        "port": true,
        "market_center": false,
        "market_level": "regional",
        "market_id": 14,
        "rank": 6,
        "minzoom": 9
      }
    },
    {
      "type": "Feature",
      "geometry": {
        "type": "Point",
        "coordinates": [
          -19.53,
          21.25
        ]
      },
      "properties": {
        "id": 146,
        "entity_id": "settlement:146",
        "feature_class": "settlement",
        "name": "Capranelferi",
        "settlement_type": "Generic",
        "state_id": 6,
        "province_id": 52,
        "population": 10.533,
        "capital": false,
        "port": false,
        "market_center": false,
        "market_level": "international",
        "market_id": 1,
        "rank": 5,
        "minzoom": 7
      }
    },
    {
      "type": "Feature",
      "geometry": {
        "type": "Point",
        "coordinates": [
          -0.89,
          32.38
        ]
      },
      "properties": {
        "id": 147,
        "entity_id": "settlement:147",
        "feature_class": "settlement",
        "name": "Alokovaya",
        "settlement_type": "Naval",
        "state_id": 12,
        "province_id": 112,
        "population": 4.547,
        "capital": false,
        "port": true,
        "market_center": false,
        "market_level": "international",
        "market_id": 19,
        "rank": 6,
        "minzoom": 9
      }
    },
    {
      "type": "Feature",
      "geometry": {
        "type": "Point",
        "coordinates": [
          -3.79,
          22.82
        ]
      },
      "properties": {
        "id": 148,
        "entity_id": "settlement:148",
        "feature_class": "settlement",
        "name": "Alprak",
        "settlement_type": "Generic",
        "state_id": 14,
        "province_id": 256,
        "population": 2.775,
        "capital": false,
        "port": false,
        "market_center": false,
        "market_level": "international",
        "market_id": 3,
        "rank": 6,
        "minzoom": 9
      }
    },
    {
      "type": "Feature",
      "geometry": {
        "type": "Point",
        "coordinates": [
          12.08,
          18.7
        ]
      },
      "properties": {
        "id": 149,
        "entity_id": "settlement:149",
        "feature_class": "settlement",
        "name": "Aberkinverda",
        "settlement_type": "Generic",
        "state_id": 4,
        "province_id": 32,
        "population": 11.12,
        "capital": false,
        "port": false,
        "market_center": false,
        "market_level": "regional",
        "market_id": 22,
        "rank": 5,
        "minzoom": 7
      }
    },
    {
      "type": "Feature",
      "geometry": {
        "type": "Point",
        "coordinates": [
          3.55,
          36.06
        ]
      },
      "properties": {
        "id": 150,
        "entity_id": "settlement:150",
        "feature_class": "settlement",
        "name": "Baldu",
        "settlement_type": "Naval",
        "state_id": 12,
        "province_id": 240,
        "population": 2.103,
        "capital": false,
        "port": true,
        "market_center": false,
        "market_level": "local",
        "market_id": 32,
        "rank": 6,
        "minzoom": 9
      }
    },
    {
      "type": "Feature",
      "geometry": {
        "type": "Point",
        "coordinates": [
          15.16,
          27.94
        ]
      },
      "properties": {
        "id": 151,
        "entity_id": "settlement:151",
        "feature_class": "settlement",
        "name": "Godfordbute",
        "settlement_type": "Generic",
        "state_id": 19,
        "province_id": 165,
        "population": 14.429,
        "capital": false,
        "port": false,
        "market_center": false,
        "market_level": "international",
        "market_id": 13,
        "rank": 5,
        "minzoom": 7
      }
    },
    {
      "type": "Feature",
      "geometry": {
        "type": "Point",
        "coordinates": [
          22.73,
          25.08
        ]
      },
      "properties": {
        "id": 152,
        "entity_id": "settlement:152",
        "feature_class": "settlement",
        "name": "Guildmin",
        "settlement_type": "Lake",
        "state_id": 7,
        "province_id": 62,
        "population": 9.984,
        "capital": false,
        "port": false,
        "market_center": false,
        "market_level": "international",
        "market_id": 6,
        "rank": 5,
        "minzoom": 7
      }
    },
    {
      "type": "Feature",
      "geometry": {
        "type": "Point",
        "coordinates": [
          -22.49,
          20.38
        ]
      },
      "properties": {
        "id": 153,
        "entity_id": "settlement:153",
        "feature_class": "settlement",
        "name": "Tarroriniora",
        "settlement_type": "Lake",
        "state_id": 11,
        "province_id": 237,
        "population": 7.546,
        "capital": false,
        "port": false,
        "market_center": false,
        "market_level": "regional",
        "market_id": 10,
        "rank": 5,
        "minzoom": 7
      }
    },
    {
      "type": "Feature",
      "geometry": {
        "type": "Point",
        "coordinates": [
          22.7,
          16.05
        ]
      },
      "properties": {
        "id": 154,
        "entity_id": "settlement:154",
        "feature_class": "settlement",
        "name": "Gyriantioch",
        "settlement_type": "Hunting",
        "state_id": 16,
        "province_id": 139,
        "population": 1.489,
        "capital": false,
        "port": false,
        "market_center": false,
        "market_level": "international",
        "market_id": 18,
        "rank": 6,
        "minzoom": 9
      }
    },
    {
      "type": "Feature",
      "geometry": {
        "type": "Point",
        "coordinates": [
          9.94,
          22.94
        ]
      },
      "properties": {
        "id": 155,
        "entity_id": "settlement:155",
        "feature_class": "settlement",
        "name": "Abertleven",
        "settlement_type": "River",
        "state_id": 3,
        "province_id": 25,
        "population": 0.96,
        "capital": false,
        "port": false,
        "market_center": false,
        "market_level": "major",
        "market_id": 11,
        "rank": 6,
        "minzoom": 9
      }
    },
    {
      "type": "Feature",
      "geometry": {
        "type": "Point",
        "coordinates": [
          16.45,
          17.62
        ]
      },
      "properties": {
        "id": 156,
        "entity_id": "settlement:156",
        "feature_class": "settlement",
        "name": "Cerskyfiga",
        "settlement_type": "Generic",
        "state_id": 4,
        "province_id": 37,
        "population": 1.378,
        "capital": false,
        "port": false,
        "market_center": false,
        "market_level": "regional",
        "market_id": 4,
        "rank": 6,
        "minzoom": 9
      }
    },
    {
      "type": "Feature",
      "geometry": {
        "type": "Point",
        "coordinates": [
          14.71,
          12.89
        ]
      },
      "properties": {
        "id": 157,
        "entity_id": "settlement:157",
        "feature_class": "settlement",
        "name": "Degorrio",
        "settlement_type": "Naval",
        "state_id": 4,
        "province_id": 33,
        "population": 2.964,
        "capital": false,
        "port": true,
        "market_center": false,
        "market_level": "local",
        "market_id": 34,
        "rank": 6,
        "minzoom": 9
      }
    },
    {
      "type": "Feature",
      "geometry": {
        "type": "Point",
        "coordinates": [
          8.4,
          21.76
        ]
      },
      "properties": {
        "id": 158,
        "entity_id": "settlement:158",
        "feature_class": "settlement",
        "name": "Aber",
        "settlement_type": "Generic",
        "state_id": 3,
        "province_id": 19,
        "population": 17.541,
        "capital": false,
        "port": false,
        "market_center": false,
        "market_level": "major",
        "market_id": 11,
        "rank": 4,
        "minzoom": 6
      }
    },
    {
      "type": "Feature",
      "geometry": {
        "type": "Point",
        "coordinates": [
          11.34,
          26.59
        ]
      },
      "properties": {
        "id": 159,
        "entity_id": "settlement:159",
        "feature_class": "settlement",
        "name": "Aynakse",
        "settlement_type": "Generic",
        "state_id": 19,
        "province_id": 297,
        "population": 9.394,
        "capital": false,
        "port": false,
        "market_center": false,
        "market_level": "local",
        "market_id": 8,
        "rank": 5,
        "minzoom": 7
      }
    },
    {
      "type": "Feature",
      "geometry": {
        "type": "Point",
        "coordinates": [
          20.66,
          19.94
        ]
      },
      "properties": {
        "id": 160,
        "entity_id": "settlement:160",
        "feature_class": "settlement",
        "name": "Psychmona",
        "settlement_type": "River",
        "state_id": 16,
        "province_id": 271,
        "population": 2.554,
        "capital": false,
        "port": false,
        "market_center": false,
        "market_level": "international",
        "market_id": 18,
        "rank": 6,
        "minzoom": 9
      }
    },
    {
      "type": "Feature",
      "geometry": {
        "type": "Point",
        "coordinates": [
          -18.35,
          23.51
        ]
      },
      "properties": {
        "id": 161,
        "entity_id": "settlement:161",
        "feature_class": "settlement",
        "name": "Collerano",
        "settlement_type": "Naval",
        "state_id": 6,
        "province_id": 53,
        "population": 34.365,
        "capital": false,
        "port": true,
        "market_center": false,
        "market_level": "international",
        "market_id": 1,
        "rank": 3,
        "minzoom": 5
      }
    },
    {
      "type": "Feature",
      "geometry": {
        "type": "Point",
        "coordinates": [
          15.14,
          33.17
        ]
      },
      "properties": {
        "id": 162,
        "entity_id": "settlement:162",
        "feature_class": "settlement",
        "name": "Kilkham",
        "settlement_type": "Naval",
        "state_id": 19,
        "province_id": 163,
        "population": 9.691,
        "capital": false,
        "port": true,
        "market_center": false,
        "market_level": "international",
        "market_id": 13,
        "rank": 5,
        "minzoom": 7
      }
    },
    {
      "type": "Feature",
      "geometry": {
        "type": "Point",
        "coordinates": [
          -22.17,
          16.62
        ]
      },
      "properties": {
        "id": 163,
        "entity_id": "settlement:163",
        "feature_class": "settlement",
        "name": "Mantium",
        "settlement_type": "Naval",
        "state_id": 6,
        "province_id": 212,
        "population": 11.768,
        "capital": false,
        "port": true,
        "market_center": true,
        "market_level": "major",
        "market_id": 30,
        "rank": 2,
        "minzoom": 4
      }
    },
    {
      "type": "Feature",
      "geometry": {
        "type": "Point",
        "coordinates": [
          21.09,
          31.6
        ]
      },
      "properties": {
        "id": 164,
        "entity_id": "settlement:164",
        "feature_class": "settlement",
        "name": "Chiptonbu",
        "settlement_type": "Generic",
        "state_id": 5,
        "province_id": 45,
        "population": 15.721,
        "capital": false,
        "port": false,
        "market_center": false,
        "market_level": "international",
        "market_id": 25,
        "rank": 5,
        "minzoom": 7
      }
    },
    {
      "type": "Feature",
      "geometry": {
        "type": "Point",
        "coordinates": [
          -7.32,
          17.62
        ]
      },
      "properties": {
        "id": 165,
        "entity_id": "settlement:165",
        "feature_class": "settlement",
        "name": "Hiruedazuza",
        "settlement_type": "Generic",
        "state_id": 14,
        "province_id": 124,
        "population": 14.574,
        "capital": false,
        "port": false,
        "market_center": false,
        "market_level": "international",
        "market_id": 3,
        "rank": 5,
        "minzoom": 7
      }
    },
    {
      "type": "Feature",
      "geometry": {
        "type": "Point",
        "coordinates": [
          -6.04,
          16.79
        ]
      },
      "properties": {
        "id": 166,
        "entity_id": "settlement:166",
        "feature_class": "settlement",
        "name": "Erlertepe",
        "settlement_type": "Generic",
        "state_id": 14,
        "province_id": 124,
        "population": 2.853,
        "capital": false,
        "port": false,
        "market_center": false,
        "market_level": "international",
        "market_id": 3,
        "rank": 6,
        "minzoom": 9
      }
    },
    {
      "type": "Feature",
      "geometry": {
        "type": "Point",
        "coordinates": [
          -12.45,
          17.36
        ]
      },
      "properties": {
        "id": 167,
        "entity_id": "settlement:167",
        "feature_class": "settlement",
        "name": "Esepedi",
        "settlement_type": "Naval",
        "state_id": 17,
        "province_id": 279,
        "population": 20.556,
        "capital": false,
        "port": true,
        "market_center": false,
        "market_level": "international",
        "market_id": 2,
        "rank": 4,
        "minzoom": 6
      }
    },
    {
      "type": "Feature",
      "geometry": {
        "type": "Point",
        "coordinates": [
          -20.08,
          30.62
        ]
      },
      "properties": {
        "id": 168,
        "entity_id": "settlement:168",
        "feature_class": "settlement",
        "name": "Quvilly",
        "settlement_type": "Generic",
        "state_id": 2,
        "province_id": 8,
        "population": 3.703,
        "capital": false,
        "port": false,
        "market_center": false,
        "market_level": "international",
        "market_id": 5,
        "rank": 6,
        "minzoom": 9
      }
    },
    {
      "type": "Feature",
      "geometry": {
        "type": "Point",
        "coordinates": [
          -2.33,
          31.34
        ]
      },
      "properties": {
        "id": 169,
        "entity_id": "settlement:169",
        "feature_class": "settlement",
        "name": "Erkesenkor",
        "settlement_type": "Generic",
        "state_id": 12,
        "province_id": 109,
        "population": 2.327,
        "capital": false,
        "port": false,
        "market_center": false,
        "market_level": "international",
        "market_id": 19,
        "rank": 6,
        "minzoom": 9
      }
    },
    {
      "type": "Feature",
      "geometry": {
        "type": "Point",
        "coordinates": [
          -14.22,
          31.72
        ]
      },
      "properties": {
        "id": 170,
        "entity_id": "settlement:170",
        "feature_class": "settlement",
        "name": "Solnes",
        "settlement_type": "Naval",
        "state_id": 18,
        "province_id": 291,
        "population": 15.989,
        "capital": false,
        "port": true,
        "market_center": false,
        "market_level": "major",
        "market_id": 9,
        "rank": 5,
        "minzoom": 7
      }
    },
    {
      "type": "Feature",
      "geometry": {
        "type": "Point",
        "coordinates": [
          7.49,
          27.4
        ]
      },
      "properties": {
        "id": 171,
        "entity_id": "settlement:171",
        "feature_class": "settlement",
        "name": "Suran",
        "settlement_type": "Naval",
        "state_id": 19,
        "province_id": 169,
        "population": 4.63,
        "capital": false,
        "port": true,
        "market_center": false,
        "market_level": "international",
        "market_id": 15,
        "rank": 6,
        "minzoom": 9
      }
    },
    {
      "type": "Feature",
      "geometry": {
        "type": "Point",
        "coordinates": [
          20.25,
          18.08
        ]
      },
      "properties": {
        "id": 172,
        "entity_id": "settlement:172",
        "feature_class": "settlement",
        "name": "Pegera",
        "settlement_type": "Naval",
        "state_id": 16,
        "province_id": 136,
        "population": 4.248,
        "capital": false,
        "port": true,
        "market_center": false,
        "market_level": "international",
        "market_id": 18,
        "rank": 6,
        "minzoom": 9
      }
    },
    {
      "type": "Feature",
      "geometry": {
        "type": "Point",
        "coordinates": [
          4.66,
          19.22
        ]
      },
      "properties": {
        "id": 173,
        "entity_id": "settlement:173",
        "feature_class": "settlement",
        "name": "Bhrunos",
        "settlement_type": "Generic",
        "state_id": 3,
        "province_id": 191,
        "population": 17.435,
        "capital": false,
        "port": false,
        "market_center": true,
        "market_level": "major",
        "market_id": 28,
        "rank": 2,
        "minzoom": 4
      }
    },
    {
      "type": "Feature",
      "geometry": {
        "type": "Point",
        "coordinates": [
          -14.47,
          27.57
        ]
      },
      "properties": {
        "id": 174,
        "entity_id": "settlement:174",
        "feature_class": "settlement",
        "name": "Weillen",
        "settlement_type": "Generic",
        "state_id": 9,
        "province_id": 79,
        "population": 2.754,
        "capital": false,
        "port": false,
        "market_center": false,
        "market_level": "major",
        "market_id": 9,
        "rank": 6,
        "minzoom": 9
      }
    },
    {
      "type": "Feature",
      "geometry": {
        "type": "Point",
        "coordinates": [
          -19.12,
          20.91
        ]
      },
      "properties": {
        "id": 175,
        "entity_id": "settlement:175",
        "feature_class": "settlement",
        "name": "Citrametoli",
        "settlement_type": "Generic",
        "state_id": 6,
        "province_id": 52,
        "population": 11.625,
        "capital": false,
        "port": false,
        "market_center": false,
        "market_level": "international",
        "market_id": 1,
        "rank": 5,
        "minzoom": 7
      }
    },
    {
      "type": "Feature",
      "geometry": {
        "type": "Point",
        "coordinates": [
          -11.19,
          36.42
        ]
      },
      "properties": {
        "id": 176,
        "entity_id": "settlement:176",
        "feature_class": "settlement",
        "name": "Kiurive",
        "settlement_type": "Generic",
        "state_id": 10,
        "province_id": 228,
        "population": 18.068,
        "capital": false,
        "port": false,
        "market_center": false,
        "market_level": "local",
        "market_id": 23,
        "rank": 4,
        "minzoom": 6
      }
    },
    {
      "type": "Feature",
      "geometry": {
        "type": "Point",
        "coordinates": [
          6.75,
          27.3
        ]
      },
      "properties": {
        "id": 177,
        "entity_id": "settlement:177",
        "feature_class": "settlement",
        "name": "Atardekiko",
        "settlement_type": "Generic",
        "state_id": 12,
        "province_id": 101,
        "population": 15.456,
        "capital": false,
        "port": false,
        "market_center": false,
        "market_level": "international",
        "market_id": 20,
        "rank": 5,
        "minzoom": 7
      }
    },
    {
      "type": "Feature",
      "geometry": {
        "type": "Point",
        "coordinates": [
          -5.14,
          26.43
        ]
      },
      "properties": {
        "id": 178,
        "entity_id": "settlement:178",
        "feature_class": "settlement",
        "name": "Alok",
        "settlement_type": "Generic",
        "state_id": 12,
        "province_id": 245,
        "population": 0.736,
        "capital": false,
        "port": false,
        "market_center": false,
        "market_level": "local",
        "market_id": 12,
        "rank": 6,
        "minzoom": 9
      }
    },
    {
      "type": "Feature",
      "geometry": {
        "type": "Point",
        "coordinates": [
          -4.08,
          36.81
        ]
      },
      "properties": {
        "id": 179,
        "entity_id": "settlement:179",
        "feature_class": "settlement",
        "name": "Tuusnas",
        "settlement_type": "Naval",
        "state_id": 12,
        "province_id": 239,
        "population": 7.838,
        "capital": false,
        "port": true,
        "market_center": false,
        "market_level": "regional",
        "market_id": 14,
        "rank": 5,
        "minzoom": 7
      }
    },
    {
      "type": "Feature",
      "geometry": {
        "type": "Point",
        "coordinates": [
          -17.39,
          24.72
        ]
      },
      "properties": {
        "id": 180,
        "entity_id": "settlement:180",
        "feature_class": "settlement",
        "name": "Sonte",
        "settlement_type": "Generic",
        "state_id": 6,
        "province_id": 53,
        "population": 13.217,
        "capital": false,
        "port": false,
        "market_center": false,
        "market_level": "international",
        "market_id": 1,
        "rank": 5,
        "minzoom": 7
      }
    },
    {
      "type": "Feature",
      "geometry": {
        "type": "Point",
        "coordinates": [
          -14.33,
          27.73
        ]
      },
      "properties": {
        "id": 181,
        "entity_id": "settlement:181",
        "feature_class": "settlement",
        "name": "Monch",
        "settlement_type": "Generic",
        "state_id": 9,
        "province_id": 79,
        "population": 9.167,
        "capital": false,
        "port": false,
        "market_center": false,
        "market_level": "major",
        "market_id": 9,
        "rank": 5,
        "minzoom": 7
      }
    },
    {
      "type": "Feature",
      "geometry": {
        "type": "Point",
        "coordinates": [
          4.97,
          23.64
        ]
      },
      "properties": {
        "id": 182,
        "entity_id": "settlement:182",
        "feature_class": "settlement",
        "name": "Diva",
        "settlement_type": "Naval",
        "state_id": 3,
        "province_id": 27,
        "population": 3.172,
        "capital": false,
        "port": true,
        "market_center": false,
        "market_level": "major",
        "market_id": 28,
        "rank": 6,
        "minzoom": 9
      }
    },
    {
      "type": "Feature",
      "geometry": {
        "type": "Point",
        "coordinates": [
          -5.59,
          29.34
        ]
      },
      "properties": {
        "id": 183,
        "entity_id": "settlement:183",
        "feature_class": "settlement",
        "name": "Erbey",
        "settlement_type": "Naval",
        "state_id": 12,
        "province_id": 93,
        "population": 15.37,
        "capital": false,
        "port": true,
        "market_center": false,
        "market_level": "local",
        "market_id": 12,
        "rank": 5,
        "minzoom": 7
      }
    },
    {
      "type": "Feature",
      "geometry": {
        "type": "Point",
        "coordinates": [
          17.93,
          27.53
        ]
      },
      "properties": {
        "id": 184,
        "entity_id": "settlement:184",
        "feature_class": "settlement",
        "name": "Aplesey",
        "settlement_type": "Generic",
        "state_id": 7,
        "province_id": 69,
        "population": 16.072,
        "capital": false,
        "port": false,
        "market_center": false,
        "market_level": "international",
        "market_id": 6,
        "rank": 5,
        "minzoom": 7
      }
    },
    {
      "type": "Feature",
      "geometry": {
        "type": "Point",
        "coordinates": [
          3.01,
          23.7
        ]
      },
      "properties": {
        "id": 185,
        "entity_id": "settlement:185",
        "feature_class": "settlement",
        "name": "Aydi",
        "settlement_type": "Generic",
        "state_id": 12,
        "province_id": 104,
        "population": 13.231,
        "capital": false,
        "port": false,
        "market_center": false,
        "market_level": "international",
        "market_id": 16,
        "rank": 5,
        "minzoom": 7
      }
    },
    {
      "type": "Feature",
      "geometry": {
        "type": "Point",
        "coordinates": [
          -21.0,
          29.42
        ]
      },
      "properties": {
        "id": 186,
        "entity_id": "settlement:186",
        "feature_class": "settlement",
        "name": "Chamouvilles",
        "settlement_type": "Generic",
        "state_id": 2,
        "province_id": 8,
        "population": 9.979,
        "capital": false,
        "port": false,
        "market_center": false,
        "market_level": "international",
        "market_id": 5,
        "rank": 5,
        "minzoom": 7
      }
    },
    {
      "type": "Feature",
      "geometry": {
        "type": "Point",
        "coordinates": [
          -9.24,
          23.7
        ]
      },
      "properties": {
        "id": 187,
        "entity_id": "settlement:187",
        "feature_class": "settlement",
        "name": "Erduzer",
        "settlement_type": "Generic",
        "state_id": 1,
        "province_id": 5,
        "population": 9.825,
        "capital": false,
        "port": false,
        "market_center": false,
        "market_level": "international",
        "market_id": 3,
        "rank": 5,
        "minzoom": 7
      }
    },
    {
      "type": "Feature",
      "geometry": {
        "type": "Point",
        "coordinates": [
          24.33,
          16.24
        ]
      },
      "properties": {
        "id": 188,
        "entity_id": "settlement:188",
        "feature_class": "settlement",
        "name": "Pacapa",
        "settlement_type": "Naval",
        "state_id": 16,
        "province_id": 272,
        "population": 9.376,
        "capital": false,
        "port": true,
        "market_center": false,
        "market_level": "international",
        "market_id": 18,
        "rank": 5,
        "minzoom": 7
      }
    },
    {
      "type": "Feature",
      "geometry": {
        "type": "Point",
        "coordinates": [
          23.85,
          27.59
        ]
      },
      "properties": {
        "id": 190,
        "entity_id": "settlement:190",
        "feature_class": "settlement",
        "name": "Bolneytes",
        "settlement_type": "Generic",
        "state_id": 7,
        "province_id": 70,
        "population": 1.585,
        "capital": false,
        "port": false,
        "market_center": false,
        "market_level": "international",
        "market_id": 6,
        "rank": 6,
        "minzoom": 9
      }
    },
    {
      "type": "Feature",
      "geometry": {
        "type": "Point",
        "coordinates": [
          -20.14,
          27.62
        ]
      },
      "properties": {
        "id": 191,
        "entity_id": "settlement:191",
        "feature_class": "settlement",
        "name": "Puises",
        "settlement_type": "Generic",
        "state_id": 2,
        "province_id": 6,
        "population": 9.989,
        "capital": false,
        "port": false,
        "market_center": false,
        "market_level": "international",
        "market_id": 5,
        "rank": 5,
        "minzoom": 7
      }
    },
    {
      "type": "Feature",
      "geometry": {
        "type": "Point",
        "coordinates": [
          20.51,
          24.73
        ]
      },
      "properties": {
        "id": 192,
        "entity_id": "settlement:192",
        "feature_class": "settlement",
        "name": "Shorough",
        "settlement_type": "Naval",
        "state_id": 7,
        "province_id": 61,
        "population": 3.527,
        "capital": false,
        "port": true,
        "market_center": false,
        "market_level": "international",
        "market_id": 6,
        "rank": 6,
        "minzoom": 9
      }
    },
    {
      "type": "Feature",
      "geometry": {
        "type": "Point",
        "coordinates": [
          -6.12,
          29.85
        ]
      },
      "properties": {
        "id": 193,
        "entity_id": "settlement:193",
        "feature_class": "settlement",
        "name": "Boztoprak",
        "settlement_type": "Naval",
        "state_id": 12,
        "province_id": 93,
        "population": 2.058,
        "capital": false,
        "port": true,
        "market_center": false,
        "market_level": "local",
        "market_id": 12,
        "rank": 6,
        "minzoom": 9
      }
    },
    {
      "type": "Feature",
      "geometry": {
        "type": "Point",
        "coordinates": [
          17.12,
          30.66
        ]
      },
      "properties": {
        "id": 194,
        "entity_id": "settlement:194",
        "feature_class": "settlement",
        "name": "Volomanev",
        "settlement_type": "Generic",
        "state_id": 19,
        "province_id": 170,
        "population": 17.272,
        "capital": false,
        "port": false,
        "market_center": false,
        "market_level": "international",
        "market_id": 13,
        "rank": 4,
        "minzoom": 6
      }
    },
    {
      "type": "Feature",
      "geometry": {
        "type": "Point",
        "coordinates": [
          -19.27,
          23.51
        ]
      },
      "properties": {
        "id": 195,
        "entity_id": "settlement:195",
        "feature_class": "settlement",
        "name": "Neugy",
        "settlement_type": "Naval",
        "state_id": 6,
        "province_id": 208,
        "population": 24.096,
        "capital": false,
        "port": true,
        "market_center": false,
        "market_level": "international",
        "market_id": 1,
        "rank": 4,
        "minzoom": 6
      }
    },
    {
      "type": "Feature",
      "geometry": {
        "type": "Point",
        "coordinates": [
          -6.47,
          12.0
        ]
      },
      "properties": {
        "id": 196,
        "entity_id": "settlement:196",
        "feature_class": "settlement",
        "name": "Torreruesa",
        "settlement_type": "Naval",
        "state_id": 17,
        "province_id": 152,
        "population": 13.494,
        "capital": false,
        "port": true,
        "market_center": false,
        "market_level": "local",
        "market_id": 29,
        "rank": 5,
        "minzoom": 7
      }
    },
    {
      "type": "Feature",
      "geometry": {
        "type": "Point",
        "coordinates": [
          8.56,
          31.79
        ]
      },
      "properties": {
        "id": 197,
        "entity_id": "settlement:197",
        "feature_class": "settlement",
        "name": "Mithersto",
        "settlement_type": "Generic",
        "state_id": 19,
        "province_id": 167,
        "population": 2.314,
        "capital": false,
        "port": false,
        "market_center": false,
        "market_level": "international",
        "market_id": 15,
        "rank": 6,
        "minzoom": 9
      }
    },
    {
      "type": "Feature",
      "geometry": {
        "type": "Point",
        "coordinates": [
          21.07,
          29.91
        ]
      },
      "properties": {
        "id": 198,
        "entity_id": "settlement:198",
        "feature_class": "settlement",
        "name": "Cambrovil",
        "settlement_type": "Generic",
        "state_id": 5,
        "province_id": 46,
        "population": 1.501,
        "capital": false,
        "port": false,
        "market_center": false,
        "market_level": "international",
        "market_id": 25,
        "rank": 6,
        "minzoom": 9
      }
    },
    {
      "type": "Feature",
      "geometry": {
        "type": "Point",
        "coordinates": [
          -16.21,
          17.45
        ]
      },
      "properties": {
        "id": 199,
        "entity_id": "settlement:199",
        "feature_class": "settlement",
        "name": "Mondenzaraci",
        "settlement_type": "Hunting",
        "state_id": 17,
        "province_id": 145,
        "population": 1.486,
        "capital": false,
        "port": false,
        "market_center": false,
        "market_level": "local",
        "market_id": 29,
        "rank": 6,
        "minzoom": 9
      }
    },
    {
      "type": "Feature",
      "geometry": {
        "type": "Point",
        "coordinates": [
          -9.31,
          17.44
        ]
      },
      "properties": {
        "id": 200,
        "entity_id": "settlement:200",
        "feature_class": "settlement",
        "name": "Ondolitaja",
        "settlement_type": "Generic",
        "state_id": 15,
        "province_id": 268,
        "population": 6.373,
        "capital": false,
        "port": false,
        "market_center": false,
        "market_level": "international",
        "market_id": 2,
        "rank": 6,
        "minzoom": 9
      }
    },
    {
      "type": "Feature",
      "geometry": {
        "type": "Point",
        "coordinates": [
          -4.17,
          31.5
        ]
      },
      "properties": {
        "id": 201,
        "entity_id": "settlement:201",
        "feature_class": "settlement",
        "name": "Bogu",
        "settlement_type": "Generic",
        "state_id": 12,
        "province_id": 241,
        "population": 40.358,
        "capital": false,
        "port": false,
        "market_center": true,
        "market_level": "international",
        "market_id": 19,
        "rank": 2,
        "minzoom": 4
      }
    },
    {
      "type": "Feature",
      "geometry": {
        "type": "Point",
        "coordinates": [
          6.77,
          22.4
        ]
      },
      "properties": {
        "id": 202,
        "entity_id": "settlement:202",
        "feature_class": "settlement",
        "name": "Aberleith",
        "settlement_type": "Generic",
        "state_id": 3,
        "province_id": 30,
        "population": 12.403,
        "capital": false,
        "port": false,
        "market_center": false,
        "market_level": "major",
        "market_id": 28,
        "rank": 5,
        "minzoom": 7
      }
    },
    {
      "type": "Feature",
      "geometry": {
        "type": "Point",
        "coordinates": [
          2.09,
          37.81
        ]
      },
      "properties": {
        "id": 203,
        "entity_id": "settlement:203",
        "feature_class": "settlement",
        "name": "Vulak",
        "settlement_type": "Naval",
        "state_id": 12,
        "province_id": 239,
        "population": 6.748,
        "capital": false,
        "port": true,
        "market_center": true,
        "market_level": "local",
        "market_id": 32,
        "rank": 6,
        "minzoom": 9
      }
    },
    {
      "type": "Feature",
      "geometry": {
        "type": "Point",
        "coordinates": [
          -20.72,
          30.26
        ]
      },
      "properties": {
        "id": 204,
        "entity_id": "settlement:204",
        "feature_class": "settlement",
        "name": "Ocressoy",
        "settlement_type": "Generic",
        "state_id": 2,
        "province_id": 8,
        "population": 2.502,
        "capital": false,
        "port": false,
        "market_center": false,
        "market_level": "international",
        "market_id": 5,
        "rank": 6,
        "minzoom": 9
      }
    },
    {
      "type": "Feature",
      "geometry": {
        "type": "Point",
        "coordinates": [
          23.77,
          24.88
        ]
      },
      "properties": {
        "id": 205,
        "entity_id": "settlement:205",
        "feature_class": "settlement",
        "name": "Montef",
        "settlement_type": "Naval",
        "state_id": 7,
        "province_id": 72,
        "population": 5.37,
        "capital": false,
        "port": true,
        "market_center": false,
        "market_level": "international",
        "market_id": 6,
        "rank": 6,
        "minzoom": 9
      }
    },
    {
      "type": "Feature",
      "geometry": {
        "type": "Point",
        "coordinates": [
          -6.82,
          30.01
        ]
      },
      "properties": {
        "id": 206,
        "entity_id": "settlement:206",
        "feature_class": "settlement",
        "name": "Anovadabe",
        "settlement_type": "Generic",
        "state_id": 12,
        "province_id": 93,
        "population": 14.743,
        "capital": false,
        "port": false,
        "market_center": false,
        "market_level": "local",
        "market_id": 12,
        "rank": 5,
        "minzoom": 7
      }
    },
    {
      "type": "Feature",
      "geometry": {
        "type": "Point",
        "coordinates": [
          -23.59,
          18.83
        ]
      },
      "properties": {
        "id": 207,
        "entity_id": "settlement:207",
        "feature_class": "settlement",
        "name": "Monta",
        "settlement_type": "Naval",
        "state_id": 6,
        "province_id": 51,
        "population": 19.052,
        "capital": false,
        "port": true,
        "market_center": false,
        "market_level": "major",
        "market_id": 30,
        "rank": 4,
        "minzoom": 6
      }
    },
    {
      "type": "Feature",
      "geometry": {
        "type": "Point",
        "coordinates": [
          3.59,
          18.91
        ]
      },
      "properties": {
        "id": 208,
        "entity_id": "settlement:208",
        "feature_class": "settlement",
        "name": "Sabewedhek",
        "settlement_type": "Lake",
        "state_id": 3,
        "province_id": 23,
        "population": 4.117,
        "capital": false,
        "port": false,
        "market_center": false,
        "market_level": "major",
        "market_id": 28,
        "rank": 6,
        "minzoom": 9
      }
    },
    {
      "type": "Feature",
      "geometry": {
        "type": "Point",
        "coordinates": [
          2.9,
          33.42
        ]
      },
      "properties": {
        "id": 209,
        "entity_id": "settlement:209",
        "feature_class": "settlement",
        "name": "Bilterinka",
        "settlement_type": "Generic",
        "state_id": 12,
        "province_id": 107,
        "population": 15.88,
        "capital": false,
        "port": false,
        "market_center": false,
        "market_level": "international",
        "market_id": 20,
        "rank": 5,
        "minzoom": 7
      }
    },
    {
      "type": "Feature",
      "geometry": {
        "type": "Point",
        "coordinates": [
          3.18,
          30.63
        ]
      },
      "properties": {
        "id": 210,
        "entity_id": "settlement:210",
        "feature_class": "settlement",
        "name": "Akardeme",
        "settlement_type": "Generic",
        "state_id": 12,
        "province_id": 92,
        "population": 16.277,
        "capital": false,
        "port": false,
        "market_center": false,
        "market_level": "international",
        "market_id": 20,
        "rank": 5,
        "minzoom": 7
      }
    },
    {
      "type": "Feature",
      "geometry": {
        "type": "Point",
        "coordinates": [
          -19.7,
          18.05
        ]
      },
      "properties": {
        "id": 211,
        "entity_id": "settlement:211",
        "feature_class": "settlement",
        "name": "Tarluno",
        "settlement_type": "Generic",
        "state_id": 17,
        "province_id": 278,
        "population": 1.888,
        "capital": false,
        "port": false,
        "market_center": false,
        "market_level": "major",
        "market_id": 30,
        "rank": 6,
        "minzoom": 9
      }
    },
    {
      "type": "Feature",
      "geometry": {
        "type": "Point",
        "coordinates": [
          1.11,
          31.84
        ]
      },
      "properties": {
        "id": 212,
        "entity_id": "settlement:212",
        "feature_class": "settlement",
        "name": "Akaybar",
        "settlement_type": "Generic",
        "state_id": 12,
        "province_id": 242,
        "population": 1.526,
        "capital": false,
        "port": false,
        "market_center": false,
        "market_level": "international",
        "market_id": 20,
        "rank": 6,
        "minzoom": 9
      }
    },
    {
      "type": "Feature",
      "geometry": {
        "type": "Point",
        "coordinates": [
          19.78,
          25.57
        ]
      },
      "properties": {
        "id": 213,
        "entity_id": "settlement:213",
        "feature_class": "settlement",
        "name": "Uxblelis",
        "settlement_type": "Generic",
        "state_id": 7,
        "province_id": 66,
        "population": 19.758,
        "capital": false,
        "port": false,
        "market_center": false,
        "market_level": "international",
        "market_id": 6,
        "rank": 4,
        "minzoom": 6
      }
    },
    {
      "type": "Feature",
      "geometry": {
        "type": "Point",
        "coordinates": [
          22.43,
          16.55
        ]
      },
      "properties": {
        "id": 214,
        "entity_id": "settlement:214",
        "feature_class": "settlement",
        "name": "Rhithenera",
        "settlement_type": "Naval",
        "state_id": 16,
        "province_id": 138,
        "population": 1.775,
        "capital": false,
        "port": true,
        "market_center": false,
        "market_level": "international",
        "market_id": 18,
        "rank": 6,
        "minzoom": 9
      }
    },
    {
      "type": "Feature",
      "geometry": {
        "type": "Point",
        "coordinates": [
          -22.57,
          20.04
        ]
      },
      "properties": {
        "id": 215,
        "entity_id": "settlement:215",
        "feature_class": "settlement",
        "name": "Palattara",
        "settlement_type": "Lake",
        "state_id": 6,
        "province_id": 211,
        "population": 23.827,
        "capital": false,
        "port": false,
        "market_center": false,
        "market_level": "major",
        "market_id": 30,
        "rank": 4,
        "minzoom": 6
      }
    },
    {
      "type": "Feature",
      "geometry": {
        "type": "Point",
        "coordinates": [
          21.9,
          26.4
        ]
      },
      "properties": {
        "id": 216,
        "entity_id": "settlement:216",
        "feature_class": "settlement",
        "name": "Wigin",
        "settlement_type": "Naval",
        "state_id": 7,
        "province_id": 67,
        "population": 55.53,
        "capital": false,
        "port": true,
        "market_center": true,
        "market_level": "international",
        "market_id": 6,
        "rank": 2,
        "minzoom": 4
      }
    },
    {
      "type": "Feature",
      "geometry": {
        "type": "Point",
        "coordinates": [
          20.15,
          26.61
        ]
      },
      "properties": {
        "id": 217,
        "entity_id": "settlement:217",
        "feature_class": "settlement",
        "name": "Marling",
        "settlement_type": "Lake",
        "state_id": 7,
        "province_id": 215,
        "population": 5.51,
        "capital": false,
        "port": false,
        "market_center": false,
        "market_level": "international",
        "market_id": 6,
        "rank": 6,
        "minzoom": 9
      }
    },
    {
      "type": "Feature",
      "geometry": {
        "type": "Point",
        "coordinates": [
          -23.55,
          22.43
        ]
      },
      "properties": {
        "id": 218,
        "entity_id": "settlement:218",
        "feature_class": "settlement",
        "name": "Bouvillon",
        "settlement_type": "Hunting",
        "state_id": 11,
        "province_id": 87,
        "population": 1.934,
        "capital": false,
        "port": false,
        "market_center": false,
        "market_level": "regional",
        "market_id": 10,
        "rank": 6,
        "minzoom": 9
      }
    },
    {
      "type": "Feature",
      "geometry": {
        "type": "Point",
        "coordinates": [
          8.93,
          19.17
        ]
      },
      "properties": {
        "id": 219,
        "entity_id": "settlement:219",
        "feature_class": "settlement",
        "name": "Inveroris",
        "settlement_type": "Generic",
        "state_id": 3,
        "province_id": 22,
        "population": 20.987,
        "capital": false,
        "port": false,
        "market_center": false,
        "market_level": "major",
        "market_id": 11,
        "rank": 4,
        "minzoom": 6
      }
    },
    {
      "type": "Feature",
      "geometry": {
        "type": "Point",
        "coordinates": [
          6.85,
          22.77
        ]
      },
      "properties": {
        "id": 220,
        "entity_id": "settlement:220",
        "feature_class": "settlement",
        "name": "Arigannach",
        "settlement_type": "Naval",
        "state_id": 3,
        "province_id": 30,
        "population": 2.24,
        "capital": false,
        "port": true,
        "market_center": false,
        "market_level": "major",
        "market_id": 28,
        "rank": 6,
        "minzoom": 9
      }
    },
    {
      "type": "Feature",
      "geometry": {
        "type": "Point",
        "coordinates": [
          23.07,
          23.08
        ]
      },
      "properties": {
        "id": 221,
        "entity_id": "settlement:221",
        "feature_class": "settlement",
        "name": "Olneyme",
        "settlement_type": "Naval",
        "state_id": 7,
        "province_id": 217,
        "population": 2.586,
        "capital": false,
        "port": true,
        "market_center": false,
        "market_level": "international",
        "market_id": 6,
        "rank": 6,
        "minzoom": 9
      }
    },
    {
      "type": "Feature",
      "geometry": {
        "type": "Point",
        "coordinates": [
          5.64,
          30.77
        ]
      },
      "properties": {
        "id": 222,
        "entity_id": "settlement:222",
        "feature_class": "settlement",
        "name": "Aniyoltake",
        "settlement_type": "Naval",
        "state_id": 12,
        "province_id": 244,
        "population": 7.277,
        "capital": false,
        "port": true,
        "market_center": false,
        "market_level": "international",
        "market_id": 20,
        "rank": 5,
        "minzoom": 7
      }
    },
    {
      "type": "Feature",
      "geometry": {
        "type": "Point",
        "coordinates": [
          -21.47,
          20.4
        ]
      },
      "properties": {
        "id": 223,
        "entity_id": "settlement:223",
        "feature_class": "settlement",
        "name": "Menzio",
        "settlement_type": "Generic",
        "state_id": 11,
        "province_id": 237,
        "population": 2.573,
        "capital": false,
        "port": false,
        "market_center": false,
        "market_level": "regional",
        "market_id": 10,
        "rank": 6,
        "minzoom": 9
      }
    },
    {
      "type": "Feature",
      "geometry": {
        "type": "Point",
        "coordinates": [
          -10.89,
          27.51
        ]
      },
      "properties": {
        "id": 224,
        "entity_id": "settlement:224",
        "feature_class": "settlement",
        "name": "Karlsrutach",
        "settlement_type": "Generic",
        "state_id": 8,
        "province_id": 75,
        "population": 11.129,
        "capital": false,
        "port": false,
        "market_center": false,
        "market_level": "international",
        "market_id": 7,
        "rank": 5,
        "minzoom": 7
      }
    },
    {
      "type": "Feature",
      "geometry": {
        "type": "Point",
        "coordinates": [
          -2.74,
          31.33
        ]
      },
      "properties": {
        "id": 225,
        "entity_id": "settlement:225",
        "feature_class": "settlement",
        "name": "Kalkan",
        "settlement_type": "Generic",
        "state_id": 12,
        "province_id": 109,
        "population": 2.734,
        "capital": false,
        "port": false,
        "market_center": false,
        "market_level": "international",
        "market_id": 19,
        "rank": 6,
        "minzoom": 9
      }
    },
    {
      "type": "Feature",
      "geometry": {
        "type": "Point",
        "coordinates": [
          -22.1,
          21.83
        ]
      },
      "properties": {
        "id": 226,
        "entity_id": "settlement:226",
        "feature_class": "settlement",
        "name": "Valbalunoli",
        "settlement_type": "Generic",
        "state_id": 11,
        "province_id": 86,
        "population": 5.607,
        "capital": false,
        "port": false,
        "market_center": false,
        "market_level": "regional",
        "market_id": 10,
        "rank": 6,
        "minzoom": 9
      }
    },
    {
      "type": "Feature",
      "geometry": {
        "type": "Point",
        "coordinates": [
          -15.74,
          30.39
        ]
      },
      "properties": {
        "id": 227,
        "entity_id": "settlement:227",
        "feature_class": "settlement",
        "name": "Utnau",
        "settlement_type": "Hunting",
        "state_id": 2,
        "province_id": 16,
        "population": 11.064,
        "capital": false,
        "port": false,
        "market_center": false,
        "market_level": "major",
        "market_id": 9,
        "rank": 5,
        "minzoom": 7
      }
    },
    {
      "type": "Feature",
      "geometry": {
        "type": "Point",
        "coordinates": [
          -11.09,
          31.15
        ]
      },
      "properties": {
        "id": 228,
        "entity_id": "settlement:228",
        "feature_class": "settlement",
        "name": "Epola",
        "settlement_type": "Generic",
        "state_id": 10,
        "province_id": 80,
        "population": 9.589,
        "capital": false,
        "port": false,
        "market_center": false,
        "market_level": "regional",
        "market_id": 26,
        "rank": 5,
        "minzoom": 7
      }
    },
    {
      "type": "Feature",
      "geometry": {
        "type": "Point",
        "coordinates": [
          20.43,
          29.8
        ]
      },
      "properties": {
        "id": 229,
        "entity_id": "settlement:229",
        "feature_class": "settlement",
        "name": "Dalcesindo",
        "settlement_type": "Generic",
        "state_id": 5,
        "province_id": 41,
        "population": 21.373,
        "capital": false,
        "port": false,
        "market_center": false,
        "market_level": "international",
        "market_id": 25,
        "rank": 4,
        "minzoom": 6
      }
    },
    {
      "type": "Feature",
      "geometry": {
        "type": "Point",
        "coordinates": [
          0.97,
          19.73
        ]
      },
      "properties": {
        "id": 230,
        "entity_id": "settlement:230",
        "feature_class": "settlement",
        "name": "Alpse",
        "settlement_type": "Naval",
        "state_id": 14,
        "province_id": 121,
        "population": 13.693,
        "capital": false,
        "port": true,
        "market_center": false,
        "market_level": "international",
        "market_id": 16,
        "rank": 5,
        "minzoom": 7
      }
    },
    {
      "type": "Feature",
      "geometry": {
        "type": "Point",
        "coordinates": [
          -5.49,
          16.05
        ]
      },
      "properties": {
        "id": 231,
        "entity_id": "settlement:231",
        "feature_class": "settlement",
        "name": "Yepe",
        "settlement_type": "Generic",
        "state_id": 14,
        "province_id": 260,
        "population": 1.568,
        "capital": false,
        "port": false,
        "market_center": false,
        "market_level": "international",
        "market_id": 3,
        "rank": 6,
        "minzoom": 9
      }
    },
    {
      "type": "Feature",
      "geometry": {
        "type": "Point",
        "coordinates": [
          -1.28,
          34.0
        ]
      },
      "properties": {
        "id": 232,
        "entity_id": "settlement:232",
        "feature_class": "settlement",
        "name": "Galu",
        "settlement_type": "Naval",
        "state_id": 12,
        "province_id": 242,
        "population": 18.577,
        "capital": false,
        "port": true,
        "market_center": false,
        "market_level": "international",
        "market_id": 19,
        "rank": 4,
        "minzoom": 6
      }
    },
    {
      "type": "Feature",
      "geometry": {
        "type": "Point",
        "coordinates": [
          9.44,
          30.32
        ]
      },
      "properties": {
        "id": 233,
        "entity_id": "settlement:233",
        "feature_class": "settlement",
        "name": "Witham",
        "settlement_type": "Naval",
        "state_id": 19,
        "province_id": 160,
        "population": 43.09,
        "capital": false,
        "port": true,
        "market_center": false,
        "market_level": "international",
        "market_id": 15,
        "rank": 3,
        "minzoom": 5
      }
    },
    {
      "type": "Feature",
      "geometry": {
        "type": "Point",
        "coordinates": [
          4.04,
          22.59
        ]
      },
      "properties": {
        "id": 234,
        "entity_id": "settlement:234",
        "feature_class": "settlement",
        "name": "Mheaber",
        "settlement_type": "Naval",
        "state_id": 3,
        "province_id": 189,
        "population": 11.885,
        "capital": false,
        "port": true,
        "market_center": false,
        "market_level": "international",
        "market_id": 16,
        "rank": 5,
        "minzoom": 7
      }
    },
    {
      "type": "Feature",
      "geometry": {
        "type": "Point",
        "coordinates": [
          7.42,
          31.8
        ]
      },
      "properties": {
        "id": 235,
        "entity_id": "settlement:235",
        "feature_class": "settlement",
        "name": "Kaltaynuz",
        "settlement_type": "Generic",
        "state_id": 19,
        "province_id": 167,
        "population": 3.659,
        "capital": false,
        "port": false,
        "market_center": false,
        "market_level": "international",
        "market_id": 15,
        "rank": 6,
        "minzoom": 9
      }
    },
    {
      "type": "Feature",
      "geometry": {
        "type": "Point",
        "coordinates": [
          19.21,
          32.87
        ]
      },
      "properties": {
        "id": 236,
        "entity_id": "settlement:236",
        "feature_class": "settlement",
        "name": "Brasmouth",
        "settlement_type": "Generic",
        "state_id": 5,
        "province_id": 42,
        "population": 15.252,
        "capital": false,
        "port": false,
        "market_center": false,
        "market_level": "international",
        "market_id": 25,
        "rank": 5,
        "minzoom": 7
      }
    },
    {
      "type": "Feature",
      "geometry": {
        "type": "Point",
        "coordinates": [
          17.53,
          27.63
        ]
      },
      "properties": {
        "id": 237,
        "entity_id": "settlement:237",
        "feature_class": "settlement",
        "name": "Binghambe",
        "settlement_type": "Generic",
        "state_id": 7,
        "province_id": 69,
        "population": 1.509,
        "capital": false,
        "port": false,
        "market_center": false,
        "market_level": "international",
        "market_id": 6,
        "rank": 6,
        "minzoom": 9
      }
    },
    {
      "type": "Feature",
      "geometry": {
        "type": "Point",
        "coordinates": [
          -20.48,
          36.66
        ]
      },
      "properties": {
        "id": 238,
        "entity_id": "settlement:238",
        "feature_class": "settlement",
        "name": "Valhusvik",
        "settlement_type": "Generic",
        "state_id": 2,
        "province_id": 7,
        "population": 2.396,
        "capital": false,
        "port": false,
        "market_center": false,
        "market_level": "local",
        "market_id": 33,
        "rank": 6,
        "minzoom": 9
      }
    },
    {
      "type": "Feature",
      "geometry": {
        "type": "Point",
        "coordinates": [
          15.41,
          13.64
        ]
      },
      "properties": {
        "id": 239,
        "entity_id": "settlement:239",
        "feature_class": "settlement",
        "name": "Gatzi",
        "settlement_type": "Generic",
        "state_id": 4,
        "province_id": 199,
        "population": 2.354,
        "capital": false,
        "port": false,
        "market_center": false,
        "market_level": "local",
        "market_id": 34,
        "rank": 6,
        "minzoom": 9
      }
    },
    {
      "type": "Feature",
      "geometry": {
        "type": "Point",
        "coordinates": [
          -25.17,
          23.44
        ]
      },
      "properties": {
        "id": 240,
        "entity_id": "settlement:240",
        "feature_class": "settlement",
        "name": "Darigny",
        "settlement_type": "Naval",
        "state_id": 13,
        "province_id": 119,
        "population": 23.39,
        "capital": false,
        "port": true,
        "market_center": false,
        "market_level": "local",
        "market_id": 27,
        "rank": 4,
        "minzoom": 6
      }
    },
    {
      "type": "Feature",
      "geometry": {
        "type": "Point",
        "coordinates": [
          -11.53,
          25.91
        ]
      },
      "properties": {
        "id": 241,
        "entity_id": "settlement:241",
        "feature_class": "settlement",
        "name": "Schonau",
        "settlement_type": "Naval",
        "state_id": 8,
        "province_id": 224,
        "population": 3.009,
        "capital": false,
        "port": true,
        "market_center": false,
        "market_level": "international",
        "market_id": 7,
        "rank": 6,
        "minzoom": 9
      }
    },
    {
      "type": "Feature",
      "geometry": {
        "type": "Point",
        "coordinates": [
          -4.14,
          11.17
        ]
      },
      "properties": {
        "id": 242,
        "entity_id": "settlement:242",
        "feature_class": "settlement",
        "name": "Yunta",
        "settlement_type": "Hunting",
        "state_id": 17,
        "province_id": 284,
        "population": 12.157,
        "capital": false,
        "port": false,
        "market_center": false,
        "market_level": "local",
        "market_id": 29,
        "rank": 5,
        "minzoom": 7
      }
    },
    {
      "type": "Feature",
      "geometry": {
        "type": "Point",
        "coordinates": [
          -0.08,
          31.86
        ]
      },
      "properties": {
        "id": 243,
        "entity_id": "settlement:243",
        "feature_class": "settlement",
        "name": "Keliyol",
        "settlement_type": "Generic",
        "state_id": 12,
        "province_id": 242,
        "population": 2.453,
        "capital": false,
        "port": false,
        "market_center": false,
        "market_level": "international",
        "market_id": 19,
        "rank": 6,
        "minzoom": 9
      }
    },
    {
      "type": "Feature",
      "geometry": {
        "type": "Point",
        "coordinates": [
          14.49,
          28.54
        ]
      },
      "properties": {
        "id": 244,
        "entity_id": "settlement:244",
        "feature_class": "settlement",
        "name": "Clifordbu",
        "settlement_type": "Generic",
        "state_id": 19,
        "province_id": 158,
        "population": 13.092,
        "capital": false,
        "port": false,
        "market_center": false,
        "market_level": "international",
        "market_id": 13,
        "rank": 5,
        "minzoom": 7
      }
    },
    {
      "type": "Feature",
      "geometry": {
        "type": "Point",
        "coordinates": [
          19.32,
          16.46
        ]
      },
      "properties": {
        "id": 245,
        "entity_id": "settlement:245",
        "feature_class": "settlement",
        "name": "Amphizicea",
        "settlement_type": "Naval",
        "state_id": 16,
        "province_id": 142,
        "population": 31.718,
        "capital": false,
        "port": true,
        "market_center": false,
        "market_level": "international",
        "market_id": 18,
        "rank": 3,
        "minzoom": 5
      }
    },
    {
      "type": "Feature",
      "geometry": {
        "type": "Point",
        "coordinates": [
          -13.27,
          34.46
        ]
      },
      "properties": {
        "id": 246,
        "entity_id": "settlement:246",
        "feature_class": "settlement",
        "name": "Hofjor",
        "settlement_type": "Generic",
        "state_id": 10,
        "province_id": 229,
        "population": 1.679,
        "capital": false,
        "port": false,
        "market_center": false,
        "market_level": "regional",
        "market_id": 26,
        "rank": 6,
        "minzoom": 9
      }
    },
    {
      "type": "Feature",
      "geometry": {
        "type": "Point",
        "coordinates": [
          2.14,
          22.53
        ]
      },
      "properties": {
        "id": 247,
        "entity_id": "settlement:247",
        "feature_class": "settlement",
        "name": "Aber",
        "settlement_type": "Generic",
        "state_id": 12,
        "province_id": 247,
        "population": 1.777,
        "capital": false,
        "port": false,
        "market_center": false,
        "market_level": "international",
        "market_id": 16,
        "rank": 6,
        "minzoom": 9
      }
    },
    {
      "type": "Feature",
      "geometry": {
        "type": "Point",
        "coordinates": [
          -24.17,
          18.17
        ]
      },
      "properties": {
        "id": 248,
        "entity_id": "settlement:248",
        "feature_class": "settlement",
        "name": "Canagnicelvi",
        "settlement_type": "Naval",
        "state_id": 6,
        "province_id": 55,
        "population": 4.713,
        "capital": false,
        "port": true,
        "market_center": false,
        "market_level": "major",
        "market_id": 30,
        "rank": 6,
        "minzoom": 9
      }
    },
    {
      "type": "Feature",
      "geometry": {
        "type": "Point",
        "coordinates": [
          -0.34,
          17.73
        ]
      },
      "properties": {
        "id": 249,
        "entity_id": "settlement:249",
        "feature_class": "settlement",
        "name": "Kama",
        "settlement_type": "Naval",
        "state_id": 14,
        "province_id": 258,
        "population": 2.519,
        "capital": false,
        "port": true,
        "market_center": false,
        "market_level": "international",
        "market_id": 3,
        "rank": 6,
        "minzoom": 9
      }
    },
    {
      "type": "Feature",
      "geometry": {
        "type": "Point",
        "coordinates": [
          -6.54,
          27.62
        ]
      },
      "properties": {
        "id": 250,
        "entity_id": "settlement:250",
        "feature_class": "settlement",
        "name": "Sarprakdi",
        "settlement_type": "Generic",
        "state_id": 12,
        "province_id": 96,
        "population": 2.934,
        "capital": false,
        "port": false,
        "market_center": false,
        "market_level": "local",
        "market_id": 12,
        "rank": 6,
        "minzoom": 9
      }
    },
    {
      "type": "Feature",
      "geometry": {
        "type": "Point",
        "coordinates": [
          12.71,
          17.42
        ]
      },
      "properties": {
        "id": 251,
        "entity_id": "settlement:251",
        "feature_class": "settlement",
        "name": "Aberfraw",
        "settlement_type": "Generic",
        "state_id": 4,
        "province_id": 32,
        "population": 1.727,
        "capital": false,
        "port": false,
        "market_center": false,
        "market_level": "regional",
        "market_id": 4,
        "rank": 6,
        "minzoom": 9
      }
    },
    {
      "type": "Feature",
      "geometry": {
        "type": "Point",
        "coordinates": [
          -15.2,
          29.56
        ]
      },
      "properties": {
        "id": 252,
        "entity_id": "settlement:252",
        "feature_class": "settlement",
        "name": "Steindorfen",
        "settlement_type": "Generic",
        "state_id": 2,
        "province_id": 9,
        "population": 9.617,
        "capital": false,
        "port": false,
        "market_center": false,
        "market_level": "major",
        "market_id": 9,
        "rank": 5,
        "minzoom": 7
      }
    },
    {
      "type": "Feature",
      "geometry": {
        "type": "Point",
        "coordinates": [
          -1.71,
          33.81
        ]
      },
      "properties": {
        "id": 253,
        "entity_id": "settlement:253",
        "feature_class": "settlement",
        "name": "Kolu",
        "settlement_type": "Generic",
        "state_id": 12,
        "province_id": 112,
        "population": 2.578,
        "capital": false,
        "port": false,
        "market_center": false,
        "market_level": "international",
        "market_id": 19,
        "rank": 6,
        "minzoom": 9
      }
    },
    {
      "type": "Feature",
      "geometry": {
        "type": "Point",
        "coordinates": [
          10.29,
          22.4
        ]
      },
      "properties": {
        "id": 254,
        "entity_id": "settlement:254",
        "feature_class": "settlement",
        "name": "Senverber",
        "settlement_type": "Generic",
        "state_id": 3,
        "province_id": 25,
        "population": 7.809,
        "capital": false,
        "port": false,
        "market_center": false,
        "market_level": "major",
        "market_id": 11,
        "rank": 5,
        "minzoom": 7
      }
    },
    {
      "type": "Feature",
      "geometry": {
        "type": "Point",
        "coordinates": [
          -3.82,
          35.61
        ]
      },
      "properties": {
        "id": 255,
        "entity_id": "settlement:255",
        "feature_class": "settlement",
        "name": "Tengri",
        "settlement_type": "Generic",
        "state_id": 12,
        "province_id": 114,
        "population": 8.461,
        "capital": false,
        "port": false,
        "market_center": false,
        "market_level": "regional",
        "market_id": 14,
        "rank": 5,
        "minzoom": 7
      }
    },
    {
      "type": "Feature",
      "geometry": {
        "type": "Point",
        "coordinates": [
          -25.14,
          27.72
        ]
      },
      "properties": {
        "id": 256,
        "entity_id": "settlement:256",
        "feature_class": "settlement",
        "name": "Jozierais",
        "settlement_type": "Naval",
        "state_id": 2,
        "province_id": 18,
        "population": 3.781,
        "capital": false,
        "port": true,
        "market_center": false,
        "market_level": "local",
        "market_id": 24,
        "rank": 6,
        "minzoom": 9
      }
    },
    {
      "type": "Feature",
      "geometry": {
        "type": "Point",
        "coordinates": [
          -22.1,
          16.71
        ]
      },
      "properties": {
        "id": 257,
        "entity_id": "settlement:257",
        "feature_class": "settlement",
        "name": "Matrix",
        "settlement_type": "Naval",
        "state_id": 6,
        "province_id": 58,
        "population": 3.874,
        "capital": false,
        "port": true,
        "market_center": false,
        "market_level": "major",
        "market_id": 30,
        "rank": 6,
        "minzoom": 9
      }
    },
    {
      "type": "Feature",
      "geometry": {
        "type": "Point",
        "coordinates": [
          9.2,
          31.42
        ]
      },
      "properties": {
        "id": 258,
        "entity_id": "settlement:258",
        "feature_class": "settlement",
        "name": "Wather",
        "settlement_type": "Hunting",
        "state_id": 19,
        "province_id": 160,
        "population": 27.774,
        "capital": false,
        "port": false,
        "market_center": false,
        "market_level": "international",
        "market_id": 15,
        "rank": 3,
        "minzoom": 5
      }
    },
    {
      "type": "Feature",
      "geometry": {
        "type": "Point",
        "coordinates": [
          19.55,
          22.28
        ]
      },
      "properties": {
        "id": 259,
        "entity_id": "settlement:259",
        "feature_class": "settlement",
        "name": "Totestable",
        "settlement_type": "Generic",
        "state_id": 16,
        "province_id": 271,
        "population": 14.815,
        "capital": false,
        "port": false,
        "market_center": false,
        "market_level": "international",
        "market_id": 18,
        "rank": 5,
        "minzoom": 7
      }
    },
    {
      "type": "Feature",
      "geometry": {
        "type": "Point",
        "coordinates": [
          -9.69,
          28.51
        ]
      },
      "properties": {
        "id": 260,
        "entity_id": "settlement:260",
        "feature_class": "settlement",
        "name": "Balldengen",
        "settlement_type": "Generic",
        "state_id": 8,
        "province_id": 76,
        "population": 11.243,
        "capital": false,
        "port": false,
        "market_center": false,
        "market_level": "international",
        "market_id": 7,
        "rank": 5,
        "minzoom": 7
      }
    },
    {
      "type": "Feature",
      "geometry": {
        "type": "Point",
        "coordinates": [
          21.11,
          29.25
        ]
      },
      "properties": {
        "id": 261,
        "entity_id": "settlement:261",
        "feature_class": "settlement",
        "name": "Preswestho",
        "settlement_type": "Generic",
        "state_id": 5,
        "province_id": 44,
        "population": 9.927,
        "capital": false,
        "port": false,
        "market_center": false,
        "market_level": "international",
        "market_id": 25,
        "rank": 5,
        "minzoom": 7
      }
    },
    {
      "type": "Feature",
      "geometry": {
        "type": "Point",
        "coordinates": [
          -10.98,
          20.97
        ]
      },
      "properties": {
        "id": 262,
        "entity_id": "settlement:262",
        "feature_class": "settlement",
        "name": "Aynak",
        "settlement_type": "Generic",
        "state_id": 15,
        "province_id": 266,
        "population": 1.675,
        "capital": false,
        "port": false,
        "market_center": false,
        "market_level": "international",
        "market_id": 2,
        "rank": 6,
        "minzoom": 9
      }
    },
    {
      "type": "Feature",
      "geometry": {
        "type": "Point",
        "coordinates": [
          -22.65,
          20.6
        ]
      },
      "properties": {
        "id": 263,
        "entity_id": "settlement:263",
        "feature_class": "settlement",
        "name": "Marno",
        "settlement_type": "Lake",
        "state_id": 11,
        "province_id": 87,
        "population": 6.944,
        "capital": false,
        "port": false,
        "market_center": false,
        "market_level": "regional",
        "market_id": 10,
        "rank": 6,
        "minzoom": 9
      }
    },
    {
      "type": "Feature",
      "geometry": {
        "type": "Point",
        "coordinates": [
          -15.88,
          23.83
        ]
      },
      "properties": {
        "id": 264,
        "entity_id": "settlement:264",
        "feature_class": "settlement",
        "name": "Sulzkirchwei",
        "settlement_type": "Naval",
        "state_id": 9,
        "province_id": 53,
        "population": 16.334,
        "capital": false,
        "port": true,
        "market_center": false,
        "market_level": "international",
        "market_id": 1,
        "rank": 5,
        "minzoom": 7
      }
    },
    {
      "type": "Feature",
      "geometry": {
        "type": "Point",
        "coordinates": [
          0.17,
          22.24
        ]
      },
      "properties": {
        "id": 265,
        "entity_id": "settlement:265",
        "feature_class": "settlement",
        "name": "Ekinok",
        "settlement_type": "Naval",
        "state_id": 12,
        "province_id": 103,
        "population": 10.79,
        "capital": false,
        "port": true,
        "market_center": false,
        "market_level": "international",
        "market_id": 16,
        "rank": 5,
        "minzoom": 7
      }
    },
    {
      "type": "Feature",
      "geometry": {
        "type": "Point",
        "coordinates": [
          -6.52,
          20.91
        ]
      },
      "properties": {
        "id": 266,
        "entity_id": "settlement:266",
        "feature_class": "settlement",
        "name": "Kocadi",
        "settlement_type": "Generic",
        "state_id": 14,
        "province_id": 129,
        "population": 2.426,
        "capital": false,
        "port": false,
        "market_center": false,
        "market_level": "international",
        "market_id": 3,
        "rank": 6,
        "minzoom": 9
      }
    },
    {
      "type": "Feature",
      "geometry": {
        "type": "Point",
        "coordinates": [
          -20.96,
          30.11
        ]
      },
      "properties": {
        "id": 267,
        "entity_id": "settlement:267",
        "feature_class": "settlement",
        "name": "Chartinvilles",
        "settlement_type": "Generic",
        "state_id": 2,
        "province_id": 8,
        "population": 14.815,
        "capital": false,
        "port": false,
        "market_center": false,
        "market_level": "international",
        "market_id": 5,
        "rank": 5,
        "minzoom": 7
      }
    },
    {
      "type": "Feature",
      "geometry": {
        "type": "Point",
        "coordinates": [
          -22.88,
          26.24
        ]
      },
      "properties": {
        "id": 268,
        "entity_id": "settlement:268",
        "feature_class": "settlement",
        "name": "Villepieds",
        "settlement_type": "Naval",
        "state_id": 2,
        "province_id": 12,
        "population": 4.024,
        "capital": false,
        "port": true,
        "market_center": false,
        "market_level": "local",
        "market_id": 24,
        "rank": 6,
        "minzoom": 9
      }
    },
    {
      "type": "Feature",
      "geometry": {
        "type": "Point",
        "coordinates": [
          14.96,
          21.58
        ]
      },
      "properties": {
        "id": 269,
        "entity_id": "settlement:269",
        "feature_class": "settlement",
        "name": "Alinvermay",
        "settlement_type": "Generic",
        "state_id": 4,
        "province_id": 197,
        "population": 3.088,
        "capital": false,
        "port": false,
        "market_center": false,
        "market_level": "regional",
        "market_id": 22,
        "rank": 6,
        "minzoom": 9
      }
    },
    {
      "type": "Feature",
      "geometry": {
        "type": "Point",
        "coordinates": [
          -3.16,
          11.02
        ]
      },
      "properties": {
        "id": 270,
        "entity_id": "settlement:270",
        "feature_class": "settlement",
        "name": "Nobles",
        "settlement_type": "Naval",
        "state_id": 14,
        "province_id": 261,
        "population": 1.689,
        "capital": false,
        "port": true,
        "market_center": false,
        "market_level": "local",
        "market_id": 29,
        "rank": 6,
        "minzoom": 9
      }
    },
    {
      "type": "Feature",
      "geometry": {
        "type": "Point",
        "coordinates": [
          3.83,
          20.92
        ]
      },
      "properties": {
        "id": 271,
        "entity_id": "settlement:271",
        "feature_class": "settlement",
        "name": "Bonaraberg",
        "settlement_type": "Generic",
        "state_id": 3,
        "province_id": 20,
        "population": 3.053,
        "capital": false,
        "port": false,
        "market_center": false,
        "market_level": "major",
        "market_id": 28,
        "rank": 6,
        "minzoom": 9
      }
    },
    {
      "type": "Feature",
      "geometry": {
        "type": "Point",
        "coordinates": [
          -8.26,
          14.91
        ]
      },
      "properties": {
        "id": 272,
        "entity_id": "settlement:272",
        "feature_class": "settlement",
        "name": "Manar",
        "settlement_type": "Naval",
        "state_id": 17,
        "province_id": 281,
        "population": 0.999,
        "capital": false,
        "port": true,
        "market_center": false,
        "market_level": "local",
        "market_id": 29,
        "rank": 6,
        "minzoom": 9
      }
    },
    {
      "type": "Feature",
      "geometry": {
        "type": "Point",
        "coordinates": [
          -25.53,
          16.34
        ]
      },
      "properties": {
        "id": 273,
        "entity_id": "settlement:273",
        "feature_class": "settlement",
        "name": "Tungranta",
        "settlement_type": "River",
        "state_id": 17,
        "province_id": 155,
        "population": 5.616,
        "capital": false,
        "port": false,
        "market_center": false,
        "market_level": "major",
        "market_id": 30,
        "rank": 6,
        "minzoom": 9
      }
    },
    {
      "type": "Feature",
      "geometry": {
        "type": "Point",
        "coordinates": [
          -11.57,
          30.27
        ]
      },
      "properties": {
        "id": 274,
        "entity_id": "settlement:274",
        "feature_class": "settlement",
        "name": "Ylimiolanta",
        "settlement_type": "River",
        "state_id": 10,
        "province_id": 80,
        "population": 11.379,
        "capital": false,
        "port": false,
        "market_center": false,
        "market_level": "regional",
        "market_id": 26,
        "rank": 5,
        "minzoom": 7
      }
    },
    {
      "type": "Feature",
      "geometry": {
        "type": "Point",
        "coordinates": [
          17.98,
          27.32
        ]
      },
      "properties": {
        "id": 275,
        "entity_id": "settlement:275",
        "feature_class": "settlement",
        "name": "Walterleigh",
        "settlement_type": "Generic",
        "state_id": 7,
        "province_id": 71,
        "population": 1.925,
        "capital": false,
        "port": false,
        "market_center": false,
        "market_level": "international",
        "market_id": 6,
        "rank": 6,
        "minzoom": 9
      }
    },
    {
      "type": "Feature",
      "geometry": {
        "type": "Point",
        "coordinates": [
          20.27,
          15.91
        ]
      },
      "properties": {
        "id": 276,
        "entity_id": "settlement:276",
        "feature_class": "settlement",
        "name": "Pipodes",
        "settlement_type": "Naval",
        "state_id": 16,
        "province_id": 273,
        "population": 1.977,
        "capital": false,
        "port": true,
        "market_center": false,
        "market_level": "international",
        "market_id": 18,
        "rank": 6,
        "minzoom": 9
      }
    },
    {
      "type": "Feature",
      "geometry": {
        "type": "Point",
        "coordinates": [
          -4.25,
          36.74
        ]
      },
      "properties": {
        "id": 277,
        "entity_id": "settlement:277",
        "feature_class": "settlement",
        "name": "Muvaaraveru",
        "settlement_type": "Generic",
        "state_id": 12,
        "province_id": 239,
        "population": 8.68,
        "capital": false,
        "port": false,
        "market_center": false,
        "market_level": "regional",
        "market_id": 14,
        "rank": 5,
        "minzoom": 7
      }
    },
    {
      "type": "Feature",
      "geometry": {
        "type": "Point",
        "coordinates": [
          7.96,
          33.02
        ]
      },
      "properties": {
        "id": 278,
        "entity_id": "settlement:278",
        "feature_class": "settlement",
        "name": "Boyru",
        "settlement_type": "Generic",
        "state_id": 19,
        "province_id": 167,
        "population": 2.47,
        "capital": false,
        "port": false,
        "market_center": false,
        "market_level": "international",
        "market_id": 15,
        "rank": 6,
        "minzoom": 9
      }
    },
    {
      "type": "Feature",
      "geometry": {
        "type": "Point",
        "coordinates": [
          8.83,
          28.91
        ]
      },
      "properties": {
        "id": 279,
        "entity_id": "settlement:279",
        "feature_class": "settlement",
        "name": "Ertente",
        "settlement_type": "Naval",
        "state_id": 19,
        "province_id": 296,
        "population": 3.504,
        "capital": false,
        "port": true,
        "market_center": false,
        "market_level": "international",
        "market_id": 15,
        "rank": 6,
        "minzoom": 9
      }
    },
    {
      "type": "Feature",
      "geometry": {
        "type": "Point",
        "coordinates": [
          -18.08,
          30.47
        ]
      },
      "properties": {
        "id": 280,
        "entity_id": "settlement:280",
        "feature_class": "settlement",
        "name": "Anneautiers",
        "settlement_type": "Generic",
        "state_id": 2,
        "province_id": 14,
        "population": 3.691,
        "capital": false,
        "port": false,
        "market_center": false,
        "market_level": "international",
        "market_id": 5,
        "rank": 6,
        "minzoom": 9
      }
    },
    {
      "type": "Feature",
      "geometry": {
        "type": "Point",
        "coordinates": [
          16.05,
          32.41
        ]
      },
      "properties": {
        "id": 281,
        "entity_id": "settlement:281",
        "feature_class": "settlement",
        "name": "Berleigh",
        "settlement_type": "Generic",
        "state_id": 19,
        "province_id": 168,
        "population": 19.121,
        "capital": false,
        "port": false,
        "market_center": false,
        "market_level": "international",
        "market_id": 13,
        "rank": 4,
        "minzoom": 6
      }
    },
    {
      "type": "Feature",
      "geometry": {
        "type": "Point",
        "coordinates": [
          -6.77,
          18.92
        ]
      },
      "properties": {
        "id": 282,
        "entity_id": "settlement:282",
        "feature_class": "settlement",
        "name": "Azozesbey",
        "settlement_type": "Generic",
        "state_id": 14,
        "province_id": 125,
        "population": 14.543,
        "capital": false,
        "port": false,
        "market_center": false,
        "market_level": "international",
        "market_id": 3,
        "rank": 5,
        "minzoom": 7
      }
    },
    {
      "type": "Feature",
      "geometry": {
        "type": "Point",
        "coordinates": [
          14.57,
          33.35
        ]
      },
      "properties": {
        "id": 283,
        "entity_id": "settlement:283",
        "feature_class": "settlement",
        "name": "Ormskirk",
        "settlement_type": "Naval",
        "state_id": 19,
        "province_id": 164,
        "population": 4.521,
        "capital": false,
        "port": true,
        "market_center": false,
        "market_level": "international",
        "market_id": 13,
        "rank": 6,
        "minzoom": 9
      }
    },
    {
      "type": "Feature",
      "geometry": {
        "type": "Point",
        "coordinates": [
          -12.28,
          26.51
        ]
      },
      "properties": {
        "id": 284,
        "entity_id": "settlement:284",
        "feature_class": "settlement",
        "name": "Ienweilerken",
        "settlement_type": "Lake",
        "state_id": 8,
        "province_id": 223,
        "population": 16.127,
        "capital": false,
        "port": false,
        "market_center": false,
        "market_level": "international",
        "market_id": 7,
        "rank": 5,
        "minzoom": 7
      }
    },
    {
      "type": "Feature",
      "geometry": {
        "type": "Point",
        "coordinates": [
          4.8,
          21.53
        ]
      },
      "properties": {
        "id": 285,
        "entity_id": "settlement:285",
        "feature_class": "settlement",
        "name": "Mhearigleddu",
        "settlement_type": "Generic",
        "state_id": 3,
        "province_id": 29,
        "population": 10.242,
        "capital": false,
        "port": false,
        "market_center": false,
        "market_level": "major",
        "market_id": 28,
        "rank": 5,
        "minzoom": 7
      }
    },
    {
      "type": "Feature",
      "geometry": {
        "type": "Point",
        "coordinates": [
          3.39,
          22.52
        ]
      },
      "properties": {
        "id": 286,
        "entity_id": "settlement:286",
        "feature_class": "settlement",
        "name": "Infi",
        "settlement_type": "Generic",
        "state_id": 12,
        "province_id": 247,
        "population": 18.412,
        "capital": false,
        "port": false,
        "market_center": false,
        "market_level": "international",
        "market_id": 16,
        "rank": 4,
        "minzoom": 6
      }
    },
    {
      "type": "Feature",
      "geometry": {
        "type": "Point",
        "coordinates": [
          -9.08,
          21.38
        ]
      },
      "properties": {
        "id": 287,
        "entity_id": "settlement:287",
        "feature_class": "settlement",
        "name": "Buyvar",
        "settlement_type": "Generic",
        "state_id": 15,
        "province_id": 257,
        "population": 4.017,
        "capital": false,
        "port": false,
        "market_center": false,
        "market_level": "international",
        "market_id": 3,
        "rank": 6,
        "minzoom": 9
      }
    },
    {
      "type": "Feature",
      "geometry": {
        "type": "Point",
        "coordinates": [
          20.88,
          16.29
        ]
      },
      "properties": {
        "id": 288,
        "entity_id": "settlement:288",
        "feature_class": "settlement",
        "name": "Margylasos",
        "settlement_type": "Hunting",
        "state_id": 16,
        "province_id": 140,
        "population": 12.124,
        "capital": false,
        "port": false,
        "market_center": false,
        "market_level": "international",
        "market_id": 18,
        "rank": 5,
        "minzoom": 7
      }
    },
    {
      "type": "Feature",
      "geometry": {
        "type": "Point",
        "coordinates": [
          0.19,
          29.52
        ]
      },
      "properties": {
        "id": 289,
        "entity_id": "settlement:289",
        "feature_class": "settlement",
        "name": "Deribe",
        "settlement_type": "Naval",
        "state_id": 12,
        "province_id": 90,
        "population": 10.034,
        "capital": false,
        "port": true,
        "market_center": false,
        "market_level": "international",
        "market_id": 20,
        "rank": 5,
        "minzoom": 7
      }
    },
    {
      "type": "Feature",
      "geometry": {
        "type": "Point",
        "coordinates": [
          -11.59,
          32.64
        ]
      },
      "properties": {
        "id": 290,
        "entity_id": "settlement:290",
        "feature_class": "settlement",
        "name": "Silkeamala",
        "settlement_type": "Generic",
        "state_id": 10,
        "province_id": 83,
        "population": 20.495,
        "capital": false,
        "port": false,
        "market_center": true,
        "market_level": "regional",
        "market_id": 26,
        "rank": 3,
        "minzoom": 5
      }
    },
    {
      "type": "Feature",
      "geometry": {
        "type": "Point",
        "coordinates": [
          25.6,
          25.72
        ]
      },
      "properties": {
        "id": 291,
        "entity_id": "settlement:291",
        "feature_class": "settlement",
        "name": "Nosbury",
        "settlement_type": "Generic",
        "state_id": 7,
        "province_id": 65,
        "population": 11.487,
        "capital": false,
        "port": false,
        "market_center": false,
        "market_level": "local",
        "market_id": 21,
        "rank": 5,
        "minzoom": 7
      }
    },
    {
      "type": "Feature",
      "geometry": {
        "type": "Point",
        "coordinates": [
          -14.3,
          35.71
        ]
      },
      "properties": {
        "id": 292,
        "entity_id": "settlement:292",
        "feature_class": "settlement",
        "name": "Nehamn",
        "settlement_type": "Naval",
        "state_id": 18,
        "province_id": 157,
        "population": 8.591,
        "capital": false,
        "port": true,
        "market_center": false,
        "market_level": "local",
        "market_id": 17,
        "rank": 5,
        "minzoom": 7
      }
    },
    {
      "type": "Feature",
      "geometry": {
        "type": "Point",
        "coordinates": [
          20.58,
          24.09
        ]
      },
      "properties": {
        "id": 293,
        "entity_id": "settlement:293",
        "feature_class": "settlement",
        "name": "Whitfordmin",
        "settlement_type": "Generic",
        "state_id": 7,
        "province_id": 61,
        "population": 7.656,
        "capital": false,
        "port": false,
        "market_center": false,
        "market_level": "international",
        "market_id": 6,
        "rank": 5,
        "minzoom": 7
      }
    },
    {
      "type": "Feature",
      "geometry": {
        "type": "Point",
        "coordinates": [
          19.78,
          19.22
        ]
      },
      "properties": {
        "id": 294,
        "entity_id": "settlement:294",
        "feature_class": "settlement",
        "name": "Thegaicos",
        "settlement_type": "Generic",
        "state_id": 16,
        "province_id": 271,
        "population": 10.273,
        "capital": false,
        "port": false,
        "market_center": false,
        "market_level": "international",
        "market_id": 18,
        "rank": 5,
        "minzoom": 7
      }
    },
    {
      "type": "Feature",
      "geometry": {
        "type": "Point",
        "coordinates": [
          15.11,
          12.84
        ]
      },
      "properties": {
        "id": 295,
        "entity_id": "settlement:295",
        "feature_class": "settlement",
        "name": "Martuelaro",
        "settlement_type": "Lake",
        "state_id": 4,
        "province_id": 33,
        "population": 9.218,
        "capital": false,
        "port": false,
        "market_center": false,
        "market_level": "local",
        "market_id": 34,
        "rank": 5,
        "minzoom": 7
      }
    },
    {
      "type": "Feature",
      "geometry": {
        "type": "Point",
        "coordinates": [
          -5.79,
          17.52
        ]
      },
      "properties": {
        "id": 296,
        "entity_id": "settlement:296",
        "feature_class": "settlement",
        "name": "Boydekinka",
        "settlement_type": "Generic",
        "state_id": 14,
        "province_id": 259,
        "population": 25.538,
        "capital": false,
        "port": false,
        "market_center": false,
        "market_level": "international",
        "market_id": 3,
        "rank": 4,
        "minzoom": 6
      }
    },
    {
      "type": "Feature",
      "geometry": {
        "type": "Point",
        "coordinates": [
          -13.83,
          20.28
        ]
      },
      "properties": {
        "id": 297,
        "entity_id": "settlement:297",
        "feature_class": "settlement",
        "name": "Kumdeseli",
        "settlement_type": "Lake",
        "state_id": 17,
        "province_id": 150,
        "population": 6.137,
        "capital": false,
        "port": false,
        "market_center": false,
        "market_level": "international",
        "market_id": 1,
        "rank": 6,
        "minzoom": 9
      }
    },
    {
      "type": "Feature",
      "geometry": {
        "type": "Point",
        "coordinates": [
          -11.04,
          27.76
        ]
      },
      "properties": {
        "id": 298,
        "entity_id": "settlement:298",
        "feature_class": "settlement",
        "name": "Rottenzen",
        "settlement_type": "Lake",
        "state_id": 8,
        "province_id": 75,
        "population": 1.28,
        "capital": false,
        "port": false,
        "market_center": false,
        "market_level": "international",
        "market_id": 7,
        "rank": 6,
        "minzoom": 9
      }
    },
    {
      "type": "Feature",
      "geometry": {
        "type": "Point",
        "coordinates": [
          -9.83,
          23.2
        ]
      },
      "properties": {
        "id": 299,
        "entity_id": "settlement:299",
        "feature_class": "settlement",
        "name": "Ofenburg",
        "settlement_type": "Generic",
        "state_id": 1,
        "province_id": 3,
        "population": 1.727,
        "capital": false,
        "port": false,
        "market_center": false,
        "market_level": "international",
        "market_id": 3,
        "rank": 6,
        "minzoom": 9
      }
    },
    {
      "type": "Feature",
      "geometry": {
        "type": "Point",
        "coordinates": [
          21.26,
          19.39
        ]
      },
      "properties": {
        "id": 300,
        "entity_id": "settlement:300",
        "feature_class": "settlement",
        "name": "Nigenionos",
        "settlement_type": "Generic",
        "state_id": 16,
        "province_id": 135,
        "population": 12.076,
        "capital": false,
        "port": false,
        "market_center": false,
        "market_level": "international",
        "market_id": 18,
        "rank": 5,
        "minzoom": 7
      }
    },
    {
      "type": "Feature",
      "geometry": {
        "type": "Point",
        "coordinates": [
          -21.15,
          19.64
        ]
      },
      "properties": {
        "id": 301,
        "entity_id": "settlement:301",
        "feature_class": "settlement",
        "name": "Celleria",
        "settlement_type": "Naval",
        "state_id": 6,
        "province_id": 49,
        "population": 1.964,
        "capital": false,
        "port": true,
        "market_center": false,
        "market_level": "major",
        "market_id": 30,
        "rank": 6,
        "minzoom": 9
      }
    },
    {
      "type": "Feature",
      "geometry": {
        "type": "Point",
        "coordinates": [
          -9.37,
          16.58
        ]
      },
      "properties": {
        "id": 302,
        "entity_id": "settlement:302",
        "feature_class": "settlement",
        "name": "Cerrososa",
        "settlement_type": "Generic",
        "state_id": 15,
        "province_id": 133,
        "population": 20.837,
        "capital": false,
        "port": false,
        "market_center": false,
        "market_level": "international",
        "market_id": 2,
        "rank": 4,
        "minzoom": 6
      }
    },
    {
      "type": "Feature",
      "geometry": {
        "type": "Point",
        "coordinates": [
          27.24,
          28.07
        ]
      },
      "properties": {
        "id": 303,
        "entity_id": "settlement:303",
        "feature_class": "settlement",
        "name": "Dunstoneton",
        "settlement_type": "Naval",
        "state_id": 7,
        "province_id": 64,
        "population": 4.079,
        "capital": false,
        "port": true,
        "market_center": false,
        "market_level": "international",
        "market_id": 6,
        "rank": 6,
        "minzoom": 9
      }
    },
    {
      "type": "Feature",
      "geometry": {
        "type": "Point",
        "coordinates": [
          -21.78,
          26.17
        ]
      },
      "properties": {
        "id": 304,
        "entity_id": "settlement:304",
        "feature_class": "settlement",
        "name": "Sullambrieau",
        "settlement_type": "Generic",
        "state_id": 2,
        "province_id": 11,
        "population": 2.745,
        "capital": false,
        "port": false,
        "market_center": false,
        "market_level": "international",
        "market_id": 5,
        "rank": 6,
        "minzoom": 9
      }
    },
    {
      "type": "Feature",
      "geometry": {
        "type": "Point",
        "coordinates": [
          23.16,
          27.7
        ]
      },
      "properties": {
        "id": 305,
        "entity_id": "settlement:305",
        "feature_class": "settlement",
        "name": "Thetham",
        "settlement_type": "Naval",
        "state_id": 7,
        "province_id": 70,
        "population": 13.607,
        "capital": false,
        "port": true,
        "market_center": false,
        "market_level": "international",
        "market_id": 6,
        "rank": 5,
        "minzoom": 7
      }
    },
    {
      "type": "Feature",
      "geometry": {
        "type": "Point",
        "coordinates": [
          -19.19,
          37.43
        ]
      },
      "properties": {
        "id": 306,
        "entity_id": "settlement:306",
        "feature_class": "settlement",
        "name": "Openden",
        "settlement_type": "Generic",
        "state_id": 18,
        "province_id": 290,
        "population": 31.078,
        "capital": false,
        "port": false,
        "market_center": true,
        "market_level": "local",
        "market_id": 17,
        "rank": 3,
        "minzoom": 5
      }
    },
    {
      "type": "Feature",
      "geometry": {
        "type": "Point",
        "coordinates": [
          18.93,
          33.67
        ]
      },
      "properties": {
        "id": 307,
        "entity_id": "settlement:307",
        "feature_class": "settlement",
        "name": "Midford",
        "settlement_type": "Generic",
        "state_id": 5,
        "province_id": 42,
        "population": 22.523,
        "capital": false,
        "port": false,
        "market_center": false,
        "market_level": "international",
        "market_id": 25,
        "rank": 4,
        "minzoom": 6
      }
    },
    {
      "type": "Feature",
      "geometry": {
        "type": "Point",
        "coordinates": [
          3.71,
          20.33
        ]
      },
      "properties": {
        "id": 308,
        "entity_id": "settlement:308",
        "feature_class": "settlement",
        "name": "Trearon",
        "settlement_type": "Naval",
        "state_id": 3,
        "province_id": 20,
        "population": 3.478,
        "capital": false,
        "port": true,
        "market_center": false,
        "market_level": "major",
        "market_id": 28,
        "rank": 6,
        "minzoom": 9
      }
    },
    {
      "type": "Feature",
      "geometry": {
        "type": "Point",
        "coordinates": [
          11.54,
          20.75
        ]
      },
      "properties": {
        "id": 309,
        "entity_id": "settlement:309",
        "feature_class": "settlement",
        "name": "Camboio",
        "settlement_type": "Generic",
        "state_id": 3,
        "province_id": 21,
        "population": 9.686,
        "capital": false,
        "port": false,
        "market_center": false,
        "market_level": "major",
        "market_id": 11,
        "rank": 5,
        "minzoom": 7
      }
    },
    {
      "type": "Feature",
      "geometry": {
        "type": "Point",
        "coordinates": [
          -8.91,
          31.86
        ]
      },
      "properties": {
        "id": 310,
        "entity_id": "settlement:310",
        "feature_class": "settlement",
        "name": "Kobati",
        "settlement_type": "Naval",
        "state_id": 10,
        "province_id": 81,
        "population": 3.771,
        "capital": false,
        "port": true,
        "market_center": false,
        "market_level": "regional",
        "market_id": 26,
        "rank": 6,
        "minzoom": 9
      }
    },
    {
      "type": "Feature",
      "geometry": {
        "type": "Point",
        "coordinates": [
          9.83,
          29.12
        ]
      },
      "properties": {
        "id": 311,
        "entity_id": "settlement:311",
        "feature_class": "settlement",
        "name": "Elyatar",
        "settlement_type": "Generic",
        "state_id": 19,
        "province_id": 296,
        "population": 7.355,
        "capital": false,
        "port": false,
        "market_center": false,
        "market_level": "international",
        "market_id": 15,
        "rank": 5,
        "minzoom": 7
      }
    },
    {
      "type": "Feature",
      "geometry": {
        "type": "Point",
        "coordinates": [
          14.75,
          24.1
        ]
      },
      "properties": {
        "id": 312,
        "entity_id": "settlement:312",
        "feature_class": "settlement",
        "name": "Yarnu",
        "settlement_type": "Naval",
        "state_id": 4,
        "province_id": 35,
        "population": 5.022,
        "capital": false,
        "port": true,
        "market_center": false,
        "market_level": "regional",
        "market_id": 22,
        "rank": 6,
        "minzoom": 9
      }
    },
    {
      "type": "Feature",
      "geometry": {
        "type": "Point",
        "coordinates": [
          15.22,
          31.11
        ]
      },
      "properties": {
        "id": 313,
        "entity_id": "settlement:313",
        "feature_class": "settlement",
        "name": "Maldock",
        "settlement_type": "Lake",
        "state_id": 19,
        "province_id": 166,
        "population": 3.862,
        "capital": false,
        "port": false,
        "market_center": false,
        "market_level": "international",
        "market_id": 13,
        "rank": 6,
        "minzoom": 9
      }
    },
    {
      "type": "Feature",
      "geometry": {
        "type": "Point",
        "coordinates": [
          -20.71,
          14.19
        ]
      },
      "properties": {
        "id": 314,
        "entity_id": "settlement:314",
        "feature_class": "settlement",
        "name": "Palheus",
        "settlement_type": "Naval",
        "state_id": 17,
        "province_id": 283,
        "population": 2.056,
        "capital": false,
        "port": true,
        "market_center": false,
        "market_level": "major",
        "market_id": 30,
        "rank": 6,
        "minzoom": 9
      }
    },
    {
      "type": "Feature",
      "geometry": {
        "type": "Point",
        "coordinates": [
          -6.92,
          12.94
        ]
      },
      "properties": {
        "id": 315,
        "entity_id": "settlement:315",
        "feature_class": "settlement",
        "name": "Morada",
        "settlement_type": "Hunting",
        "state_id": 17,
        "province_id": 281,
        "population": 2.383,
        "capital": false,
        "port": false,
        "market_center": false,
        "market_level": "local",
        "market_id": 29,
        "rank": 6,
        "minzoom": 9
      }
    },
    {
      "type": "Feature",
      "geometry": {
        "type": "Point",
        "coordinates": [
          15.37,
          17.75
        ]
      },
      "properties": {
        "id": 316,
        "entity_id": "settlement:316",
        "feature_class": "settlement",
        "name": "Cenver",
        "settlement_type": "Generic",
        "state_id": 4,
        "province_id": 37,
        "population": 15.805,
        "capital": false,
        "port": false,
        "market_center": false,
        "market_level": "regional",
        "market_id": 4,
        "rank": 5,
        "minzoom": 7
      }
    },
    {
      "type": "Feature",
      "geometry": {
        "type": "Point",
        "coordinates": [
          -1.84,
          32.49
        ]
      },
      "properties": {
        "id": 317,
        "entity_id": "settlement:317",
        "feature_class": "settlement",
        "name": "Yalekinse",
        "settlement_type": "Lake",
        "state_id": 12,
        "province_id": 112,
        "population": 25.775,
        "capital": false,
        "port": false,
        "market_center": false,
        "market_level": "international",
        "market_id": 19,
        "rank": 4,
        "minzoom": 6
      }
    },
    {
      "type": "Feature",
      "geometry": {
        "type": "Point",
        "coordinates": [
          -0.19,
          24.37
        ]
      },
      "properties": {
        "id": 318,
        "entity_id": "settlement:318",
        "feature_class": "settlement",
        "name": "Bilkut",
        "settlement_type": "Generic",
        "state_id": 12,
        "province_id": 91,
        "population": 2.858,
        "capital": false,
        "port": false,
        "market_center": false,
        "market_level": "international",
        "market_id": 16,
        "rank": 6,
        "minzoom": 9
      }
    },
    {
      "type": "Feature",
      "geometry": {
        "type": "Point",
        "coordinates": [
          15.27,
          24.29
        ]
      },
      "properties": {
        "id": 319,
        "entity_id": "settlement:319",
        "feature_class": "settlement",
        "name": "Info",
        "settlement_type": "Generic",
        "state_id": 4,
        "province_id": 35,
        "population": 0.667,
        "capital": false,
        "port": false,
        "market_center": false,
        "market_level": "regional",
        "market_id": 22,
        "rank": 6,
        "minzoom": 9
      }
    },
    {
      "type": "Feature",
      "geometry": {
        "type": "Point",
        "coordinates": [
          12.84,
          20.38
        ]
      },
      "properties": {
        "id": 320,
        "entity_id": "settlement:320",
        "feature_class": "settlement",
        "name": "Aberviere",
        "settlement_type": "Generic",
        "state_id": 4,
        "province_id": 34,
        "population": 12.705,
        "capital": false,
        "port": false,
        "market_center": false,
        "market_level": "regional",
        "market_id": 22,
        "rank": 5,
        "minzoom": 7
      }
    },
    {
      "type": "Feature",
      "geometry": {
        "type": "Point",
        "coordinates": [
          -19.65,
          21.28
        ]
      },
      "properties": {
        "id": 321,
        "entity_id": "settlement:321",
        "feature_class": "settlement",
        "name": "Rocqualia",
        "settlement_type": "Generic",
        "state_id": 6,
        "province_id": 52,
        "population": 2.598,
        "capital": false,
        "port": false,
        "market_center": false,
        "market_level": "international",
        "market_id": 1,
        "rank": 6,
        "minzoom": 9
      }
    },
    {
      "type": "Feature",
      "geometry": {
        "type": "Point",
        "coordinates": [
          -26.09,
          22.3
        ]
      },
      "properties": {
        "id": 322,
        "entity_id": "settlement:322",
        "feature_class": "settlement",
        "name": "Montcraynes",
        "settlement_type": "Generic",
        "state_id": 13,
        "province_id": 117,
        "population": 15.373,
        "capital": false,
        "port": false,
        "market_center": true,
        "market_level": "local",
        "market_id": 27,
        "rank": 5,
        "minzoom": 7
      }
    },
    {
      "type": "Feature",
      "geometry": {
        "type": "Point",
        "coordinates": [
          -12.98,
          19.73
        ]
      },
      "properties": {
        "id": 323,
        "entity_id": "settlement:323",
        "feature_class": "settlement",
        "name": "Alkaboy",
        "settlement_type": "Lake",
        "state_id": 17,
        "province_id": 147,
        "population": 9.056,
        "capital": false,
        "port": false,
        "market_center": false,
        "market_level": "international",
        "market_id": 2,
        "rank": 5,
        "minzoom": 7
      }
    },
    {
      "type": "Feature",
      "geometry": {
        "type": "Point",
        "coordinates": [
          15.03,
          24.44
        ]
      },
      "properties": {
        "id": 324,
        "entity_id": "settlement:324",
        "feature_class": "settlement",
        "name": "Cepesen",
        "settlement_type": "Generic",
        "state_id": 4,
        "province_id": 35,
        "population": 4.624,
        "capital": false,
        "port": false,
        "market_center": false,
        "market_level": "regional",
        "market_id": 22,
        "rank": 6,
        "minzoom": 9
      }
    },
    {
      "type": "Feature",
      "geometry": {
        "type": "Point",
        "coordinates": [
          14.59,
          30.11
        ]
      },
      "properties": {
        "id": 325,
        "entity_id": "settlement:325",
        "feature_class": "settlement",
        "name": "Perstable",
        "settlement_type": "Naval",
        "state_id": 19,
        "province_id": 166,
        "population": 9.484,
        "capital": false,
        "port": true,
        "market_center": false,
        "market_level": "international",
        "market_id": 13,
        "rank": 5,
        "minzoom": 7
      }
    },
    {
      "type": "Feature",
      "geometry": {
        "type": "Point",
        "coordinates": [
          8.87,
          31.1
        ]
      },
      "properties": {
        "id": 326,
        "entity_id": "settlement:326",
        "feature_class": "settlement",
        "name": "Berton",
        "settlement_type": "Generic",
        "state_id": 19,
        "province_id": 160,
        "population": 18.977,
        "capital": false,
        "port": false,
        "market_center": false,
        "market_level": "international",
        "market_id": 15,
        "rank": 4,
        "minzoom": 6
      }
    },
    {
      "type": "Feature",
      "geometry": {
        "type": "Point",
        "coordinates": [
          -21.57,
          36.1
        ]
      },
      "properties": {
        "id": 327,
        "entity_id": "settlement:327",
        "feature_class": "settlement",
        "name": "Hvamsund",
        "settlement_type": "Generic",
        "state_id": 2,
        "province_id": 176,
        "population": 4.972,
        "capital": false,
        "port": false,
        "market_center": false,
        "market_level": "local",
        "market_id": 33,
        "rank": 6,
        "minzoom": 9
      }
    },
    {
      "type": "Feature",
      "geometry": {
        "type": "Point",
        "coordinates": [
          14.2,
          30.12
        ]
      },
      "properties": {
        "id": 328,
        "entity_id": "settlement:328",
        "feature_class": "settlement",
        "name": "Portswest",
        "settlement_type": "Generic",
        "state_id": 19,
        "province_id": 158,
        "population": 1.724,
        "capital": false,
        "port": false,
        "market_center": false,
        "market_level": "international",
        "market_id": 13,
        "rank": 6,
        "minzoom": 9
      }
    },
    {
      "type": "Feature",
      "geometry": {
        "type": "Point",
        "coordinates": [
          -17.06,
          23.06
        ]
      },
      "properties": {
        "id": 329,
        "entity_id": "settlement:329",
        "feature_class": "settlement",
        "name": "Bolvi",
        "settlement_type": "Generic",
        "state_id": 6,
        "province_id": 53,
        "population": 1.707,
        "capital": false,
        "port": false,
        "market_center": false,
        "market_level": "international",
        "market_id": 1,
        "rank": 6,
        "minzoom": 9
      }
    },
    {
      "type": "Feature",
      "geometry": {
        "type": "Point",
        "coordinates": [
          6.34,
          26.98
        ]
      },
      "properties": {
        "id": 330,
        "entity_id": "settlement:330",
        "feature_class": "settlement",
        "name": "Kordu",
        "settlement_type": "Naval",
        "state_id": 12,
        "province_id": 101,
        "population": 2.133,
        "capital": false,
        "port": true,
        "market_center": false,
        "market_level": "international",
        "market_id": 20,
        "rank": 6,
        "minzoom": 9
      }
    },
    {
      "type": "Feature",
      "geometry": {
        "type": "Point",
        "coordinates": [
          -15.03,
          22.8
        ]
      },
      "properties": {
        "id": 331,
        "entity_id": "settlement:331",
        "feature_class": "settlement",
        "name": "Todttenlin",
        "settlement_type": "Generic",
        "state_id": 1,
        "province_id": 175,
        "population": 3.408,
        "capital": false,
        "port": false,
        "market_center": false,
        "market_level": "international",
        "market_id": 1,
        "rank": 6,
        "minzoom": 9
      }
    },
    {
      "type": "Feature",
      "geometry": {
        "type": "Point",
        "coordinates": [
          0.58,
          21.94
        ]
      },
      "properties": {
        "id": 333,
        "entity_id": "settlement:333",
        "feature_class": "settlement",
        "name": "Yaltayla",
        "settlement_type": "Naval",
        "state_id": 12,
        "province_id": 103,
        "population": 37.386,
        "capital": false,
        "port": true,
        "market_center": false,
        "market_level": "international",
        "market_id": 16,
        "rank": 3,
        "minzoom": 5
      }
    },
    {
      "type": "Feature",
      "geometry": {
        "type": "Point",
        "coordinates": [
          -6.19,
          28.54
        ]
      },
      "properties": {
        "id": 334,
        "entity_id": "settlement:334",
        "feature_class": "settlement",
        "name": "Koba",
        "settlement_type": "Generic",
        "state_id": 12,
        "province_id": 96,
        "population": 12.039,
        "capital": false,
        "port": false,
        "market_center": false,
        "market_level": "local",
        "market_id": 12,
        "rank": 5,
        "minzoom": 7
      }
    },
    {
      "type": "Feature",
      "geometry": {
        "type": "Point",
        "coordinates": [
          -21.53,
          20.25
        ]
      },
      "properties": {
        "id": 335,
        "entity_id": "settlement:335",
        "feature_class": "settlement",
        "name": "Pospo",
        "settlement_type": "Generic",
        "state_id": 11,
        "province_id": 237,
        "population": 2.689,
        "capital": false,
        "port": false,
        "market_center": false,
        "market_level": "regional",
        "market_id": 10,
        "rank": 6,
        "minzoom": 9
      }
    },
    {
      "type": "Feature",
      "geometry": {
        "type": "Point",
        "coordinates": [
          -6.42,
          11.24
        ]
      },
      "properties": {
        "id": 336,
        "entity_id": "settlement:336",
        "feature_class": "settlement",
        "name": "Milcara",
        "settlement_type": "Generic",
        "state_id": 17,
        "province_id": 152,
        "population": 1.727,
        "capital": false,
        "port": false,
        "market_center": false,
        "market_level": "local",
        "market_id": 29,
        "rank": 6,
        "minzoom": 9
      }
    },
    {
      "type": "Feature",
      "geometry": {
        "type": "Point",
        "coordinates": [
          -6.84,
          36.76
        ]
      },
      "properties": {
        "id": 337,
        "entity_id": "settlement:337",
        "feature_class": "settlement",
        "name": "Klovs",
        "settlement_type": "Naval",
        "state_id": 12,
        "province_id": 100,
        "population": 14.949,
        "capital": false,
        "port": true,
        "market_center": false,
        "market_level": "local",
        "market_id": 23,
        "rank": 5,
        "minzoom": 7
      }
    },
    {
      "type": "Feature",
      "geometry": {
        "type": "Point",
        "coordinates": [
          19.23,
          17.44
        ]
      },
      "properties": {
        "id": 338,
        "entity_id": "settlement:338",
        "feature_class": "settlement",
        "name": "Imbros",
        "settlement_type": "Generic",
        "state_id": 16,
        "province_id": 142,
        "population": 1.859,
        "capital": false,
        "port": false,
        "market_center": false,
        "market_level": "international",
        "market_id": 18,
        "rank": 6,
        "minzoom": 9
      }
    },
    {
      "type": "Feature",
      "geometry": {
        "type": "Point",
        "coordinates": [
          -8.77,
          21.5
        ]
      },
      "properties": {
        "id": 339,
        "entity_id": "settlement:339",
        "feature_class": "settlement",
        "name": "Poyvarlake",
        "settlement_type": "Generic",
        "state_id": 14,
        "province_id": 257,
        "population": 8.448,
        "capital": false,
        "port": false,
        "market_center": false,
        "market_level": "international",
        "market_id": 3,
        "rank": 5,
        "minzoom": 7
      }
    },
    {
      "type": "Feature",
      "geometry": {
        "type": "Point",
        "coordinates": [
          19.27,
          21.14
        ]
      },
      "properties": {
        "id": 340,
        "entity_id": "settlement:340",
        "feature_class": "settlement",
        "name": "Fatesfield",
        "settlement_type": "Generic",
        "state_id": 16,
        "province_id": 143,
        "population": 28.722,
        "capital": false,
        "port": false,
        "market_center": false,
        "market_level": "international",
        "market_id": 18,
        "rank": 3,
        "minzoom": 5
      }
    },
    {
      "type": "Feature",
      "geometry": {
        "type": "Point",
        "coordinates": [
          24.89,
          27.11
        ]
      },
      "properties": {
        "id": 341,
        "entity_id": "settlement:341",
        "feature_class": "settlement",
        "name": "Dunsterford",
        "settlement_type": "Generic",
        "state_id": 7,
        "province_id": 63,
        "population": 22.016,
        "capital": false,
        "port": false,
        "market_center": false,
        "market_level": "international",
        "market_id": 6,
        "rank": 4,
        "minzoom": 6
      }
    },
    {
      "type": "Feature",
      "geometry": {
        "type": "Point",
        "coordinates": [
          -25.86,
          23.37
        ]
      },
      "properties": {
        "id": 342,
        "entity_id": "settlement:342",
        "feature_class": "settlement",
        "name": "Timancheauzo",
        "settlement_type": "Naval",
        "state_id": 13,
        "province_id": 119,
        "population": 4.511,
        "capital": false,
        "port": true,
        "market_center": false,
        "market_level": "local",
        "market_id": 27,
        "rank": 6,
        "minzoom": 9
      }
    },
    {
      "type": "Feature",
      "geometry": {
        "type": "Point",
        "coordinates": [
          0.0,
          18.64
        ]
      },
      "properties": {
        "id": 343,
        "entity_id": "settlement:343",
        "feature_class": "settlement",
        "name": "Dovakardu",
        "settlement_type": "Lake",
        "state_id": 14,
        "province_id": 258,
        "population": 17.11,
        "capital": false,
        "port": false,
        "market_center": false,
        "market_level": "international",
        "market_id": 3,
        "rank": 4,
        "minzoom": 6
      }
    },
    {
      "type": "Feature",
      "geometry": {
        "type": "Point",
        "coordinates": [
          -4.53,
          35.54
        ]
      },
      "properties": {
        "id": 344,
        "entity_id": "settlement:344",
        "feature_class": "settlement",
        "name": "Abeynak",
        "settlement_type": "River",
        "state_id": 12,
        "province_id": 114,
        "population": 9.569,
        "capital": false,
        "port": false,
        "market_center": false,
        "market_level": "regional",
        "market_id": 14,
        "rank": 5,
        "minzoom": 7
      }
    },
    {
      "type": "Feature",
      "geometry": {
        "type": "Point",
        "coordinates": [
          -22.27,
          16.63
        ]
      },
      "properties": {
        "id": 345,
        "entity_id": "settlement:345",
        "feature_class": "settlement",
        "name": "Colina",
        "settlement_type": "Naval",
        "state_id": 6,
        "province_id": 58,
        "population": 1.953,
        "capital": false,
        "port": true,
        "market_center": false,
        "market_level": "major",
        "market_id": 30,
        "rank": 6,
        "minzoom": 9
      }
    },
    {
      "type": "Feature",
      "geometry": {
        "type": "Point",
        "coordinates": [
          -6.06,
          38.15
        ]
      },
      "properties": {
        "id": 346,
        "entity_id": "settlement:346",
        "feature_class": "settlement",
        "name": "Lovakapemi",
        "settlement_type": "Naval",
        "state_id": 12,
        "province_id": 97,
        "population": 8.064,
        "capital": false,
        "port": true,
        "market_center": false,
        "market_level": "local",
        "market_id": 23,
        "rank": 5,
        "minzoom": 7
      }
    },
    {
      "type": "Feature",
      "geometry": {
        "type": "Point",
        "coordinates": [
          18.77,
          30.01
        ]
      },
      "properties": {
        "id": 347,
        "entity_id": "settlement:347",
        "feature_class": "settlement",
        "name": "Vogoshichi",
        "settlement_type": "Generic",
        "state_id": 5,
        "province_id": 41,
        "population": 27.353,
        "capital": false,
        "port": false,
        "market_center": false,
        "market_level": "international",
        "market_id": 25,
        "rank": 3,
        "minzoom": 5
      }
    },
    {
      "type": "Feature",
      "geometry": {
        "type": "Point",
        "coordinates": [
          -19.71,
          26.65
        ]
      },
      "properties": {
        "id": 348,
        "entity_id": "settlement:348",
        "feature_class": "settlement",
        "name": "Vantignelly",
        "settlement_type": "Generic",
        "state_id": 2,
        "province_id": 178,
        "population": 1.58,
        "capital": false,
        "port": false,
        "market_center": false,
        "market_level": "international",
        "market_id": 5,
        "rank": 6,
        "minzoom": 9
      }
    },
    {
      "type": "Feature",
      "geometry": {
        "type": "Point",
        "coordinates": [
          -26.22,
          27.38
        ]
      },
      "properties": {
        "id": 349,
        "entity_id": "settlement:349",
        "feature_class": "settlement",
        "name": "Dampiergis",
        "settlement_type": "Generic",
        "state_id": 2,
        "province_id": 18,
        "population": 19.678,
        "capital": false,
        "port": false,
        "market_center": true,
        "market_level": "local",
        "market_id": 24,
        "rank": 4,
        "minzoom": 6
      }
    },
    {
      "type": "Feature",
      "geometry": {
        "type": "Point",
        "coordinates": [
          21.96,
          26.34
        ]
      },
      "properties": {
        "id": 350,
        "entity_id": "settlement:350",
        "feature_class": "settlement",
        "name": "Skiptonbury",
        "settlement_type": "Naval",
        "state_id": 7,
        "province_id": 67,
        "population": 5.141,
        "capital": false,
        "port": true,
        "market_center": false,
        "market_level": "international",
        "market_id": 6,
        "rank": 6,
        "minzoom": 9
      }
    },
    {
      "type": "Feature",
      "geometry": {
        "type": "Point",
        "coordinates": [
          -9.26,
          15.87
        ]
      },
      "properties": {
        "id": 351,
        "entity_id": "settlement:351",
        "feature_class": "settlement",
        "name": "Setivias",
        "settlement_type": "Generic",
        "state_id": 15,
        "province_id": 134,
        "population": 2.294,
        "capital": false,
        "port": false,
        "market_center": false,
        "market_level": "international",
        "market_id": 2,
        "rank": 6,
        "minzoom": 9
      }
    },
    {
      "type": "Feature",
      "geometry": {
        "type": "Point",
        "coordinates": [
          -9.95,
          17.33
        ]
      },
      "properties": {
        "id": 352,
        "entity_id": "settlement:352",
        "feature_class": "settlement",
        "name": "Solias",
        "settlement_type": "Generic",
        "state_id": 15,
        "province_id": 132,
        "population": 5.372,
        "capital": false,
        "port": false,
        "market_center": false,
        "market_level": "international",
        "market_id": 2,
        "rank": 6,
        "minzoom": 9
      }
    },
    {
      "type": "Feature",
      "geometry": {
        "type": "Point",
        "coordinates": [
          -8.72,
          22.67
        ]
      },
      "properties": {
        "id": 353,
        "entity_id": "settlement:353",
        "feature_class": "settlement",
        "name": "Yazteliko",
        "settlement_type": "Generic",
        "state_id": 14,
        "province_id": 257,
        "population": 2.394,
        "capital": false,
        "port": false,
        "market_center": false,
        "market_level": "international",
        "market_id": 3,
        "rank": 6,
        "minzoom": 9
      }
    },
    {
      "type": "Feature",
      "geometry": {
        "type": "Point",
        "coordinates": [
          -9.86,
          22.97
        ]
      },
      "properties": {
        "id": 354,
        "entity_id": "settlement:354",
        "feature_class": "settlement",
        "name": "Horstad",
        "settlement_type": "Generic",
        "state_id": 1,
        "province_id": 3,
        "population": 5.577,
        "capital": false,
        "port": false,
        "market_center": false,
        "market_level": "international",
        "market_id": 3,
        "rank": 6,
        "minzoom": 9
      }
    },
    {
      "type": "Feature",
      "geometry": {
        "type": "Point",
        "coordinates": [
          -10.49,
          22.7
        ]
      },
      "properties": {
        "id": 355,
        "entity_id": "settlement:355",
        "feature_class": "settlement",
        "name": "Sasterwihl",
        "settlement_type": "Generic",
        "state_id": 1,
        "province_id": 4,
        "population": 1.788,
        "capital": false,
        "port": false,
        "market_center": false,
        "market_level": "international",
        "market_id": 2,
        "rank": 6,
        "minzoom": 9
      }
    },
    {
      "type": "Feature",
      "geometry": {
        "type": "Point",
        "coordinates": [
          -8.99,
          36.71
        ]
      },
      "properties": {
        "id": 356,
        "entity_id": "settlement:356",
        "feature_class": "settlement",
        "name": "Silja",
        "settlement_type": "Naval",
        "state_id": 10,
        "province_id": 84,
        "population": 21.848,
        "capital": false,
        "port": true,
        "market_center": true,
        "market_level": "local",
        "market_id": 23,
        "rank": 4,
        "minzoom": 6
      }
    },
    {
      "type": "Feature",
      "geometry": {
        "type": "Point",
        "coordinates": [
          9.12,
          33.59
        ]
      },
      "properties": {
        "id": 357,
        "entity_id": "settlement:357",
        "feature_class": "settlement",
        "name": "Dungay",
        "settlement_type": "Naval",
        "state_id": 19,
        "province_id": 159,
        "population": 11.159,
        "capital": false,
        "port": true,
        "market_center": false,
        "market_level": "international",
        "market_id": 15,
        "rank": 5,
        "minzoom": 7
      }
    },
    {
      "type": "Feature",
      "geometry": {
        "type": "Point",
        "coordinates": [
          -1.57,
          23.56
        ]
      },
      "properties": {
        "id": 358,
        "entity_id": "settlement:358",
        "feature_class": "settlement",
        "name": "Erdura",
        "settlement_type": "Generic",
        "state_id": 12,
        "province_id": 113,
        "population": 18.052,
        "capital": false,
        "port": false,
        "market_center": false,
        "market_level": "international",
        "market_id": 16,
        "rank": 4,
        "minzoom": 6
      }
    },
    {
      "type": "Feature",
      "geometry": {
        "type": "Point",
        "coordinates": [
          10.95,
          30.66
        ]
      },
      "properties": {
        "id": 359,
        "entity_id": "settlement:359",
        "feature_class": "settlement",
        "name": "Kindal",
        "settlement_type": "Generic",
        "state_id": 19,
        "province_id": 162,
        "population": 2.653,
        "capital": false,
        "port": false,
        "market_center": false,
        "market_level": "international",
        "market_id": 15,
        "rank": 6,
        "minzoom": 9
      }
    },
    {
      "type": "Feature",
      "geometry": {
        "type": "Point",
        "coordinates": [
          -15.89,
          24.22
        ]
      },
      "properties": {
        "id": 360,
        "entity_id": "settlement:360",
        "feature_class": "settlement",
        "name": "Laufenwei",
        "settlement_type": "Generic",
        "state_id": 9,
        "province_id": 78,
        "population": 6.671,
        "capital": false,
        "port": false,
        "market_center": false,
        "market_level": "international",
        "market_id": 1,
        "rank": 6,
        "minzoom": 9
      }
    },
    {
      "type": "Feature",
      "geometry": {
        "type": "Point",
        "coordinates": [
          -6.56,
          19.23
        ]
      },
      "properties": {
        "id": 361,
        "entity_id": "settlement:361",
        "feature_class": "settlement",
        "name": "Alte",
        "settlement_type": "Generic",
        "state_id": 14,
        "province_id": 125,
        "population": 18.526,
        "capital": false,
        "port": false,
        "market_center": false,
        "market_level": "international",
        "market_id": 3,
        "rank": 4,
        "minzoom": 6
      }
    },
    {
      "type": "Feature",
      "geometry": {
        "type": "Point",
        "coordinates": [
          16.37,
          12.97
        ]
      },
      "properties": {
        "id": 362,
        "entity_id": "settlement:362",
        "feature_class": "settlement",
        "name": "Zubarratzun",
        "settlement_type": "Naval",
        "state_id": 4,
        "province_id": 199,
        "population": 19.917,
        "capital": false,
        "port": true,
        "market_center": false,
        "market_level": "local",
        "market_id": 34,
        "rank": 4,
        "minzoom": 6
      }
    },
    {
      "type": "Feature",
      "geometry": {
        "type": "Point",
        "coordinates": [
          -25.48,
          27.47
        ]
      },
      "properties": {
        "id": 363,
        "entity_id": "settlement:363",
        "feature_class": "settlement",
        "name": "Sances",
        "settlement_type": "Generic",
        "state_id": 2,
        "province_id": 18,
        "population": 2.635,
        "capital": false,
        "port": false,
        "market_center": false,
        "market_level": "local",
        "market_id": 24,
        "rank": 6,
        "minzoom": 9
      }
    },
    {
      "type": "Feature",
      "geometry": {
        "type": "Point",
        "coordinates": [
          17.62,
          30.35
        ]
      },
      "properties": {
        "id": 364,
        "entity_id": "settlement:364",
        "feature_class": "settlement",
        "name": "Chegonok",
        "settlement_type": "Generic",
        "state_id": 5,
        "province_id": 43,
        "population": 26.94,
        "capital": false,
        "port": false,
        "market_center": false,
        "market_level": "international",
        "market_id": 25,
        "rank": 3,
        "minzoom": 5
      }
    },
    {
      "type": "Feature",
      "geometry": {
        "type": "Point",
        "coordinates": [
          -22.27,
          20.98
        ]
      },
      "properties": {
        "id": 365,
        "entity_id": "settlement:365",
        "feature_class": "settlement",
        "name": "Oneparzo",
        "settlement_type": "Generic",
        "state_id": 11,
        "province_id": 86,
        "population": 2.566,
        "capital": false,
        "port": false,
        "market_center": false,
        "market_level": "regional",
        "market_id": 10,
        "rank": 6,
        "minzoom": 9
      }
    },
    {
      "type": "Feature",
      "geometry": {
        "type": "Point",
        "coordinates": [
          8.2,
          19.95
        ]
      },
      "properties": {
        "id": 366,
        "entity_id": "settlement:366",
        "feature_class": "settlement",
        "name": "Aten",
        "settlement_type": "Generic",
        "state_id": 3,
        "province_id": 19,
        "population": 2.774,
        "capital": false,
        "port": false,
        "market_center": false,
        "market_level": "major",
        "market_id": 11,
        "rank": 6,
        "minzoom": 9
      }
    },
    {
      "type": "Feature",
      "geometry": {
        "type": "Point",
        "coordinates": [
          -22.86,
          26.07
        ]
      },
      "properties": {
        "id": 367,
        "entity_id": "settlement:367",
        "feature_class": "settlement",
        "name": "Marquilles",
        "settlement_type": "Generic",
        "state_id": 2,
        "province_id": 12,
        "population": 25.987,
        "capital": false,
        "port": false,
        "market_center": false,
        "market_level": "local",
        "market_id": 24,
        "rank": 4,
        "minzoom": 6
      }
    },
    {
      "type": "Feature",
      "geometry": {
        "type": "Point",
        "coordinates": [
          -16.58,
          20.37
        ]
      },
      "properties": {
        "id": 368,
        "entity_id": "settlement:368",
        "feature_class": "settlement",
        "name": "Serdemka",
        "settlement_type": "Generic",
        "state_id": 6,
        "province_id": 209,
        "population": 1.277,
        "capital": false,
        "port": false,
        "market_center": false,
        "market_level": "international",
        "market_id": 1,
        "rank": 6,
        "minzoom": 9
      }
    },
    {
      "type": "Feature",
      "geometry": {
        "type": "Point",
        "coordinates": [
          -12.39,
          22.02
        ]
      },
      "properties": {
        "id": 369,
        "entity_id": "settlement:369",
        "feature_class": "settlement",
        "name": "Opengenzen",
        "settlement_type": "Generic",
        "state_id": 1,
        "province_id": 1,
        "population": 28.503,
        "capital": false,
        "port": false,
        "market_center": false,
        "market_level": "international",
        "market_id": 2,
        "rank": 3,
        "minzoom": 5
      }
    },
    {
      "type": "Feature",
      "geometry": {
        "type": "Point",
        "coordinates": [
          6.77,
          21.66
        ]
      },
      "properties": {
        "id": 370,
        "entity_id": "settlement:370",
        "feature_class": "settlement",
        "name": "Braberctare",
        "settlement_type": "Generic",
        "state_id": 3,
        "province_id": 30,
        "population": 13.836,
        "capital": false,
        "port": false,
        "market_center": false,
        "market_level": "major",
        "market_id": 28,
        "rank": 5,
        "minzoom": 7
      }
    },
    {
      "type": "Feature",
      "geometry": {
        "type": "Point",
        "coordinates": [
          -3.52,
          21.04
        ]
      },
      "properties": {
        "id": 371,
        "entity_id": "settlement:371",
        "feature_class": "settlement",
        "name": "Atarnura",
        "settlement_type": "Hunting",
        "state_id": 14,
        "province_id": 256,
        "population": 20.983,
        "capital": false,
        "port": false,
        "market_center": false,
        "market_level": "international",
        "market_id": 3,
        "rank": 4,
        "minzoom": 6
      }
    },
    {
      "type": "Feature",
      "geometry": {
        "type": "Point",
        "coordinates": [
          27.23,
          25.74
        ]
      },
      "properties": {
        "id": 372,
        "entity_id": "settlement:372",
        "feature_class": "settlement",
        "name": "Shifton",
        "settlement_type": "Generic",
        "state_id": 7,
        "province_id": 216,
        "population": 27.269,
        "capital": false,
        "port": false,
        "market_center": true,
        "market_level": "local",
        "market_id": 21,
        "rank": 3,
        "minzoom": 5
      }
    },
    {
      "type": "Feature",
      "geometry": {
        "type": "Point",
        "coordinates": [
          21.87,
          21.75
        ]
      },
      "properties": {
        "id": 373,
        "entity_id": "settlement:373",
        "feature_class": "settlement",
        "name": "Chios",
        "settlement_type": "Generic",
        "state_id": 16,
        "province_id": 271,
        "population": 2.806,
        "capital": false,
        "port": false,
        "market_center": false,
        "market_level": "international",
        "market_id": 18,
        "rank": 6,
        "minzoom": 9
      }
    },
    {
      "type": "Feature",
      "geometry": {
        "type": "Point",
        "coordinates": [
          -25.21,
          22.87
        ]
      },
      "properties": {
        "id": 374,
        "entity_id": "settlement:374",
        "feature_class": "settlement",
        "name": "Villesmonts",
        "settlement_type": "Lake",
        "state_id": 13,
        "province_id": 119,
        "population": 10.551,
        "capital": false,
        "port": false,
        "market_center": false,
        "market_level": "local",
        "market_id": 27,
        "rank": 5,
        "minzoom": 7
      }
    },
    {
      "type": "Feature",
      "geometry": {
        "type": "Point",
        "coordinates": [
          -19.62,
          20.65
        ]
      },
      "properties": {
        "id": 375,
        "entity_id": "settlement:375",
        "feature_class": "settlement",
        "name": "Fonta",
        "settlement_type": "Generic",
        "state_id": 6,
        "province_id": 52,
        "population": 28.235,
        "capital": false,
        "port": false,
        "market_center": false,
        "market_level": "international",
        "market_id": 1,
        "rank": 3,
        "minzoom": 5
      }
    },
    {
      "type": "Feature",
      "geometry": {
        "type": "Point",
        "coordinates": [
          20.2,
          31.15
        ]
      },
      "properties": {
        "id": 376,
        "entity_id": "settlement:376",
        "feature_class": "settlement",
        "name": "Charton",
        "settlement_type": "Generic",
        "state_id": 5,
        "province_id": 45,
        "population": 2.982,
        "capital": false,
        "port": false,
        "market_center": false,
        "market_level": "international",
        "market_id": 25,
        "rank": 6,
        "minzoom": 9
      }
    },
    {
      "type": "Feature",
      "geometry": {
        "type": "Point",
        "coordinates": [
          -24.65,
          22.74
        ]
      },
      "properties": {
        "id": 377,
        "entity_id": "settlement:377",
        "feature_class": "settlement",
        "name": "Cormontene",
        "settlement_type": "Generic",
        "state_id": 13,
        "province_id": 253,
        "population": 9.769,
        "capital": false,
        "port": false,
        "market_center": false,
        "market_level": "local",
        "market_id": 27,
        "rank": 5,
        "minzoom": 7
      }
    },
    {
      "type": "Feature",
      "geometry": {
        "type": "Point",
        "coordinates": [
          -1.83,
          32.6
        ]
      },
      "properties": {
        "id": 378,
        "entity_id": "settlement:378",
        "feature_class": "settlement",
        "name": "Yeneri",
        "settlement_type": "Naval",
        "state_id": 12,
        "province_id": 112,
        "population": 23.96,
        "capital": false,
        "port": true,
        "market_center": false,
        "market_level": "international",
        "market_id": 19,
        "rank": 4,
        "minzoom": 6
      }
    },
    {
      "type": "Feature",
      "geometry": {
        "type": "Point",
        "coordinates": [
          22.31,
          26.21
        ]
      },
      "properties": {
        "id": 379,
        "entity_id": "settlement:379",
        "feature_class": "settlement",
        "name": "Bothe",
        "settlement_type": "Lake",
        "state_id": 7,
        "province_id": 67,
        "population": 2.104,
        "capital": false,
        "port": false,
        "market_center": false,
        "market_level": "international",
        "market_id": 6,
        "rank": 6,
        "minzoom": 9
      }
    },
    {
      "type": "Feature",
      "geometry": {
        "type": "Point",
        "coordinates": [
          -20.67,
          20.23
        ]
      },
      "properties": {
        "id": 380,
        "entity_id": "settlement:380",
        "feature_class": "settlement",
        "name": "Songa",
        "settlement_type": "Generic",
        "state_id": 11,
        "province_id": 237,
        "population": 11.156,
        "capital": false,
        "port": false,
        "market_center": false,
        "market_level": "regional",
        "market_id": 10,
        "rank": 5,
        "minzoom": 7
      }
    },
    {
      "type": "Feature",
      "geometry": {
        "type": "Point",
        "coordinates": [
          -22.5,
          21.98
        ]
      },
      "properties": {
        "id": 381,
        "entity_id": "settlement:381",
        "feature_class": "settlement",
        "name": "Nozoy",
        "settlement_type": "Generic",
        "state_id": 11,
        "province_id": 86,
        "population": 1.817,
        "capital": false,
        "port": false,
        "market_center": false,
        "market_level": "regional",
        "market_id": 10,
        "rank": 6,
        "minzoom": 9
      }
    },
    {
      "type": "Feature",
      "geometry": {
        "type": "Point",
        "coordinates": [
          14.62,
          30.27
        ]
      },
      "properties": {
        "id": 382,
        "entity_id": "settlement:382",
        "feature_class": "settlement",
        "name": "Nostowces",
        "settlement_type": "Generic",
        "state_id": 19,
        "province_id": 166,
        "population": 17.771,
        "capital": false,
        "port": false,
        "market_center": false,
        "market_level": "international",
        "market_id": 13,
        "rank": 4,
        "minzoom": 6
      }
    },
    {
      "type": "Feature",
      "geometry": {
        "type": "Point",
        "coordinates": [
          18.63,
          16.07
        ]
      },
      "properties": {
        "id": 383,
        "entity_id": "settlement:383",
        "feature_class": "settlement",
        "name": "Laion",
        "settlement_type": "Naval",
        "state_id": 16,
        "province_id": 137,
        "population": 11.528,
        "capital": false,
        "port": true,
        "market_center": false,
        "market_level": "international",
        "market_id": 18,
        "rank": 5,
        "minzoom": 7
      }
    },
    {
      "type": "Feature",
      "geometry": {
        "type": "Point",
        "coordinates": [
          4.64,
          20.99
        ]
      },
      "properties": {
        "id": 384,
        "entity_id": "settlement:384",
        "feature_class": "settlement",
        "name": "Nans",
        "settlement_type": "Generic",
        "state_id": 3,
        "province_id": 29,
        "population": 1.82,
        "capital": false,
        "port": false,
        "market_center": false,
        "market_level": "major",
        "market_id": 28,
        "rank": 6,
        "minzoom": 9
      }
    },
    {
      "type": "Feature",
      "geometry": {
        "type": "Point",
        "coordinates": [
          -5.5,
          37.67
        ]
      },
      "properties": {
        "id": 385,
        "entity_id": "settlement:385",
        "feature_class": "settlement",
        "name": "Kuranjole",
        "settlement_type": "Naval",
        "state_id": 12,
        "province_id": 97,
        "population": 4.376,
        "capital": false,
        "port": true,
        "market_center": false,
        "market_level": "regional",
        "market_id": 14,
        "rank": 6,
        "minzoom": 9
      }
    },
    {
      "type": "Feature",
      "geometry": {
        "type": "Point",
        "coordinates": [
          6.85,
          31.17
        ]
      },
      "properties": {
        "id": 386,
        "entity_id": "settlement:386",
        "feature_class": "settlement",
        "name": "Alteki",
        "settlement_type": "Generic",
        "state_id": 19,
        "province_id": 171,
        "population": 1.782,
        "capital": false,
        "port": false,
        "market_center": false,
        "market_level": "international",
        "market_id": 15,
        "rank": 6,
        "minzoom": 9
      }
    },
    {
      "type": "Feature",
      "geometry": {
        "type": "Point",
        "coordinates": [
          -22.12,
          26.68
        ]
      },
      "properties": {
        "id": 387,
        "entity_id": "settlement:387",
        "feature_class": "settlement",
        "name": "Bonnes",
        "settlement_type": "Generic",
        "state_id": 2,
        "province_id": 11,
        "population": 1.835,
        "capital": false,
        "port": false,
        "market_center": false,
        "market_level": "international",
        "market_id": 5,
        "rank": 6,
        "minzoom": 9
      }
    },
    {
      "type": "Feature",
      "geometry": {
        "type": "Point",
        "coordinates": [
          14.53,
          24.9
        ]
      },
      "properties": {
        "id": 388,
        "entity_id": "settlement:388",
        "feature_class": "settlement",
        "name": "Ozyoltayli",
        "settlement_type": "Generic",
        "state_id": 4,
        "province_id": 35,
        "population": 18.845,
        "capital": false,
        "port": false,
        "market_center": false,
        "market_level": "regional",
        "market_id": 22,
        "rank": 4,
        "minzoom": 6
      }
    },
    {
      "type": "Feature",
      "geometry": {
        "type": "Point",
        "coordinates": [
          -22.11,
          21.94
        ]
      },
      "properties": {
        "id": 389,
        "entity_id": "settlement:389",
        "feature_class": "settlement",
        "name": "Vinate",
        "settlement_type": "Generic",
        "state_id": 11,
        "province_id": 86,
        "population": 7.948,
        "capital": false,
        "port": false,
        "market_center": false,
        "market_level": "regional",
        "market_id": 10,
        "rank": 5,
        "minzoom": 7
      }
    },
    {
      "type": "Feature",
      "geometry": {
        "type": "Point",
        "coordinates": [
          -16.73,
          17.95
        ]
      },
      "properties": {
        "id": 390,
        "entity_id": "settlement:390",
        "feature_class": "settlement",
        "name": "Grotrolano",
        "settlement_type": "Generic",
        "state_id": 17,
        "province_id": 149,
        "population": 34.137,
        "capital": false,
        "port": false,
        "market_center": false,
        "market_level": "international",
        "market_id": 1,
        "rank": 3,
        "minzoom": 5
      }
    },
    {
      "type": "Feature",
      "geometry": {
        "type": "Point",
        "coordinates": [
          4.46,
          32.34
        ]
      },
      "properties": {
        "id": 391,
        "entity_id": "settlement:391",
        "feature_class": "settlement",
        "name": "Aslanka",
        "settlement_type": "Generic",
        "state_id": 12,
        "province_id": 106,
        "population": 14.813,
        "capital": false,
        "port": false,
        "market_center": false,
        "market_level": "international",
        "market_id": 20,
        "rank": 5,
        "minzoom": 7
      }
    },
    {
      "type": "Feature",
      "geometry": {
        "type": "Point",
        "coordinates": [
          5.24,
          21.46
        ]
      },
      "properties": {
        "id": 392,
        "entity_id": "settlement:392",
        "feature_class": "settlement",
        "name": "Cambhirery",
        "settlement_type": "Generic",
        "state_id": 3,
        "province_id": 29,
        "population": 2.648,
        "capital": false,
        "port": false,
        "market_center": false,
        "market_level": "major",
        "market_id": 28,
        "rank": 6,
        "minzoom": 9
      }
    },
    {
      "type": "Feature",
      "geometry": {
        "type": "Point",
        "coordinates": [
          -7.04,
          17.75
        ]
      },
      "properties": {
        "id": 393,
        "entity_id": "settlement:393",
        "feature_class": "settlement",
        "name": "Moncocendi",
        "settlement_type": "Generic",
        "state_id": 14,
        "province_id": 124,
        "population": 19.592,
        "capital": false,
        "port": false,
        "market_center": false,
        "market_level": "international",
        "market_id": 3,
        "rank": 4,
        "minzoom": 6
      }
    },
    {
      "type": "Feature",
      "geometry": {
        "type": "Point",
        "coordinates": [
          -6.74,
          12.91
        ]
      },
      "properties": {
        "id": 394,
        "entity_id": "settlement:394",
        "feature_class": "settlement",
        "name": "Parrerana",
        "settlement_type": "Generic",
        "state_id": 17,
        "province_id": 152,
        "population": 1.514,
        "capital": false,
        "port": false,
        "market_center": false,
        "market_level": "local",
        "market_id": 29,
        "rank": 6,
        "minzoom": 9
      }
    },
    {
      "type": "Feature",
      "geometry": {
        "type": "Point",
        "coordinates": [
          16.0,
          17.97
        ]
      },
      "properties": {
        "id": 395,
        "entity_id": "settlement:395",
        "feature_class": "settlement",
        "name": "Duro",
        "settlement_type": "Generic",
        "state_id": 4,
        "province_id": 37,
        "population": 38.444,
        "capital": false,
        "port": false,
        "market_center": false,
        "market_level": "regional",
        "market_id": 4,
        "rank": 3,
        "minzoom": 5
      }
    },
    {
      "type": "Feature",
      "geometry": {
        "type": "Point",
        "coordinates": [
          -3.61,
          20.34
        ]
      },
      "properties": {
        "id": 396,
        "entity_id": "settlement:396",
        "feature_class": "settlement",
        "name": "Yaberinka",
        "settlement_type": "Naval",
        "state_id": 14,
        "province_id": 130,
        "population": 13.092,
        "capital": false,
        "port": true,
        "market_center": false,
        "market_level": "international",
        "market_id": 3,
        "rank": 5,
        "minzoom": 7
      }
    },
    {
      "type": "Feature",
      "geometry": {
        "type": "Point",
        "coordinates": [
          22.68,
          22.11
        ]
      },
      "properties": {
        "id": 397,
        "entity_id": "settlement:397",
        "feature_class": "settlement",
        "name": "Helsted",
        "settlement_type": "Generic",
        "state_id": 7,
        "province_id": 217,
        "population": 0.577,
        "capital": false,
        "port": false,
        "market_center": false,
        "market_level": "international",
        "market_id": 6,
        "rank": 6,
        "minzoom": 9
      }
    },
    {
      "type": "Feature",
      "geometry": {
        "type": "Point",
        "coordinates": [
          4.13,
          33.09
        ]
      },
      "properties": {
        "id": 398,
        "entity_id": "settlement:398",
        "feature_class": "settlement",
        "name": "Aboyvarbey",
        "settlement_type": "Generic",
        "state_id": 12,
        "province_id": 94,
        "population": 17.049,
        "capital": false,
        "port": false,
        "market_center": false,
        "market_level": "international",
        "market_id": 20,
        "rank": 4,
        "minzoom": 6
      }
    },
    {
      "type": "Feature",
      "geometry": {
        "type": "Point",
        "coordinates": [
          -13.01,
          19.36
        ]
      },
      "properties": {
        "id": 399,
        "entity_id": "settlement:399",
        "feature_class": "settlement",
        "name": "Binka",
        "settlement_type": "Naval",
        "state_id": 17,
        "province_id": 147,
        "population": 3.664,
        "capital": false,
        "port": true,
        "market_center": false,
        "market_level": "international",
        "market_id": 2,
        "rank": 6,
        "minzoom": 9
      }
    },
    {
      "type": "Feature",
      "geometry": {
        "type": "Point",
        "coordinates": [
          -19.89,
          20.26
        ]
      },
      "properties": {
        "id": 400,
        "entity_id": "settlement:400",
        "feature_class": "settlement",
        "name": "Margo",
        "settlement_type": "Generic",
        "state_id": 6,
        "province_id": 52,
        "population": 2.66,
        "capital": false,
        "port": false,
        "market_center": false,
        "market_level": "international",
        "market_id": 1,
        "rank": 6,
        "minzoom": 9
      }
    },
    {
      "type": "Feature",
      "geometry": {
        "type": "Point",
        "coordinates": [
          -10.41,
          25.94
        ]
      },
      "properties": {
        "id": 401,
        "entity_id": "settlement:401",
        "feature_class": "settlement",
        "name": "Eiler",
        "settlement_type": "Naval",
        "state_id": 8,
        "province_id": 74,
        "population": 4.116,
        "capital": false,
        "port": true,
        "market_center": false,
        "market_level": "international",
        "market_id": 7,
        "rank": 6,
        "minzoom": 9
      }
    },
    {
      "type": "Feature",
      "geometry": {
        "type": "Point",
        "coordinates": [
          -4.93,
          34.18
        ]
      },
      "properties": {
        "id": 402,
        "entity_id": "settlement:402",
        "feature_class": "settlement",
        "name": "Erkanesen",
        "settlement_type": "Generic",
        "state_id": 12,
        "province_id": 102,
        "population": 5.751,
        "capital": false,
        "port": false,
        "market_center": false,
        "market_level": "international",
        "market_id": 19,
        "rank": 6,
        "minzoom": 9
      }
    },
    {
      "type": "Feature",
      "geometry": {
        "type": "Point",
        "coordinates": [
          -24.04,
          26.43
        ]
      },
      "properties": {
        "id": 403,
        "entity_id": "settlement:403",
        "feature_class": "settlement",
        "name": "Chuelle",
        "settlement_type": "Generic",
        "state_id": 2,
        "province_id": 180,
        "population": 16.329,
        "capital": false,
        "port": false,
        "market_center": false,
        "market_level": "local",
        "market_id": 24,
        "rank": 5,
        "minzoom": 7
      }
    },
    {
      "type": "Feature",
      "geometry": {
        "type": "Point",
        "coordinates": [
          19.61,
          24.91
        ]
      },
      "properties": {
        "id": 404,
        "entity_id": "settlement:404",
        "feature_class": "settlement",
        "name": "Cleoleshole",
        "settlement_type": "Generic",
        "state_id": 7,
        "province_id": 66,
        "population": 11.272,
        "capital": false,
        "port": false,
        "market_center": false,
        "market_level": "international",
        "market_id": 6,
        "rank": 5,
        "minzoom": 7
      }
    },
    {
      "type": "Feature",
      "geometry": {
        "type": "Point",
        "coordinates": [
          15.81,
          17.11
        ]
      },
      "properties": {
        "id": 405,
        "entity_id": "settlement:405",
        "feature_class": "settlement",
        "name": "Ectoduma",
        "settlement_type": "Generic",
        "state_id": 4,
        "province_id": 37,
        "population": 2.579,
        "capital": false,
        "port": false,
        "market_center": false,
        "market_level": "regional",
        "market_id": 4,
        "rank": 6,
        "minzoom": 9
      }
    },
    {
      "type": "Feature",
      "geometry": {
        "type": "Point",
        "coordinates": [
          -21.11,
          30.27
        ]
      },
      "properties": {
        "id": 406,
        "entity_id": "settlement:406",
        "feature_class": "settlement",
        "name": "Aunesardon",
        "settlement_type": "Naval",
        "state_id": 2,
        "province_id": 8,
        "population": 49.298,
        "capital": false,
        "port": true,
        "market_center": true,
        "market_level": "international",
        "market_id": 5,
        "rank": 2,
        "minzoom": 4
      }
    },
    {
      "type": "Feature",
      "geometry": {
        "type": "Point",
        "coordinates": [
          15.74,
          18.41
        ]
      },
      "properties": {
        "id": 408,
        "entity_id": "settlement:408",
        "feature_class": "settlement",
        "name": "Ariga",
        "settlement_type": "Generic",
        "state_id": 4,
        "province_id": 197,
        "population": 1.484,
        "capital": false,
        "port": false,
        "market_center": false,
        "market_level": "regional",
        "market_id": 4,
        "rank": 6,
        "minzoom": 9
      }
    },
    {
      "type": "Feature",
      "geometry": {
        "type": "Point",
        "coordinates": [
          14.94,
          18.96
        ]
      },
      "properties": {
        "id": 409,
        "entity_id": "settlement:409",
        "feature_class": "settlement",
        "name": "Brilorcasth",
        "settlement_type": "Generic",
        "state_id": 4,
        "province_id": 31,
        "population": 3.797,
        "capital": false,
        "port": false,
        "market_center": false,
        "market_level": "regional",
        "market_id": 4,
        "rank": 6,
        "minzoom": 9
      }
    },
    {
      "type": "Feature",
      "geometry": {
        "type": "Point",
        "coordinates": [
          20.04,
          25.92
        ]
      },
      "properties": {
        "id": 410,
        "entity_id": "settlement:410",
        "feature_class": "settlement",
        "name": "Miltonces",
        "settlement_type": "Generic",
        "state_id": 7,
        "province_id": 61,
        "population": 18.152,
        "capital": false,
        "port": false,
        "market_center": false,
        "market_level": "international",
        "market_id": 6,
        "rank": 4,
        "minzoom": 6
      }
    },
    {
      "type": "Feature",
      "geometry": {
        "type": "Point",
        "coordinates": [
          9.34,
          22.28
        ]
      },
      "properties": {
        "id": 411,
        "entity_id": "settlement:411",
        "feature_class": "settlement",
        "name": "Uiganthin",
        "settlement_type": "Generic",
        "state_id": 3,
        "province_id": 25,
        "population": 2.541,
        "capital": false,
        "port": false,
        "market_center": false,
        "market_level": "major",
        "market_id": 11,
        "rank": 6,
        "minzoom": 9
      }
    },
    {
      "type": "Feature",
      "geometry": {
        "type": "Point",
        "coordinates": [
          5.06,
          26.01
        ]
      },
      "properties": {
        "id": 412,
        "entity_id": "settlement:412",
        "feature_class": "settlement",
        "name": "Alazseren",
        "settlement_type": "Naval",
        "state_id": 12,
        "province_id": 246,
        "population": 17.475,
        "capital": false,
        "port": true,
        "market_center": false,
        "market_level": "international",
        "market_id": 16,
        "rank": 4,
        "minzoom": 6
      }
    },
    {
      "type": "Feature",
      "geometry": {
        "type": "Point",
        "coordinates": [
          24.55,
          25.83
        ]
      },
      "properties": {
        "id": 413,
        "entity_id": "settlement:413",
        "feature_class": "settlement",
        "name": "Winchesbury",
        "settlement_type": "Generic",
        "state_id": 7,
        "province_id": 65,
        "population": 26.95,
        "capital": false,
        "port": false,
        "market_center": false,
        "market_level": "international",
        "market_id": 6,
        "rank": 3,
        "minzoom": 5
      }
    },
    {
      "type": "Feature",
      "geometry": {
        "type": "Point",
        "coordinates": [
          -19.33,
          30.31
        ]
      },
      "properties": {
        "id": 414,
        "entity_id": "settlement:414",
        "feature_class": "settlement",
        "name": "Corte",
        "settlement_type": "Generic",
        "state_id": 2,
        "province_id": 15,
        "population": 8.191,
        "capital": false,
        "port": false,
        "market_center": false,
        "market_level": "international",
        "market_id": 5,
        "rank": 5,
        "minzoom": 7
      }
    },
    {
      "type": "Feature",
      "geometry": {
        "type": "Point",
        "coordinates": [
          1.14,
          22.99
        ]
      },
      "properties": {
        "id": 415,
        "entity_id": "settlement:415",
        "feature_class": "settlement",
        "name": "Serdemkama",
        "settlement_type": "Lake",
        "state_id": 12,
        "province_id": 103,
        "population": 5.256,
        "capital": false,
        "port": false,
        "market_center": false,
        "market_level": "international",
        "market_id": 16,
        "rank": 6,
        "minzoom": 9
      }
    },
    {
      "type": "Feature",
      "geometry": {
        "type": "Point",
        "coordinates": [
          3.12,
          19.51
        ]
      },
      "properties": {
        "id": 416,
        "entity_id": "settlement:416",
        "feature_class": "settlement",
        "name": "Infodunumsay",
        "settlement_type": "Generic",
        "state_id": 3,
        "province_id": 23,
        "population": 1.727,
        "capital": false,
        "port": false,
        "market_center": false,
        "market_level": "major",
        "market_id": 28,
        "rank": 6,
        "minzoom": 9
      }
    },
    {
      "type": "Feature",
      "geometry": {
        "type": "Point",
        "coordinates": [
          9.58,
          35.0
        ]
      },
      "properties": {
        "id": 417,
        "entity_id": "settlement:417",
        "feature_class": "settlement",
        "name": "Chipington",
        "settlement_type": "Naval",
        "state_id": 19,
        "province_id": 159,
        "population": 2.323,
        "capital": false,
        "port": true,
        "market_center": false,
        "market_level": "international",
        "market_id": 15,
        "rank": 6,
        "minzoom": 9
      }
    },
    {
      "type": "Feature",
      "geometry": {
        "type": "Point",
        "coordinates": [
          -1.98,
          31.48
        ]
      },
      "properties": {
        "id": 418,
        "entity_id": "settlement:418",
        "feature_class": "settlement",
        "name": "Deli",
        "settlement_type": "Naval",
        "state_id": 12,
        "province_id": 109,
        "population": 7.418,
        "capital": false,
        "port": true,
        "market_center": false,
        "market_level": "international",
        "market_id": 19,
        "rank": 5,
        "minzoom": 7
      }
    },
    {
      "type": "Feature",
      "geometry": {
        "type": "Point",
        "coordinates": [
          -8.22,
          18.59
        ]
      },
      "properties": {
        "id": 419,
        "entity_id": "settlement:419",
        "feature_class": "settlement",
        "name": "Kopuz",
        "settlement_type": "Generic",
        "state_id": 14,
        "province_id": 126,
        "population": 8.913,
        "capital": false,
        "port": false,
        "market_center": false,
        "market_level": "international",
        "market_id": 3,
        "rank": 5,
        "minzoom": 7
      }
    },
    {
      "type": "Feature",
      "geometry": {
        "type": "Point",
        "coordinates": [
          8.0,
          28.25
        ]
      },
      "properties": {
        "id": 420,
        "entity_id": "settlement:420",
        "feature_class": "settlement",
        "name": "Dobayaleli",
        "settlement_type": "Generic",
        "state_id": 19,
        "province_id": 169,
        "population": 1.611,
        "capital": false,
        "port": false,
        "market_center": false,
        "market_level": "international",
        "market_id": 15,
        "rank": 6,
        "minzoom": 9
      }
    },
    {
      "type": "Feature",
      "geometry": {
        "type": "Point",
        "coordinates": [
          -5.03,
          21.96
        ]
      },
      "properties": {
        "id": 421,
        "entity_id": "settlement:421",
        "feature_class": "settlement",
        "name": "Baltunlik",
        "settlement_type": "Generic",
        "state_id": 14,
        "province_id": 256,
        "population": 1.643,
        "capital": false,
        "port": false,
        "market_center": false,
        "market_level": "international",
        "market_id": 3,
        "rank": 6,
        "minzoom": 9
      }
    },
    {
      "type": "Feature",
      "geometry": {
        "type": "Point",
        "coordinates": [
          -23.04,
          19.77
        ]
      },
      "properties": {
        "id": 423,
        "entity_id": "settlement:423",
        "feature_class": "settlement",
        "name": "Giumoriolola",
        "settlement_type": "Naval",
        "state_id": 6,
        "province_id": 56,
        "population": 11.289,
        "capital": false,
        "port": true,
        "market_center": false,
        "market_level": "major",
        "market_id": 30,
        "rank": 5,
        "minzoom": 7
      }
    },
    {
      "type": "Feature",
      "geometry": {
        "type": "Point",
        "coordinates": [
          21.39,
          19.69
        ]
      },
      "properties": {
        "id": 424,
        "entity_id": "settlement:424",
        "feature_class": "settlement",
        "name": "Lekraion",
        "settlement_type": "Generic",
        "state_id": 16,
        "province_id": 135,
        "population": 12.198,
        "capital": false,
        "port": false,
        "market_center": false,
        "market_level": "international",
        "market_id": 18,
        "rank": 5,
        "minzoom": 7
      }
    },
    {
      "type": "Feature",
      "geometry": {
        "type": "Point",
        "coordinates": [
          26.31,
          25.05
        ]
      },
      "properties": {
        "id": 426,
        "entity_id": "settlement:426",
        "feature_class": "settlement",
        "name": "Folesterby",
        "settlement_type": "Generic",
        "state_id": 7,
        "province_id": 216,
        "population": 15.549,
        "capital": false,
        "port": false,
        "market_center": false,
        "market_level": "local",
        "market_id": 21,
        "rank": 5,
        "minzoom": 7
      }
    },
    {
      "type": "Feature",
      "geometry": {
        "type": "Point",
        "coordinates": [
          23.07,
          18.97
        ]
      },
      "properties": {
        "id": 427,
        "entity_id": "settlement:427",
        "feature_class": "settlement",
        "name": "Padston",
        "settlement_type": "River",
        "state_id": 16,
        "province_id": 135,
        "population": 15.221,
        "capital": false,
        "port": false,
        "market_center": false,
        "market_level": "international",
        "market_id": 18,
        "rank": 5,
        "minzoom": 7
      }
    },
    {
      "type": "Feature",
      "geometry": {
        "type": "Point",
        "coordinates": [
          5.27,
          28.08
        ]
      },
      "properties": {
        "id": 428,
        "entity_id": "settlement:428",
        "feature_class": "settlement",
        "name": "Aniken",
        "settlement_type": "Generic",
        "state_id": 12,
        "province_id": 105,
        "population": 3.241,
        "capital": false,
        "port": false,
        "market_center": false,
        "market_level": "international",
        "market_id": 20,
        "rank": 6,
        "minzoom": 9
      }
    },
    {
      "type": "Feature",
      "geometry": {
        "type": "Point",
        "coordinates": [
          4.06,
          19.6
        ]
      },
      "properties": {
        "id": 429,
        "entity_id": "settlement:429",
        "feature_class": "settlement",
        "name": "Aber",
        "settlement_type": "Lake",
        "state_id": 3,
        "province_id": 20,
        "population": 16.47,
        "capital": false,
        "port": false,
        "market_center": false,
        "market_level": "major",
        "market_id": 28,
        "rank": 4,
        "minzoom": 6
      }
    },
    {
      "type": "Feature",
      "geometry": {
        "type": "Point",
        "coordinates": [
          8.81,
          27.81
        ]
      },
      "properties": {
        "id": 430,
        "entity_id": "settlement:430",
        "feature_class": "settlement",
        "name": "Depe",
        "settlement_type": "Naval",
        "state_id": 19,
        "province_id": 173,
        "population": 29.67,
        "capital": false,
        "port": true,
        "market_center": false,
        "market_level": "international",
        "market_id": 15,
        "rank": 3,
        "minzoom": 5
      }
    },
    {
      "type": "Feature",
      "geometry": {
        "type": "Point",
        "coordinates": [
          -22.18,
          17.78
        ]
      },
      "properties": {
        "id": 431,
        "entity_id": "settlement:431",
        "feature_class": "settlement",
        "name": "Celleparno",
        "settlement_type": "Generic",
        "state_id": 6,
        "province_id": 58,
        "population": 2.632,
        "capital": false,
        "port": false,
        "market_center": false,
        "market_level": "major",
        "market_id": 30,
        "rank": 6,
        "minzoom": 9
      }
    },
    {
      "type": "Feature",
      "geometry": {
        "type": "Point",
        "coordinates": [
          -7.24,
          27.22
        ]
      },
      "properties": {
        "id": 432,
        "entity_id": "settlement:432",
        "feature_class": "settlement",
        "name": "Yama",
        "settlement_type": "Naval",
        "state_id": 12,
        "province_id": 96,
        "population": 6.964,
        "capital": false,
        "port": true,
        "market_center": false,
        "market_level": "local",
        "market_id": 12,
        "rank": 6,
        "minzoom": 9
      }
    },
    {
      "type": "Feature",
      "geometry": {
        "type": "Point",
        "coordinates": [
          -14.09,
          19.11
        ]
      },
      "properties": {
        "id": 433,
        "entity_id": "settlement:433",
        "feature_class": "settlement",
        "name": "Bayraya Te",
        "settlement_type": "Generic",
        "state_id": 17,
        "province_id": 150,
        "population": 8.168,
        "capital": false,
        "port": false,
        "market_center": false,
        "market_level": "international",
        "market_id": 2,
        "rank": 5,
        "minzoom": 7
      }
    },
    {
      "type": "Feature",
      "geometry": {
        "type": "Point",
        "coordinates": [
          10.63,
          27.95
        ]
      },
      "properties": {
        "id": 434,
        "entity_id": "settlement:434",
        "feature_class": "settlement",
        "name": "Dekibide",
        "settlement_type": "Generic",
        "state_id": 19,
        "province_id": 296,
        "population": 3.092,
        "capital": false,
        "port": false,
        "market_center": false,
        "market_level": "international",
        "market_id": 15,
        "rank": 6,
        "minzoom": 9
      }
    },
    {
      "type": "Feature",
      "geometry": {
        "type": "Point",
        "coordinates": [
          3.02,
          21.73
        ]
      },
      "properties": {
        "id": 435,
        "entity_id": "settlement:435",
        "feature_class": "settlement",
        "name": "Chearmortei",
        "settlement_type": "Generic",
        "state_id": 12,
        "province_id": 110,
        "population": 2.518,
        "capital": false,
        "port": false,
        "market_center": false,
        "market_level": "international",
        "market_id": 16,
        "rank": 6,
        "minzoom": 9
      }
    },
    {
      "type": "Feature",
      "geometry": {
        "type": "Point",
        "coordinates": [
          2.18,
          32.2
        ]
      },
      "properties": {
        "id": 436,
        "entity_id": "settlement:436",
        "feature_class": "settlement",
        "name": "Bazobaraok",
        "settlement_type": "Generic",
        "state_id": 12,
        "province_id": 242,
        "population": 2.072,
        "capital": false,
        "port": false,
        "market_center": false,
        "market_level": "international",
        "market_id": 20,
        "rank": 6,
        "minzoom": 9
      }
    },
    {
      "type": "Feature",
      "geometry": {
        "type": "Point",
        "coordinates": [
          15.52,
          31.03
        ]
      },
      "properties": {
        "id": 437,
        "entity_id": "settlement:437",
        "feature_class": "settlement",
        "name": "Sidminter",
        "settlement_type": "Naval",
        "state_id": 19,
        "province_id": 166,
        "population": 1.278,
        "capital": false,
        "port": true,
        "market_center": false,
        "market_level": "international",
        "market_id": 13,
        "rank": 6,
        "minzoom": 9
      }
    },
    {
      "type": "Feature",
      "geometry": {
        "type": "Point",
        "coordinates": [
          10.69,
          27.15
        ]
      },
      "properties": {
        "id": 438,
        "entity_id": "settlement:438",
        "feature_class": "settlement",
        "name": "Cerinbey",
        "settlement_type": "Naval",
        "state_id": 19,
        "province_id": 296,
        "population": 18.539,
        "capital": false,
        "port": true,
        "market_center": false,
        "market_level": "local",
        "market_id": 8,
        "rank": 4,
        "minzoom": 6
      }
    },
    {
      "type": "Feature",
      "geometry": {
        "type": "Point",
        "coordinates": [
          -16.53,
          23.41
        ]
      },
      "properties": {
        "id": 439,
        "entity_id": "settlement:439",
        "feature_class": "settlement",
        "name": "Vetro",
        "settlement_type": "Highland",
        "state_id": 6,
        "province_id": 53,
        "population": 10.039,
        "capital": false,
        "port": false,
        "market_center": false,
        "market_level": "international",
        "market_id": 1,
        "rank": 5,
        "minzoom": 7
      }
    },
    {
      "type": "Feature",
      "geometry": {
        "type": "Point",
        "coordinates": [
          23.97,
          17.18
        ]
      },
      "properties": {
        "id": 440,
        "entity_id": "settlement:440",
        "feature_class": "settlement",
        "name": "Epitacalina",
        "settlement_type": "Naval",
        "state_id": 16,
        "province_id": 138,
        "population": 0.794,
        "capital": false,
        "port": true,
        "market_center": false,
        "market_level": "international",
        "market_id": 18,
        "rank": 6,
        "minzoom": 9
      }
    },
    {
      "type": "Feature",
      "geometry": {
        "type": "Point",
        "coordinates": [
          -18.69,
          29.36
        ]
      },
      "properties": {
        "id": 441,
        "entity_id": "settlement:441",
        "feature_class": "settlement",
        "name": "Meungny",
        "settlement_type": "Generic",
        "state_id": 2,
        "province_id": 10,
        "population": 13.235,
        "capital": false,
        "port": false,
        "market_center": false,
        "market_level": "international",
        "market_id": 5,
        "rank": 5,
        "minzoom": 7
      }
    },
    {
      "type": "Feature",
      "geometry": {
        "type": "Point",
        "coordinates": [
          -27.41,
          22.26
        ]
      },
      "properties": {
        "id": 442,
        "entity_id": "settlement:442",
        "feature_class": "settlement",
        "name": "Bouille",
        "settlement_type": "Generic",
        "state_id": 13,
        "province_id": 254,
        "population": 2.638,
        "capital": false,
        "port": false,
        "market_center": false,
        "market_level": "local",
        "market_id": 27,
        "rank": 6,
        "minzoom": 9
      }
    },
    {
      "type": "Feature",
      "geometry": {
        "type": "Point",
        "coordinates": [
          18.57,
          27.69
        ]
      },
      "properties": {
        "id": 443,
        "entity_id": "settlement:443",
        "feature_class": "settlement",
        "name": "Chawcester",
        "settlement_type": "Naval",
        "state_id": 7,
        "province_id": 60,
        "population": 1.675,
        "capital": false,
        "port": true,
        "market_center": false,
        "market_level": "international",
        "market_id": 6,
        "rank": 6,
        "minzoom": 9
      }
    },
    {
      "type": "Feature",
      "geometry": {
        "type": "Point",
        "coordinates": [
          24.25,
          16.76
        ]
      },
      "properties": {
        "id": 444,
        "entity_id": "settlement:444",
        "feature_class": "settlement",
        "name": "Amphi",
        "settlement_type": "Naval",
        "state_id": 16,
        "province_id": 272,
        "population": 2.812,
        "capital": false,
        "port": true,
        "market_center": false,
        "market_level": "international",
        "market_id": 18,
        "rank": 6,
        "minzoom": 9
      }
    },
    {
      "type": "Feature",
      "geometry": {
        "type": "Point",
        "coordinates": [
          10.82,
          28.54
        ]
      },
      "properties": {
        "id": 445,
        "entity_id": "settlement:445",
        "feature_class": "settlement",
        "name": "Koyuraka",
        "settlement_type": "Hunting",
        "state_id": 19,
        "province_id": 296,
        "population": 12.732,
        "capital": false,
        "port": false,
        "market_center": false,
        "market_level": "international",
        "market_id": 15,
        "rank": 5,
        "minzoom": 7
      }
    },
    {
      "type": "Feature",
      "geometry": {
        "type": "Point",
        "coordinates": [
          -10.21,
          24.53
        ]
      },
      "properties": {
        "id": 446,
        "entity_id": "settlement:446",
        "feature_class": "settlement",
        "name": "Rohrtaldin",
        "settlement_type": "Generic",
        "state_id": 1,
        "province_id": 174,
        "population": 2.767,
        "capital": false,
        "port": false,
        "market_center": false,
        "market_level": "international",
        "market_id": 7,
        "rank": 6,
        "minzoom": 9
      }
    },
    {
      "type": "Feature",
      "geometry": {
        "type": "Point",
        "coordinates": [
          -9.56,
          22.8
        ]
      },
      "properties": {
        "id": 447,
        "entity_id": "settlement:447",
        "feature_class": "settlement",
        "name": "Alpsereli",
        "settlement_type": "Generic",
        "state_id": 1,
        "province_id": 3,
        "population": 1.629,
        "capital": false,
        "port": false,
        "market_center": false,
        "market_level": "international",
        "market_id": 3,
        "rank": 6,
        "minzoom": 9
      }
    },
    {
      "type": "Feature",
      "geometry": {
        "type": "Point",
        "coordinates": [
          -24.29,
          22.07
        ]
      },
      "properties": {
        "id": 448,
        "entity_id": "settlement:448",
        "feature_class": "settlement",
        "name": "Boigny",
        "settlement_type": "Generic",
        "state_id": 13,
        "province_id": 253,
        "population": 1.775,
        "capital": false,
        "port": false,
        "market_center": false,
        "market_level": "local",
        "market_id": 27,
        "rank": 6,
        "minzoom": 9
      }
    },
    {
      "type": "Feature",
      "geometry": {
        "type": "Point",
        "coordinates": [
          -2.12,
          23.93
        ]
      },
      "properties": {
        "id": 449,
        "entity_id": "settlement:449",
        "feature_class": "settlement",
        "name": "Devri",
        "settlement_type": "Naval",
        "state_id": 12,
        "province_id": 113,
        "population": 20.228,
        "capital": false,
        "port": true,
        "market_center": false,
        "market_level": "international",
        "market_id": 16,
        "rank": 4,
        "minzoom": 6
      }
    },
    {
      "type": "Feature",
      "geometry": {
        "type": "Point",
        "coordinates": [
          -25.71,
          21.25
        ]
      },
      "properties": {
        "id": 450,
        "entity_id": "settlement:450",
        "feature_class": "settlement",
        "name": "Coursain",
        "settlement_type": "Generic",
        "state_id": 13,
        "province_id": 118,
        "population": 9.693,
        "capital": false,
        "port": false,
        "market_center": false,
        "market_level": "local",
        "market_id": 27,
        "rank": 5,
        "minzoom": 7
      }
    },
    {
      "type": "Feature",
      "geometry": {
        "type": "Point",
        "coordinates": [
          5.01,
          28.41
        ]
      },
      "properties": {
        "id": 451,
        "entity_id": "settlement:451",
        "feature_class": "settlement",
        "name": "Atoprak",
        "settlement_type": "Naval",
        "state_id": 12,
        "province_id": 105,
        "population": 10.15,
        "capital": false,
        "port": true,
        "market_center": false,
        "market_level": "international",
        "market_id": 20,
        "rank": 5,
        "minzoom": 7
      }
    },
    {
      "type": "Feature",
      "geometry": {
        "type": "Point",
        "coordinates": [
          18.72,
          24.32
        ]
      },
      "properties": {
        "id": 452,
        "entity_id": "settlement:452",
        "feature_class": "settlement",
        "name": "Portsham",
        "settlement_type": "Generic",
        "state_id": 7,
        "province_id": 66,
        "population": 21.962,
        "capital": false,
        "port": false,
        "market_center": false,
        "market_level": "international",
        "market_id": 6,
        "rank": 4,
        "minzoom": 6
      }
    },
    {
      "type": "Feature",
      "geometry": {
        "type": "Point",
        "coordinates": [
          -22.35,
          26.38
        ]
      },
      "properties": {
        "id": 453,
        "entity_id": "settlement:453",
        "feature_class": "settlement",
        "name": "Senny",
        "settlement_type": "Hunting",
        "state_id": 2,
        "province_id": 12,
        "population": 4.802,
        "capital": false,
        "port": false,
        "market_center": false,
        "market_level": "international",
        "market_id": 5,
        "rank": 6,
        "minzoom": 9
      }
    },
    {
      "type": "Feature",
      "geometry": {
        "type": "Point",
        "coordinates": [
          -19.31,
          22.19
        ]
      },
      "properties": {
        "id": 454,
        "entity_id": "settlement:454",
        "feature_class": "settlement",
        "name": "Sella",
        "settlement_type": "Generic",
        "state_id": 6,
        "province_id": 50,
        "population": 5.319,
        "capital": false,
        "port": false,
        "market_center": false,
        "market_level": "international",
        "market_id": 1,
        "rank": 6,
        "minzoom": 9
      }
    },
    {
      "type": "Feature",
      "geometry": {
        "type": "Point",
        "coordinates": [
          -5.18,
          20.41
        ]
      },
      "properties": {
        "id": 455,
        "entity_id": "settlement:455",
        "feature_class": "settlement",
        "name": "Ertenlerka",
        "settlement_type": "Hunting",
        "state_id": 14,
        "province_id": 120,
        "population": 0.79,
        "capital": false,
        "port": false,
        "market_center": false,
        "market_level": "international",
        "market_id": 3,
        "rank": 6,
        "minzoom": 9
      }
    },
    {
      "type": "Feature",
      "geometry": {
        "type": "Point",
        "coordinates": [
          -1.71,
          24.37
        ]
      },
      "properties": {
        "id": 456,
        "entity_id": "settlement:456",
        "feature_class": "settlement",
        "name": "Kortenka",
        "settlement_type": "Naval",
        "state_id": 12,
        "province_id": 113,
        "population": 2.341,
        "capital": false,
        "port": true,
        "market_center": false,
        "market_level": "international",
        "market_id": 16,
        "rank": 6,
        "minzoom": 9
      }
    },
    {
      "type": "Feature",
      "geometry": {
        "type": "Point",
        "coordinates": [
          -3.15,
          36.84
        ]
      },
      "properties": {
        "id": 458,
        "entity_id": "settlement:458",
        "feature_class": "settlement",
        "name": "Muuma",
        "settlement_type": "Generic",
        "state_id": 12,
        "province_id": 114,
        "population": 1.655,
        "capital": false,
        "port": false,
        "market_center": false,
        "market_level": "regional",
        "market_id": 14,
        "rank": 6,
        "minzoom": 9
      }
    },
    {
      "type": "Feature",
      "geometry": {
        "type": "Point",
        "coordinates": [
          -25.86,
          21.6
        ]
      },
      "properties": {
        "id": 459,
        "entity_id": "settlement:459",
        "feature_class": "settlement",
        "name": "Messes",
        "settlement_type": "Generic",
        "state_id": 13,
        "province_id": 118,
        "population": 1.902,
        "capital": false,
        "port": false,
        "market_center": false,
        "market_level": "local",
        "market_id": 27,
        "rank": 6,
        "minzoom": 9
      }
    },
    {
      "type": "Feature",
      "geometry": {
        "type": "Point",
        "coordinates": [
          -24.14,
          21.59
        ]
      },
      "properties": {
        "id": 460,
        "entity_id": "settlement:460",
        "feature_class": "settlement",
        "name": "Tarbogranoli",
        "settlement_type": "Generic",
        "state_id": 13,
        "province_id": 87,
        "population": 2.81,
        "capital": false,
        "port": false,
        "market_center": false,
        "market_level": "regional",
        "market_id": 10,
        "rank": 6,
        "minzoom": 9
      }
    },
    {
      "type": "Feature",
      "geometry": {
        "type": "Point",
        "coordinates": [
          -19.01,
          18.92
        ]
      },
      "properties": {
        "id": 461,
        "entity_id": "settlement:461",
        "feature_class": "settlement",
        "name": "Monte",
        "settlement_type": "Generic",
        "state_id": 17,
        "province_id": 277,
        "population": 7.648,
        "capital": false,
        "port": false,
        "market_center": false,
        "market_level": "international",
        "market_id": 1,
        "rank": 5,
        "minzoom": 7
      }
    },
    {
      "type": "Feature",
      "geometry": {
        "type": "Point",
        "coordinates": [
          -22.36,
          17.24
        ]
      },
      "properties": {
        "id": 462,
        "entity_id": "settlement:462",
        "feature_class": "settlement",
        "name": "Pozanovilba",
        "settlement_type": "Lake",
        "state_id": 6,
        "province_id": 58,
        "population": 16.329,
        "capital": false,
        "port": false,
        "market_center": false,
        "market_level": "major",
        "market_id": 30,
        "rank": 5,
        "minzoom": 7
      }
    },
    {
      "type": "Feature",
      "geometry": {
        "type": "Point",
        "coordinates": [
          15.64,
          13.86
        ]
      },
      "properties": {
        "id": 463,
        "entity_id": "settlement:463",
        "feature_class": "settlement",
        "name": "Olataun",
        "settlement_type": "Generic",
        "state_id": 4,
        "province_id": 199,
        "population": 1.972,
        "capital": false,
        "port": false,
        "market_center": false,
        "market_level": "local",
        "market_id": 34,
        "rank": 6,
        "minzoom": 9
      }
    },
    {
      "type": "Feature",
      "geometry": {
        "type": "Point",
        "coordinates": [
          6.74,
          20.15
        ]
      },
      "properties": {
        "id": 464,
        "entity_id": "settlement:464",
        "feature_class": "settlement",
        "name": "Innisaber",
        "settlement_type": "Naval",
        "state_id": 3,
        "province_id": 26,
        "population": 23.248,
        "capital": false,
        "port": true,
        "market_center": false,
        "market_level": "major",
        "market_id": 28,
        "rank": 4,
        "minzoom": 6
      }
    },
    {
      "type": "Feature",
      "geometry": {
        "type": "Point",
        "coordinates": [
          -18.49,
          29.2
        ]
      },
      "properties": {
        "id": 465,
        "entity_id": "settlement:465",
        "feature_class": "settlement",
        "name": "Brevilly",
        "settlement_type": "Generic",
        "state_id": 2,
        "province_id": 10,
        "population": 3.085,
        "capital": false,
        "port": false,
        "market_center": false,
        "market_level": "international",
        "market_id": 5,
        "rank": 6,
        "minzoom": 9
      }
    },
    {
      "type": "Feature",
      "geometry": {
        "type": "Point",
        "coordinates": [
          11.64,
          19.46
        ]
      },
      "properties": {
        "id": 466,
        "entity_id": "settlement:466",
        "feature_class": "settlement",
        "name": "Abeboiosadh",
        "settlement_type": "Naval",
        "state_id": 4,
        "province_id": 34,
        "population": 8.678,
        "capital": false,
        "port": true,
        "market_center": false,
        "market_level": "regional",
        "market_id": 22,
        "rank": 5,
        "minzoom": 7
      }
    },
    {
      "type": "Feature",
      "geometry": {
        "type": "Point",
        "coordinates": [
          3.49,
          29.43
        ]
      },
      "properties": {
        "id": 467,
        "entity_id": "settlement:467",
        "feature_class": "settlement",
        "name": "Bova",
        "settlement_type": "River",
        "state_id": 12,
        "province_id": 92,
        "population": 31.343,
        "capital": false,
        "port": false,
        "market_center": true,
        "market_level": "international",
        "market_id": 20,
        "rank": 2,
        "minzoom": 4
      }
    },
    {
      "type": "Feature",
      "geometry": {
        "type": "Point",
        "coordinates": [
          11.8,
          21.43
        ]
      },
      "properties": {
        "id": 468,
        "entity_id": "settlement:468",
        "feature_class": "settlement",
        "name": "Ghraigarard",
        "settlement_type": "Generic",
        "state_id": 3,
        "province_id": 21,
        "population": 18.914,
        "capital": false,
        "port": false,
        "market_center": false,
        "market_level": "major",
        "market_id": 11,
        "rank": 4,
        "minzoom": 6
      }
    },
    {
      "type": "Feature",
      "geometry": {
        "type": "Point",
        "coordinates": [
          -10.62,
          22.58
        ]
      },
      "properties": {
        "id": 469,
        "entity_id": "settlement:469",
        "feature_class": "settlement",
        "name": "Raswebach",
        "settlement_type": "Generic",
        "state_id": 1,
        "province_id": 4,
        "population": 29.248,
        "capital": false,
        "port": false,
        "market_center": false,
        "market_level": "international",
        "market_id": 2,
        "rank": 3,
        "minzoom": 5
      }
    },
    {
      "type": "Feature",
      "geometry": {
        "type": "Point",
        "coordinates": [
          4.25,
          18.56
        ]
      },
      "properties": {
        "id": 470,
        "entity_id": "settlement:470",
        "feature_class": "settlement",
        "name": "Aberg",
        "settlement_type": "Hunting",
        "state_id": 3,
        "province_id": 23,
        "population": 9.782,
        "capital": false,
        "port": false,
        "market_center": false,
        "market_level": "major",
        "market_id": 28,
        "rank": 5,
        "minzoom": 7
      }
    },
    {
      "type": "Feature",
      "geometry": {
        "type": "Point",
        "coordinates": [
          -24.16,
          16.56
        ]
      },
      "properties": {
        "id": 471,
        "entity_id": "settlement:471",
        "feature_class": "settlement",
        "name": "Rovinoval",
        "settlement_type": "Generic",
        "state_id": 6,
        "province_id": 212,
        "population": 2.486,
        "capital": false,
        "port": false,
        "market_center": false,
        "market_level": "major",
        "market_id": 30,
        "rank": 6,
        "minzoom": 9
      }
    },
    {
      "type": "Feature",
      "geometry": {
        "type": "Point",
        "coordinates": [
          2.32,
          21.84
        ]
      },
      "properties": {
        "id": 472,
        "entity_id": "settlement:472",
        "feature_class": "settlement",
        "name": "Abery",
        "settlement_type": "Generic",
        "state_id": 12,
        "province_id": 110,
        "population": 3.782,
        "capital": false,
        "port": false,
        "market_center": false,
        "market_level": "international",
        "market_id": 16,
        "rank": 6,
        "minzoom": 9
      }
    },
    {
      "type": "Feature",
      "geometry": {
        "type": "Point",
        "coordinates": [
          -22.25,
          20.78
        ]
      },
      "properties": {
        "id": 473,
        "entity_id": "settlement:473",
        "feature_class": "settlement",
        "name": "Montadoricu",
        "settlement_type": "Generic",
        "state_id": 11,
        "province_id": 87,
        "population": 1.809,
        "capital": false,
        "port": false,
        "market_center": false,
        "market_level": "regional",
        "market_id": 10,
        "rank": 6,
        "minzoom": 9
      }
    },
    {
      "type": "Feature",
      "geometry": {
        "type": "Point",
        "coordinates": [
          0.86,
          23.49
        ]
      },
      "properties": {
        "id": 474,
        "entity_id": "settlement:474",
        "feature_class": "settlement",
        "name": "Yazbeykut",
        "settlement_type": "Generic",
        "state_id": 12,
        "province_id": 91,
        "population": 1.79,
        "capital": false,
        "port": false,
        "market_center": false,
        "market_level": "international",
        "market_id": 16,
        "rank": 6,
        "minzoom": 9
      }
    },
    {
      "type": "Feature",
      "geometry": {
        "type": "Point",
        "coordinates": [
          -15.58,
          23.29
        ]
      },
      "properties": {
        "id": 475,
        "entity_id": "settlement:475",
        "feature_class": "settlement",
        "name": "Schweuengen",
        "settlement_type": "Lake",
        "state_id": 9,
        "province_id": 78,
        "population": 24.284,
        "capital": false,
        "port": false,
        "market_center": false,
        "market_level": "international",
        "market_id": 1,
        "rank": 4,
        "minzoom": 6
      }
    },
    {
      "type": "Feature",
      "geometry": {
        "type": "Point",
        "coordinates": [
          -7.14,
          20.71
        ]
      },
      "properties": {
        "id": 476,
        "entity_id": "settlement:476",
        "feature_class": "settlement",
        "name": "Apazobasay",
        "settlement_type": "Naval",
        "state_id": 14,
        "province_id": 129,
        "population": 5.516,
        "capital": false,
        "port": true,
        "market_center": false,
        "market_level": "international",
        "market_id": 3,
        "rank": 6,
        "minzoom": 9
      }
    },
    {
      "type": "Feature",
      "geometry": {
        "type": "Point",
        "coordinates": [
          -19.3,
          13.05
        ]
      },
      "properties": {
        "id": 477,
        "entity_id": "settlement:477",
        "feature_class": "settlement",
        "name": "Sobra",
        "settlement_type": "Naval",
        "state_id": 17,
        "province_id": 280,
        "population": 3.791,
        "capital": false,
        "port": true,
        "market_center": false,
        "market_level": "local",
        "market_id": 29,
        "rank": 6,
        "minzoom": 9
      }
    },
    {
      "type": "Feature",
      "geometry": {
        "type": "Point",
        "coordinates": [
          15.41,
          13.88
        ]
      },
      "properties": {
        "id": 478,
        "entity_id": "settlement:478",
        "feature_class": "settlement",
        "name": "Errerangia",
        "settlement_type": "Naval",
        "state_id": 4,
        "province_id": 199,
        "population": 2.482,
        "capital": false,
        "port": true,
        "market_center": false,
        "market_level": "local",
        "market_id": 34,
        "rank": 6,
        "minzoom": 9
      }
    },
    {
      "type": "Feature",
      "geometry": {
        "type": "Point",
        "coordinates": [
          9.15,
          32.88
        ]
      },
      "properties": {
        "id": 479,
        "entity_id": "settlement:479",
        "feature_class": "settlement",
        "name": "Knacumeford",
        "settlement_type": "Hunting",
        "state_id": 19,
        "province_id": 159,
        "population": 27.629,
        "capital": false,
        "port": false,
        "market_center": false,
        "market_level": "international",
        "market_id": 15,
        "rank": 3,
        "minzoom": 5
      }
    },
    {
      "type": "Feature",
      "geometry": {
        "type": "Point",
        "coordinates": [
          -23.01,
          22.76
        ]
      },
      "properties": {
        "id": 480,
        "entity_id": "settlement:480",
        "feature_class": "settlement",
        "name": "Senneauvilles",
        "settlement_type": "Generic",
        "state_id": 11,
        "province_id": 89,
        "population": 8.012,
        "capital": false,
        "port": false,
        "market_center": false,
        "market_level": "regional",
        "market_id": 10,
        "rank": 5,
        "minzoom": 7
      }
    },
    {
      "type": "Feature",
      "geometry": {
        "type": "Point",
        "coordinates": [
          22.83,
          26.98
        ]
      },
      "properties": {
        "id": 481,
        "entity_id": "settlement:481",
        "feature_class": "settlement",
        "name": "Quatham",
        "settlement_type": "Generic",
        "state_id": 7,
        "province_id": 67,
        "population": 2.356,
        "capital": false,
        "port": false,
        "market_center": false,
        "market_level": "international",
        "market_id": 6,
        "rank": 6,
        "minzoom": 9
      }
    },
    {
      "type": "Feature",
      "geometry": {
        "type": "Point",
        "coordinates": [
          21.43,
          24.42
        ]
      },
      "properties": {
        "id": 482,
        "entity_id": "settlement:482",
        "feature_class": "settlement",
        "name": "Warhambe",
        "settlement_type": "Generic",
        "state_id": 7,
        "province_id": 61,
        "population": 0.572,
        "capital": false,
        "port": false,
        "market_center": false,
        "market_level": "international",
        "market_id": 6,
        "rank": 6,
        "minzoom": 9
      }
    },
    {
      "type": "Feature",
      "geometry": {
        "type": "Point",
        "coordinates": [
          -8.09,
          37.02
        ]
      },
      "properties": {
        "id": 483,
        "entity_id": "settlement:483",
        "feature_class": "settlement",
        "name": "Raritavori",
        "settlement_type": "Generic",
        "state_id": 10,
        "province_id": 84,
        "population": 14.493,
        "capital": false,
        "port": false,
        "market_center": false,
        "market_level": "local",
        "market_id": 23,
        "rank": 5,
        "minzoom": 7
      }
    },
    {
      "type": "Feature",
      "geometry": {
        "type": "Point",
        "coordinates": [
          -14.34,
          29.39
        ]
      },
      "properties": {
        "id": 484,
        "entity_id": "settlement:484",
        "feature_class": "settlement",
        "name": "Tutach",
        "settlement_type": "Generic",
        "state_id": 2,
        "province_id": 17,
        "population": 37.373,
        "capital": false,
        "port": false,
        "market_center": false,
        "market_level": "major",
        "market_id": 9,
        "rank": 3,
        "minzoom": 5
      }
    },
    {
      "type": "Feature",
      "geometry": {
        "type": "Point",
        "coordinates": [
          -13.89,
          23.1
        ]
      },
      "properties": {
        "id": 485,
        "entity_id": "settlement:485",
        "feature_class": "settlement",
        "name": "Schopenbach",
        "settlement_type": "Generic",
        "state_id": 1,
        "province_id": 175,
        "population": 3.248,
        "capital": false,
        "port": false,
        "market_center": false,
        "market_level": "international",
        "market_id": 1,
        "rank": 6,
        "minzoom": 9
      }
    },
    {
      "type": "Feature",
      "geometry": {
        "type": "Point",
        "coordinates": [
          -3.46,
          32.82
        ]
      },
      "properties": {
        "id": 486,
        "entity_id": "settlement:486",
        "feature_class": "settlement",
        "name": "Aynak",
        "settlement_type": "Naval",
        "state_id": 12,
        "province_id": 241,
        "population": 2.366,
        "capital": false,
        "port": true,
        "market_center": false,
        "market_level": "international",
        "market_id": 19,
        "rank": 6,
        "minzoom": 9
      }
    },
    {
      "type": "Feature",
      "geometry": {
        "type": "Point",
        "coordinates": [
          4.06,
          21.35
        ]
      },
      "properties": {
        "id": 487,
        "entity_id": "settlement:487",
        "feature_class": "settlement",
        "name": "Rosnaid",
        "settlement_type": "Naval",
        "state_id": 3,
        "province_id": 29,
        "population": 6.732,
        "capital": false,
        "port": true,
        "market_center": false,
        "market_level": "major",
        "market_id": 28,
        "rank": 6,
        "minzoom": 9
      }
    },
    {
      "type": "Feature",
      "geometry": {
        "type": "Point",
        "coordinates": [
          -21.08,
          28.53
        ]
      },
      "properties": {
        "id": 488,
        "entity_id": "settlement:488",
        "feature_class": "settlement",
        "name": "Noyerstouil",
        "settlement_type": "Generic",
        "state_id": 2,
        "province_id": 179,
        "population": 6.131,
        "capital": false,
        "port": false,
        "market_center": false,
        "market_level": "international",
        "market_id": 5,
        "rank": 6,
        "minzoom": 9
      }
    },
    {
      "type": "Feature",
      "geometry": {
        "type": "Point",
        "coordinates": [
          -18.46,
          23.61
        ]
      },
      "properties": {
        "id": 489,
        "entity_id": "settlement:489",
        "feature_class": "settlement",
        "name": "Marqui",
        "settlement_type": "Naval",
        "state_id": 6,
        "province_id": 53,
        "population": 12.578,
        "capital": false,
        "port": true,
        "market_center": false,
        "market_level": "international",
        "market_id": 1,
        "rank": 5,
        "minzoom": 7
      }
    },
    {
      "type": "Feature",
      "geometry": {
        "type": "Point",
        "coordinates": [
          -4.76,
          34.45
        ]
      },
      "properties": {
        "id": 490,
        "entity_id": "settlement:490",
        "feature_class": "settlement",
        "name": "Korbey",
        "settlement_type": "Generic",
        "state_id": 12,
        "province_id": 102,
        "population": 1.803,
        "capital": false,
        "port": false,
        "market_center": false,
        "market_level": "international",
        "market_id": 19,
        "rank": 6,
        "minzoom": 9
      }
    },
    {
      "type": "Feature",
      "geometry": {
        "type": "Point",
        "coordinates": [
          -13.29,
          25.99
        ]
      },
      "properties": {
        "id": 491,
        "entity_id": "settlement:491",
        "feature_class": "settlement",
        "name": "Ungen",
        "settlement_type": "Lake",
        "state_id": 9,
        "province_id": 225,
        "population": 11.528,
        "capital": false,
        "port": false,
        "market_center": false,
        "market_level": "international",
        "market_id": 7,
        "rank": 5,
        "minzoom": 7
      }
    },
    {
      "type": "Feature",
      "geometry": {
        "type": "Point",
        "coordinates": [
          19.74,
          30.34
        ]
      },
      "properties": {
        "id": 492,
        "entity_id": "settlement:492",
        "feature_class": "settlement",
        "name": "Brorough",
        "settlement_type": "Generic",
        "state_id": 5,
        "province_id": 41,
        "population": 11.574,
        "capital": false,
        "port": false,
        "market_center": false,
        "market_level": "international",
        "market_id": 25,
        "rank": 5,
        "minzoom": 7
      }
    },
    {
      "type": "Feature",
      "geometry": {
        "type": "Point",
        "coordinates": [
          -8.01,
          32.38
        ]
      },
      "properties": {
        "id": 493,
        "entity_id": "settlement:493",
        "feature_class": "settlement",
        "name": "Baynuzkolu",
        "settlement_type": "Naval",
        "state_id": 12,
        "province_id": 241,
        "population": 2.744,
        "capital": false,
        "port": true,
        "market_center": false,
        "market_level": "international",
        "market_id": 19,
        "rank": 6,
        "minzoom": 9
      }
    },
    {
      "type": "Feature",
      "geometry": {
        "type": "Point",
        "coordinates": [
          -18.28,
          29.63
        ]
      },
      "properties": {
        "id": 494,
        "entity_id": "settlement:494",
        "feature_class": "settlement",
        "name": "Vines",
        "settlement_type": "Generic",
        "state_id": 2,
        "province_id": 10,
        "population": 17.947,
        "capital": false,
        "port": false,
        "market_center": false,
        "market_level": "international",
        "market_id": 5,
        "rank": 4,
        "minzoom": 6
      }
    },
    {
      "type": "Feature",
      "geometry": {
        "type": "Point",
        "coordinates": [
          -13.62,
          19.11
        ]
      },
      "properties": {
        "id": 495,
        "entity_id": "settlement:495",
        "feature_class": "settlement",
        "name": "Galokseki",
        "settlement_type": "Generic",
        "state_id": 17,
        "province_id": 150,
        "population": 10.209,
        "capital": false,
        "port": false,
        "market_center": false,
        "market_level": "international",
        "market_id": 2,
        "rank": 5,
        "minzoom": 7
      }
    },
    {
      "type": "Feature",
      "geometry": {
        "type": "Point",
        "coordinates": [
          -6.58,
          16.45
        ]
      },
      "properties": {
        "id": 496,
        "entity_id": "settlement:496",
        "feature_class": "settlement",
        "name": "Atyurt",
        "settlement_type": "Generic",
        "state_id": 14,
        "province_id": 124,
        "population": 12.302,
        "capital": false,
        "port": false,
        "market_center": false,
        "market_level": "international",
        "market_id": 3,
        "rank": 5,
        "minzoom": 7
      }
    },
    {
      "type": "Feature",
      "geometry": {
        "type": "Point",
        "coordinates": [
          10.81,
          18.73
        ]
      },
      "properties": {
        "id": 497,
        "entity_id": "settlement:497",
        "feature_class": "settlement",
        "name": "Chorgeal",
        "settlement_type": "Generic",
        "state_id": 3,
        "province_id": 22,
        "population": 2.591,
        "capital": false,
        "port": false,
        "market_center": false,
        "market_level": "major",
        "market_id": 11,
        "rank": 6,
        "minzoom": 9
      }
    },
    {
      "type": "Feature",
      "geometry": {
        "type": "Point",
        "coordinates": [
          -8.6,
          26.1
        ]
      },
      "properties": {
        "id": 498,
        "entity_id": "settlement:498",
        "feature_class": "settlement",
        "name": "Enheim",
        "settlement_type": "Naval",
        "state_id": 1,
        "province_id": 174,
        "population": 16.907,
        "capital": false,
        "port": true,
        "market_center": false,
        "market_level": "international",
        "market_id": 7,
        "rank": 4,
        "minzoom": 6
      }
    },
    {
      "type": "Feature",
      "geometry": {
        "type": "Point",
        "coordinates": [
          8.66,
          34.41
        ]
      },
      "properties": {
        "id": 499,
        "entity_id": "settlement:499",
        "feature_class": "settlement",
        "name": "Obalazte",
        "settlement_type": "Generic",
        "state_id": 19,
        "province_id": 159,
        "population": 2.925,
        "capital": false,
        "port": false,
        "market_center": false,
        "market_level": "international",
        "market_id": 15,
        "rank": 6,
        "minzoom": 9
      }
    },
    {
      "type": "Feature",
      "geometry": {
        "type": "Point",
        "coordinates": [
          3.36,
          34.24
        ]
      },
      "properties": {
        "id": 500,
        "entity_id": "settlement:500",
        "feature_class": "settlement",
        "name": "Ekin",
        "settlement_type": "Generic",
        "state_id": 12,
        "province_id": 111,
        "population": 7.085,
        "capital": false,
        "port": false,
        "market_center": false,
        "market_level": "local",
        "market_id": 32,
        "rank": 5,
        "minzoom": 7
      }
    },
    {
      "type": "Feature",
      "geometry": {
        "type": "Point",
        "coordinates": [
          -13.4,
          18.2
        ]
      },
      "properties": {
        "id": 501,
        "entity_id": "settlement:501",
        "feature_class": "settlement",
        "name": "Yemirman",
        "settlement_type": "Hunting",
        "state_id": 17,
        "province_id": 150,
        "population": 7.185,
        "capital": false,
        "port": false,
        "market_center": false,
        "market_level": "international",
        "market_id": 2,
        "rank": 5,
        "minzoom": 7
      }
    },
    {
      "type": "Feature",
      "geometry": {
        "type": "Point",
        "coordinates": [
          -14.35,
          16.96
        ]
      },
      "properties": {
        "id": 502,
        "entity_id": "settlement:502",
        "feature_class": "settlement",
        "name": "Poglia",
        "settlement_type": "Naval",
        "state_id": 17,
        "province_id": 148,
        "population": 2.829,
        "capital": false,
        "port": true,
        "market_center": false,
        "market_level": "local",
        "market_id": 29,
        "rank": 6,
        "minzoom": 9
      }
    },
    {
      "type": "Feature",
      "geometry": {
        "type": "Point",
        "coordinates": [
          -13.95,
          35.35
        ]
      },
      "properties": {
        "id": 503,
        "entity_id": "settlement:503",
        "feature_class": "settlement",
        "name": "Laupsrey",
        "settlement_type": "Naval",
        "state_id": 18,
        "province_id": 157,
        "population": 12.838,
        "capital": false,
        "port": true,
        "market_center": false,
        "market_level": "local",
        "market_id": 17,
        "rank": 5,
        "minzoom": 7
      }
    },
    {
      "type": "Feature",
      "geometry": {
        "type": "Point",
        "coordinates": [
          -22.44,
          18.18
        ]
      },
      "properties": {
        "id": 504,
        "entity_id": "settlement:504",
        "feature_class": "settlement",
        "name": "Arcellettuso",
        "settlement_type": "Generic",
        "state_id": 6,
        "province_id": 58,
        "population": 2.702,
        "capital": false,
        "port": false,
        "market_center": false,
        "market_level": "major",
        "market_id": 30,
        "rank": 6,
        "minzoom": 9
      }
    },
    {
      "type": "Feature",
      "geometry": {
        "type": "Point",
        "coordinates": [
          7.08,
          31.96
        ]
      },
      "properties": {
        "id": 505,
        "entity_id": "settlement:505",
        "feature_class": "settlement",
        "name": "Aynak",
        "settlement_type": "Lake",
        "state_id": 19,
        "province_id": 294,
        "population": 9.19,
        "capital": false,
        "port": false,
        "market_center": false,
        "market_level": "international",
        "market_id": 15,
        "rank": 5,
        "minzoom": 7
      }
    },
    {
      "type": "Feature",
      "geometry": {
        "type": "Point",
        "coordinates": [
          26.86,
          27.67
        ]
      },
      "properties": {
        "id": 506,
        "entity_id": "settlement:506",
        "feature_class": "settlement",
        "name": "Altnesterby",
        "settlement_type": "Naval",
        "state_id": 7,
        "province_id": 64,
        "population": 23.252,
        "capital": false,
        "port": true,
        "market_center": false,
        "market_level": "international",
        "market_id": 6,
        "rank": 4,
        "minzoom": 6
      }
    },
    {
      "type": "Feature",
      "geometry": {
        "type": "Point",
        "coordinates": [
          8.11,
          33.03
        ]
      },
      "properties": {
        "id": 507,
        "entity_id": "settlement:507",
        "feature_class": "settlement",
        "name": "Dedikyurt",
        "settlement_type": "Generic",
        "state_id": 19,
        "province_id": 167,
        "population": 2.738,
        "capital": false,
        "port": false,
        "market_center": false,
        "market_level": "international",
        "market_id": 15,
        "rank": 6,
        "minzoom": 9
      }
    },
    {
      "type": "Feature",
      "geometry": {
        "type": "Point",
        "coordinates": [
          -13.87,
          20.91
        ]
      },
      "properties": {
        "id": 508,
        "entity_id": "settlement:508",
        "feature_class": "settlement",
        "name": "Yelenkorga",
        "settlement_type": "Generic",
        "state_id": 17,
        "province_id": 146,
        "population": 5.927,
        "capital": false,
        "port": false,
        "market_center": false,
        "market_level": "international",
        "market_id": 1,
        "rank": 6,
        "minzoom": 9
      }
    },
    {
      "type": "Feature",
      "geometry": {
        "type": "Point",
        "coordinates": [
          8.56,
          22.1
        ]
      },
      "properties": {
        "id": 509,
        "entity_id": "settlement:509",
        "feature_class": "settlement",
        "name": "Arig",
        "settlement_type": "Generic",
        "state_id": 3,
        "province_id": 19,
        "population": 2.951,
        "capital": false,
        "port": false,
        "market_center": false,
        "market_level": "major",
        "market_id": 11,
        "rank": 6,
        "minzoom": 9
      }
    },
    {
      "type": "Feature",
      "geometry": {
        "type": "Point",
        "coordinates": [
          22.15,
          19.91
        ]
      },
      "properties": {
        "id": 510,
        "entity_id": "settlement:510",
        "feature_class": "settlement",
        "name": "Orylis",
        "settlement_type": "Generic",
        "state_id": 16,
        "province_id": 271,
        "population": 5.563,
        "capital": false,
        "port": false,
        "market_center": false,
        "market_level": "international",
        "market_id": 18,
        "rank": 6,
        "minzoom": 9
      }
    },
    {
      "type": "Feature",
      "geometry": {
        "type": "Point",
        "coordinates": [
          -6.8,
          12.12
        ]
      },
      "properties": {
        "id": 511,
        "entity_id": "settlement:511",
        "feature_class": "settlement",
        "name": "Otillos",
        "settlement_type": "Naval",
        "state_id": 17,
        "province_id": 152,
        "population": 11.483,
        "capital": false,
        "port": true,
        "market_center": true,
        "market_level": "local",
        "market_id": 29,
        "rank": 5,
        "minzoom": 7
      }
    },
    {
      "type": "Feature",
      "geometry": {
        "type": "Point",
        "coordinates": [
          9.47,
          33.96
        ]
      },
      "properties": {
        "id": 512,
        "entity_id": "settlement:512",
        "feature_class": "settlement",
        "name": "Shersle",
        "settlement_type": "Naval",
        "state_id": 19,
        "province_id": 159,
        "population": 16.62,
        "capital": false,
        "port": true,
        "market_center": false,
        "market_level": "international",
        "market_id": 15,
        "rank": 4,
        "minzoom": 6
      }
    },
    {
      "type": "Feature",
      "geometry": {
        "type": "Point",
        "coordinates": [
          -9.57,
          25.31
        ]
      },
      "properties": {
        "id": 513,
        "entity_id": "settlement:513",
        "feature_class": "settlement",
        "name": "Grafengen",
        "settlement_type": "Generic",
        "state_id": 1,
        "province_id": 174,
        "population": 14.783,
        "capital": false,
        "port": false,
        "market_center": false,
        "market_level": "international",
        "market_id": 7,
        "rank": 5,
        "minzoom": 7
      }
    },
    {
      "type": "Feature",
      "geometry": {
        "type": "Point",
        "coordinates": [
          -8.07,
          38.29
        ]
      },
      "properties": {
        "id": 514,
        "entity_id": "settlement:514",
        "feature_class": "settlement",
        "name": "Kusulakimaa",
        "settlement_type": "Generic",
        "state_id": 10,
        "province_id": 228,
        "population": 1.835,
        "capital": false,
        "port": false,
        "market_center": false,
        "market_level": "local",
        "market_id": 23,
        "rank": 6,
        "minzoom": 9
      }
    },
    {
      "type": "Feature",
      "geometry": {
        "type": "Point",
        "coordinates": [
          -3.72,
          34.11
        ]
      },
      "properties": {
        "id": 515,
        "entity_id": "settlement:515",
        "feature_class": "settlement",
        "name": "Bozozokor",
        "settlement_type": "Generic",
        "state_id": 12,
        "province_id": 99,
        "population": 11.417,
        "capital": false,
        "port": false,
        "market_center": false,
        "market_level": "international",
        "market_id": 19,
        "rank": 5,
        "minzoom": 7
      }
    },
    {
      "type": "Feature",
      "geometry": {
        "type": "Point",
        "coordinates": [
          -3.43,
          33.5
        ]
      },
      "properties": {
        "id": 516,
        "entity_id": "settlement:516",
        "feature_class": "settlement",
        "name": "Kelilerkor",
        "settlement_type": "Generic",
        "state_id": 12,
        "province_id": 99,
        "population": 1.823,
        "capital": false,
        "port": false,
        "market_center": false,
        "market_level": "international",
        "market_id": 19,
        "rank": 6,
        "minzoom": 9
      }
    },
    {
      "type": "Feature",
      "geometry": {
        "type": "Point",
        "coordinates": [
          -1.49,
          32.81
        ]
      },
      "properties": {
        "id": 517,
        "entity_id": "settlement:517",
        "feature_class": "settlement",
        "name": "Buyba",
        "settlement_type": "Naval",
        "state_id": 12,
        "province_id": 112,
        "population": 13.961,
        "capital": false,
        "port": true,
        "market_center": false,
        "market_level": "international",
        "market_id": 19,
        "rank": 5,
        "minzoom": 7
      }
    },
    {
      "type": "Feature",
      "geometry": {
        "type": "Point",
        "coordinates": [
          -8.62,
          28.36
        ]
      },
      "properties": {
        "id": 518,
        "entity_id": "settlement:518",
        "feature_class": "settlement",
        "name": "Kokuzkoba",
        "settlement_type": "Generic",
        "state_id": 8,
        "province_id": 223,
        "population": 15.334,
        "capital": false,
        "port": false,
        "market_center": false,
        "market_level": "international",
        "market_id": 7,
        "rank": 5,
        "minzoom": 7
      }
    },
    {
      "type": "Feature",
      "geometry": {
        "type": "Point",
        "coordinates": [
          -5.05,
          22.47
        ]
      },
      "properties": {
        "id": 519,
        "entity_id": "settlement:519",
        "feature_class": "settlement",
        "name": "Baltaybur",
        "settlement_type": "Naval",
        "state_id": 14,
        "province_id": 256,
        "population": 2.689,
        "capital": false,
        "port": true,
        "market_center": false,
        "market_level": "international",
        "market_id": 3,
        "rank": 6,
        "minzoom": 9
      }
    },
    {
      "type": "Feature",
      "geometry": {
        "type": "Point",
        "coordinates": [
          -17.68,
          17.97
        ]
      },
      "properties": {
        "id": 520,
        "entity_id": "settlement:520",
        "feature_class": "settlement",
        "name": "Sermafontica",
        "settlement_type": "Naval",
        "state_id": 17,
        "province_id": 149,
        "population": 9.504,
        "capital": false,
        "port": true,
        "market_center": false,
        "market_level": "international",
        "market_id": 1,
        "rank": 5,
        "minzoom": 7
      }
    },
    {
      "type": "Feature",
      "geometry": {
        "type": "Point",
        "coordinates": [
          -1.97,
          35.2
        ]
      },
      "properties": {
        "id": 521,
        "entity_id": "settlement:521",
        "feature_class": "settlement",
        "name": "Alkalaray",
        "settlement_type": "Lake",
        "state_id": 12,
        "province_id": 239,
        "population": 14.189,
        "capital": false,
        "port": false,
        "market_center": false,
        "market_level": "regional",
        "market_id": 14,
        "rank": 5,
        "minzoom": 7
      }
    },
    {
      "type": "Feature",
      "geometry": {
        "type": "Point",
        "coordinates": [
          10.54,
          29.5
        ]
      },
      "properties": {
        "id": 522,
        "entity_id": "settlement:522",
        "feature_class": "settlement",
        "name": "Buykalaz",
        "settlement_type": "Naval",
        "state_id": 19,
        "province_id": 162,
        "population": 7.657,
        "capital": false,
        "port": true,
        "market_center": false,
        "market_level": "international",
        "market_id": 15,
        "rank": 5,
        "minzoom": 7
      }
    },
    {
      "type": "Feature",
      "geometry": {
        "type": "Point",
        "coordinates": [
          -15.49,
          17.19
        ]
      },
      "properties": {
        "id": 523,
        "entity_id": "settlement:523",
        "feature_class": "settlement",
        "name": "Fiuno",
        "settlement_type": "Generic",
        "state_id": 17,
        "province_id": 145,
        "population": 3.886,
        "capital": false,
        "port": false,
        "market_center": false,
        "market_level": "local",
        "market_id": 29,
        "rank": 6,
        "minzoom": 9
      }
    },
    {
      "type": "Feature",
      "geometry": {
        "type": "Point",
        "coordinates": [
          20.3,
          27.97
        ]
      },
      "properties": {
        "id": 524,
        "entity_id": "settlement:524",
        "feature_class": "settlement",
        "name": "Bolton",
        "settlement_type": "Naval",
        "state_id": 5,
        "province_id": 44,
        "population": 17.583,
        "capital": false,
        "port": true,
        "market_center": false,
        "market_level": "international",
        "market_id": 25,
        "rank": 4,
        "minzoom": 6
      }
    },
    {
      "type": "Feature",
      "geometry": {
        "type": "Point",
        "coordinates": [
          -5.27,
          20.85
        ]
      },
      "properties": {
        "id": 525,
        "entity_id": "settlement:525",
        "feature_class": "settlement",
        "name": "Altay",
        "settlement_type": "Generic",
        "state_id": 14,
        "province_id": 129,
        "population": 13.745,
        "capital": false,
        "port": false,
        "market_center": false,
        "market_level": "international",
        "market_id": 3,
        "rank": 5,
        "minzoom": 7
      }
    },
    {
      "type": "Feature",
      "geometry": {
        "type": "Point",
        "coordinates": [
          23.0,
          23.97
        ]
      },
      "properties": {
        "id": 526,
        "entity_id": "settlement:526",
        "feature_class": "settlement",
        "name": "Hatbume",
        "settlement_type": "Generic",
        "state_id": 7,
        "province_id": 62,
        "population": 1.694,
        "capital": false,
        "port": false,
        "market_center": false,
        "market_level": "international",
        "market_id": 6,
        "rank": 6,
        "minzoom": 9
      }
    },
    {
      "type": "Feature",
      "geometry": {
        "type": "Point",
        "coordinates": [
          19.02,
          25.81
        ]
      },
      "properties": {
        "id": 527,
        "entity_id": "settlement:527",
        "feature_class": "settlement",
        "name": "Kington",
        "settlement_type": "Generic",
        "state_id": 7,
        "province_id": 66,
        "population": 2.615,
        "capital": false,
        "port": false,
        "market_center": false,
        "market_level": "international",
        "market_id": 6,
        "rank": 6,
        "minzoom": 9
      }
    },
    {
      "type": "Feature",
      "geometry": {
        "type": "Point",
        "coordinates": [
          -17.97,
          22.98
        ]
      },
      "properties": {
        "id": 528,
        "entity_id": "settlement:528",
        "feature_class": "settlement",
        "name": "Leone",
        "settlement_type": "Generic",
        "state_id": 6,
        "province_id": 48,
        "population": 3.44,
        "capital": false,
        "port": false,
        "market_center": false,
        "market_level": "international",
        "market_id": 1,
        "rank": 6,
        "minzoom": 9
      }
    },
    {
      "type": "Feature",
      "geometry": {
        "type": "Point",
        "coordinates": [
          9.53,
          31.71
        ]
      },
      "properties": {
        "id": 529,
        "entity_id": "settlement:529",
        "feature_class": "settlement",
        "name": "Totford",
        "settlement_type": "Naval",
        "state_id": 19,
        "province_id": 162,
        "population": 16.586,
        "capital": false,
        "port": true,
        "market_center": false,
        "market_level": "international",
        "market_id": 15,
        "rank": 4,
        "minzoom": 6
      }
    },
    {
      "type": "Feature",
      "geometry": {
        "type": "Point",
        "coordinates": [
          2.33,
          23.9
        ]
      },
      "properties": {
        "id": 530,
        "entity_id": "settlement:530",
        "feature_class": "settlement",
        "name": "Boca",
        "settlement_type": "Generic",
        "state_id": 12,
        "province_id": 104,
        "population": 2.956,
        "capital": false,
        "port": false,
        "market_center": false,
        "market_level": "international",
        "market_id": 16,
        "rank": 6,
        "minzoom": 9
      }
    },
    {
      "type": "Feature",
      "geometry": {
        "type": "Point",
        "coordinates": [
          -24.68,
          17.8
        ]
      },
      "properties": {
        "id": 531,
        "entity_id": "settlement:531",
        "feature_class": "settlement",
        "name": "Canti",
        "settlement_type": "Generic",
        "state_id": 6,
        "province_id": 55,
        "population": 2.006,
        "capital": false,
        "port": false,
        "market_center": false,
        "market_level": "major",
        "market_id": 30,
        "rank": 6,
        "minzoom": 9
      }
    },
    {
      "type": "Feature",
      "geometry": {
        "type": "Point",
        "coordinates": [
          -15.7,
          16.83
        ]
      },
      "properties": {
        "id": 532,
        "entity_id": "settlement:532",
        "feature_class": "settlement",
        "name": "Valle",
        "settlement_type": "Naval",
        "state_id": 17,
        "province_id": 280,
        "population": 19.646,
        "capital": false,
        "port": true,
        "market_center": false,
        "market_level": "local",
        "market_id": 29,
        "rank": 4,
        "minzoom": 6
      }
    },
    {
      "type": "Feature",
      "geometry": {
        "type": "Point",
        "coordinates": [
          -5.2,
          34.53
        ]
      },
      "properties": {
        "id": 533,
        "entity_id": "settlement:533",
        "feature_class": "settlement",
        "name": "Ayvar",
        "settlement_type": "Generic",
        "state_id": 12,
        "province_id": 102,
        "population": 21.15,
        "capital": false,
        "port": false,
        "market_center": false,
        "market_level": "international",
        "market_id": 19,
        "rank": 4,
        "minzoom": 6
      }
    },
    {
      "type": "Feature",
      "geometry": {
        "type": "Point",
        "coordinates": [
          -12.38,
          20.39
        ]
      },
      "properties": {
        "id": 534,
        "entity_id": "settlement:534",
        "feature_class": "settlement",
        "name": "Doba",
        "settlement_type": "Lake",
        "state_id": 17,
        "province_id": 147,
        "population": 2.144,
        "capital": false,
        "port": false,
        "market_center": false,
        "market_level": "international",
        "market_id": 2,
        "rank": 6,
        "minzoom": 9
      }
    },
    {
      "type": "Feature",
      "geometry": {
        "type": "Point",
        "coordinates": [
          18.79,
          16.85
        ]
      },
      "properties": {
        "id": 535,
        "entity_id": "settlement:535",
        "feature_class": "settlement",
        "name": "Degaicarnia",
        "settlement_type": "Generic",
        "state_id": 16,
        "province_id": 142,
        "population": 25.595,
        "capital": false,
        "port": false,
        "market_center": false,
        "market_level": "international",
        "market_id": 18,
        "rank": 4,
        "minzoom": 6
      }
    },
    {
      "type": "Feature",
      "geometry": {
        "type": "Point",
        "coordinates": [
          8.08,
          21.0
        ]
      },
      "properties": {
        "id": 536,
        "entity_id": "settlement:536",
        "feature_class": "settlement",
        "name": "Afonve",
        "settlement_type": "Generic",
        "state_id": 3,
        "province_id": 19,
        "population": 1.851,
        "capital": false,
        "port": false,
        "market_center": false,
        "market_level": "major",
        "market_id": 11,
        "rank": 6,
        "minzoom": 9
      }
    },
    {
      "type": "Feature",
      "geometry": {
        "type": "Point",
        "coordinates": [
          -24.52,
          34.24
        ]
      },
      "properties": {
        "id": 537,
        "entity_id": "settlement:537",
        "feature_class": "settlement",
        "name": "Ermig",
        "settlement_type": "Generic",
        "state_id": 2,
        "province_id": 176,
        "population": 1.913,
        "capital": false,
        "port": false,
        "market_center": true,
        "market_level": "local",
        "market_id": 33,
        "rank": 6,
        "minzoom": 9
      }
    },
    {
      "type": "Feature",
      "geometry": {
        "type": "Point",
        "coordinates": [
          -0.34,
          32.67
        ]
      },
      "properties": {
        "id": 538,
        "entity_id": "settlement:538",
        "feature_class": "settlement",
        "name": "Yaltaynuz",
        "settlement_type": "Generic",
        "state_id": 12,
        "province_id": 242,
        "population": 12.614,
        "capital": false,
        "port": false,
        "market_center": false,
        "market_level": "international",
        "market_id": 19,
        "rank": 5,
        "minzoom": 7
      }
    },
    {
      "type": "Feature",
      "geometry": {
        "type": "Point",
        "coordinates": [
          -10.46,
          23.87
        ]
      },
      "properties": {
        "id": 539,
        "entity_id": "settlement:539",
        "feature_class": "settlement",
        "name": "Ballstad",
        "settlement_type": "Generic",
        "state_id": 1,
        "province_id": 3,
        "population": 7.219,
        "capital": false,
        "port": false,
        "market_center": false,
        "market_level": "international",
        "market_id": 7,
        "rank": 5,
        "minzoom": 7
      }
    },
    {
      "type": "Feature",
      "geometry": {
        "type": "Point",
        "coordinates": [
          8.51,
          31.18
        ]
      },
      "properties": {
        "id": 540,
        "entity_id": "settlement:540",
        "feature_class": "settlement",
        "name": "Louthboume",
        "settlement_type": "Generic",
        "state_id": 19,
        "province_id": 160,
        "population": 5.254,
        "capital": false,
        "port": false,
        "market_center": false,
        "market_level": "international",
        "market_id": 15,
        "rank": 6,
        "minzoom": 9
      }
    },
    {
      "type": "Feature",
      "geometry": {
        "type": "Point",
        "coordinates": [
          22.78,
          25.16
        ]
      },
      "properties": {
        "id": 541,
        "entity_id": "settlement:541",
        "feature_class": "settlement",
        "name": "Cocheapton",
        "settlement_type": "Naval",
        "state_id": 7,
        "province_id": 62,
        "population": 29.495,
        "capital": false,
        "port": true,
        "market_center": false,
        "market_level": "international",
        "market_id": 6,
        "rank": 3,
        "minzoom": 5
      }
    },
    {
      "type": "Feature",
      "geometry": {
        "type": "Point",
        "coordinates": [
          -6.92,
          28.07
        ]
      },
      "properties": {
        "id": 542,
        "entity_id": "settlement:542",
        "feature_class": "settlement",
        "name": "Boku",
        "settlement_type": "Naval",
        "state_id": 12,
        "province_id": 96,
        "population": 7.214,
        "capital": false,
        "port": true,
        "market_center": false,
        "market_level": "local",
        "market_id": 12,
        "rank": 5,
        "minzoom": 7
      }
    },
    {
      "type": "Feature",
      "geometry": {
        "type": "Point",
        "coordinates": [
          24.1,
          27.5
        ]
      },
      "properties": {
        "id": 543,
        "entity_id": "settlement:543",
        "feature_class": "settlement",
        "name": "Pickeford",
        "settlement_type": "Naval",
        "state_id": 7,
        "province_id": 70,
        "population": 2.824,
        "capital": false,
        "port": true,
        "market_center": false,
        "market_level": "international",
        "market_id": 6,
        "rank": 6,
        "minzoom": 9
      }
    },
    {
      "type": "Feature",
      "geometry": {
        "type": "Point",
        "coordinates": [
          9.26,
          30.25
        ]
      },
      "properties": {
        "id": 544,
        "entity_id": "settlement:544",
        "feature_class": "settlement",
        "name": "Norlowleigh",
        "settlement_type": "Generic",
        "state_id": 19,
        "province_id": 160,
        "population": 26.496,
        "capital": false,
        "port": false,
        "market_center": false,
        "market_level": "international",
        "market_id": 15,
        "rank": 4,
        "minzoom": 6
      }
    },
    {
      "type": "Feature",
      "geometry": {
        "type": "Point",
        "coordinates": [
          13.71,
          17.83
        ]
      },
      "properties": {
        "id": 545,
        "entity_id": "settlement:545",
        "feature_class": "settlement",
        "name": "Inwenfartsea",
        "settlement_type": "Generic",
        "state_id": 4,
        "province_id": 38,
        "population": 32.985,
        "capital": false,
        "port": false,
        "market_center": false,
        "market_level": "regional",
        "market_id": 4,
        "rank": 3,
        "minzoom": 5
      }
    },
    {
      "type": "Feature",
      "geometry": {
        "type": "Point",
        "coordinates": [
          -11.71,
          32.82
        ]
      },
      "properties": {
        "id": 546,
        "entity_id": "settlement:546",
        "feature_class": "settlement",
        "name": "Niipohjaki",
        "settlement_type": "Generic",
        "state_id": 10,
        "province_id": 83,
        "population": 22.87,
        "capital": false,
        "port": false,
        "market_center": false,
        "market_level": "regional",
        "market_id": 26,
        "rank": 4,
        "minzoom": 6
      }
    },
    {
      "type": "Feature",
      "geometry": {
        "type": "Point",
        "coordinates": [
          -5.0,
          26.4
        ]
      },
      "properties": {
        "id": 547,
        "entity_id": "settlement:547",
        "feature_class": "settlement",
        "name": "Yazde",
        "settlement_type": "Naval",
        "state_id": 12,
        "province_id": 245,
        "population": 10.917,
        "capital": false,
        "port": true,
        "market_center": false,
        "market_level": "local",
        "market_id": 12,
        "rank": 5,
        "minzoom": 7
      }
    },
    {
      "type": "Feature",
      "geometry": {
        "type": "Point",
        "coordinates": [
          9.84,
          32.83
        ]
      },
      "properties": {
        "id": 548,
        "entity_id": "settlement:548",
        "feature_class": "settlement",
        "name": "Bridgehambe",
        "settlement_type": "Generic",
        "state_id": 19,
        "province_id": 159,
        "population": 40.763,
        "capital": false,
        "port": false,
        "market_center": true,
        "market_level": "international",
        "market_id": 15,
        "rank": 2,
        "minzoom": 4
      }
    },
    {
      "type": "Feature",
      "geometry": {
        "type": "Point",
        "coordinates": [
          -17.52,
          29.15
        ]
      },
      "properties": {
        "id": 549,
        "entity_id": "settlement:549",
        "feature_class": "settlement",
        "name": "Boury",
        "settlement_type": "Generic",
        "state_id": 2,
        "province_id": 10,
        "population": 8.087,
        "capital": false,
        "port": false,
        "market_center": false,
        "market_level": "international",
        "market_id": 5,
        "rank": 5,
        "minzoom": 7
      }
    },
    {
      "type": "Feature",
      "geometry": {
        "type": "Point",
        "coordinates": [
          3.74,
          32.19
        ]
      },
      "properties": {
        "id": 550,
        "entity_id": "settlement:550",
        "feature_class": "settlement",
        "name": "Oguzli",
        "settlement_type": "Generic",
        "state_id": 12,
        "province_id": 106,
        "population": 1.699,
        "capital": false,
        "port": false,
        "market_center": false,
        "market_level": "international",
        "market_id": 20,
        "rank": 6,
        "minzoom": 9
      }
    },
    {
      "type": "Feature",
      "geometry": {
        "type": "Point",
        "coordinates": [
          -17.84,
          28.96
        ]
      },
      "properties": {
        "id": 551,
        "entity_id": "settlement:551",
        "feature_class": "settlement",
        "name": "Choux",
        "settlement_type": "Generic",
        "state_id": 2,
        "province_id": 10,
        "population": 18.3,
        "capital": false,
        "port": false,
        "market_center": false,
        "market_level": "international",
        "market_id": 5,
        "rank": 4,
        "minzoom": 6
      }
    },
    {
      "type": "Feature",
      "geometry": {
        "type": "Point",
        "coordinates": [
          1.55,
          22.19
        ]
      },
      "properties": {
        "id": 552,
        "entity_id": "settlement:552",
        "feature_class": "settlement",
        "name": "Yerenkorbe",
        "settlement_type": "Generic",
        "state_id": 12,
        "province_id": 103,
        "population": 9.217,
        "capital": false,
        "port": false,
        "market_center": false,
        "market_level": "international",
        "market_id": 16,
        "rank": 5,
        "minzoom": 7
      }
    },
    {
      "type": "Feature",
      "geometry": {
        "type": "Point",
        "coordinates": [
          12.89,
          19.57
        ]
      },
      "properties": {
        "id": 553,
        "entity_id": "settlement:553",
        "feature_class": "settlement",
        "name": "Treabert",
        "settlement_type": "Naval",
        "state_id": 4,
        "province_id": 34,
        "population": 20.43,
        "capital": false,
        "port": true,
        "market_center": false,
        "market_level": "regional",
        "market_id": 22,
        "rank": 4,
        "minzoom": 6
      }
    },
    {
      "type": "Feature",
      "geometry": {
        "type": "Point",
        "coordinates": [
          -0.34,
          23.53
        ]
      },
      "properties": {
        "id": 554,
        "entity_id": "settlement:554",
        "feature_class": "settlement",
        "name": "Yenizkaya",
        "settlement_type": "Generic",
        "state_id": 12,
        "province_id": 91,
        "population": 6.428,
        "capital": false,
        "port": false,
        "market_center": false,
        "market_level": "international",
        "market_id": 16,
        "rank": 6,
        "minzoom": 9
      }
    },
    {
      "type": "Feature",
      "geometry": {
        "type": "Point",
        "coordinates": [
          23.98,
          26.58
        ]
      },
      "properties": {
        "id": 555,
        "entity_id": "settlement:555",
        "feature_class": "settlement",
        "name": "Searesham",
        "settlement_type": "Lake",
        "state_id": 7,
        "province_id": 63,
        "population": 23.464,
        "capital": false,
        "port": false,
        "market_center": false,
        "market_level": "international",
        "market_id": 6,
        "rank": 4,
        "minzoom": 6
      }
    },
    {
      "type": "Feature",
      "geometry": {
        "type": "Point",
        "coordinates": [
          15.04,
          27.73
        ]
      },
      "properties": {
        "id": 556,
        "entity_id": "settlement:556",
        "feature_class": "settlement",
        "name": "Sokeholine",
        "settlement_type": "Generic",
        "state_id": 19,
        "province_id": 161,
        "population": 2.685,
        "capital": false,
        "port": false,
        "market_center": false,
        "market_level": "international",
        "market_id": 13,
        "rank": 6,
        "minzoom": 9
      }
    },
    {
      "type": "Feature",
      "geometry": {
        "type": "Point",
        "coordinates": [
          9.5,
          23.2
        ]
      },
      "properties": {
        "id": 557,
        "entity_id": "settlement:557",
        "feature_class": "settlement",
        "name": "Bounoraberg",
        "settlement_type": "Naval",
        "state_id": 3,
        "province_id": 25,
        "population": 2.074,
        "capital": false,
        "port": true,
        "market_center": false,
        "market_level": "major",
        "market_id": 11,
        "rank": 6,
        "minzoom": 9
      }
    },
    {
      "type": "Feature",
      "geometry": {
        "type": "Point",
        "coordinates": [
          -8.48,
          16.7
        ]
      },
      "properties": {
        "id": 558,
        "entity_id": "settlement:558",
        "feature_class": "settlement",
        "name": "Sorotilgar",
        "settlement_type": "Generic",
        "state_id": 14,
        "province_id": 123,
        "population": 16.484,
        "capital": false,
        "port": false,
        "market_center": false,
        "market_level": "international",
        "market_id": 3,
        "rank": 4,
        "minzoom": 6
      }
    },
    {
      "type": "Feature",
      "geometry": {
        "type": "Point",
        "coordinates": [
          19.68,
          24.33
        ]
      },
      "properties": {
        "id": 559,
        "entity_id": "settlement:559",
        "feature_class": "settlement",
        "name": "Wenmouth",
        "settlement_type": "Generic",
        "state_id": 7,
        "province_id": 66,
        "population": 2.779,
        "capital": false,
        "port": false,
        "market_center": false,
        "market_level": "international",
        "market_id": 6,
        "rank": 6,
        "minzoom": 9
      }
    },
    {
      "type": "Feature",
      "geometry": {
        "type": "Point",
        "coordinates": [
          -0.29,
          22.75
        ]
      },
      "properties": {
        "id": 560,
        "entity_id": "settlement:560",
        "feature_class": "settlement",
        "name": "Balaman",
        "settlement_type": "Generic",
        "state_id": 12,
        "province_id": 103,
        "population": 24.839,
        "capital": false,
        "port": false,
        "market_center": false,
        "market_level": "international",
        "market_id": 16,
        "rank": 4,
        "minzoom": 6
      }
    },
    {
      "type": "Feature",
      "geometry": {
        "type": "Point",
        "coordinates": [
          -16.86,
          23.69
        ]
      },
      "properties": {
        "id": 561,
        "entity_id": "settlement:561",
        "feature_class": "settlement",
        "name": "Arone",
        "settlement_type": "Generic",
        "state_id": 6,
        "province_id": 53,
        "population": 1.841,
        "capital": false,
        "port": false,
        "market_center": false,
        "market_level": "international",
        "market_id": 1,
        "rank": 6,
        "minzoom": 9
      }
    },
    {
      "type": "Feature",
      "geometry": {
        "type": "Point",
        "coordinates": [
          6.9,
          31.27
        ]
      },
      "properties": {
        "id": 562,
        "entity_id": "settlement:562",
        "feature_class": "settlement",
        "name": "Dodurtenbe",
        "settlement_type": "Lake",
        "state_id": 19,
        "province_id": 171,
        "population": 2.245,
        "capital": false,
        "port": false,
        "market_center": false,
        "market_level": "international",
        "market_id": 15,
        "rank": 6,
        "minzoom": 9
      }
    },
    {
      "type": "Feature",
      "geometry": {
        "type": "Point",
        "coordinates": [
          -23.73,
          19.72
        ]
      },
      "properties": {
        "id": 563,
        "entity_id": "settlement:563",
        "feature_class": "settlement",
        "name": "Piantamatri",
        "settlement_type": "Naval",
        "state_id": 6,
        "province_id": 56,
        "population": 3.099,
        "capital": false,
        "port": true,
        "market_center": false,
        "market_level": "major",
        "market_id": 30,
        "rank": 6,
        "minzoom": 9
      }
    },
    {
      "type": "Feature",
      "geometry": {
        "type": "Point",
        "coordinates": [
          14.76,
          33.03
        ]
      },
      "properties": {
        "id": 564,
        "entity_id": "settlement:564",
        "feature_class": "settlement",
        "name": "Haltondon",
        "settlement_type": "Generic",
        "state_id": 19,
        "province_id": 164,
        "population": 7.004,
        "capital": false,
        "port": false,
        "market_center": false,
        "market_level": "international",
        "market_id": 13,
        "rank": 5,
        "minzoom": 7
      }
    },
    {
      "type": "Feature",
      "geometry": {
        "type": "Point",
        "coordinates": [
          -2.93,
          33.17
        ]
      },
      "properties": {
        "id": 565,
        "entity_id": "settlement:565",
        "feature_class": "settlement",
        "name": "Yakardem",
        "settlement_type": "Generic",
        "state_id": 12,
        "province_id": 112,
        "population": 11.456,
        "capital": false,
        "port": false,
        "market_center": false,
        "market_level": "international",
        "market_id": 19,
        "rank": 5,
        "minzoom": 7
      }
    },
    {
      "type": "Feature",
      "geometry": {
        "type": "Point",
        "coordinates": [
          -16.89,
          19.45
        ]
      },
      "properties": {
        "id": 566,
        "entity_id": "settlement:566",
        "feature_class": "settlement",
        "name": "Nestelle",
        "settlement_type": "Highland",
        "state_id": 6,
        "province_id": 210,
        "population": 1.852,
        "capital": false,
        "port": false,
        "market_center": false,
        "market_level": "international",
        "market_id": 1,
        "rank": 6,
        "minzoom": 9
      }
    },
    {
      "type": "Feature",
      "geometry": {
        "type": "Point",
        "coordinates": [
          -1.36,
          30.47
        ]
      },
      "properties": {
        "id": 567,
        "entity_id": "settlement:567",
        "feature_class": "settlement",
        "name": "Yadi",
        "settlement_type": "Generic",
        "state_id": 12,
        "province_id": 109,
        "population": 17.574,
        "capital": false,
        "port": false,
        "market_center": false,
        "market_level": "international",
        "market_id": 19,
        "rank": 4,
        "minzoom": 6
      }
    },
    {
      "type": "Feature",
      "geometry": {
        "type": "Point",
        "coordinates": [
          -15.64,
          29.41
        ]
      },
      "properties": {
        "id": 568,
        "entity_id": "settlement:568",
        "feature_class": "settlement",
        "name": "Trillen",
        "settlement_type": "Naval",
        "state_id": 2,
        "province_id": 9,
        "population": 1.462,
        "capital": false,
        "port": true,
        "market_center": false,
        "market_level": "major",
        "market_id": 9,
        "rank": 6,
        "minzoom": 9
      }
    },
    {
      "type": "Feature",
      "geometry": {
        "type": "Point",
        "coordinates": [
          19.35,
          21.95
        ]
      },
      "properties": {
        "id": 569,
        "entity_id": "settlement:569",
        "feature_class": "settlement",
        "name": "Seagelter",
        "settlement_type": "Generic",
        "state_id": 16,
        "province_id": 271,
        "population": 2.836,
        "capital": false,
        "port": false,
        "market_center": false,
        "market_level": "international",
        "market_id": 18,
        "rank": 6,
        "minzoom": 9
      }
    },
    {
      "type": "Feature",
      "geometry": {
        "type": "Point",
        "coordinates": [
          -21.9,
          26.25
        ]
      },
      "properties": {
        "id": 570,
        "entity_id": "settlement:570",
        "feature_class": "settlement",
        "name": "Bouerge",
        "settlement_type": "Generic",
        "state_id": 2,
        "province_id": 11,
        "population": 24.771,
        "capital": false,
        "port": false,
        "market_center": false,
        "market_level": "international",
        "market_id": 5,
        "rank": 4,
        "minzoom": 6
      }
    },
    {
      "type": "Feature",
      "geometry": {
        "type": "Point",
        "coordinates": [
          -16.35,
          24.25
        ]
      },
      "properties": {
        "id": 571,
        "entity_id": "settlement:571",
        "feature_class": "settlement",
        "name": "Bribachried",
        "settlement_type": "River",
        "state_id": 9,
        "province_id": 78,
        "population": 15.243,
        "capital": false,
        "port": false,
        "market_center": false,
        "market_level": "international",
        "market_id": 1,
        "rank": 5,
        "minzoom": 7
      }
    },
    {
      "type": "Feature",
      "geometry": {
        "type": "Point",
        "coordinates": [
          23.46,
          27.87
        ]
      },
      "properties": {
        "id": 572,
        "entity_id": "settlement:572",
        "feature_class": "settlement",
        "name": "Searararere",
        "settlement_type": "Generic",
        "state_id": 7,
        "province_id": 70,
        "population": 2.672,
        "capital": false,
        "port": false,
        "market_center": false,
        "market_level": "international",
        "market_id": 6,
        "rank": 6,
        "minzoom": 9
      }
    },
    {
      "type": "Feature",
      "geometry": {
        "type": "Point",
        "coordinates": [
          4.83,
          20.94
        ]
      },
      "properties": {
        "id": 573,
        "entity_id": "settlement:573",
        "feature_class": "settlement",
        "name": "Araynolle",
        "settlement_type": "Generic",
        "state_id": 3,
        "province_id": 29,
        "population": 13.983,
        "capital": false,
        "port": false,
        "market_center": false,
        "market_level": "major",
        "market_id": 28,
        "rank": 5,
        "minzoom": 7
      }
    },
    {
      "type": "Feature",
      "geometry": {
        "type": "Point",
        "coordinates": [
          18.54,
          19.73
        ]
      },
      "properties": {
        "id": 574,
        "entity_id": "settlement:574",
        "feature_class": "settlement",
        "name": "Laotinon",
        "settlement_type": "Generic",
        "state_id": 16,
        "province_id": 271,
        "population": 8.147,
        "capital": false,
        "port": false,
        "market_center": false,
        "market_level": "international",
        "market_id": 18,
        "rank": 5,
        "minzoom": 7
      }
    },
    {
      "type": "Feature",
      "geometry": {
        "type": "Point",
        "coordinates": [
          21.31,
          30.35
        ]
      },
      "properties": {
        "id": 575,
        "entity_id": "settlement:575",
        "feature_class": "settlement",
        "name": "Herther",
        "settlement_type": "Generic",
        "state_id": 5,
        "province_id": 46,
        "population": 1.961,
        "capital": false,
        "port": false,
        "market_center": false,
        "market_level": "international",
        "market_id": 25,
        "rank": 6,
        "minzoom": 9
      }
    },
    {
      "type": "Feature",
      "geometry": {
        "type": "Point",
        "coordinates": [
          -27.6,
          22.54
        ]
      },
      "properties": {
        "id": 576,
        "entity_id": "settlement:576",
        "feature_class": "settlement",
        "name": "Grandeur",
        "settlement_type": "Generic",
        "state_id": 13,
        "province_id": 254,
        "population": 1.881,
        "capital": false,
        "port": false,
        "market_center": false,
        "market_level": "local",
        "market_id": 27,
        "rank": 6,
        "minzoom": 9
      }
    },
    {
      "type": "Feature",
      "geometry": {
        "type": "Point",
        "coordinates": [
          27.57,
          28.17
        ]
      },
      "properties": {
        "id": 577,
        "entity_id": "settlement:577",
        "feature_class": "settlement",
        "name": "Holtash",
        "settlement_type": "Generic",
        "state_id": 7,
        "province_id": 64,
        "population": 13.429,
        "capital": false,
        "port": false,
        "market_center": false,
        "market_level": "international",
        "market_id": 6,
        "rank": 5,
        "minzoom": 7
      }
    },
    {
      "type": "Feature",
      "geometry": {
        "type": "Point",
        "coordinates": [
          15.62,
          32.41
        ]
      },
      "properties": {
        "id": 578,
        "entity_id": "settlement:578",
        "feature_class": "settlement",
        "name": "Wineterscom",
        "settlement_type": "Generic",
        "state_id": 19,
        "province_id": 168,
        "population": 2.617,
        "capital": false,
        "port": false,
        "market_center": false,
        "market_level": "international",
        "market_id": 13,
        "rank": 6,
        "minzoom": 9
      }
    },
    {
      "type": "Feature",
      "geometry": {
        "type": "Point",
        "coordinates": [
          8.5,
          31.74
        ]
      },
      "properties": {
        "id": 580,
        "entity_id": "settlement:580",
        "feature_class": "settlement",
        "name": "Amabe",
        "settlement_type": "Generic",
        "state_id": 19,
        "province_id": 167,
        "population": 8.391,
        "capital": false,
        "port": false,
        "market_center": false,
        "market_level": "international",
        "market_id": 15,
        "rank": 5,
        "minzoom": 7
      }
    },
    {
      "type": "Feature",
      "geometry": {
        "type": "Point",
        "coordinates": [
          -20.0,
          20.93
        ]
      },
      "properties": {
        "id": 581,
        "entity_id": "settlement:581",
        "feature_class": "settlement",
        "name": "Anaco",
        "settlement_type": "Generic",
        "state_id": 6,
        "province_id": 52,
        "population": 4.692,
        "capital": false,
        "port": false,
        "market_center": false,
        "market_level": "regional",
        "market_id": 10,
        "rank": 6,
        "minzoom": 9
      }
    },
    {
      "type": "Feature",
      "geometry": {
        "type": "Point",
        "coordinates": [
          -0.76,
          17.78
        ]
      },
      "properties": {
        "id": 582,
        "entity_id": "settlement:582",
        "feature_class": "settlement",
        "name": "Kemirbeyay",
        "settlement_type": "Generic",
        "state_id": 14,
        "province_id": 258,
        "population": 14.977,
        "capital": false,
        "port": false,
        "market_center": false,
        "market_level": "international",
        "market_id": 3,
        "rank": 5,
        "minzoom": 7
      }
    },
    {
      "type": "Feature",
      "geometry": {
        "type": "Point",
        "coordinates": [
          4.22,
          19.98
        ]
      },
      "properties": {
        "id": 583,
        "entity_id": "settlement:583",
        "feature_class": "settlement",
        "name": "Eigwe",
        "settlement_type": "Generic",
        "state_id": 3,
        "province_id": 20,
        "population": 7.329,
        "capital": false,
        "port": false,
        "market_center": false,
        "market_level": "major",
        "market_id": 28,
        "rank": 5,
        "minzoom": 7
      }
    },
    {
      "type": "Feature",
      "geometry": {
        "type": "Point",
        "coordinates": [
          21.95,
          21.79
        ]
      },
      "properties": {
        "id": 584,
        "entity_id": "settlement:584",
        "feature_class": "settlement",
        "name": "Swasal",
        "settlement_type": "Generic",
        "state_id": 16,
        "province_id": 271,
        "population": 5.49,
        "capital": false,
        "port": false,
        "market_center": false,
        "market_level": "international",
        "market_id": 18,
        "rank": 6,
        "minzoom": 9
      }
    },
    {
      "type": "Feature",
      "geometry": {
        "type": "Point",
        "coordinates": [
          -19.85,
          22.87
        ]
      },
      "properties": {
        "id": 585,
        "entity_id": "settlement:585",
        "feature_class": "settlement",
        "name": "Ligny",
        "settlement_type": "Generic",
        "state_id": 6,
        "province_id": 57,
        "population": 2.174,
        "capital": false,
        "port": false,
        "market_center": false,
        "market_level": "regional",
        "market_id": 10,
        "rank": 6,
        "minzoom": 9
      }
    },
    {
      "type": "Feature",
      "geometry": {
        "type": "Point",
        "coordinates": [
          -8.33,
          16.84
        ]
      },
      "properties": {
        "id": 586,
        "entity_id": "settlement:586",
        "feature_class": "settlement",
        "name": "Torron",
        "settlement_type": "Generic",
        "state_id": 14,
        "province_id": 123,
        "population": 14.427,
        "capital": false,
        "port": false,
        "market_center": false,
        "market_level": "international",
        "market_id": 3,
        "rank": 5,
        "minzoom": 7
      }
    },
    {
      "type": "Feature",
      "geometry": {
        "type": "Point",
        "coordinates": [
          25.79,
          27.37
        ]
      },
      "properties": {
        "id": 587,
        "entity_id": "settlement:587",
        "feature_class": "settlement",
        "name": "Ormsfieldge",
        "settlement_type": "Generic",
        "state_id": 7,
        "province_id": 216,
        "population": 2.69,
        "capital": false,
        "port": false,
        "market_center": false,
        "market_level": "international",
        "market_id": 6,
        "rank": 6,
        "minzoom": 9
      }
    },
    {
      "type": "Feature",
      "geometry": {
        "type": "Point",
        "coordinates": [
          -24.0,
          20.53
        ]
      },
      "properties": {
        "id": 588,
        "entity_id": "settlement:588",
        "feature_class": "settlement",
        "name": "Ponticivo",
        "settlement_type": "Lake",
        "state_id": 11,
        "province_id": 88,
        "population": 16.802,
        "capital": false,
        "port": false,
        "market_center": false,
        "market_level": "regional",
        "market_id": 10,
        "rank": 4,
        "minzoom": 6
      }
    },
    {
      "type": "Feature",
      "geometry": {
        "type": "Point",
        "coordinates": [
          -5.49,
          36.43
        ]
      },
      "properties": {
        "id": 589,
        "entity_id": "settlement:589",
        "feature_class": "settlement",
        "name": "Rakmoki",
        "settlement_type": "Hunting",
        "state_id": 12,
        "province_id": 108,
        "population": 1.954,
        "capital": false,
        "port": false,
        "market_center": false,
        "market_level": "regional",
        "market_id": 14,
        "rank": 6,
        "minzoom": 9
      }
    },
    {
      "type": "Feature",
      "geometry": {
        "type": "Point",
        "coordinates": [
          12.03,
          20.31
        ]
      },
      "properties": {
        "id": 590,
        "entity_id": "settlement:590",
        "feature_class": "settlement",
        "name": "Llaberden",
        "settlement_type": "Generic",
        "state_id": 4,
        "province_id": 34,
        "population": 1.954,
        "capital": false,
        "port": false,
        "market_center": false,
        "market_level": "regional",
        "market_id": 22,
        "rank": 6,
        "minzoom": 9
      }
    },
    {
      "type": "Feature",
      "geometry": {
        "type": "Point",
        "coordinates": [
          -16.55,
          17.91
        ]
      },
      "properties": {
        "id": 591,
        "entity_id": "settlement:591",
        "feature_class": "settlement",
        "name": "Grotri",
        "settlement_type": "Generic",
        "state_id": 17,
        "province_id": 149,
        "population": 20.124,
        "capital": false,
        "port": false,
        "market_center": false,
        "market_level": "international",
        "market_id": 1,
        "rank": 4,
        "minzoom": 6
      }
    },
    {
      "type": "Feature",
      "geometry": {
        "type": "Point",
        "coordinates": [
          -11.67,
          33.77
        ]
      },
      "properties": {
        "id": 592,
        "entity_id": "settlement:592",
        "feature_class": "settlement",
        "name": "Forskimatta",
        "settlement_type": "Naval",
        "state_id": 10,
        "province_id": 229,
        "population": 2.767,
        "capital": false,
        "port": true,
        "market_center": false,
        "market_level": "local",
        "market_id": 23,
        "rank": 6,
        "minzoom": 9
      }
    },
    {
      "type": "Feature",
      "geometry": {
        "type": "Point",
        "coordinates": [
          15.81,
          16.57
        ]
      },
      "properties": {
        "id": 593,
        "entity_id": "settlement:593",
        "feature_class": "settlement",
        "name": "Henaina",
        "settlement_type": "Generic",
        "state_id": 4,
        "province_id": 37,
        "population": 59.035,
        "capital": false,
        "port": false,
        "market_center": true,
        "market_level": "regional",
        "market_id": 4,
        "rank": 3,
        "minzoom": 5
      }
    },
    {
      "type": "Feature",
      "geometry": {
        "type": "Point",
        "coordinates": [
          19.86,
          30.33
        ]
      },
      "properties": {
        "id": 594,
        "entity_id": "settlement:594",
        "feature_class": "settlement",
        "name": "Shiftondal",
        "settlement_type": "Generic",
        "state_id": 5,
        "province_id": 41,
        "population": 2.792,
        "capital": false,
        "port": false,
        "market_center": false,
        "market_level": "international",
        "market_id": 25,
        "rank": 6,
        "minzoom": 9
      }
    },
    {
      "type": "Feature",
      "geometry": {
        "type": "Point",
        "coordinates": [
          -20.32,
          21.39
        ]
      },
      "properties": {
        "id": 595,
        "entity_id": "settlement:595",
        "feature_class": "settlement",
        "name": "Palicilaccu",
        "settlement_type": "Naval",
        "state_id": 11,
        "province_id": 237,
        "population": 17.468,
        "capital": false,
        "port": true,
        "market_center": false,
        "market_level": "regional",
        "market_id": 10,
        "rank": 4,
        "minzoom": 6
      }
    },
    {
      "type": "Feature",
      "geometry": {
        "type": "Point",
        "coordinates": [
          -9.23,
          21.72
        ]
      },
      "properties": {
        "id": 596,
        "entity_id": "settlement:596",
        "feature_class": "settlement",
        "name": "Sanobane",
        "settlement_type": "Generic",
        "state_id": 15,
        "province_id": 266,
        "population": 12.619,
        "capital": false,
        "port": false,
        "market_center": false,
        "market_level": "international",
        "market_id": 2,
        "rank": 5,
        "minzoom": 7
      }
    },
    {
      "type": "Feature",
      "geometry": {
        "type": "Point",
        "coordinates": [
          -3.21,
          36.36
        ]
      },
      "properties": {
        "id": 597,
        "entity_id": "settlement:597",
        "feature_class": "settlement",
        "name": "Kumtedibe",
        "settlement_type": "Generic",
        "state_id": 12,
        "province_id": 114,
        "population": 14.87,
        "capital": false,
        "port": false,
        "market_center": false,
        "market_level": "regional",
        "market_id": 14,
        "rank": 5,
        "minzoom": 7
      }
    },
    {
      "type": "Feature",
      "geometry": {
        "type": "Point",
        "coordinates": [
          2.66,
          35.16
        ]
      },
      "properties": {
        "id": 598,
        "entity_id": "settlement:598",
        "feature_class": "settlement",
        "name": "Babepemeri",
        "settlement_type": "Naval",
        "state_id": 12,
        "province_id": 98,
        "population": 2.711,
        "capital": false,
        "port": true,
        "market_center": false,
        "market_level": "local",
        "market_id": 32,
        "rank": 6,
        "minzoom": 9
      }
    },
    {
      "type": "Feature",
      "geometry": {
        "type": "Point",
        "coordinates": [
          -11.36,
          22.19
        ]
      },
      "properties": {
        "id": 599,
        "entity_id": "settlement:599",
        "feature_class": "settlement",
        "name": "Breistal",
        "settlement_type": "Lake",
        "state_id": 1,
        "province_id": 2,
        "population": 14.701,
        "capital": false,
        "port": false,
        "market_center": false,
        "market_level": "international",
        "market_id": 2,
        "rank": 5,
        "minzoom": 7
      }
    },
    {
      "type": "Feature",
      "geometry": {
        "type": "Point",
        "coordinates": [
          16.11,
          17.87
        ]
      },
      "properties": {
        "id": 600,
        "entity_id": "settlement:600",
        "feature_class": "settlement",
        "name": "Chlaraydedi",
        "settlement_type": "Generic",
        "state_id": 4,
        "province_id": 37,
        "population": 16.316,
        "capital": false,
        "port": false,
        "market_center": false,
        "market_level": "regional",
        "market_id": 4,
        "rank": 5,
        "minzoom": 7
      }
    },
    {
      "type": "Feature",
      "geometry": {
        "type": "Point",
        "coordinates": [
          -18.54,
          30.51
        ]
      },
      "properties": {
        "id": 601,
        "entity_id": "settlement:601",
        "feature_class": "settlement",
        "name": "Fouchy",
        "settlement_type": "Naval",
        "state_id": 2,
        "province_id": 14,
        "population": 44.422,
        "capital": false,
        "port": true,
        "market_center": false,
        "market_level": "international",
        "market_id": 5,
        "rank": 3,
        "minzoom": 5
      }
    },
    {
      "type": "Feature",
      "geometry": {
        "type": "Point",
        "coordinates": [
          -8.47,
          27.4
        ]
      },
      "properties": {
        "id": 602,
        "entity_id": "settlement:602",
        "feature_class": "settlement",
        "name": "Bayvarma",
        "settlement_type": "Naval",
        "state_id": 8,
        "province_id": 223,
        "population": 11.593,
        "capital": false,
        "port": true,
        "market_center": false,
        "market_level": "international",
        "market_id": 7,
        "rank": 5,
        "minzoom": 7
      }
    },
    {
      "type": "Feature",
      "geometry": {
        "type": "Point",
        "coordinates": [
          -5.99,
          19.97
        ]
      },
      "properties": {
        "id": 603,
        "entity_id": "settlement:603",
        "feature_class": "settlement",
        "name": "Tesentelen",
        "settlement_type": "Generic",
        "state_id": 14,
        "province_id": 129,
        "population": 1.879,
        "capital": false,
        "port": false,
        "market_center": false,
        "market_level": "international",
        "market_id": 3,
        "rank": 6,
        "minzoom": 9
      }
    },
    {
      "type": "Feature",
      "geometry": {
        "type": "Point",
        "coordinates": [
          -8.92,
          18.32
        ]
      },
      "properties": {
        "id": 604,
        "entity_id": "settlement:604",
        "feature_class": "settlement",
        "name": "Oguzkay",
        "settlement_type": "River",
        "state_id": 15,
        "province_id": 268,
        "population": 3.07,
        "capital": false,
        "port": false,
        "market_center": false,
        "market_level": "international",
        "market_id": 2,
        "rank": 6,
        "minzoom": 9
      }
    },
    {
      "type": "Feature",
      "geometry": {
        "type": "Point",
        "coordinates": [
          20.46,
          24.78
        ]
      },
      "properties": {
        "id": 605,
        "entity_id": "settlement:605",
        "feature_class": "settlement",
        "name": "Wabing",
        "settlement_type": "Naval",
        "state_id": 7,
        "province_id": 61,
        "population": 3.448,
        "capital": false,
        "port": true,
        "market_center": false,
        "market_level": "international",
        "market_id": 6,
        "rank": 6,
        "minzoom": 9
      }
    },
    {
      "type": "Feature",
      "geometry": {
        "type": "Point",
        "coordinates": [
          -3.54,
          34.63
        ]
      },
      "properties": {
        "id": 606,
        "entity_id": "settlement:606",
        "feature_class": "settlement",
        "name": "Asla",
        "settlement_type": "Generic",
        "state_id": 12,
        "province_id": 99,
        "population": 4.98,
        "capital": false,
        "port": false,
        "market_center": false,
        "market_level": "regional",
        "market_id": 14,
        "rank": 6,
        "minzoom": 9
      }
    },
    {
      "type": "Feature",
      "geometry": {
        "type": "Point",
        "coordinates": [
          7.22,
          30.63
        ]
      },
      "properties": {
        "id": 607,
        "entity_id": "settlement:607",
        "feature_class": "settlement",
        "name": "Turk",
        "settlement_type": "Generic",
        "state_id": 19,
        "province_id": 171,
        "population": 16.106,
        "capital": false,
        "port": false,
        "market_center": false,
        "market_level": "international",
        "market_id": 15,
        "rank": 5,
        "minzoom": 7
      }
    },
    {
      "type": "Feature",
      "geometry": {
        "type": "Point",
        "coordinates": [
          8.49,
          30.57
        ]
      },
      "properties": {
        "id": 608,
        "entity_id": "settlement:608",
        "feature_class": "settlement",
        "name": "Brample",
        "settlement_type": "Generic",
        "state_id": 19,
        "province_id": 160,
        "population": 3.578,
        "capital": false,
        "port": false,
        "market_center": false,
        "market_level": "international",
        "market_id": 15,
        "rank": 6,
        "minzoom": 9
      }
    },
    {
      "type": "Feature",
      "geometry": {
        "type": "Point",
        "coordinates": [
          -16.75,
          23.88
        ]
      },
      "properties": {
        "id": 609,
        "entity_id": "settlement:609",
        "feature_class": "settlement",
        "name": "Civipi",
        "settlement_type": "Generic",
        "state_id": 6,
        "province_id": 53,
        "population": 2.699,
        "capital": false,
        "port": false,
        "market_center": false,
        "market_level": "international",
        "market_id": 1,
        "rank": 6,
        "minzoom": 9
      }
    },
    {
      "type": "Feature",
      "geometry": {
        "type": "Point",
        "coordinates": [
          -5.24,
          26.31
        ]
      },
      "properties": {
        "id": 610,
        "entity_id": "settlement:610",
        "feature_class": "settlement",
        "name": "Bozkaya",
        "settlement_type": "Generic",
        "state_id": 12,
        "province_id": 245,
        "population": 6.002,
        "capital": false,
        "port": false,
        "market_center": false,
        "market_level": "local",
        "market_id": 12,
        "rank": 6,
        "minzoom": 9
      }
    },
    {
      "type": "Feature",
      "geometry": {
        "type": "Point",
        "coordinates": [
          9.12,
          20.37
        ]
      },
      "properties": {
        "id": 611,
        "entity_id": "settlement:611",
        "feature_class": "settlement",
        "name": "Llan",
        "settlement_type": "Hunting",
        "state_id": 3,
        "province_id": 19,
        "population": 1.874,
        "capital": false,
        "port": false,
        "market_center": false,
        "market_level": "major",
        "market_id": 11,
        "rank": 6,
        "minzoom": 9
      }
    },
    {
      "type": "Feature",
      "geometry": {
        "type": "Point",
        "coordinates": [
          -14.79,
          31.81
        ]
      },
      "properties": {
        "id": 612,
        "entity_id": "settlement:612",
        "feature_class": "settlement",
        "name": "Sornestad",
        "settlement_type": "Generic",
        "state_id": 18,
        "province_id": 291,
        "population": 12.869,
        "capital": false,
        "port": false,
        "market_center": false,
        "market_level": "major",
        "market_id": 9,
        "rank": 5,
        "minzoom": 7
      }
    },
    {
      "type": "Feature",
      "geometry": {
        "type": "Point",
        "coordinates": [
          9.81,
          19.63
        ]
      },
      "properties": {
        "id": 613,
        "entity_id": "settlement:613",
        "feature_class": "settlement",
        "name": "Bouaigaiglos",
        "settlement_type": "Generic",
        "state_id": 3,
        "province_id": 22,
        "population": 13.741,
        "capital": false,
        "port": false,
        "market_center": false,
        "market_level": "major",
        "market_id": 11,
        "rank": 5,
        "minzoom": 7
      }
    },
    {
      "type": "Feature",
      "geometry": {
        "type": "Point",
        "coordinates": [
          -25.5,
          20.08
        ]
      },
      "properties": {
        "id": 614,
        "entity_id": "settlement:614",
        "feature_class": "settlement",
        "name": "Camponetevig",
        "settlement_type": "Generic",
        "state_id": 13,
        "province_id": 255,
        "population": 1.913,
        "capital": false,
        "port": false,
        "market_center": false,
        "market_level": "local",
        "market_id": 27,
        "rank": 6,
        "minzoom": 9
      }
    },
    {
      "type": "Feature",
      "geometry": {
        "type": "Point",
        "coordinates": [
          18.39,
          17.83
        ]
      },
      "properties": {
        "id": 615,
        "entity_id": "settlement:615",
        "feature_class": "settlement",
        "name": "Hyenia",
        "settlement_type": "Generic",
        "state_id": 16,
        "province_id": 142,
        "population": 2.417,
        "capital": false,
        "port": false,
        "market_center": false,
        "market_level": "international",
        "market_id": 18,
        "rank": 6,
        "minzoom": 9
      }
    },
    {
      "type": "Feature",
      "geometry": {
        "type": "Point",
        "coordinates": [
          -3.94,
          31.6
        ]
      },
      "properties": {
        "id": 616,
        "entity_id": "settlement:616",
        "feature_class": "settlement",
        "name": "Alteli",
        "settlement_type": "Generic",
        "state_id": 12,
        "province_id": 241,
        "population": 10.448,
        "capital": false,
        "port": false,
        "market_center": false,
        "market_level": "international",
        "market_id": 19,
        "rank": 5,
        "minzoom": 7
      }
    },
    {
      "type": "Feature",
      "geometry": {
        "type": "Point",
        "coordinates": [
          16.87,
          30.87
        ]
      },
      "properties": {
        "id": 617,
        "entity_id": "settlement:617",
        "feature_class": "settlement",
        "name": "Steremi",
        "settlement_type": "Generic",
        "state_id": 19,
        "province_id": 170,
        "population": 14.029,
        "capital": false,
        "port": false,
        "market_center": false,
        "market_level": "international",
        "market_id": 13,
        "rank": 5,
        "minzoom": 7
      }
    },
    {
      "type": "Feature",
      "geometry": {
        "type": "Point",
        "coordinates": [
          0.32,
          22.89
        ]
      },
      "properties": {
        "id": 618,
        "entity_id": "settlement:618",
        "feature_class": "settlement",
        "name": "Serdi",
        "settlement_type": "Generic",
        "state_id": 12,
        "province_id": 103,
        "population": 2.977,
        "capital": false,
        "port": false,
        "market_center": false,
        "market_level": "international",
        "market_id": 16,
        "rank": 6,
        "minzoom": 9
      }
    },
    {
      "type": "Feature",
      "geometry": {
        "type": "Point",
        "coordinates": [
          6.04,
          20.17
        ]
      },
      "properties": {
        "id": 619,
        "entity_id": "settlement:619",
        "feature_class": "settlement",
        "name": "Inbrigion",
        "settlement_type": "Generic",
        "state_id": 3,
        "province_id": 26,
        "population": 2.4,
        "capital": false,
        "port": false,
        "market_center": false,
        "market_level": "major",
        "market_id": 28,
        "rank": 6,
        "minzoom": 9
      }
    },
    {
      "type": "Feature",
      "geometry": {
        "type": "Point",
        "coordinates": [
          21.15,
          30.69
        ]
      },
      "properties": {
        "id": 620,
        "entity_id": "settlement:620",
        "feature_class": "settlement",
        "name": "Hatham",
        "settlement_type": "Generic",
        "state_id": 5,
        "province_id": 46,
        "population": 12.897,
        "capital": false,
        "port": false,
        "market_center": false,
        "market_level": "international",
        "market_id": 25,
        "rank": 5,
        "minzoom": 7
      }
    },
    {
      "type": "Feature",
      "geometry": {
        "type": "Point",
        "coordinates": [
          -17.52,
          23.56
        ]
      },
      "properties": {
        "id": 621,
        "entity_id": "settlement:621",
        "feature_class": "settlement",
        "name": "Bellana",
        "settlement_type": "Generic",
        "state_id": 6,
        "province_id": 53,
        "population": 12.42,
        "capital": false,
        "port": false,
        "market_center": false,
        "market_level": "international",
        "market_id": 1,
        "rank": 5,
        "minzoom": 7
      }
    },
    {
      "type": "Feature",
      "geometry": {
        "type": "Point",
        "coordinates": [
          8.78,
          29.6
        ]
      },
      "properties": {
        "id": 622,
        "entity_id": "settlement:622",
        "feature_class": "settlement",
        "name": "Yramka",
        "settlement_type": "Generic",
        "state_id": 19,
        "province_id": 296,
        "population": 6.859,
        "capital": false,
        "port": false,
        "market_center": false,
        "market_level": "international",
        "market_id": 15,
        "rank": 6,
        "minzoom": 9
      }
    },
    {
      "type": "Feature",
      "geometry": {
        "type": "Point",
        "coordinates": [
          14.13,
          24.46
        ]
      },
      "properties": {
        "id": 623,
        "entity_id": "settlement:623",
        "feature_class": "settlement",
        "name": "Askibe",
        "settlement_type": "Hunting",
        "state_id": 4,
        "province_id": 35,
        "population": 2.048,
        "capital": false,
        "port": false,
        "market_center": false,
        "market_level": "regional",
        "market_id": 22,
        "rank": 6,
        "minzoom": 9
      }
    },
    {
      "type": "Feature",
      "geometry": {
        "type": "Point",
        "coordinates": [
          18.14,
          32.79
        ]
      },
      "properties": {
        "id": 624,
        "entity_id": "settlement:624",
        "feature_class": "settlement",
        "name": "Waresto",
        "settlement_type": "Generic",
        "state_id": 19,
        "province_id": 172,
        "population": 4.916,
        "capital": false,
        "port": false,
        "market_center": false,
        "market_level": "international",
        "market_id": 13,
        "rank": 6,
        "minzoom": 9
      }
    },
    {
      "type": "Feature",
      "geometry": {
        "type": "Point",
        "coordinates": [
          13.72,
          18.0
        ]
      },
      "properties": {
        "id": 625,
        "entity_id": "settlement:625",
        "feature_class": "settlement",
        "name": "Brijoris",
        "settlement_type": "Generic",
        "state_id": 4,
        "province_id": 38,
        "population": 2.147,
        "capital": false,
        "port": false,
        "market_center": false,
        "market_level": "regional",
        "market_id": 4,
        "rank": 6,
        "minzoom": 9
      }
    },
    {
      "type": "Feature",
      "geometry": {
        "type": "Point",
        "coordinates": [
          -24.37,
          19.09
        ]
      },
      "properties": {
        "id": 626,
        "entity_id": "settlement:626",
        "feature_class": "settlement",
        "name": "Citrallegna",
        "settlement_type": "Naval",
        "state_id": 13,
        "province_id": 255,
        "population": 4.293,
        "capital": false,
        "port": true,
        "market_center": false,
        "market_level": "local",
        "market_id": 27,
        "rank": 6,
        "minzoom": 9
      }
    },
    {
      "type": "Feature",
      "geometry": {
        "type": "Point",
        "coordinates": [
          15.85,
          31.58
        ]
      },
      "properties": {
        "id": 627,
        "entity_id": "settlement:627",
        "feature_class": "settlement",
        "name": "Blandling",
        "settlement_type": "Naval",
        "state_id": 19,
        "province_id": 168,
        "population": 9.727,
        "capital": false,
        "port": true,
        "market_center": false,
        "market_level": "international",
        "market_id": 13,
        "rank": 5,
        "minzoom": 7
      }
    },
    {
      "type": "Feature",
      "geometry": {
        "type": "Point",
        "coordinates": [
          3.26,
          24.35
        ]
      },
      "properties": {
        "id": 628,
        "entity_id": "settlement:628",
        "feature_class": "settlement",
        "name": "Yalkate",
        "settlement_type": "Generic",
        "state_id": 12,
        "province_id": 104,
        "population": 11.69,
        "capital": false,
        "port": false,
        "market_center": false,
        "market_level": "international",
        "market_id": 16,
        "rank": 5,
        "minzoom": 7
      }
    },
    {
      "type": "Feature",
      "geometry": {
        "type": "Point",
        "coordinates": [
          11.6,
          22.75
        ]
      },
      "properties": {
        "id": 629,
        "entity_id": "settlement:629",
        "feature_class": "settlement",
        "name": "Kanaid",
        "settlement_type": "Generic",
        "state_id": 3,
        "province_id": 24,
        "population": 1.843,
        "capital": false,
        "port": false,
        "market_center": false,
        "market_level": "major",
        "market_id": 11,
        "rank": 6,
        "minzoom": 9
      }
    },
    {
      "type": "Feature",
      "geometry": {
        "type": "Point",
        "coordinates": [
          10.9,
          18.72
        ]
      },
      "properties": {
        "id": 630,
        "entity_id": "settlement:630",
        "feature_class": "settlement",
        "name": "Ingentaberca",
        "settlement_type": "Generic",
        "state_id": 3,
        "province_id": 22,
        "population": 16.479,
        "capital": false,
        "port": false,
        "market_center": false,
        "market_level": "major",
        "market_id": 11,
        "rank": 4,
        "minzoom": 6
      }
    },
    {
      "type": "Feature",
      "geometry": {
        "type": "Point",
        "coordinates": [
          -0.7,
          24.06
        ]
      },
      "properties": {
        "id": 631,
        "entity_id": "settlement:631",
        "feature_class": "settlement",
        "name": "Azyoltedu",
        "settlement_type": "Generic",
        "state_id": 12,
        "province_id": 91,
        "population": 41.444,
        "capital": false,
        "port": false,
        "market_center": false,
        "market_level": "international",
        "market_id": 16,
        "rank": 3,
        "minzoom": 5
      }
    },
    {
      "type": "Feature",
      "geometry": {
        "type": "Point",
        "coordinates": [
          7.12,
          20.74
        ]
      },
      "properties": {
        "id": 632,
        "entity_id": "settlement:632",
        "feature_class": "settlement",
        "name": "Achicoduro",
        "settlement_type": "Naval",
        "state_id": 3,
        "province_id": 30,
        "population": 4.173,
        "capital": false,
        "port": true,
        "market_center": false,
        "market_level": "major",
        "market_id": 28,
        "rank": 6,
        "minzoom": 9
      }
    },
    {
      "type": "Feature",
      "geometry": {
        "type": "Point",
        "coordinates": [
          10.5,
          19.24
        ]
      },
      "properties": {
        "id": 633,
        "entity_id": "settlement:633",
        "feature_class": "settlement",
        "name": "Achi",
        "settlement_type": "Generic",
        "state_id": 3,
        "province_id": 22,
        "population": 36.441,
        "capital": false,
        "port": false,
        "market_center": true,
        "market_level": "major",
        "market_id": 11,
        "rank": 2,
        "minzoom": 4
      }
    },
    {
      "type": "Feature",
      "geometry": {
        "type": "Point",
        "coordinates": [
          -2.01,
          35.34
        ]
      },
      "properties": {
        "id": 634,
        "entity_id": "settlement:634",
        "feature_class": "settlement",
        "name": "Yaltunbey",
        "settlement_type": "Lake",
        "state_id": 12,
        "province_id": 239,
        "population": 21.376,
        "capital": false,
        "port": false,
        "market_center": false,
        "market_level": "regional",
        "market_id": 14,
        "rank": 4,
        "minzoom": 6
      }
    },
    {
      "type": "Feature",
      "geometry": {
        "type": "Point",
        "coordinates": [
          0.45,
          28.9
        ]
      },
      "properties": {
        "id": 635,
        "entity_id": "settlement:635",
        "feature_class": "settlement",
        "name": "Biltungur",
        "settlement_type": "Naval",
        "state_id": 12,
        "province_id": 90,
        "population": 9.661,
        "capital": false,
        "port": true,
        "market_center": false,
        "market_level": "international",
        "market_id": 20,
        "rank": 5,
        "minzoom": 7
      }
    },
    {
      "type": "Feature",
      "geometry": {
        "type": "Point",
        "coordinates": [
          -6.95,
          33.73
        ]
      },
      "properties": {
        "id": 636,
        "entity_id": "settlement:636",
        "feature_class": "settlement",
        "name": "Porvi",
        "settlement_type": "Generic",
        "state_id": 12,
        "province_id": 241,
        "population": 23.301,
        "capital": false,
        "port": false,
        "market_center": false,
        "market_level": "international",
        "market_id": 19,
        "rank": 4,
        "minzoom": 6
      }
    },
    {
      "type": "Feature",
      "geometry": {
        "type": "Point",
        "coordinates": [
          3.74,
          33.53
        ]
      },
      "properties": {
        "id": 637,
        "entity_id": "settlement:637",
        "feature_class": "settlement",
        "name": "Sivrek",
        "settlement_type": "Generic",
        "state_id": 12,
        "province_id": 111,
        "population": 8.761,
        "capital": false,
        "port": false,
        "market_center": false,
        "market_level": "international",
        "market_id": 20,
        "rank": 5,
        "minzoom": 7
      }
    },
    {
      "type": "Feature",
      "geometry": {
        "type": "Point",
        "coordinates": [
          27.45,
          25.31
        ]
      },
      "properties": {
        "id": 638,
        "entity_id": "settlement:638",
        "feature_class": "settlement",
        "name": "Kirham",
        "settlement_type": "Generic",
        "state_id": 7,
        "province_id": 216,
        "population": 10.829,
        "capital": false,
        "port": false,
        "market_center": false,
        "market_level": "local",
        "market_id": 21,
        "rank": 5,
        "minzoom": 7
      }
    },
    {
      "type": "Feature",
      "geometry": {
        "type": "Point",
        "coordinates": [
          -4.54,
          22.17
        ]
      },
      "properties": {
        "id": 639,
        "entity_id": "settlement:639",
        "feature_class": "settlement",
        "name": "Adura",
        "settlement_type": "Generic",
        "state_id": 14,
        "province_id": 256,
        "population": 21.251,
        "capital": false,
        "port": false,
        "market_center": false,
        "market_level": "international",
        "market_id": 3,
        "rank": 4,
        "minzoom": 6
      }
    },
    {
      "type": "Feature",
      "geometry": {
        "type": "Point",
        "coordinates": [
          -15.89,
          27.32
        ]
      },
      "properties": {
        "id": 640,
        "entity_id": "settlement:640",
        "feature_class": "settlement",
        "name": "Frohnheim",
        "settlement_type": "Generic",
        "state_id": 2,
        "province_id": 178,
        "population": 23.054,
        "capital": false,
        "port": false,
        "market_center": false,
        "market_level": "major",
        "market_id": 9,
        "rank": 4,
        "minzoom": 6
      }
    },
    {
      "type": "Feature",
      "geometry": {
        "type": "Point",
        "coordinates": [
          0.76,
          22.76
        ]
      },
      "properties": {
        "id": 641,
        "entity_id": "settlement:641",
        "feature_class": "settlement",
        "name": "Atyurt",
        "settlement_type": "River",
        "state_id": 12,
        "province_id": 103,
        "population": 27.76,
        "capital": false,
        "port": false,
        "market_center": true,
        "market_level": "international",
        "market_id": 16,
        "rank": 2,
        "minzoom": 4
      }
    },
    {
      "type": "Feature",
      "geometry": {
        "type": "Point",
        "coordinates": [
          10.09,
          21.41
        ]
      },
      "properties": {
        "id": 642,
        "entity_id": "settlement:642",
        "feature_class": "settlement",
        "name": "Afonnidig",
        "settlement_type": "Generic",
        "state_id": 3,
        "province_id": 21,
        "population": 1.919,
        "capital": false,
        "port": false,
        "market_center": false,
        "market_level": "major",
        "market_id": 11,
        "rank": 6,
        "minzoom": 9
      }
    },
    {
      "type": "Feature",
      "geometry": {
        "type": "Point",
        "coordinates": [
          2.99,
          28.54
        ]
      },
      "properties": {
        "id": 643,
        "entity_id": "settlement:643",
        "feature_class": "settlement",
        "name": "Askatarka",
        "settlement_type": "Generic",
        "state_id": 12,
        "province_id": 92,
        "population": 3.66,
        "capital": false,
        "port": false,
        "market_center": false,
        "market_level": "international",
        "market_id": 20,
        "rank": 6,
        "minzoom": 9
      }
    },
    {
      "type": "Feature",
      "geometry": {
        "type": "Point",
        "coordinates": [
          21.14,
          27.02
        ]
      },
      "properties": {
        "id": 644,
        "entity_id": "settlement:644",
        "feature_class": "settlement",
        "name": "Altfieldley",
        "settlement_type": "Generic",
        "state_id": 7,
        "province_id": 67,
        "population": 11.107,
        "capital": false,
        "port": false,
        "market_center": false,
        "market_level": "international",
        "market_id": 6,
        "rank": 5,
        "minzoom": 7
      }
    },
    {
      "type": "Feature",
      "geometry": {
        "type": "Point",
        "coordinates": [
          13.0,
          21.31
        ]
      },
      "properties": {
        "id": 645,
        "entity_id": "settlement:645",
        "feature_class": "settlement",
        "name": "Infart",
        "settlement_type": "Naval",
        "state_id": 4,
        "province_id": 39,
        "population": 3.863,
        "capital": false,
        "port": true,
        "market_center": false,
        "market_level": "regional",
        "market_id": 22,
        "rank": 6,
        "minzoom": 9
      }
    },
    {
      "type": "Feature",
      "geometry": {
        "type": "Point",
        "coordinates": [
          -1.81,
          31.03
        ]
      },
      "properties": {
        "id": 646,
        "entity_id": "settlement:646",
        "feature_class": "settlement",
        "name": "Buyburdem",
        "settlement_type": "Generic",
        "state_id": 12,
        "province_id": 109,
        "population": 11.435,
        "capital": false,
        "port": false,
        "market_center": false,
        "market_level": "international",
        "market_id": 19,
        "rank": 5,
        "minzoom": 7
      }
    },
    {
      "type": "Feature",
      "geometry": {
        "type": "Point",
        "coordinates": [
          -19.46,
          22.83
        ]
      },
      "properties": {
        "id": 647,
        "entity_id": "settlement:647",
        "feature_class": "settlement",
        "name": "Vignaqui",
        "settlement_type": "Naval",
        "state_id": 6,
        "province_id": 57,
        "population": 19.606,
        "capital": false,
        "port": true,
        "market_center": false,
        "market_level": "international",
        "market_id": 1,
        "rank": 4,
        "minzoom": 6
      }
    },
    {
      "type": "Feature",
      "geometry": {
        "type": "Point",
        "coordinates": [
          2.55,
          28.83
        ]
      },
      "properties": {
        "id": 648,
        "entity_id": "settlement:648",
        "feature_class": "settlement",
        "name": "Epenayba",
        "settlement_type": "Generic",
        "state_id": 12,
        "province_id": 92,
        "population": 2.758,
        "capital": false,
        "port": false,
        "market_center": false,
        "market_level": "international",
        "market_id": 20,
        "rank": 6,
        "minzoom": 9
      }
    },
    {
      "type": "Feature",
      "geometry": {
        "type": "Point",
        "coordinates": [
          -17.09,
          22.19
        ]
      },
      "properties": {
        "id": 649,
        "entity_id": "settlement:649",
        "feature_class": "settlement",
        "name": "Guicino",
        "settlement_type": "Lake",
        "state_id": 6,
        "province_id": 48,
        "population": 26.826,
        "capital": false,
        "port": false,
        "market_center": false,
        "market_level": "international",
        "market_id": 1,
        "rank": 3,
        "minzoom": 5
      }
    },
    {
      "type": "Feature",
      "geometry": {
        "type": "Point",
        "coordinates": [
          7.7,
          27.74
        ]
      },
      "properties": {
        "id": 650,
        "entity_id": "settlement:650",
        "feature_class": "settlement",
        "name": "Bovaka",
        "settlement_type": "Naval",
        "state_id": 19,
        "province_id": 169,
        "population": 18.879,
        "capital": false,
        "port": true,
        "market_center": false,
        "market_level": "international",
        "market_id": 15,
        "rank": 4,
        "minzoom": 6
      }
    },
    {
      "type": "Feature",
      "geometry": {
        "type": "Point",
        "coordinates": [
          -5.78,
          27.33
        ]
      },
      "properties": {
        "id": 651,
        "entity_id": "settlement:651",
        "feature_class": "settlement",
        "name": "Okut",
        "settlement_type": "Generic",
        "state_id": 12,
        "province_id": 96,
        "population": 2.657,
        "capital": false,
        "port": false,
        "market_center": false,
        "market_level": "local",
        "market_id": 12,
        "rank": 6,
        "minzoom": 9
      }
    },
    {
      "type": "Feature",
      "geometry": {
        "type": "Point",
        "coordinates": [
          -2.9,
          30.8
        ]
      },
      "properties": {
        "id": 652,
        "entity_id": "settlement:652",
        "feature_class": "settlement",
        "name": "Dere",
        "settlement_type": "Generic",
        "state_id": 12,
        "province_id": 109,
        "population": 17.608,
        "capital": false,
        "port": false,
        "market_center": false,
        "market_level": "international",
        "market_id": 19,
        "rank": 4,
        "minzoom": 6
      }
    },
    {
      "type": "Feature",
      "geometry": {
        "type": "Point",
        "coordinates": [
          11.52,
          30.02
        ]
      },
      "properties": {
        "id": 653,
        "entity_id": "settlement:653",
        "feature_class": "settlement",
        "name": "Bihuldon",
        "settlement_type": "Naval",
        "state_id": 19,
        "province_id": 295,
        "population": 2.888,
        "capital": false,
        "port": true,
        "market_center": false,
        "market_level": "international",
        "market_id": 15,
        "rank": 6,
        "minzoom": 9
      }
    },
    {
      "type": "Feature",
      "geometry": {
        "type": "Point",
        "coordinates": [
          18.71,
          25.85
        ]
      },
      "properties": {
        "id": 654,
        "entity_id": "settlement:654",
        "feature_class": "settlement",
        "name": "Exningdon",
        "settlement_type": "Naval",
        "state_id": 7,
        "province_id": 66,
        "population": 26.628,
        "capital": false,
        "port": true,
        "market_center": false,
        "market_level": "international",
        "market_id": 6,
        "rank": 4,
        "minzoom": 6
      }
    },
    {
      "type": "Feature",
      "geometry": {
        "type": "Point",
        "coordinates": [
          -24.05,
          25.92
        ]
      },
      "properties": {
        "id": 655,
        "entity_id": "settlement:655",
        "feature_class": "settlement",
        "name": "Ivray",
        "settlement_type": "Naval",
        "state_id": 2,
        "province_id": 12,
        "population": 7.771,
        "capital": false,
        "port": true,
        "market_center": false,
        "market_level": "local",
        "market_id": 24,
        "rank": 5,
        "minzoom": 7
      }
    },
    {
      "type": "Feature",
      "geometry": {
        "type": "Point",
        "coordinates": [
          20.98,
          18.88
        ]
      },
      "properties": {
        "id": 656,
        "entity_id": "settlement:656",
        "feature_class": "settlement",
        "name": "Myrmaliapa",
        "settlement_type": "Generic",
        "state_id": 16,
        "province_id": 135,
        "population": 19.557,
        "capital": false,
        "port": false,
        "market_center": false,
        "market_level": "international",
        "market_id": 18,
        "rank": 4,
        "minzoom": 6
      }
    },
    {
      "type": "Feature",
      "geometry": {
        "type": "Point",
        "coordinates": [
          14.38,
          28.31
        ]
      },
      "properties": {
        "id": 657,
        "entity_id": "settlement:657",
        "feature_class": "settlement",
        "name": "Balcesbury",
        "settlement_type": "Naval",
        "state_id": 19,
        "province_id": 161,
        "population": 3.676,
        "capital": false,
        "port": true,
        "market_center": false,
        "market_level": "international",
        "market_id": 13,
        "rank": 6,
        "minzoom": 9
      }
    },
    {
      "type": "Feature",
      "geometry": {
        "type": "Point",
        "coordinates": [
          7.82,
          31.81
        ]
      },
      "properties": {
        "id": 658,
        "entity_id": "settlement:658",
        "feature_class": "settlement",
        "name": "Babeyvar",
        "settlement_type": "Naval",
        "state_id": 19,
        "province_id": 167,
        "population": 6.498,
        "capital": false,
        "port": true,
        "market_center": false,
        "market_level": "international",
        "market_id": 15,
        "rank": 6,
        "minzoom": 9
      }
    },
    {
      "type": "Feature",
      "geometry": {
        "type": "Point",
        "coordinates": [
          -3.97,
          22.39
        ]
      },
      "properties": {
        "id": 659,
        "entity_id": "settlement:659",
        "feature_class": "settlement",
        "name": "Yazka",
        "settlement_type": "Generic",
        "state_id": 14,
        "province_id": 256,
        "population": 19.446,
        "capital": false,
        "port": false,
        "market_center": false,
        "market_level": "international",
        "market_id": 3,
        "rank": 4,
        "minzoom": 6
      }
    },
    {
      "type": "Feature",
      "geometry": {
        "type": "Point",
        "coordinates": [
          -13.88,
          20.51
        ]
      },
      "properties": {
        "id": 660,
        "entity_id": "settlement:660",
        "feature_class": "settlement",
        "name": "Sunbeyli",
        "settlement_type": "Naval",
        "state_id": 17,
        "province_id": 146,
        "population": 3.004,
        "capital": false,
        "port": true,
        "market_center": false,
        "market_level": "international",
        "market_id": 1,
        "rank": 6,
        "minzoom": 9
      }
    },
    {
      "type": "Feature",
      "geometry": {
        "type": "Point",
        "coordinates": [
          -16.53,
          25.83
        ]
      },
      "properties": {
        "id": 661,
        "entity_id": "settlement:661",
        "feature_class": "settlement",
        "name": "Albruck",
        "settlement_type": "Naval",
        "state_id": 9,
        "province_id": 77,
        "population": 3.865,
        "capital": false,
        "port": true,
        "market_center": false,
        "market_level": "major",
        "market_id": 9,
        "rank": 6,
        "minzoom": 9
      }
    },
    {
      "type": "Feature",
      "geometry": {
        "type": "Point",
        "coordinates": [
          -10.9,
          31.19
        ]
      },
      "properties": {
        "id": 662,
        "entity_id": "settlement:662",
        "feature_class": "settlement",
        "name": "Nikkula",
        "settlement_type": "Generic",
        "state_id": 10,
        "province_id": 80,
        "population": 2.825,
        "capital": false,
        "port": false,
        "market_center": false,
        "market_level": "regional",
        "market_id": 26,
        "rank": 6,
        "minzoom": 9
      }
    },
    {
      "type": "Feature",
      "geometry": {
        "type": "Point",
        "coordinates": [
          7.59,
          32.42
        ]
      },
      "properties": {
        "id": 663,
        "entity_id": "settlement:663",
        "feature_class": "settlement",
        "name": "Yuman",
        "settlement_type": "Generic",
        "state_id": 19,
        "province_id": 167,
        "population": 26.578,
        "capital": false,
        "port": false,
        "market_center": false,
        "market_level": "international",
        "market_id": 15,
        "rank": 4,
        "minzoom": 6
      }
    },
    {
      "type": "Feature",
      "geometry": {
        "type": "Point",
        "coordinates": [
          -8.19,
          28.57
        ]
      },
      "properties": {
        "id": 664,
        "entity_id": "settlement:664",
        "feature_class": "settlement",
        "name": "Alpyoyu",
        "settlement_type": "Naval",
        "state_id": 8,
        "province_id": 223,
        "population": 9.677,
        "capital": false,
        "port": true,
        "market_center": false,
        "market_level": "international",
        "market_id": 7,
        "rank": 5,
        "minzoom": 7
      }
    },
    {
      "type": "Feature",
      "geometry": {
        "type": "Point",
        "coordinates": [
          -17.93,
          20.77
        ]
      },
      "properties": {
        "id": 665,
        "entity_id": "settlement:665",
        "feature_class": "settlement",
        "name": "Bellorinici",
        "settlement_type": "Generic",
        "state_id": 6,
        "province_id": 210,
        "population": 23.848,
        "capital": false,
        "port": false,
        "market_center": false,
        "market_level": "international",
        "market_id": 1,
        "rank": 4,
        "minzoom": 6
      }
    },
    {
      "type": "Feature",
      "geometry": {
        "type": "Point",
        "coordinates": [
          -24.48,
          22.19
        ]
      },
      "properties": {
        "id": 666,
        "entity_id": "settlement:666",
        "feature_class": "settlement",
        "name": "Chambondille",
        "settlement_type": "Naval",
        "state_id": 13,
        "province_id": 253,
        "population": 7.078,
        "capital": false,
        "port": true,
        "market_center": false,
        "market_level": "local",
        "market_id": 27,
        "rank": 5,
        "minzoom": 7
      }
    },
    {
      "type": "Feature",
      "geometry": {
        "type": "Point",
        "coordinates": [
          20.41,
          21.81
        ]
      },
      "properties": {
        "id": 667,
        "entity_id": "settlement:667",
        "feature_class": "settlement",
        "name": "Iatecekion",
        "settlement_type": "Generic",
        "state_id": 16,
        "province_id": 271,
        "population": 3.394,
        "capital": false,
        "port": false,
        "market_center": false,
        "market_level": "international",
        "market_id": 18,
        "rank": 6,
        "minzoom": 9
      }
    },
    {
      "type": "Feature",
      "geometry": {
        "type": "Point",
        "coordinates": [
          -12.06,
          37.68
        ]
      },
      "properties": {
        "id": 668,
        "entity_id": "settlement:668",
        "feature_class": "settlement",
        "name": "Kaudas",
        "settlement_type": "Generic",
        "state_id": 10,
        "province_id": 228,
        "population": 1.87,
        "capital": false,
        "port": false,
        "market_center": false,
        "market_level": "local",
        "market_id": 23,
        "rank": 6,
        "minzoom": 9
      }
    },
    {
      "type": "Feature",
      "geometry": {
        "type": "Point",
        "coordinates": [
          -8.44,
          28.4
        ]
      },
      "properties": {
        "id": 669,
        "entity_id": "settlement:669",
        "feature_class": "settlement",
        "name": "Bozobale",
        "settlement_type": "Generic",
        "state_id": 8,
        "province_id": 223,
        "population": 7.845,
        "capital": false,
        "port": false,
        "market_center": false,
        "market_level": "international",
        "market_id": 7,
        "rank": 5,
        "minzoom": 7
      }
    },
    {
      "type": "Feature",
      "geometry": {
        "type": "Point",
        "coordinates": [
          24.69,
          27.45
        ]
      },
      "properties": {
        "id": 670,
        "entity_id": "settlement:670",
        "feature_class": "settlement",
        "name": "Preskirk",
        "settlement_type": "Hunting",
        "state_id": 7,
        "province_id": 70,
        "population": 1.858,
        "capital": false,
        "port": false,
        "market_center": false,
        "market_level": "international",
        "market_id": 6,
        "rank": 6,
        "minzoom": 9
      }
    },
    {
      "type": "Feature",
      "geometry": {
        "type": "Point",
        "coordinates": [
          -8.37,
          30.28
        ]
      },
      "properties": {
        "id": 671,
        "entity_id": "settlement:671",
        "feature_class": "settlement",
        "name": "Boydi",
        "settlement_type": "Generic",
        "state_id": 12,
        "province_id": 95,
        "population": 18.244,
        "capital": false,
        "port": false,
        "market_center": false,
        "market_level": "regional",
        "market_id": 26,
        "rank": 4,
        "minzoom": 6
      }
    },
    {
      "type": "Feature",
      "geometry": {
        "type": "Point",
        "coordinates": [
          -8.1,
          29.83
        ]
      },
      "properties": {
        "id": 672,
        "entity_id": "settlement:672",
        "feature_class": "settlement",
        "name": "Erin",
        "settlement_type": "Naval",
        "state_id": 12,
        "province_id": 115,
        "population": 2.54,
        "capital": false,
        "port": true,
        "market_center": false,
        "market_level": "local",
        "market_id": 12,
        "rank": 6,
        "minzoom": 9
      }
    },
    {
      "type": "Feature",
      "geometry": {
        "type": "Point",
        "coordinates": [
          25.16,
          27.25
        ]
      },
      "properties": {
        "id": 673,
        "entity_id": "settlement:673",
        "feature_class": "settlement",
        "name": "Lurytes",
        "settlement_type": "Generic",
        "state_id": 7,
        "province_id": 70,
        "population": 0.635,
        "capital": false,
        "port": false,
        "market_center": false,
        "market_level": "international",
        "market_id": 6,
        "rank": 6,
        "minzoom": 9
      }
    },
    {
      "type": "Feature",
      "geometry": {
        "type": "Point",
        "coordinates": [
          -16.16,
          18.45
        ]
      },
      "properties": {
        "id": 674,
        "entity_id": "settlement:674",
        "feature_class": "settlement",
        "name": "Lubro",
        "settlement_type": "Generic",
        "state_id": 17,
        "province_id": 277,
        "population": 2.011,
        "capital": false,
        "port": false,
        "market_center": false,
        "market_level": "international",
        "market_id": 1,
        "rank": 6,
        "minzoom": 9
      }
    },
    {
      "type": "Feature",
      "geometry": {
        "type": "Point",
        "coordinates": [
          12.59,
          17.48
        ]
      },
      "properties": {
        "id": 675,
        "entity_id": "settlement:675",
        "feature_class": "settlement",
        "name": "Caberbancly",
        "settlement_type": "Generic",
        "state_id": 4,
        "province_id": 32,
        "population": 3.31,
        "capital": false,
        "port": false,
        "market_center": false,
        "market_level": "regional",
        "market_id": 4,
        "rank": 6,
        "minzoom": 9
      }
    },
    {
      "type": "Feature",
      "geometry": {
        "type": "Point",
        "coordinates": [
          21.61,
          27.92
        ]
      },
      "properties": {
        "id": 676,
        "entity_id": "settlement:676",
        "feature_class": "settlement",
        "name": "Axbrid",
        "settlement_type": "Naval",
        "state_id": 7,
        "province_id": 215,
        "population": 3.858,
        "capital": false,
        "port": true,
        "market_center": false,
        "market_level": "international",
        "market_id": 6,
        "rank": 6,
        "minzoom": 9
      }
    },
    {
      "type": "Feature",
      "geometry": {
        "type": "Point",
        "coordinates": [
          19.98,
          18.78
        ]
      },
      "properties": {
        "id": 677,
        "entity_id": "settlement:677",
        "feature_class": "settlement",
        "name": "Zakra",
        "settlement_type": "Naval",
        "state_id": 16,
        "province_id": 271,
        "population": 3.879,
        "capital": false,
        "port": true,
        "market_center": false,
        "market_level": "international",
        "market_id": 18,
        "rank": 6,
        "minzoom": 9
      }
    },
    {
      "type": "Feature",
      "geometry": {
        "type": "Point",
        "coordinates": [
          20.24,
          17.91
        ]
      },
      "properties": {
        "id": 678,
        "entity_id": "settlement:678",
        "feature_class": "settlement",
        "name": "Sparta",
        "settlement_type": "Lake",
        "state_id": 16,
        "province_id": 141,
        "population": 2.238,
        "capital": false,
        "port": false,
        "market_center": false,
        "market_level": "international",
        "market_id": 18,
        "rank": 6,
        "minzoom": 9
      }
    },
    {
      "type": "Feature",
      "geometry": {
        "type": "Point",
        "coordinates": [
          -23.02,
          34.76
        ]
      },
      "properties": {
        "id": 679,
        "entity_id": "settlement:679",
        "feature_class": "settlement",
        "name": "Grieille",
        "settlement_type": "Generic",
        "state_id": 2,
        "province_id": 176,
        "population": 4.879,
        "capital": false,
        "port": false,
        "market_center": false,
        "market_level": "local",
        "market_id": 33,
        "rank": 6,
        "minzoom": 9
      }
    },
    {
      "type": "Feature",
      "geometry": {
        "type": "Point",
        "coordinates": [
          -18.91,
          29.56
        ]
      },
      "properties": {
        "id": 680,
        "entity_id": "settlement:680",
        "feature_class": "settlement",
        "name": "Ormont",
        "settlement_type": "Lake",
        "state_id": 2,
        "province_id": 14,
        "population": 29.294,
        "capital": false,
        "port": false,
        "market_center": false,
        "market_level": "international",
        "market_id": 5,
        "rank": 3,
        "minzoom": 5
      }
    },
    {
      "type": "Feature",
      "geometry": {
        "type": "Point",
        "coordinates": [
          22.3,
          17.77
        ]
      },
      "properties": {
        "id": 681,
        "entity_id": "settlement:681",
        "feature_class": "settlement",
        "name": "Zaris",
        "settlement_type": "Generic",
        "state_id": 16,
        "province_id": 135,
        "population": 14.418,
        "capital": false,
        "port": false,
        "market_center": false,
        "market_level": "international",
        "market_id": 18,
        "rank": 5,
        "minzoom": 7
      }
    },
    {
      "type": "Feature",
      "geometry": {
        "type": "Point",
        "coordinates": [
          10.24,
          26.41
        ]
      },
      "properties": {
        "id": 682,
        "entity_id": "settlement:682",
        "feature_class": "settlement",
        "name": "Yuzunsepe",
        "settlement_type": "Naval",
        "state_id": 19,
        "province_id": 296,
        "population": 63.998,
        "capital": false,
        "port": true,
        "market_center": true,
        "market_level": "local",
        "market_id": 8,
        "rank": 3,
        "minzoom": 5
      }
    },
    {
      "type": "Feature",
      "geometry": {
        "type": "Point",
        "coordinates": [
          -5.65,
          26.71
        ]
      },
      "properties": {
        "id": 683,
        "entity_id": "settlement:683",
        "feature_class": "settlement",
        "name": "Derinbey",
        "settlement_type": "Generic",
        "state_id": 12,
        "province_id": 245,
        "population": 40.587,
        "capital": false,
        "port": false,
        "market_center": true,
        "market_level": "local",
        "market_id": 12,
        "rank": 3,
        "minzoom": 5
      }
    },
    {
      "type": "Feature",
      "geometry": {
        "type": "Point",
        "coordinates": [
          -20.07,
          22.62
        ]
      },
      "properties": {
        "id": 684,
        "entity_id": "settlement:684",
        "feature_class": "settlement",
        "name": "Batillantry",
        "settlement_type": "Generic",
        "state_id": 11,
        "province_id": 236,
        "population": 2.829,
        "capital": false,
        "port": false,
        "market_center": false,
        "market_level": "regional",
        "market_id": 10,
        "rank": 6,
        "minzoom": 9
      }
    },
    {
      "type": "Feature",
      "geometry": {
        "type": "Point",
        "coordinates": [
          -23.91,
          25.75
        ]
      },
      "properties": {
        "id": 685,
        "entity_id": "settlement:685",
        "feature_class": "settlement",
        "name": "Conflanssig",
        "settlement_type": "Naval",
        "state_id": 2,
        "province_id": 12,
        "population": 11.153,
        "capital": false,
        "port": true,
        "market_center": false,
        "market_level": "local",
        "market_id": 24,
        "rank": 5,
        "minzoom": 7
      }
    },
    {
      "type": "Feature",
      "geometry": {
        "type": "Point",
        "coordinates": [
          -20.34,
          20.71
        ]
      },
      "properties": {
        "id": 686,
        "entity_id": "settlement:686",
        "feature_class": "settlement",
        "name": "Accalebuo",
        "settlement_type": "Generic",
        "state_id": 11,
        "province_id": 237,
        "population": 14.829,
        "capital": false,
        "port": false,
        "market_center": false,
        "market_level": "regional",
        "market_id": 10,
        "rank": 5,
        "minzoom": 7
      }
    },
    {
      "type": "Feature",
      "geometry": {
        "type": "Point",
        "coordinates": [
          -21.33,
          30.31
        ]
      },
      "properties": {
        "id": 687,
        "entity_id": "settlement:687",
        "feature_class": "settlement",
        "name": "Lordonvilles",
        "settlement_type": "Generic",
        "state_id": 2,
        "province_id": 8,
        "population": 7.511,
        "capital": false,
        "port": false,
        "market_center": false,
        "market_level": "international",
        "market_id": 5,
        "rank": 5,
        "minzoom": 7
      }
    },
    {
      "type": "Feature",
      "geometry": {
        "type": "Point",
        "coordinates": [
          20.1,
          30.21
        ]
      },
      "properties": {
        "id": 688,
        "entity_id": "settlement:688",
        "feature_class": "settlement",
        "name": "Albrorough",
        "settlement_type": "Generic",
        "state_id": 5,
        "province_id": 41,
        "population": 4.048,
        "capital": false,
        "port": false,
        "market_center": false,
        "market_level": "international",
        "market_id": 25,
        "rank": 6,
        "minzoom": 9
      }
    },
    {
      "type": "Feature",
      "geometry": {
        "type": "Point",
        "coordinates": [
          -15.45,
          29.1
        ]
      },
      "properties": {
        "id": 689,
        "entity_id": "settlement:689",
        "feature_class": "settlement",
        "name": "Hardt",
        "settlement_type": "Naval",
        "state_id": 2,
        "province_id": 13,
        "population": 42.71,
        "capital": false,
        "port": true,
        "market_center": true,
        "market_level": "major",
        "market_id": 9,
        "rank": 2,
        "minzoom": 4
      }
    },
    {
      "type": "Feature",
      "geometry": {
        "type": "Point",
        "coordinates": [
          -20.75,
          28.12
        ]
      },
      "properties": {
        "id": 690,
        "entity_id": "settlement:690",
        "feature_class": "settlement",
        "name": "Villy",
        "settlement_type": "Generic",
        "state_id": 2,
        "province_id": 179,
        "population": 3.84,
        "capital": false,
        "port": false,
        "market_center": false,
        "market_level": "international",
        "market_id": 5,
        "rank": 6,
        "minzoom": 9
      }
    },
    {
      "type": "Feature",
      "geometry": {
        "type": "Point",
        "coordinates": [
          -11.04,
          25.54
        ]
      },
      "properties": {
        "id": 691,
        "entity_id": "settlement:691",
        "feature_class": "settlement",
        "name": "Bisachren",
        "settlement_type": "Generic",
        "state_id": 1,
        "province_id": 174,
        "population": 1.848,
        "capital": false,
        "port": false,
        "market_center": false,
        "market_level": "international",
        "market_id": 7,
        "rank": 6,
        "minzoom": 9
      }
    },
    {
      "type": "Feature",
      "geometry": {
        "type": "Point",
        "coordinates": [
          18.47,
          16.13
        ]
      },
      "properties": {
        "id": 692,
        "entity_id": "settlement:692",
        "feature_class": "settlement",
        "name": "Serythre",
        "settlement_type": "Generic",
        "state_id": 16,
        "province_id": 137,
        "population": 1.788,
        "capital": false,
        "port": false,
        "market_center": false,
        "market_level": "international",
        "market_id": 18,
        "rank": 6,
        "minzoom": 9
      }
    },
    {
      "type": "Feature",
      "geometry": {
        "type": "Point",
        "coordinates": [
          -9.1,
          22.23
        ]
      },
      "properties": {
        "id": 693,
        "entity_id": "settlement:693",
        "feature_class": "settlement",
        "name": "Beyrukbere",
        "settlement_type": "Generic",
        "state_id": 14,
        "province_id": 257,
        "population": 1.786,
        "capital": false,
        "port": false,
        "market_center": false,
        "market_level": "international",
        "market_id": 3,
        "rank": 6,
        "minzoom": 9
      }
    },
    {
      "type": "Feature",
      "geometry": {
        "type": "Point",
        "coordinates": [
          -4.26,
          11.16
        ]
      },
      "properties": {
        "id": 694,
        "entity_id": "settlement:694",
        "feature_class": "settlement",
        "name": "Semilla",
        "settlement_type": "Hunting",
        "state_id": 17,
        "province_id": 284,
        "population": 16.782,
        "capital": false,
        "port": false,
        "market_center": false,
        "market_level": "local",
        "market_id": 29,
        "rank": 4,
        "minzoom": 6
      }
    },
    {
      "type": "Feature",
      "geometry": {
        "type": "Point",
        "coordinates": [
          3.3,
          25.06
        ]
      },
      "properties": {
        "id": 695,
        "entity_id": "settlement:695",
        "feature_class": "settlement",
        "name": "Ayarovara",
        "settlement_type": "Generic",
        "state_id": 12,
        "province_id": 104,
        "population": 17.277,
        "capital": false,
        "port": false,
        "market_center": false,
        "market_level": "international",
        "market_id": 16,
        "rank": 4,
        "minzoom": 6
      }
    },
    {
      "type": "Feature",
      "geometry": {
        "type": "Point",
        "coordinates": [
          2.29,
          35.33
        ]
      },
      "properties": {
        "id": 696,
        "entity_id": "settlement:696",
        "feature_class": "settlement",
        "name": "Aykut",
        "settlement_type": "Naval",
        "state_id": 12,
        "province_id": 98,
        "population": 2.958,
        "capital": false,
        "port": true,
        "market_center": false,
        "market_level": "local",
        "market_id": 32,
        "rank": 6,
        "minzoom": 9
      }
    },
    {
      "type": "Feature",
      "geometry": {
        "type": "Point",
        "coordinates": [
          9.31,
          30.5
        ]
      },
      "properties": {
        "id": 697,
        "entity_id": "settlement:697",
        "feature_class": "settlement",
        "name": "Kingmole",
        "settlement_type": "Generic",
        "state_id": 19,
        "province_id": 160,
        "population": 26.695,
        "capital": false,
        "port": false,
        "market_center": false,
        "market_level": "international",
        "market_id": 15,
        "rank": 3,
        "minzoom": 5
      }
    },
    {
      "type": "Feature",
      "geometry": {
        "type": "Point",
        "coordinates": [
          21.26,
          31.07
        ]
      },
      "properties": {
        "id": 698,
        "entity_id": "settlement:698",
        "feature_class": "settlement",
        "name": "Yeoneham",
        "settlement_type": "Generic",
        "state_id": 5,
        "province_id": 46,
        "population": 2.903,
        "capital": false,
        "port": false,
        "market_center": false,
        "market_level": "international",
        "market_id": 25,
        "rank": 6,
        "minzoom": 9
      }
    },
    {
      "type": "Feature",
      "geometry": {
        "type": "Point",
        "coordinates": [
          5.7,
          30.97
        ]
      },
      "properties": {
        "id": 699,
        "entity_id": "settlement:699",
        "feature_class": "settlement",
        "name": "Kumkaroke",
        "settlement_type": "Generic",
        "state_id": 12,
        "province_id": 244,
        "population": 20.223,
        "capital": false,
        "port": false,
        "market_center": false,
        "market_level": "international",
        "market_id": 20,
        "rank": 4,
        "minzoom": 6
      }
    },
    {
      "type": "Feature",
      "geometry": {
        "type": "Point",
        "coordinates": [
          19.01,
          27.08
        ]
      },
      "properties": {
        "id": 700,
        "entity_id": "settlement:700",
        "feature_class": "settlement",
        "name": "Hornceshead",
        "settlement_type": "Naval",
        "state_id": 7,
        "province_id": 59,
        "population": 13.403,
        "capital": false,
        "port": true,
        "market_center": false,
        "market_level": "international",
        "market_id": 6,
        "rank": 5,
        "minzoom": 7
      }
    },
    {
      "type": "Feature",
      "geometry": {
        "type": "Point",
        "coordinates": [
          -16.36,
          18.51
        ]
      },
      "properties": {
        "id": 701,
        "entity_id": "settlement:701",
        "feature_class": "settlement",
        "name": "Viliano",
        "settlement_type": "Naval",
        "state_id": 17,
        "province_id": 277,
        "population": 3.576,
        "capital": false,
        "port": true,
        "market_center": false,
        "market_level": "international",
        "market_id": 1,
        "rank": 6,
        "minzoom": 9
      }
    },
    {
      "type": "Feature",
      "geometry": {
        "type": "Point",
        "coordinates": [
          -4.78,
          16.76
        ]
      },
      "properties": {
        "id": 702,
        "entity_id": "settlement:702",
        "feature_class": "settlement",
        "name": "Yakayruluo",
        "settlement_type": "Generic",
        "state_id": 14,
        "province_id": 128,
        "population": 1.849,
        "capital": false,
        "port": false,
        "market_center": false,
        "market_level": "international",
        "market_id": 3,
        "rank": 6,
        "minzoom": 9
      }
    },
    {
      "type": "Feature",
      "geometry": {
        "type": "Point",
        "coordinates": [
          19.32,
          26.31
        ]
      },
      "properties": {
        "id": 703,
        "entity_id": "settlement:703",
        "feature_class": "settlement",
        "name": "Ormsford",
        "settlement_type": "Generic",
        "state_id": 7,
        "province_id": 59,
        "population": 19.202,
        "capital": false,
        "port": false,
        "market_center": false,
        "market_level": "international",
        "market_id": 6,
        "rank": 4,
        "minzoom": 6
      }
    },
    {
      "type": "Feature",
      "geometry": {
        "type": "Point",
        "coordinates": [
          -8.92,
          29.82
        ]
      },
      "properties": {
        "id": 704,
        "entity_id": "settlement:704",
        "feature_class": "settlement",
        "name": "Kozyoltay",
        "settlement_type": "Generic",
        "state_id": 12,
        "province_id": 95,
        "population": 2.869,
        "capital": false,
        "port": false,
        "market_center": false,
        "market_level": "international",
        "market_id": 7,
        "rank": 6,
        "minzoom": 9
      }
    },
    {
      "type": "Feature",
      "geometry": {
        "type": "Point",
        "coordinates": [
          7.83,
          23.68
        ]
      },
      "properties": {
        "id": 705,
        "entity_id": "settlement:705",
        "feature_class": "settlement",
        "name": "Cambovio",
        "settlement_type": "Generic",
        "state_id": 3,
        "province_id": 28,
        "population": 11.726,
        "capital": false,
        "port": false,
        "market_center": false,
        "market_level": "major",
        "market_id": 28,
        "rank": 5,
        "minzoom": 7
      }
    },
    {
      "type": "Feature",
      "geometry": {
        "type": "Point",
        "coordinates": [
          -8.42,
          18.13
        ]
      },
      "properties": {
        "id": 706,
        "entity_id": "settlement:706",
        "feature_class": "settlement",
        "name": "Yeli",
        "settlement_type": "Generic",
        "state_id": 14,
        "province_id": 126,
        "population": 15.736,
        "capital": false,
        "port": false,
        "market_center": false,
        "market_level": "international",
        "market_id": 3,
        "rank": 5,
        "minzoom": 7
      }
    },
    {
      "type": "Feature",
      "geometry": {
        "type": "Point",
        "coordinates": [
          21.22,
          16.7
        ]
      },
      "properties": {
        "id": 707,
        "entity_id": "settlement:707",
        "feature_class": "settlement",
        "name": "Hubla",
        "settlement_type": "Hunting",
        "state_id": 16,
        "province_id": 140,
        "population": 17.107,
        "capital": false,
        "port": false,
        "market_center": false,
        "market_level": "international",
        "market_id": 18,
        "rank": 4,
        "minzoom": 6
      }
    },
    {
      "type": "Feature",
      "geometry": {
        "type": "Point",
        "coordinates": [
          9.58,
          28.04
        ]
      },
      "properties": {
        "id": 708,
        "entity_id": "settlement:708",
        "feature_class": "settlement",
        "name": "Ovakaylibi",
        "settlement_type": "Generic",
        "state_id": 19,
        "province_id": 296,
        "population": 15.905,
        "capital": false,
        "port": false,
        "market_center": false,
        "market_level": "international",
        "market_id": 15,
        "rank": 5,
        "minzoom": 7
      }
    },
    {
      "type": "Feature",
      "geometry": {
        "type": "Point",
        "coordinates": [
          5.84,
          23.45
        ]
      },
      "properties": {
        "id": 709,
        "entity_id": "settlement:709",
        "feature_class": "settlement",
        "name": "Aberarann",
        "settlement_type": "River",
        "state_id": 3,
        "province_id": 27,
        "population": 1.877,
        "capital": false,
        "port": false,
        "market_center": false,
        "market_level": "major",
        "market_id": 28,
        "rank": 6,
        "minzoom": 9
      }
    },
    {
      "type": "Feature",
      "geometry": {
        "type": "Point",
        "coordinates": [
          -7.78,
          37.09
        ]
      },
      "properties": {
        "id": 710,
        "entity_id": "settlement:710",
        "feature_class": "settlement",
        "name": "Torvila",
        "settlement_type": "Generic",
        "state_id": 10,
        "province_id": 84,
        "population": 5.503,
        "capital": false,
        "port": false,
        "market_center": false,
        "market_level": "local",
        "market_id": 23,
        "rank": 6,
        "minzoom": 9
      }
    },
    {
      "type": "Feature",
      "geometry": {
        "type": "Point",
        "coordinates": [
          -9.31,
          22.17
        ]
      },
      "properties": {
        "id": 711,
        "entity_id": "settlement:711",
        "feature_class": "settlement",
        "name": "Yelgaka",
        "settlement_type": "Generic",
        "state_id": 15,
        "province_id": 266,
        "population": 8.636,
        "capital": false,
        "port": false,
        "market_center": false,
        "market_level": "international",
        "market_id": 2,
        "rank": 5,
        "minzoom": 7
      }
    },
    {
      "type": "Feature",
      "geometry": {
        "type": "Point",
        "coordinates": [
          20.14,
          28.43
        ]
      },
      "properties": {
        "id": 712,
        "entity_id": "settlement:712",
        "feature_class": "settlement",
        "name": "Milton",
        "settlement_type": "Lake",
        "state_id": 5,
        "province_id": 44,
        "population": 2.261,
        "capital": false,
        "port": false,
        "market_center": false,
        "market_level": "international",
        "market_id": 25,
        "rank": 6,
        "minzoom": 9
      }
    },
    {
      "type": "Feature",
      "geometry": {
        "type": "Point",
        "coordinates": [
          -17.79,
          18.0
        ]
      },
      "properties": {
        "id": 713,
        "entity_id": "settlement:713",
        "feature_class": "settlement",
        "name": "Fardo",
        "settlement_type": "Naval",
        "state_id": 17,
        "province_id": 149,
        "population": 23.263,
        "capital": false,
        "port": true,
        "market_center": false,
        "market_level": "international",
        "market_id": 1,
        "rank": 4,
        "minzoom": 6
      }
    },
    {
      "type": "Feature",
      "geometry": {
        "type": "Point",
        "coordinates": [
          15.19,
          33.52
        ]
      },
      "properties": {
        "id": 714,
        "entity_id": "settlement:714",
        "feature_class": "settlement",
        "name": "Uxbrid",
        "settlement_type": "Generic",
        "state_id": 19,
        "province_id": 163,
        "population": 1.939,
        "capital": false,
        "port": false,
        "market_center": false,
        "market_level": "international",
        "market_id": 25,
        "rank": 6,
        "minzoom": 9
      }
    },
    {
      "type": "Feature",
      "geometry": {
        "type": "Point",
        "coordinates": [
          19.15,
          18.36
        ]
      },
      "properties": {
        "id": 715,
        "entity_id": "settlement:715",
        "feature_class": "settlement",
        "name": "Suciaies",
        "settlement_type": "Naval",
        "state_id": 16,
        "province_id": 136,
        "population": 2.577,
        "capital": false,
        "port": true,
        "market_center": false,
        "market_level": "international",
        "market_id": 18,
        "rank": 6,
        "minzoom": 9
      }
    },
    {
      "type": "Feature",
      "geometry": {
        "type": "Point",
        "coordinates": [
          -16.06,
          28.82
        ]
      },
      "properties": {
        "id": 716,
        "entity_id": "settlement:716",
        "feature_class": "settlement",
        "name": "Fonces",
        "settlement_type": "Generic",
        "state_id": 2,
        "province_id": 178,
        "population": 10.572,
        "capital": false,
        "port": false,
        "market_center": false,
        "market_level": "major",
        "market_id": 9,
        "rank": 5,
        "minzoom": 7
      }
    },
    {
      "type": "Feature",
      "geometry": {
        "type": "Point",
        "coordinates": [
          1.81,
          21.41
        ]
      },
      "properties": {
        "id": 717,
        "entity_id": "settlement:717",
        "feature_class": "settlement",
        "name": "Badi",
        "settlement_type": "Generic",
        "state_id": 12,
        "province_id": 110,
        "population": 2.884,
        "capital": false,
        "port": false,
        "market_center": false,
        "market_level": "international",
        "market_id": 16,
        "rank": 6,
        "minzoom": 9
      }
    },
    {
      "type": "Feature",
      "geometry": {
        "type": "Point",
        "coordinates": [
          -14.02,
          22.96
        ]
      },
      "properties": {
        "id": 718,
        "entity_id": "settlement:718",
        "feature_class": "settlement",
        "name": "Trilerzar",
        "settlement_type": "Naval",
        "state_id": 1,
        "province_id": 175,
        "population": 40.647,
        "capital": false,
        "port": true,
        "market_center": false,
        "market_level": "international",
        "market_id": 1,
        "rank": 3,
        "minzoom": 5
      }
    },
    {
      "type": "Feature",
      "geometry": {
        "type": "Point",
        "coordinates": [
          9.56,
          21.59
        ]
      },
      "properties": {
        "id": 719,
        "entity_id": "settlement:719",
        "feature_class": "settlement",
        "name": "Fhlai",
        "settlement_type": "Naval",
        "state_id": 3,
        "province_id": 25,
        "population": 3.718,
        "capital": false,
        "port": true,
        "market_center": false,
        "market_level": "major",
        "market_id": 11,
        "rank": 6,
        "minzoom": 9
      }
    },
    {
      "type": "Feature",
      "geometry": {
        "type": "Point",
        "coordinates": [
          -14.84,
          18.78
        ]
      },
      "properties": {
        "id": 720,
        "entity_id": "settlement:720",
        "feature_class": "settlement",
        "name": "Monti",
        "settlement_type": "Generic",
        "state_id": 17,
        "province_id": 277,
        "population": 11.204,
        "capital": false,
        "port": false,
        "market_center": false,
        "market_level": "international",
        "market_id": 1,
        "rank": 5,
        "minzoom": 7
      }
    },
    {
      "type": "Feature",
      "geometry": {
        "type": "Point",
        "coordinates": [
          21.51,
          17.06
        ]
      },
      "properties": {
        "id": 721,
        "entity_id": "settlement:721",
        "feature_class": "settlement",
        "name": "Lektassa",
        "settlement_type": "Generic",
        "state_id": 16,
        "province_id": 140,
        "population": 2.794,
        "capital": false,
        "port": false,
        "market_center": false,
        "market_level": "international",
        "market_id": 18,
        "rank": 6,
        "minzoom": 9
      }
    },
    {
      "type": "Feature",
      "geometry": {
        "type": "Point",
        "coordinates": [
          -10.43,
          27.66
        ]
      },
      "properties": {
        "id": 722,
        "entity_id": "settlement:722",
        "feature_class": "settlement",
        "name": "Ripel",
        "settlement_type": "Naval",
        "state_id": 8,
        "province_id": 76,
        "population": 3.366,
        "capital": false,
        "port": true,
        "market_center": false,
        "market_level": "international",
        "market_id": 7,
        "rank": 6,
        "minzoom": 9
      }
    },
    {
      "type": "Feature",
      "geometry": {
        "type": "Point",
        "coordinates": [
          -2.74,
          34.04
        ]
      },
      "properties": {
        "id": 723,
        "entity_id": "settlement:723",
        "feature_class": "settlement",
        "name": "Keki",
        "settlement_type": "Naval",
        "state_id": 12,
        "province_id": 99,
        "population": 23.351,
        "capital": false,
        "port": true,
        "market_center": false,
        "market_level": "international",
        "market_id": 19,
        "rank": 4,
        "minzoom": 6
      }
    },
    {
      "type": "Feature",
      "geometry": {
        "type": "Point",
        "coordinates": [
          15.4,
          30.8
        ]
      },
      "properties": {
        "id": 724,
        "entity_id": "settlement:724",
        "feature_class": "settlement",
        "name": "Wamerham",
        "settlement_type": "Lake",
        "state_id": 19,
        "province_id": 166,
        "population": 26.208,
        "capital": false,
        "port": false,
        "market_center": false,
        "market_level": "international",
        "market_id": 13,
        "rank": 4,
        "minzoom": 6
      }
    },
    {
      "type": "Feature",
      "geometry": {
        "type": "Point",
        "coordinates": [
          -16.59,
          34.95
        ]
      },
      "properties": {
        "id": 725,
        "entity_id": "settlement:725",
        "feature_class": "settlement",
        "name": "Felsalengi",
        "settlement_type": "Hunting",
        "state_id": 18,
        "province_id": 156,
        "population": 11.769,
        "capital": false,
        "port": false,
        "market_center": false,
        "market_level": "local",
        "market_id": 17,
        "rank": 5,
        "minzoom": 7
      }
    },
    {
      "type": "Feature",
      "geometry": {
        "type": "Point",
        "coordinates": [
          -4.09,
          34.62
        ]
      },
      "properties": {
        "id": 726,
        "entity_id": "settlement:726",
        "feature_class": "settlement",
        "name": "Dulalaya",
        "settlement_type": "Generic",
        "state_id": 12,
        "province_id": 99,
        "population": 17.747,
        "capital": false,
        "port": false,
        "market_center": false,
        "market_level": "regional",
        "market_id": 14,
        "rank": 4,
        "minzoom": 6
      }
    },
    {
      "type": "Feature",
      "geometry": {
        "type": "Point",
        "coordinates": [
          -21.96,
          16.84
        ]
      },
      "properties": {
        "id": 727,
        "entity_id": "settlement:727",
        "feature_class": "settlement",
        "name": "Loulum",
        "settlement_type": "Naval",
        "state_id": 6,
        "province_id": 58,
        "population": 11.813,
        "capital": false,
        "port": true,
        "market_center": false,
        "market_level": "major",
        "market_id": 30,
        "rank": 5,
        "minzoom": 7
      }
    },
    {
      "type": "Feature",
      "geometry": {
        "type": "Point",
        "coordinates": [
          -21.79,
          28.37
        ]
      },
      "properties": {
        "id": 728,
        "entity_id": "settlement:728",
        "feature_class": "settlement",
        "name": "Charcy",
        "settlement_type": "Generic",
        "state_id": 2,
        "province_id": 179,
        "population": 1.955,
        "capital": false,
        "port": false,
        "market_center": false,
        "market_level": "international",
        "market_id": 5,
        "rank": 6,
        "minzoom": 9
      }
    },
    {
      "type": "Feature",
      "geometry": {
        "type": "Point",
        "coordinates": [
          -8.61,
          28.84
        ]
      },
      "properties": {
        "id": 729,
        "entity_id": "settlement:729",
        "feature_class": "settlement",
        "name": "Ayodur",
        "settlement_type": "Generic",
        "state_id": 8,
        "province_id": 223,
        "population": 8.117,
        "capital": false,
        "port": false,
        "market_center": false,
        "market_level": "international",
        "market_id": 7,
        "rank": 5,
        "minzoom": 7
      }
    },
    {
      "type": "Feature",
      "geometry": {
        "type": "Point",
        "coordinates": [
          7.64,
          27.08
        ]
      },
      "properties": {
        "id": 730,
        "entity_id": "settlement:730",
        "feature_class": "settlement",
        "name": "Okuzsuman",
        "settlement_type": "Naval",
        "state_id": 12,
        "province_id": 101,
        "population": 1.367,
        "capital": false,
        "port": true,
        "market_center": false,
        "market_level": "international",
        "market_id": 20,
        "rank": 6,
        "minzoom": 9
      }
    },
    {
      "type": "Feature",
      "geometry": {
        "type": "Point",
        "coordinates": [
          -6.64,
          32.46
        ]
      },
      "properties": {
        "id": 731,
        "entity_id": "settlement:731",
        "feature_class": "settlement",
        "name": "Ersuzun",
        "settlement_type": "Generic",
        "state_id": 12,
        "province_id": 241,
        "population": 3.101,
        "capital": false,
        "port": false,
        "market_center": false,
        "market_level": "international",
        "market_id": 19,
        "rank": 6,
        "minzoom": 9
      }
    },
    {
      "type": "Feature",
      "geometry": {
        "type": "Point",
        "coordinates": [
          16.63,
          30.68
        ]
      },
      "properties": {
        "id": 732,
        "entity_id": "settlement:732",
        "feature_class": "settlement",
        "name": "Roboroboho",
        "settlement_type": "Generic",
        "state_id": 19,
        "province_id": 170,
        "population": 16.392,
        "capital": false,
        "port": false,
        "market_center": false,
        "market_level": "international",
        "market_id": 13,
        "rank": 4,
        "minzoom": 6
      }
    },
    {
      "type": "Feature",
      "geometry": {
        "type": "Point",
        "coordinates": [
          7.42,
          22.73
        ]
      },
      "properties": {
        "id": 733,
        "entity_id": "settlement:733",
        "feature_class": "settlement",
        "name": "Anabercych",
        "settlement_type": "Naval",
        "state_id": 3,
        "province_id": 30,
        "population": 4.75,
        "capital": false,
        "port": true,
        "market_center": false,
        "market_level": "major",
        "market_id": 28,
        "rank": 6,
        "minzoom": 9
      }
    },
    {
      "type": "Feature",
      "geometry": {
        "type": "Point",
        "coordinates": [
          -9.92,
          22.59
        ]
      },
      "properties": {
        "id": 734,
        "entity_id": "settlement:734",
        "feature_class": "settlement",
        "name": "Hardt",
        "settlement_type": "Generic",
        "state_id": 1,
        "province_id": 3,
        "population": 13.656,
        "capital": false,
        "port": false,
        "market_center": false,
        "market_level": "international",
        "market_id": 2,
        "rank": 5,
        "minzoom": 7
      }
    },
    {
      "type": "Feature",
      "geometry": {
        "type": "Point",
        "coordinates": [
          -25.64,
          25.08
        ]
      },
      "properties": {
        "id": 735,
        "entity_id": "settlement:735",
        "feature_class": "settlement",
        "name": "Vienneaux",
        "settlement_type": "Naval",
        "state_id": 2,
        "province_id": 181,
        "population": 4.542,
        "capital": false,
        "port": true,
        "market_center": false,
        "market_level": "local",
        "market_id": 24,
        "rank": 6,
        "minzoom": 9
      }
    },
    {
      "type": "Feature",
      "geometry": {
        "type": "Point",
        "coordinates": [
          -23.96,
          19.32
        ]
      },
      "properties": {
        "id": 736,
        "entity_id": "settlement:736",
        "feature_class": "settlement",
        "name": "Castelletro",
        "settlement_type": "Lake",
        "state_id": 6,
        "province_id": 56,
        "population": 27.753,
        "capital": false,
        "port": false,
        "market_center": false,
        "market_level": "major",
        "market_id": 30,
        "rank": 3,
        "minzoom": 5
      }
    },
    {
      "type": "Feature",
      "geometry": {
        "type": "Point",
        "coordinates": [
          9.23,
          34.57
        ]
      },
      "properties": {
        "id": 737,
        "entity_id": "settlement:737",
        "feature_class": "settlement",
        "name": "Cudford",
        "settlement_type": "Generic",
        "state_id": 19,
        "province_id": 159,
        "population": 14.397,
        "capital": false,
        "port": false,
        "market_center": false,
        "market_level": "international",
        "market_id": 15,
        "rank": 5,
        "minzoom": 7
      }
    },
    {
      "type": "Feature",
      "geometry": {
        "type": "Point",
        "coordinates": [
          -22.49,
          22.37
        ]
      },
      "properties": {
        "id": 738,
        "entity_id": "settlement:738",
        "feature_class": "settlement",
        "name": "Vienvilles",
        "settlement_type": "Generic",
        "state_id": 11,
        "province_id": 89,
        "population": 1.73,
        "capital": false,
        "port": false,
        "market_center": false,
        "market_level": "regional",
        "market_id": 10,
        "rank": 6,
        "minzoom": 9
      }
    },
    {
      "type": "Feature",
      "geometry": {
        "type": "Point",
        "coordinates": [
          -12.36,
          18.77
        ]
      },
      "properties": {
        "id": 739,
        "entity_id": "settlement:739",
        "feature_class": "settlement",
        "name": "Yalpyopu",
        "settlement_type": "Generic",
        "state_id": 15,
        "province_id": 267,
        "population": 8.846,
        "capital": false,
        "port": false,
        "market_center": false,
        "market_level": "international",
        "market_id": 2,
        "rank": 5,
        "minzoom": 7
      }
    },
    {
      "type": "Feature",
      "geometry": {
        "type": "Point",
        "coordinates": [
          -20.47,
          26.37
        ]
      },
      "properties": {
        "id": 740,
        "entity_id": "settlement:740",
        "feature_class": "settlement",
        "name": "Erdeshernoi",
        "settlement_type": "Generic",
        "state_id": 2,
        "province_id": 11,
        "population": 11.172,
        "capital": false,
        "port": false,
        "market_center": false,
        "market_level": "international",
        "market_id": 5,
        "rank": 5,
        "minzoom": 7
      }
    },
    {
      "type": "Feature",
      "geometry": {
        "type": "Point",
        "coordinates": [
          -13.97,
          33.9
        ]
      },
      "properties": {
        "id": 741,
        "entity_id": "settlement:741",
        "feature_class": "settlement",
        "name": "Raufarfi",
        "settlement_type": "Naval",
        "state_id": 18,
        "province_id": 291,
        "population": 3.562,
        "capital": false,
        "port": true,
        "market_center": false,
        "market_level": "regional",
        "market_id": 26,
        "rank": 6,
        "minzoom": 9
      }
    },
    {
      "type": "Feature",
      "geometry": {
        "type": "Point",
        "coordinates": [
          3.91,
          19.16
        ]
      },
      "properties": {
        "id": 742,
        "entity_id": "settlement:742",
        "feature_class": "settlement",
        "name": "Roswsinver",
        "settlement_type": "Generic",
        "state_id": 3,
        "province_id": 23,
        "population": 2.023,
        "capital": false,
        "port": false,
        "market_center": false,
        "market_level": "major",
        "market_id": 28,
        "rank": 6,
        "minzoom": 9
      }
    },
    {
      "type": "Feature",
      "geometry": {
        "type": "Point",
        "coordinates": [
          -8.58,
          15.4
        ]
      },
      "properties": {
        "id": 743,
        "entity_id": "settlement:743",
        "feature_class": "settlement",
        "name": "Sovegalanes",
        "settlement_type": "Generic",
        "state_id": 17,
        "province_id": 281,
        "population": 7.76,
        "capital": false,
        "port": false,
        "market_center": false,
        "market_level": "international",
        "market_id": 2,
        "rank": 5,
        "minzoom": 7
      }
    },
    {
      "type": "Feature",
      "geometry": {
        "type": "Point",
        "coordinates": [
          15.48,
          18.49
        ]
      },
      "properties": {
        "id": 744,
        "entity_id": "settlement:744",
        "feature_class": "settlement",
        "name": "Alaintillain",
        "settlement_type": "Generic",
        "state_id": 4,
        "province_id": 197,
        "population": 2.035,
        "capital": false,
        "port": false,
        "market_center": false,
        "market_level": "regional",
        "market_id": 4,
        "rank": 6,
        "minzoom": 9
      }
    },
    {
      "type": "Feature",
      "geometry": {
        "type": "Point",
        "coordinates": [
          14.23,
          28.56
        ]
      },
      "properties": {
        "id": 745,
        "entity_id": "settlement:745",
        "feature_class": "settlement",
        "name": "Cliford",
        "settlement_type": "Naval",
        "state_id": 19,
        "province_id": 158,
        "population": 36.92,
        "capital": false,
        "port": true,
        "market_center": true,
        "market_level": "international",
        "market_id": 13,
        "rank": 2,
        "minzoom": 4
      }
    },
    {
      "type": "Feature",
      "geometry": {
        "type": "Point",
        "coordinates": [
          12.64,
          20.38
        ]
      },
      "properties": {
        "id": 746,
        "entity_id": "settlement:746",
        "feature_class": "settlement",
        "name": "Bhruleraber",
        "settlement_type": "Generic",
        "state_id": 4,
        "province_id": 34,
        "population": 16.041,
        "capital": false,
        "port": false,
        "market_center": false,
        "market_level": "regional",
        "market_id": 22,
        "rank": 5,
        "minzoom": 7
      }
    },
    {
      "type": "Feature",
      "geometry": {
        "type": "Point",
        "coordinates": [
          -7.18,
          13.41
        ]
      },
      "properties": {
        "id": 747,
        "entity_id": "settlement:747",
        "feature_class": "settlement",
        "name": "Yunda",
        "settlement_type": "Generic",
        "state_id": 17,
        "province_id": 281,
        "population": 21.735,
        "capital": false,
        "port": false,
        "market_center": false,
        "market_level": "local",
        "market_id": 29,
        "rank": 4,
        "minzoom": 6
      }
    },
    {
      "type": "Feature",
      "geometry": {
        "type": "Point",
        "coordinates": [
          -23.19,
          21.49
        ]
      },
      "properties": {
        "id": 748,
        "entity_id": "settlement:748",
        "feature_class": "settlement",
        "name": "Laninorocch",
        "settlement_type": "Generic",
        "state_id": 11,
        "province_id": 87,
        "population": 6.666,
        "capital": false,
        "port": false,
        "market_center": false,
        "market_level": "regional",
        "market_id": 10,
        "rank": 6,
        "minzoom": 9
      }
    },
    {
      "type": "Feature",
      "geometry": {
        "type": "Point",
        "coordinates": [
          -24.24,
          22.69
        ]
      },
      "properties": {
        "id": 749,
        "entity_id": "settlement:749",
        "feature_class": "settlement",
        "name": "Coudroy",
        "settlement_type": "Naval",
        "state_id": 13,
        "province_id": 253,
        "population": 18.813,
        "capital": false,
        "port": true,
        "market_center": false,
        "market_level": "local",
        "market_id": 27,
        "rank": 4,
        "minzoom": 6
      }
    },
    {
      "type": "Feature",
      "geometry": {
        "type": "Point",
        "coordinates": [
          22.13,
          27.9
        ]
      },
      "properties": {
        "id": 750,
        "entity_id": "settlement:750",
        "feature_class": "settlement",
        "name": "Durmouth",
        "settlement_type": "Lake",
        "state_id": 7,
        "province_id": 215,
        "population": 8.285,
        "capital": false,
        "port": false,
        "market_center": false,
        "market_level": "international",
        "market_id": 6,
        "rank": 5,
        "minzoom": 7
      }
    },
    {
      "type": "Feature",
      "geometry": {
        "type": "Point",
        "coordinates": [
          8.02,
          27.27
        ]
      },
      "properties": {
        "id": 751,
        "entity_id": "settlement:751",
        "feature_class": "settlement",
        "name": "Aylideki",
        "settlement_type": "Generic",
        "state_id": 19,
        "province_id": 173,
        "population": 10.616,
        "capital": false,
        "port": false,
        "market_center": false,
        "market_level": "international",
        "market_id": 15,
        "rank": 5,
        "minzoom": 7
      }
    },
    {
      "type": "Feature",
      "geometry": {
        "type": "Point",
        "coordinates": [
          -25.25,
          27.63
        ]
      },
      "properties": {
        "id": 752,
        "entity_id": "settlement:752",
        "feature_class": "settlement",
        "name": "Sannessas",
        "settlement_type": "Naval",
        "state_id": 2,
        "province_id": 18,
        "population": 2.587,
        "capital": false,
        "port": true,
        "market_center": false,
        "market_level": "local",
        "market_id": 24,
        "rank": 6,
        "minzoom": 9
      }
    },
    {
      "type": "Feature",
      "geometry": {
        "type": "Point",
        "coordinates": [
          -7.36,
          19.98
        ]
      },
      "properties": {
        "id": 753,
        "entity_id": "settlement:753",
        "feature_class": "settlement",
        "name": "Kart",
        "settlement_type": "Generic",
        "state_id": 14,
        "province_id": 122,
        "population": 8.53,
        "capital": false,
        "port": false,
        "market_center": false,
        "market_level": "international",
        "market_id": 3,
        "rank": 5,
        "minzoom": 7
      }
    },
    {
      "type": "Feature",
      "geometry": {
        "type": "Point",
        "coordinates": [
          11.44,
          19.53
        ]
      },
      "properties": {
        "id": 754,
        "entity_id": "settlement:754",
        "feature_class": "settlement",
        "name": "Abercych",
        "settlement_type": "Generic",
        "state_id": 4,
        "province_id": 198,
        "population": 2.886,
        "capital": false,
        "port": false,
        "market_center": false,
        "market_level": "regional",
        "market_id": 22,
        "rank": 6,
        "minzoom": 9
      }
    },
    {
      "type": "Feature",
      "geometry": {
        "type": "Point",
        "coordinates": [
          -11.53,
          31.75
        ]
      },
      "properties": {
        "id": 755,
        "entity_id": "settlement:755",
        "feature_class": "settlement",
        "name": "Royksapive",
        "settlement_type": "Naval",
        "state_id": 10,
        "province_id": 82,
        "population": 15.048,
        "capital": false,
        "port": true,
        "market_center": false,
        "market_level": "regional",
        "market_id": 26,
        "rank": 5,
        "minzoom": 7
      }
    },
    {
      "type": "Feature",
      "geometry": {
        "type": "Point",
        "coordinates": [
          13.93,
          24.52
        ]
      },
      "properties": {
        "id": 756,
        "entity_id": "settlement:756",
        "feature_class": "settlement",
        "name": "Kaman",
        "settlement_type": "Naval",
        "state_id": 4,
        "province_id": 35,
        "population": 15.327,
        "capital": false,
        "port": true,
        "market_center": false,
        "market_level": "regional",
        "market_id": 22,
        "rank": 5,
        "minzoom": 7
      }
    },
    {
      "type": "Feature",
      "geometry": {
        "type": "Point",
        "coordinates": [
          -16.04,
          23.33
        ]
      },
      "properties": {
        "id": 757,
        "entity_id": "settlement:757",
        "feature_class": "settlement",
        "name": "Optenfeld",
        "settlement_type": "Lake",
        "state_id": 6,
        "province_id": 53,
        "population": 7.524,
        "capital": false,
        "port": false,
        "market_center": false,
        "market_level": "international",
        "market_id": 1,
        "rank": 5,
        "minzoom": 7
      }
    },
    {
      "type": "Feature",
      "geometry": {
        "type": "Point",
        "coordinates": [
          -24.55,
          35.06
        ]
      },
      "properties": {
        "id": 758,
        "entity_id": "settlement:758",
        "feature_class": "settlement",
        "name": "Mouvillesnoy",
        "settlement_type": "Generic",
        "state_id": 2,
        "province_id": 176,
        "population": 4.435,
        "capital": false,
        "port": false,
        "market_center": false,
        "market_level": "local",
        "market_id": 33,
        "rank": 6,
        "minzoom": 9
      }
    },
    {
      "type": "Feature",
      "geometry": {
        "type": "Point",
        "coordinates": [
          -19.81,
          21.98
        ]
      },
      "properties": {
        "id": 759,
        "entity_id": "settlement:759",
        "feature_class": "settlement",
        "name": "Trino",
        "settlement_type": "Generic",
        "state_id": 6,
        "province_id": 50,
        "population": 3.857,
        "capital": false,
        "port": false,
        "market_center": false,
        "market_level": "international",
        "market_id": 1,
        "rank": 6,
        "minzoom": 9
      }
    },
    {
      "type": "Feature",
      "geometry": {
        "type": "Point",
        "coordinates": [
          -27.18,
          22.1
        ]
      },
      "properties": {
        "id": 760,
        "entity_id": "settlement:760",
        "feature_class": "settlement",
        "name": "Gares",
        "settlement_type": "Generic",
        "state_id": 13,
        "province_id": 116,
        "population": 3.134,
        "capital": false,
        "port": false,
        "market_center": false,
        "market_level": "local",
        "market_id": 27,
        "rank": 6,
        "minzoom": 9
      }
    },
    {
      "type": "Feature",
      "geometry": {
        "type": "Point",
        "coordinates": [
          -11.93,
          33.19
        ]
      },
      "properties": {
        "id": 761,
        "entity_id": "settlement:761",
        "feature_class": "settlement",
        "name": "Jepsa",
        "settlement_type": "Generic",
        "state_id": 10,
        "province_id": 83,
        "population": 16.74,
        "capital": false,
        "port": false,
        "market_center": false,
        "market_level": "regional",
        "market_id": 26,
        "rank": 4,
        "minzoom": 6
      }
    },
    {
      "type": "Feature",
      "geometry": {
        "type": "Point",
        "coordinates": [
          21.0,
          16.26
        ]
      },
      "properties": {
        "id": 762,
        "entity_id": "settlement:762",
        "feature_class": "settlement",
        "name": "Boros",
        "settlement_type": "Generic",
        "state_id": 16,
        "province_id": 140,
        "population": 20.087,
        "capital": false,
        "port": false,
        "market_center": false,
        "market_level": "international",
        "market_id": 18,
        "rank": 4,
        "minzoom": 6
      }
    },
    {
      "type": "Feature",
      "geometry": {
        "type": "Point",
        "coordinates": [
          19.61,
          34.24
        ]
      },
      "properties": {
        "id": 763,
        "entity_id": "settlement:763",
        "feature_class": "settlement",
        "name": "Soketerbot",
        "settlement_type": "Naval",
        "state_id": 5,
        "province_id": 42,
        "population": 19.817,
        "capital": false,
        "port": true,
        "market_center": true,
        "market_level": "international",
        "market_id": 25,
        "rank": 2,
        "minzoom": 4
      }
    },
    {
      "type": "Feature",
      "geometry": {
        "type": "Point",
        "coordinates": [
          18.76,
          19.94
        ]
      },
      "properties": {
        "id": 764,
        "entity_id": "settlement:764",
        "feature_class": "settlement",
        "name": "Biverming",
        "settlement_type": "Generic",
        "state_id": 16,
        "province_id": 271,
        "population": 14.863,
        "capital": false,
        "port": false,
        "market_center": false,
        "market_level": "international",
        "market_id": 18,
        "rank": 5,
        "minzoom": 7
      }
    },
    {
      "type": "Feature",
      "geometry": {
        "type": "Point",
        "coordinates": [
          -13.06,
          33.86
        ]
      },
      "properties": {
        "id": 765,
        "entity_id": "settlement:765",
        "feature_class": "settlement",
        "name": "Skroya",
        "settlement_type": "River",
        "state_id": 10,
        "province_id": 229,
        "population": 26.783,
        "capital": false,
        "port": false,
        "market_center": false,
        "market_level": "regional",
        "market_id": 26,
        "rank": 3,
        "minzoom": 5
      }
    },
    {
      "type": "Feature",
      "geometry": {
        "type": "Point",
        "coordinates": [
          -2.86,
          31.44
        ]
      },
      "properties": {
        "id": 766,
        "entity_id": "settlement:766",
        "feature_class": "settlement",
        "name": "Beyayaytay",
        "settlement_type": "Generic",
        "state_id": 12,
        "province_id": 109,
        "population": 2.758,
        "capital": false,
        "port": false,
        "market_center": false,
        "market_level": "international",
        "market_id": 19,
        "rank": 6,
        "minzoom": 9
      }
    },
    {
      "type": "Feature",
      "geometry": {
        "type": "Point",
        "coordinates": [
          -19.76,
          30.18
        ]
      },
      "properties": {
        "id": 767,
        "entity_id": "settlement:767",
        "feature_class": "settlement",
        "name": "Orgis",
        "settlement_type": "Naval",
        "state_id": 2,
        "province_id": 14,
        "population": 5.859,
        "capital": false,
        "port": true,
        "market_center": false,
        "market_level": "international",
        "market_id": 5,
        "rank": 6,
        "minzoom": 9
      }
    },
    {
      "type": "Feature",
      "geometry": {
        "type": "Point",
        "coordinates": [
          -27.43,
          12.72
        ]
      },
      "properties": {
        "id": 768,
        "entity_id": "settlement:768",
        "feature_class": "settlement",
        "name": "Auriciacen",
        "settlement_type": "Naval",
        "state_id": 17,
        "province_id": 282,
        "population": 7.473,
        "capital": false,
        "port": true,
        "market_center": true,
        "market_level": "local",
        "market_id": 31,
        "rank": 5,
        "minzoom": 7
      }
    },
    {
      "type": "Feature",
      "geometry": {
        "type": "Point",
        "coordinates": [
          -3.77,
          37.02
        ]
      },
      "properties": {
        "id": 769,
        "entity_id": "settlement:769",
        "feature_class": "settlement",
        "name": "Viimaa",
        "settlement_type": "Naval",
        "state_id": 12,
        "province_id": 239,
        "population": 29.926,
        "capital": false,
        "port": true,
        "market_center": true,
        "market_level": "regional",
        "market_id": 14,
        "rank": 3,
        "minzoom": 5
      }
    },
    {
      "type": "Feature",
      "geometry": {
        "type": "Point",
        "coordinates": [
          -20.65,
          31.55
        ]
      },
      "properties": {
        "id": 770,
        "entity_id": "settlement:770",
        "feature_class": "settlement",
        "name": "Sceouville",
        "settlement_type": "Generic",
        "state_id": 2,
        "province_id": 176,
        "population": 9.077,
        "capital": false,
        "port": false,
        "market_center": false,
        "market_level": "international",
        "market_id": 5,
        "rank": 5,
        "minzoom": 7
      }
    },
    {
      "type": "Feature",
      "geometry": {
        "type": "Point",
        "coordinates": [
          3.25,
          24.62
        ]
      },
      "properties": {
        "id": 771,
        "entity_id": "settlement:771",
        "feature_class": "settlement",
        "name": "Kumteli",
        "settlement_type": "Naval",
        "state_id": 12,
        "province_id": 104,
        "population": 2.53,
        "capital": false,
        "port": true,
        "market_center": false,
        "market_level": "international",
        "market_id": 16,
        "rank": 6,
        "minzoom": 9
      }
    },
    {
      "type": "Feature",
      "geometry": {
        "type": "Point",
        "coordinates": [
          7.58,
          20.01
        ]
      },
      "properties": {
        "id": 772,
        "entity_id": "settlement:772",
        "feature_class": "settlement",
        "name": "Abergwi",
        "settlement_type": "Hunting",
        "state_id": 3,
        "province_id": 19,
        "population": 5.981,
        "capital": false,
        "port": false,
        "market_center": false,
        "market_level": "major",
        "market_id": 11,
        "rank": 6,
        "minzoom": 9
      }
    },
    {
      "type": "Feature",
      "geometry": {
        "type": "Point",
        "coordinates": [
          14.71,
          12.22
        ]
      },
      "properties": {
        "id": 773,
        "entity_id": "settlement:773",
        "feature_class": "settlement",
        "name": "Kanditia",
        "settlement_type": "Naval",
        "state_id": 4,
        "province_id": 33,
        "population": 6.015,
        "capital": false,
        "port": true,
        "market_center": false,
        "market_level": "local",
        "market_id": 34,
        "rank": 6,
        "minzoom": 9
      }
    },
    {
      "type": "Feature",
      "geometry": {
        "type": "Point",
        "coordinates": [
          19.79,
          33.2
        ]
      },
      "properties": {
        "id": 774,
        "entity_id": "settlement:774",
        "feature_class": "settlement",
        "name": "Portster",
        "settlement_type": "Generic",
        "state_id": 5,
        "province_id": 42,
        "population": 1.94,
        "capital": false,
        "port": false,
        "market_center": false,
        "market_level": "international",
        "market_id": 25,
        "rank": 6,
        "minzoom": 9
      }
    },
    {
      "type": "Feature",
      "geometry": {
        "type": "Point",
        "coordinates": [
          -27.26,
          15.31
        ]
      },
      "properties": {
        "id": 775,
        "entity_id": "settlement:775",
        "feature_class": "settlement",
        "name": "Connavinis",
        "settlement_type": "Naval",
        "state_id": 17,
        "province_id": 282,
        "population": 2.315,
        "capital": false,
        "port": true,
        "market_center": false,
        "market_level": "local",
        "market_id": 31,
        "rank": 6,
        "minzoom": 9
      }
    },
    {
      "type": "Feature",
      "geometry": {
        "type": "Point",
        "coordinates": [
          -10.046512,
          24.159761
        ]
      },
      "properties": {
        "id": 1,
        "entity_id": "state:1",
        "feature_class": "state_label",
        "name": "Malscken",
        "full_name": "Grand Duchy of Malscken",
        "rank": 1,
        "minzoom": 2,
        "maxzoom": 7
      }
    },
    {
      "type": "Feature",
      "geometry": {
        "type": "Point",
        "coordinates": [
          -19.375415,
          27.841036
        ]
      },
      "properties": {
        "id": 2,
        "entity_id": "state:2",
        "feature_class": "state_label",
        "name": "Puines",
        "full_name": "Puinian Theocracy",
        "rank": 1,
        "minzoom": 2,
        "maxzoom": 7
      }
    },
    {
      "type": "Feature",
      "geometry": {
        "type": "Point",
        "coordinates": [
          8.563455,
          21.243426
        ]
      },
      "properties": {
        "id": 3,
        "entity_id": "state:3",
        "feature_class": "state_label",
        "name": "Aberleith",
        "full_name": "Thearchy of Aberleith",
        "rank": 1,
        "minzoom": 2,
        "maxzoom": 7
      }
    },
    {
      "type": "Feature",
      "geometry": {
        "type": "Point",
        "coordinates": [
          15.26113,
          19.713546
        ]
      },
      "properties": {
        "id": 4,
        "entity_id": "state:4",
        "feature_class": "state_label",
        "name": "Abergia",
        "full_name": "Kingdom of Abergia",
        "rank": 1,
        "minzoom": 2,
        "maxzoom": 7
      }
    },
    {
      "type": "Feature",
      "geometry": {
        "type": "Point",
        "coordinates": [
          19.614618,
          30.852988
        ]
      },
      "properties": {
        "id": 5,
        "entity_id": "state:5",
        "feature_class": "state_label",
        "name": "Sagelia",
        "full_name": "Grand Duchy of Sagelia",
        "rank": 1,
        "minzoom": 2,
        "maxzoom": 7
      }
    },
    {
      "type": "Feature",
      "geometry": {
        "type": "Point",
        "coordinates": [
          -17.270432,
          21.530279
        ]
      },
      "properties": {
        "id": 6,
        "entity_id": "state:6",
        "feature_class": "state_label",
        "name": "Aciasecia",
        "full_name": "Principality of Aciasecia",
        "rank": 1,
        "minzoom": 2,
        "maxzoom": 7
      }
    },
    {
      "type": "Feature",
      "geometry": {
        "type": "Point",
        "coordinates": [
          21.719601,
          25.546215
        ]
      },
      "properties": {
        "id": 7,
        "entity_id": "state:7",
        "feature_class": "state_label",
        "name": "Orporpor",
        "full_name": "Orporpor Theocracy",
        "rank": 1,
        "minzoom": 2,
        "maxzoom": 7
      }
    },
    {
      "type": "Feature",
      "geometry": {
        "type": "Point",
        "coordinates": [
          -9.376744,
          28.08008
        ]
      },
      "properties": {
        "id": 8,
        "entity_id": "state:8",
        "feature_class": "state_label",
        "name": "Tutachinia",
        "full_name": "Duchy of Tutachinia",
        "rank": 1,
        "minzoom": 2,
        "maxzoom": 7
      }
    },
    {
      "type": "Feature",
      "geometry": {
        "type": "Point",
        "coordinates": [
          -15.30897,
          25.115936
        ]
      },
      "properties": {
        "id": 9,
        "entity_id": "state:9",
        "feature_class": "state_label",
        "name": "Fischrenia",
        "full_name": "Bishopric of Fischrenia",
        "rank": 1,
        "minzoom": 2,
        "maxzoom": 7
      }
    },
    {
      "type": "Feature",
      "geometry": {
        "type": "Point",
        "coordinates": [
          -10.955482,
          35.681673
        ]
      },
      "properties": {
        "id": 10,
        "entity_id": "state:10",
        "feature_class": "state_label",
        "name": "Turanmaa",
        "full_name": "Turanmaan Theocracy",
        "rank": 1,
        "minzoom": 2,
        "maxzoom": 7
      }
    },
    {
      "type": "Feature",
      "geometry": {
        "type": "Point",
        "coordinates": [
          -22.102326,
          21.578088
        ]
      },
      "properties": {
        "id": 11,
        "entity_id": "state:11",
        "feature_class": "state_label",
        "name": "Chuelia",
        "full_name": "Diocese of Chuelia",
        "rank": 1,
        "minzoom": 2,
        "maxzoom": 7
      }
    },
    {
      "type": "Feature",
      "geometry": {
        "type": "Point",
        "coordinates": [
          -3.348837,
          33.578088
        ]
      },
      "properties": {
        "id": 12,
        "entity_id": "state:12",
        "feature_class": "state_label",
        "name": "Boy",
        "full_name": "Boyan Khaganate",
        "rank": 1,
        "minzoom": 2,
        "maxzoom": 7
      }
    },
    {
      "type": "Feature",
      "geometry": {
        "type": "Point",
        "coordinates": [
          -25.355482,
          21.625896
        ]
      },
      "properties": {
        "id": 13,
        "entity_id": "state:13",
        "feature_class": "state_label",
        "name": "Sounevandilia",
        "full_name": "Duchy of Sounevandilia",
        "rank": 1,
        "minzoom": 2,
        "maxzoom": 7
      }
    },
    {
      "type": "Feature",
      "geometry": {
        "type": "Point",
        "coordinates": [
          -5.980066,
          20.000398
        ]
      },
      "properties": {
        "id": 14,
        "entity_id": "state:14",
        "feature_class": "state_label",
        "name": "Yerinte",
        "full_name": "Imamah of Yerinte",
        "rank": 1,
        "minzoom": 2,
        "maxzoom": 7
      }
    },
    {
      "type": "Feature",
      "geometry": {
        "type": "Point",
        "coordinates": [
          -10.907641,
          18.996414
        ]
      },
      "properties": {
        "id": 15,
        "entity_id": "state:15",
        "feature_class": "state_label",
        "name": "Alprakeli",
        "full_name": "Alprakelian Horde",
        "rank": 1,
        "minzoom": 2,
        "maxzoom": 7
      }
    },
    {
      "type": "Feature",
      "geometry": {
        "type": "Point",
        "coordinates": [
          20.140864,
          19.809163
        ]
      },
      "properties": {
        "id": 16,
        "entity_id": "state:16",
        "feature_class": "state_label",
        "name": "Peina",
        "full_name": "Principality of Peina",
        "rank": 1,
        "minzoom": 2,
        "maxzoom": 7
      }
    },
    {
      "type": "Feature",
      "geometry": {
        "type": "Point",
        "coordinates": [
          -15.021927,
          18.709562
        ]
      },
      "properties": {
        "id": 17,
        "entity_id": "state:17",
        "feature_class": "state_label",
        "name": "Sazkyurt",
        "full_name": "Beylik of Sazkyurt",
        "rank": 1,
        "minzoom": 2,
        "maxzoom": 7
      }
    },
    {
      "type": "Feature",
      "geometry": {
        "type": "Point",
        "coordinates": [
          -15.26113,
          34.725498
        ]
      },
      "properties": {
        "id": 18,
        "entity_id": "state:18",
        "feature_class": "state_label",
        "name": "Lauda",
        "full_name": "Grand Duchy of Lauda",
        "rank": 1,
        "minzoom": 2,
        "maxzoom": 7
      }
    },
    {
      "type": "Feature",
      "geometry": {
        "type": "Point",
        "coordinates": [
          9.137542,
          30.709562
        ]
      },
      "properties": {
        "id": 19,
        "entity_id": "state:19",
        "feature_class": "state_label",
        "name": "Stansburia",
        "full_name": "Stansburian Empire",
        "rank": 1,
        "minzoom": 2,
        "maxzoom": 7
      }
    },
    {
      "type": "Feature",
      "geometry": {
        "type": "Point",
        "coordinates": [
          -12.199336,
          21.912749
        ]
      },
      "properties": {
        "id": 1,
        "entity_id": "province:1",
        "feature_class": "province_label",
        "name": "Munsbach",
        "full_name": "Munsbach Earldom",
        "state_id": 1,
        "state_name": "Malscken",
        "rank": 2,
        "minzoom": 5,
        "maxzoom": 10
      }
    },
    {
      "type": "Feature",
      "geometry": {
        "type": "Point",
        "coordinates": [
          -11.481728,
          22.24741
        ]
      },
      "properties": {
        "id": 2,
        "entity_id": "province:2",
        "feature_class": "province_label",
        "name": "Bolsburgia",
        "full_name": "Bolsburgia County",
        "state_id": 1,
        "state_name": "Malscken",
        "rank": 2,
        "minzoom": 5,
        "maxzoom": 10
      }
    },
    {
      "type": "Feature",
      "geometry": {
        "type": "Point",
        "coordinates": [
          -10.046512,
          23.203586
        ]
      },
      "properties": {
        "id": 3,
        "entity_id": "province:3",
        "feature_class": "province_label",
        "name": "Haudenster",
        "full_name": "Haudenster Earldom",
        "state_id": 1,
        "state_name": "Malscken",
        "rank": 2,
        "minzoom": 5,
        "maxzoom": 10
      }
    },
    {
      "type": "Feature",
      "geometry": {
        "type": "Point",
        "coordinates": [
          -10.477076,
          22.295219
        ]
      },
      "properties": {
        "id": 4,
        "entity_id": "province:4",
        "feature_class": "province_label",
        "name": "Oteria",
        "full_name": "Oteria Barony",
        "state_id": 1,
        "state_name": "Malscken",
        "rank": 2,
        "minzoom": 5,
        "maxzoom": 10
      }
    },
    {
      "type": "Feature",
      "geometry": {
        "type": "Point",
        "coordinates": [
          -9.568106,
          24.064143
        ]
      },
      "properties": {
        "id": 5,
        "entity_id": "province:5",
        "feature_class": "province_label",
        "name": "Enizdyurt",
        "full_name": "Enizdyurt Earldom",
        "state_id": 1,
        "state_name": "Malscken",
        "rank": 2,
        "minzoom": 5,
        "maxzoom": 10
      }
    },
    {
      "type": "Feature",
      "geometry": {
        "type": "Point",
        "coordinates": [
          -19.040532,
          27.506375
        ]
      },
      "properties": {
        "id": 6,
        "entity_id": "province:6",
        "feature_class": "province_label",
        "name": "Corvilter",
        "full_name": "Corvilter Parish",
        "state_id": 2,
        "state_name": "Puines",
        "rank": 2,
        "minzoom": 5,
        "maxzoom": 10
      }
    },
    {
      "type": "Feature",
      "geometry": {
        "type": "Point",
        "coordinates": [
          -20.71495,
          36.876892
        ]
      },
      "properties": {
        "id": 7,
        "entity_id": "province:7",
        "feature_class": "province_label",
        "name": "Myrinogia",
        "full_name": "Myrinogia Parish",
        "state_id": 2,
        "state_name": "Puines",
        "rank": 2,
        "minzoom": 5,
        "maxzoom": 10
      }
    },
    {
      "type": "Feature",
      "geometry": {
        "type": "Point",
        "coordinates": [
          -21.001993,
          29.753386
        ]
      },
      "properties": {
        "id": 8,
        "entity_id": "province:8",
        "feature_class": "province_label",
        "name": "Aunesardon",
        "full_name": "Aunesardon Parish",
        "state_id": 2,
        "state_name": "Puines",
        "rank": 2,
        "minzoom": 5,
        "maxzoom": 10
      }
    },
    {
      "type": "Feature",
      "geometry": {
        "type": "Point",
        "coordinates": [
          -15.213289,
          29.801195
        ]
      },
      "properties": {
        "id": 9,
        "entity_id": "province:9",
        "feature_class": "province_label",
        "name": "Trillen",
        "full_name": "Trillen Parish",
        "state_id": 2,
        "state_name": "Puines",
        "rank": 2,
        "minzoom": 5,
        "maxzoom": 10
      }
    },
    {
      "type": "Feature",
      "geometry": {
        "type": "Point",
        "coordinates": [
          -17.892359,
          28.940637
        ]
      },
      "properties": {
        "id": 10,
        "entity_id": "province:10",
        "feature_class": "province_label",
        "name": "Ivria",
        "full_name": "Ivria Parish",
        "state_id": 2,
        "state_name": "Puines",
        "rank": 2,
        "minzoom": 5,
        "maxzoom": 10
      }
    },
    {
      "type": "Feature",
      "geometry": {
        "type": "Point",
        "coordinates": [
          -21.336877,
          26.50239
        ]
      },
      "properties": {
        "id": 11,
        "entity_id": "province:11",
        "feature_class": "province_label",
        "name": "Bouerge",
        "full_name": "Bouerge Parish",
        "state_id": 2,
        "state_name": "Puines",
        "rank": 2,
        "minzoom": 5,
        "maxzoom": 10
      }
    },
    {
      "type": "Feature",
      "geometry": {
        "type": "Point",
        "coordinates": [
          -22.963455,
          25.594024
        ]
      },
      "properties": {
        "id": 12,
        "entity_id": "province:12",
        "feature_class": "province_label",
        "name": "Marquilles",
        "full_name": "Marquilles Parish",
        "state_id": 2,
        "state_name": "Puines",
        "rank": 2,
        "minzoom": 5,
        "maxzoom": 10
      }
    },
    {
      "type": "Feature",
      "geometry": {
        "type": "Point",
        "coordinates": [
          -14.878405,
          28.892829
        ]
      },
      "properties": {
        "id": 13,
        "entity_id": "province:13",
        "feature_class": "province_label",
        "name": "Hardt",
        "full_name": "Hardt Parish",
        "state_id": 2,
        "state_name": "Puines",
        "rank": 2,
        "minzoom": 5,
        "maxzoom": 10
      }
    },
    {
      "type": "Feature",
      "geometry": {
        "type": "Point",
        "coordinates": [
          -19.471096,
          29.418725
        ]
      },
      "properties": {
        "id": 14,
        "entity_id": "province:14",
        "feature_class": "province_label",
        "name": "Orquileresia",
        "full_name": "Orquileresia Parish",
        "state_id": 2,
        "state_name": "Puines",
        "rank": 2,
        "minzoom": 5,
        "maxzoom": 10
      }
    },
    {
      "type": "Feature",
      "geometry": {
        "type": "Point",
        "coordinates": [
          -19.853821,
          31.283267
        ]
      },
      "properties": {
        "id": 15,
        "entity_id": "province:15",
        "feature_class": "province_label",
        "name": "Rebreux",
        "full_name": "Rebreux Parish",
        "state_id": 2,
        "state_name": "Puines",
        "rank": 2,
        "minzoom": 5,
        "maxzoom": 10
      }
    },
    {
      "type": "Feature",
      "geometry": {
        "type": "Point",
        "coordinates": [
          -15.165449,
          30.852988
        ]
      },
      "properties": {
        "id": 16,
        "entity_id": "province:16",
        "feature_class": "province_label",
        "name": "Utnau",
        "full_name": "Utnau Parish",
        "state_id": 2,
        "state_name": "Puines",
        "rank": 2,
        "minzoom": 5,
        "maxzoom": 10
      }
    },
    {
      "type": "Feature",
      "geometry": {
        "type": "Point",
        "coordinates": [
          -14.065116,
          29.22749
        ]
      },
      "properties": {
        "id": 17,
        "entity_id": "province:17",
        "feature_class": "province_label",
        "name": "Tutach",
        "full_name": "Tutach Parish",
        "state_id": 2,
        "state_name": "Puines",
        "rank": 2,
        "minzoom": 5,
        "maxzoom": 10
      }
    },
    {
      "type": "Feature",
      "geometry": {
        "type": "Point",
        "coordinates": [
          -25.16412,
          27.171713
        ]
      },
      "properties": {
        "id": 18,
        "entity_id": "province:18",
        "feature_class": "province_label",
        "name": "Sannessas",
        "full_name": "Sannessas Parish",
        "state_id": 2,
        "state_name": "Puines",
        "rank": 2,
        "minzoom": 5,
        "maxzoom": 10
      }
    },
    {
      "type": "Feature",
      "geometry": {
        "type": "Point",
        "coordinates": [
          8.659136,
          20.956574
        ]
      },
      "properties": {
        "id": 19,
        "entity_id": "province:19",
        "feature_class": "province_label",
        "name": "Aberporth",
        "full_name": "Aberporth Parish",
        "state_id": 3,
        "state_name": "Aberleith",
        "rank": 2,
        "minzoom": 5,
        "maxzoom": 10
      }
    },
    {
      "type": "Feature",
      "geometry": {
        "type": "Point",
        "coordinates": [
          4.114286,
          20.33506
        ]
      },
      "properties": {
        "id": 20,
        "entity_id": "province:20",
        "feature_class": "province_label",
        "name": "Bonaraberg",
        "full_name": "Bonaraberg Parish",
        "state_id": 3,
        "state_name": "Aberleith",
        "rank": 2,
        "minzoom": 5,
        "maxzoom": 10
      }
    },
    {
      "type": "Feature",
      "geometry": {
        "type": "Point",
        "coordinates": [
          11.194684,
          21.339044
        ]
      },
      "properties": {
        "id": 21,
        "entity_id": "province:21",
        "feature_class": "province_label",
        "name": "Araberfania",
        "full_name": "Araberfania Parish",
        "state_id": 3,
        "state_name": "Aberleith",
        "rank": 2,
        "minzoom": 5,
        "maxzoom": 10
      }
    },
    {
      "type": "Feature",
      "geometry": {
        "type": "Point",
        "coordinates": [
          9.711628,
          19.283267
        ]
      },
      "properties": {
        "id": 22,
        "entity_id": "province:22",
        "feature_class": "province_label",
        "name": "Bouaigaiglos",
        "full_name": "Bouaigaiglos Parish",
        "state_id": 3,
        "state_name": "Aberleith",
        "rank": 2,
        "minzoom": 5,
        "maxzoom": 10
      }
    },
    {
      "type": "Feature",
      "geometry": {
        "type": "Point",
        "coordinates": [
          3.492359,
          18.805179
        ]
      },
      "properties": {
        "id": 23,
        "entity_id": "province:23",
        "feature_class": "province_label",
        "name": "Invenek",
        "full_name": "Invenek Parish",
        "state_id": 3,
        "state_name": "Aberleith",
        "rank": 2,
        "minzoom": 5,
        "maxzoom": 10
      }
    },
    {
      "type": "Feature",
      "geometry": {
        "type": "Point",
        "coordinates": [
          11.099003,
          22.295219
        ]
      },
      "properties": {
        "id": 24,
        "entity_id": "province:24",
        "feature_class": "province_label",
        "name": "Treraldia",
        "full_name": "Treraldia Parish",
        "state_id": 3,
        "state_name": "Aberleith",
        "rank": 2,
        "minzoom": 5,
        "maxzoom": 10
      }
    },
    {
      "type": "Feature",
      "geometry": {
        "type": "Point",
        "coordinates": [
          9.615947,
          22.438645
        ]
      },
      "properties": {
        "id": 25,
        "entity_id": "province:25",
        "feature_class": "province_label",
        "name": "Abertleven",
        "full_name": "Abertleven Parish",
        "state_id": 3,
        "state_name": "Aberleith",
        "rank": 2,
        "minzoom": 5,
        "maxzoom": 10
      }
    },
    {
      "type": "Feature",
      "geometry": {
        "type": "Point",
        "coordinates": [
          6.171429,
          20.048207
        ]
      },
      "properties": {
        "id": 26,
        "entity_id": "province:26",
        "feature_class": "province_label",
        "name": "Fertia",
        "full_name": "Fertia Parish",
        "state_id": 3,
        "state_name": "Aberleith",
        "rank": 2,
        "minzoom": 5,
        "maxzoom": 10
      }
    },
    {
      "type": "Feature",
      "geometry": {
        "type": "Point",
        "coordinates": [
          5.645183,
          23.681673
        ]
      },
      "properties": {
        "id": 27,
        "entity_id": "province:27",
        "feature_class": "province_label",
        "name": "Chortilia",
        "full_name": "Chortilia Parish",
        "state_id": 3,
        "state_name": "Aberleith",
        "rank": 2,
        "minzoom": 5,
        "maxzoom": 10
      }
    },
    {
      "type": "Feature",
      "geometry": {
        "type": "Point",
        "coordinates": [
          7.367442,
          24.111952
        ]
      },
      "properties": {
        "id": 28,
        "entity_id": "province:28",
        "feature_class": "province_label",
        "name": "Avonveram",
        "full_name": "Avonveram Parish",
        "state_id": 3,
        "state_name": "Aberleith",
        "rank": 2,
        "minzoom": 5,
        "maxzoom": 10
      }
    },
    {
      "type": "Feature",
      "geometry": {
        "type": "Point",
        "coordinates": [
          5.023256,
          21.195618
        ]
      },
      "properties": {
        "id": 29,
        "entity_id": "province:29",
        "feature_class": "province_label",
        "name": "Maberleithia",
        "full_name": "Maberleithia Parish",
        "state_id": 3,
        "state_name": "Aberleith",
        "rank": 2,
        "minzoom": 5,
        "maxzoom": 10
      }
    },
    {
      "type": "Feature",
      "geometry": {
        "type": "Point",
        "coordinates": [
          7.032558,
          21.86494
        ]
      },
      "properties": {
        "id": 30,
        "entity_id": "province:30",
        "feature_class": "province_label",
        "name": "Braberctare",
        "full_name": "Braberctare Parish",
        "state_id": 3,
        "state_name": "Aberleith",
        "rank": 2,
        "minzoom": 5,
        "maxzoom": 10
      }
    },
    {
      "type": "Feature",
      "geometry": {
        "type": "Point",
        "coordinates": [
          14.639203,
          18.3749
        ]
      },
      "properties": {
        "id": 31,
        "entity_id": "province:31",
        "feature_class": "province_label",
        "name": "Abercta",
        "full_name": "Abercta County",
        "state_id": 4,
        "state_name": "Abergia",
        "rank": 2,
        "minzoom": 5,
        "maxzoom": 10
      }
    },
    {
      "type": "Feature",
      "geometry": {
        "type": "Point",
        "coordinates": [
          12.342857,
          18.422709
        ]
      },
      "properties": {
        "id": 32,
        "entity_id": "province:32",
        "feature_class": "province_label",
        "name": "Areruria",
        "full_name": "Areruria County",
        "state_id": 4,
        "state_name": "Abergia",
        "rank": 2,
        "minzoom": 5,
        "maxzoom": 10
      }
    },
    {
      "type": "Feature",
      "geometry": {
        "type": "Point",
        "coordinates": [
          15.30897,
          12.542231
        ]
      },
      "properties": {
        "id": 33,
        "entity_id": "province:33",
        "feature_class": "province_label",
        "name": "Degorrio",
        "full_name": "Degorrio County",
        "state_id": 4,
        "state_name": "Abergia",
        "rank": 2,
        "minzoom": 5,
        "maxzoom": 10
      }
    },
    {
      "type": "Feature",
      "geometry": {
        "type": "Point",
        "coordinates": [
          12.58206,
          20.000398
        ]
      },
      "properties": {
        "id": 34,
        "entity_id": "province:34",
        "feature_class": "province_label",
        "name": "Invermainia",
        "full_name": "Invermainia County",
        "state_id": 4,
        "state_name": "Abergia",
        "rank": 2,
        "minzoom": 5,
        "maxzoom": 10
      }
    },
    {
      "type": "Feature",
      "geometry": {
        "type": "Point",
        "coordinates": [
          14.830565,
          24.59004
        ]
      },
      "properties": {
        "id": 35,
        "entity_id": "province:35",
        "feature_class": "province_label",
        "name": "Kut",
        "full_name": "Kut County",
        "state_id": 4,
        "state_name": "Abergia",
        "rank": 2,
        "minzoom": 5,
        "maxzoom": 10
      }
    },
    {
      "type": "Feature",
      "geometry": {
        "type": "Point",
        "coordinates": [
          17.700997,
          16.940637
        ]
      },
      "properties": {
        "id": 36,
        "entity_id": "province:36",
        "feature_class": "province_label",
        "name": "Dios",
        "full_name": "Dios County",
        "state_id": 4,
        "state_name": "Abergia",
        "rank": 2,
        "minzoom": 5,
        "maxzoom": 10
      }
    },
    {
      "type": "Feature",
      "geometry": {
        "type": "Point",
        "coordinates": [
          16.074419,
          17.323108
        ]
      },
      "properties": {
        "id": 37,
        "entity_id": "province:37",
        "feature_class": "province_label",
        "name": "Olicargan",
        "full_name": "Olicargan County",
        "state_id": 4,
        "state_name": "Abergia",
        "rank": 2,
        "minzoom": 5,
        "maxzoom": 10
      }
    },
    {
      "type": "Feature",
      "geometry": {
        "type": "Point",
        "coordinates": [
          13.634551,
          17.99243
        ]
      },
      "properties": {
        "id": 38,
        "entity_id": "province:38",
        "feature_class": "province_label",
        "name": "Inwenfartsea",
        "full_name": "Inwenfartsea County",
        "state_id": 4,
        "state_name": "Abergia",
        "rank": 2,
        "minzoom": 5,
        "maxzoom": 10
      }
    },
    {
      "type": "Feature",
      "geometry": {
        "type": "Point",
        "coordinates": [
          13.443189,
          21.004382
        ]
      },
      "properties": {
        "id": 39,
        "entity_id": "province:39",
        "feature_class": "province_label",
        "name": "Cambhijo",
        "full_name": "Cambhijo County",
        "state_id": 4,
        "state_name": "Abergia",
        "rank": 2,
        "minzoom": 5,
        "maxzoom": 10
      }
    },
    {
      "type": "Feature",
      "geometry": {
        "type": "Point",
        "coordinates": [
          19.327575,
          30.470518
        ]
      },
      "properties": {
        "id": 41,
        "entity_id": "province:41",
        "feature_class": "province_label",
        "name": "Draxtedia",
        "full_name": "Draxtedia County",
        "state_id": 5,
        "state_name": "Sagelia",
        "rank": 2,
        "minzoom": 5,
        "maxzoom": 10
      }
    },
    {
      "type": "Feature",
      "geometry": {
        "type": "Point",
        "coordinates": [
          19.327575,
          33.291235
        ]
      },
      "properties": {
        "id": 42,
        "entity_id": "province:42",
        "feature_class": "province_label",
        "name": "Portster",
        "full_name": "Portster County",
        "state_id": 5,
        "state_name": "Sagelia",
        "rank": 2,
        "minzoom": 5,
        "maxzoom": 10
      }
    },
    {
      "type": "Feature",
      "geometry": {
        "type": "Point",
        "coordinates": [
          17.940199,
          29.944622
        ]
      },
      "properties": {
        "id": 43,
        "entity_id": "province:43",
        "feature_class": "province_label",
        "name": "Roskia",
        "full_name": "Roskia County",
        "state_id": 5,
        "state_name": "Sagelia",
        "rank": 2,
        "minzoom": 5,
        "maxzoom": 10
      }
    },
    {
      "type": "Feature",
      "geometry": {
        "type": "Point",
        "coordinates": [
          20.619269,
          28.84502
        ]
      },
      "properties": {
        "id": 44,
        "entity_id": "province:44",
        "feature_class": "province_label",
        "name": "Bokehamia",
        "full_name": "Bokehamia Barony",
        "state_id": 5,
        "state_name": "Sagelia",
        "rank": 2,
        "minzoom": 5,
        "maxzoom": 10
      }
    },
    {
      "type": "Feature",
      "geometry": {
        "type": "Point",
        "coordinates": [
          20.236545,
          31.474502
        ]
      },
      "properties": {
        "id": 45,
        "entity_id": "province:45",
        "feature_class": "province_label",
        "name": "Kirbuteria",
        "full_name": "Kirbuteria Earldom",
        "state_id": 5,
        "state_name": "Sagelia",
        "rank": 2,
        "minzoom": 5,
        "maxzoom": 10
      }
    },
    {
      "type": "Feature",
      "geometry": {
        "type": "Point",
        "coordinates": [
          21.097674,
          30.518327
        ]
      },
      "properties": {
        "id": 46,
        "entity_id": "province:46",
        "feature_class": "province_label",
        "name": "Dury",
        "full_name": "Dury Earldom",
        "state_id": 5,
        "state_name": "Sagelia",
        "rank": 2,
        "minzoom": 5,
        "maxzoom": 10
      }
    },
    {
      "type": "Feature",
      "geometry": {
        "type": "Point",
        "coordinates": [
          -16.026578,
          21.530279
        ]
      },
      "properties": {
        "id": 47,
        "entity_id": "province:47",
        "feature_class": "province_label",
        "name": "Serte",
        "full_name": "Serte County",
        "state_id": 6,
        "state_name": "Aciasecia",
        "rank": 2,
        "minzoom": 5,
        "maxzoom": 10
      }
    },
    {
      "type": "Feature",
      "geometry": {
        "type": "Point",
        "coordinates": [
          -17.12691,
          21.673705
        ]
      },
      "properties": {
        "id": 48,
        "entity_id": "province:48",
        "feature_class": "province_label",
        "name": "Fongaroria",
        "full_name": "Fongaroria County",
        "state_id": 6,
        "state_name": "Aciasecia",
        "rank": 2,
        "minzoom": 5,
        "maxzoom": 10
      }
    },
    {
      "type": "Feature",
      "geometry": {
        "type": "Point",
        "coordinates": [
          -20.810631,
          19.331076
        ]
      },
      "properties": {
        "id": 49,
        "entity_id": "province:49",
        "feature_class": "province_label",
        "name": "Celleria",
        "full_name": "Celleria County",
        "state_id": 6,
        "state_name": "Aciasecia",
        "rank": 2,
        "minzoom": 5,
        "maxzoom": 10
      }
    },
    {
      "type": "Feature",
      "geometry": {
        "type": "Point",
        "coordinates": [
          -20.427907,
          22.677689
        ]
      },
      "properties": {
        "id": 50,
        "entity_id": "province:50",
        "feature_class": "province_label",
        "name": "Trino",
        "full_name": "Trino County",
        "state_id": 6,
        "state_name": "Aciasecia",
        "rank": 2,
        "minzoom": 5,
        "maxzoom": 10
      }
    },
    {
      "type": "Feature",
      "geometry": {
        "type": "Point",
        "coordinates": [
          -22.53289,
          19.139841
        ]
      },
      "properties": {
        "id": 51,
        "entity_id": "province:51",
        "feature_class": "province_label",
        "name": "Vellena",
        "full_name": "Vellena Captaincy",
        "state_id": 6,
        "state_name": "Aciasecia",
        "rank": 2,
        "minzoom": 5,
        "maxzoom": 10
      }
    },
    {
      "type": "Feature",
      "geometry": {
        "type": "Point",
        "coordinates": [
          -19.423256,
          20.956574
        ]
      },
      "properties": {
        "id": 52,
        "entity_id": "province:52",
        "feature_class": "province_label",
        "name": "Conterra",
        "full_name": "Conterra County",
        "state_id": 6,
        "state_name": "Aciasecia",
        "rank": 2,
        "minzoom": 5,
        "maxzoom": 10
      }
    },
    {
      "type": "Feature",
      "geometry": {
        "type": "Point",
        "coordinates": [
          -17.12691,
          23.777291
        ]
      },
      "properties": {
        "id": 53,
        "entity_id": "province:53",
        "feature_class": "province_label",
        "name": "Sezesezia",
        "full_name": "Sezesezia County",
        "state_id": 6,
        "state_name": "Aciasecia",
        "rank": 2,
        "minzoom": 5,
        "maxzoom": 10
      }
    },
    {
      "type": "Feature",
      "geometry": {
        "type": "Point",
        "coordinates": [
          -21.336877,
          17.705578
        ]
      },
      "properties": {
        "id": 54,
        "entity_id": "province:54",
        "feature_class": "province_label",
        "name": "Capra",
        "full_name": "Capra County",
        "state_id": 6,
        "state_name": "Aciasecia",
        "rank": 2,
        "minzoom": 5,
        "maxzoom": 10
      }
    },
    {
      "type": "Feature",
      "geometry": {
        "type": "Point",
        "coordinates": [
          -23.776744,
          17.179681
        ]
      },
      "properties": {
        "id": 55,
        "entity_id": "province:55",
        "feature_class": "province_label",
        "name": "Rorumia",
        "full_name": "Rorumia County",
        "state_id": 6,
        "state_name": "Aciasecia",
        "rank": 2,
        "minzoom": 5,
        "maxzoom": 10
      }
    },
    {
      "type": "Feature",
      "geometry": {
        "type": "Point",
        "coordinates": [
          -23.44186,
          19.761355
        ]
      },
      "properties": {
        "id": 56,
        "entity_id": "province:56",
        "feature_class": "province_label",
        "name": "Casca",
        "full_name": "Casca County",
        "state_id": 6,
        "state_name": "Aciasecia",
        "rank": 2,
        "minzoom": 5,
        "maxzoom": 10
      }
    },
    {
      "type": "Feature",
      "geometry": {
        "type": "Point",
        "coordinates": [
          -19.566777,
          22.677689
        ]
      },
      "properties": {
        "id": 57,
        "entity_id": "province:57",
        "feature_class": "province_label",
        "name": "Cantenia",
        "full_name": "Cantenia County",
        "state_id": 6,
        "state_name": "Aciasecia",
        "rank": 2,
        "minzoom": 5,
        "maxzoom": 10
      }
    },
    {
      "type": "Feature",
      "geometry": {
        "type": "Point",
        "coordinates": [
          -22.53289,
          17.466534
        ]
      },
      "properties": {
        "id": 58,
        "entity_id": "province:58",
        "feature_class": "province_label",
        "name": "Celleparno",
        "full_name": "Celleparno County",
        "state_id": 6,
        "state_name": "Aciasecia",
        "rank": 2,
        "minzoom": 5,
        "maxzoom": 10
      }
    },
    {
      "type": "Feature",
      "geometry": {
        "type": "Point",
        "coordinates": [
          19.184053,
          27.123904
        ]
      },
      "properties": {
        "id": 59,
        "entity_id": "province:59",
        "feature_class": "province_label",
        "name": "Altbuse",
        "full_name": "Altbuse Parish",
        "state_id": 7,
        "state_name": "Orporpor",
        "rank": 2,
        "minzoom": 5,
        "maxzoom": 10
      }
    },
    {
      "type": "Feature",
      "geometry": {
        "type": "Point",
        "coordinates": [
          18.179402,
          27.888845
        ]
      },
      "properties": {
        "id": 60,
        "entity_id": "province:60",
        "feature_class": "province_label",
        "name": "Chawcester",
        "full_name": "Chawcester Parish",
        "state_id": 7,
        "state_name": "Orporpor",
        "rank": 2,
        "minzoom": 5,
        "maxzoom": 10
      }
    },
    {
      "type": "Feature",
      "geometry": {
        "type": "Point",
        "coordinates": [
          20.236545,
          25.928685
        ]
      },
      "properties": {
        "id": 61,
        "entity_id": "province:61",
        "feature_class": "province_label",
        "name": "Mitherslia",
        "full_name": "Mitherslia Parish",
        "state_id": 7,
        "state_name": "Orporpor",
        "rank": 2,
        "minzoom": 5,
        "maxzoom": 10
      }
    },
    {
      "type": "Feature",
      "geometry": {
        "type": "Point",
        "coordinates": [
          22.724252,
          24.303187
        ]
      },
      "properties": {
        "id": 62,
        "entity_id": "province:62",
        "feature_class": "province_label",
        "name": "Cocheapton",
        "full_name": "Cocheapton Parish",
        "state_id": 7,
        "state_name": "Orporpor",
        "rank": 2,
        "minzoom": 5,
        "maxzoom": 10
      }
    },
    {
      "type": "Feature",
      "geometry": {
        "type": "Point",
        "coordinates": [
          24.446512,
          26.693625
        ]
      },
      "properties": {
        "id": 63,
        "entity_id": "province:63",
        "feature_class": "province_label",
        "name": "Searesham",
        "full_name": "Searesham Parish",
        "state_id": 7,
        "state_name": "Orporpor",
        "rank": 2,
        "minzoom": 5,
        "maxzoom": 10
      }
    },
    {
      "type": "Feature",
      "geometry": {
        "type": "Point",
        "coordinates": [
          27.173422,
          28.127888
        ]
      },
      "properties": {
        "id": 64,
        "entity_id": "province:64",
        "feature_class": "province_label",
        "name": "Crafland",
        "full_name": "Crafland Parish",
        "state_id": 7,
        "state_name": "Orporpor",
        "rank": 2,
        "minzoom": 5,
        "maxzoom": 10
      }
    },
    {
      "type": "Feature",
      "geometry": {
        "type": "Point",
        "coordinates": [
          24.972757,
          25.546215
        ]
      },
      "properties": {
        "id": 65,
        "entity_id": "province:65",
        "feature_class": "province_label",
        "name": "Showland",
        "full_name": "Showland Parish",
        "state_id": 7,
        "state_name": "Orporpor",
        "rank": 2,
        "minzoom": 5,
        "maxzoom": 10
      }
    },
    {
      "type": "Feature",
      "geometry": {
        "type": "Point",
        "coordinates": [
          19.136213,
          24.876892
        ]
      },
      "properties": {
        "id": 66,
        "entity_id": "province:66",
        "feature_class": "province_label",
        "name": "Cleoleshole",
        "full_name": "Cleoleshole Parish",
        "state_id": 7,
        "state_name": "Orporpor",
        "rank": 2,
        "minzoom": 5,
        "maxzoom": 10
      }
    },
    {
      "type": "Feature",
      "geometry": {
        "type": "Point",
        "coordinates": [
          21.767442,
          26.932669
        ]
      },
      "properties": {
        "id": 67,
        "entity_id": "province:67",
        "feature_class": "province_label",
        "name": "Skiptonbury",
        "full_name": "Skiptonbury Parish",
        "state_id": 7,
        "state_name": "Orporpor",
        "rank": 2,
        "minzoom": 5,
        "maxzoom": 10
      }
    },
    {
      "type": "Feature",
      "geometry": {
        "type": "Point",
        "coordinates": [
          23.537542,
          26.693625
        ]
      },
      "properties": {
        "id": 68,
        "entity_id": "province:68",
        "feature_class": "province_label",
        "name": "Bosheadia",
        "full_name": "Bosheadia Parish",
        "state_id": 7,
        "state_name": "Orporpor",
        "rank": 2,
        "minzoom": 5,
        "maxzoom": 10
      }
    },
    {
      "type": "Feature",
      "geometry": {
        "type": "Point",
        "coordinates": [
          17.270432,
          28.366932
        ]
      },
      "properties": {
        "id": 69,
        "entity_id": "province:69",
        "feature_class": "province_label",
        "name": "Binghambe",
        "full_name": "Binghambe Parish",
        "state_id": 7,
        "state_name": "Orporpor",
        "rank": 2,
        "minzoom": 5,
        "maxzoom": 10
      }
    },
    {
      "type": "Feature",
      "geometry": {
        "type": "Point",
        "coordinates": [
          23.106977,
          27.410757
        ]
      },
      "properties": {
        "id": 70,
        "entity_id": "province:70",
        "feature_class": "province_label",
        "name": "Bosteria",
        "full_name": "Bosteria Parish",
        "state_id": 7,
        "state_name": "Orporpor",
        "rank": 2,
        "minzoom": 5,
        "maxzoom": 10
      }
    },
    {
      "type": "Feature",
      "geometry": {
        "type": "Point",
        "coordinates": [
          18.370764,
          26.980478
        ]
      },
      "properties": {
        "id": 71,
        "entity_id": "province:71",
        "feature_class": "province_label",
        "name": "Bucheap",
        "full_name": "Bucheap Parish",
        "state_id": 7,
        "state_name": "Orporpor",
        "rank": 2,
        "minzoom": 5,
        "maxzoom": 10
      }
    },
    {
      "type": "Feature",
      "geometry": {
        "type": "Point",
        "coordinates": [
          23.537542,
          25.689641
        ]
      },
      "properties": {
        "id": 72,
        "entity_id": "province:72",
        "feature_class": "province_label",
        "name": "Redchamia",
        "full_name": "Redchamia Parish",
        "state_id": 7,
        "state_name": "Orporpor",
        "rank": 2,
        "minzoom": 5,
        "maxzoom": 10
      }
    },
    {
      "type": "Feature",
      "geometry": {
        "type": "Point",
        "coordinates": [
          -9.807309,
          26.980478
        ]
      },
      "properties": {
        "id": 73,
        "entity_id": "province:73",
        "feature_class": "province_label",
        "name": "Pfafringen",
        "full_name": "Pfafringen County",
        "state_id": 8,
        "state_name": "Tutachinia",
        "rank": 2,
        "minzoom": 5,
        "maxzoom": 10
      }
    },
    {
      "type": "Feature",
      "geometry": {
        "type": "Point",
        "coordinates": [
          -10.81196,
          26.454582
        ]
      },
      "properties": {
        "id": 74,
        "entity_id": "province:74",
        "feature_class": "province_label",
        "name": "Lauch",
        "full_name": "Lauch Landgrave",
        "state_id": 8,
        "state_name": "Tutachinia",
        "rank": 2,
        "minzoom": 5,
        "maxzoom": 10
      }
    },
    {
      "type": "Feature",
      "geometry": {
        "type": "Point",
        "coordinates": [
          -11.146844,
          27.410757
        ]
      },
      "properties": {
        "id": 75,
        "entity_id": "province:75",
        "feature_class": "province_label",
        "name": "Belternia",
        "full_name": "Belternia County",
        "state_id": 8,
        "state_name": "Tutachinia",
        "rank": 2,
        "minzoom": 5,
        "maxzoom": 10
      }
    },
    {
      "type": "Feature",
      "geometry": {
        "type": "Point",
        "coordinates": [
          -9.807309,
          28.223506
        ]
      },
      "properties": {
        "id": 76,
        "entity_id": "province:76",
        "feature_class": "province_label",
        "name": "Tusachinia",
        "full_name": "Tusachinia Seneschalty",
        "state_id": 8,
        "state_name": "Tutachinia",
        "rank": 2,
        "minzoom": 5,
        "maxzoom": 10
      }
    },
    {
      "type": "Feature",
      "geometry": {
        "type": "Point",
        "coordinates": [
          -15.356811,
          25.785259
        ]
      },
      "properties": {
        "id": 77,
        "entity_id": "province:77",
        "feature_class": "province_label",
        "name": "Selstadt",
        "full_name": "Selstadt Parish",
        "state_id": 9,
        "state_name": "Fischrenia",
        "rank": 2,
        "minzoom": 5,
        "maxzoom": 10
      }
    },
    {
      "type": "Feature",
      "geometry": {
        "type": "Point",
        "coordinates": [
          -15.930897,
          24.542231
        ]
      },
      "properties": {
        "id": 78,
        "entity_id": "province:78",
        "feature_class": "province_label",
        "name": "Hagendorf",
        "full_name": "Hagendorf Parish",
        "state_id": 9,
        "state_name": "Fischrenia",
        "rank": 2,
        "minzoom": 5,
        "maxzoom": 10
      }
    },
    {
      "type": "Feature",
      "geometry": {
        "type": "Point",
        "coordinates": [
          -14.304319,
          27.171713
        ]
      },
      "properties": {
        "id": 79,
        "entity_id": "province:79",
        "feature_class": "province_label",
        "name": "Tufin",
        "full_name": "Tufin Parish",
        "state_id": 9,
        "state_name": "Fischrenia",
        "rank": 2,
        "minzoom": 5,
        "maxzoom": 10
      }
    },
    {
      "type": "Feature",
      "geometry": {
        "type": "Point",
        "coordinates": [
          -11.529568,
          30.709562
        ]
      },
      "properties": {
        "id": 80,
        "entity_id": "province:80",
        "feature_class": "province_label",
        "name": "Kurania",
        "full_name": "Kurania Parish",
        "state_id": 10,
        "state_name": "Turanmaa",
        "rank": 2,
        "minzoom": 5,
        "maxzoom": 10
      }
    },
    {
      "type": "Feature",
      "geometry": {
        "type": "Point",
        "coordinates": [
          -9.089701,
          31.809163
        ]
      },
      "properties": {
        "id": 81,
        "entity_id": "province:81",
        "feature_class": "province_label",
        "name": "Bintelyurt",
        "full_name": "Bintelyurt Parish",
        "state_id": 10,
        "state_name": "Turanmaa",
        "rank": 2,
        "minzoom": 5,
        "maxzoom": 10
      }
    },
    {
      "type": "Feature",
      "geometry": {
        "type": "Point",
        "coordinates": [
          -11.816611,
          31.809163
        ]
      },
      "properties": {
        "id": 82,
        "entity_id": "province:82",
        "feature_class": "province_label",
        "name": "Royksapive",
        "full_name": "Royksapive Parish",
        "state_id": 10,
        "state_name": "Turanmaa",
        "rank": 2,
        "minzoom": 5,
        "maxzoom": 10
      }
    },
    {
      "type": "Feature",
      "geometry": {
        "type": "Point",
        "coordinates": [
          -11.960133,
          32.860956
        ]
      },
      "properties": {
        "id": 83,
        "entity_id": "province:83",
        "feature_class": "province_label",
        "name": "Sasjarvia",
        "full_name": "Sasjarvia Parish",
        "state_id": 10,
        "state_name": "Turanmaa",
        "rank": 2,
        "minzoom": 5,
        "maxzoom": 10
      }
    },
    {
      "type": "Feature",
      "geometry": {
        "type": "Point",
        "coordinates": [
          -8.659136,
          37.402789
        ]
      },
      "properties": {
        "id": 84,
        "entity_id": "province:84",
        "feature_class": "province_label",
        "name": "Raritavori",
        "full_name": "Raritavori Parish",
        "state_id": 10,
        "state_name": "Turanmaa",
        "rank": 2,
        "minzoom": 5,
        "maxzoom": 10
      }
    },
    {
      "type": "Feature",
      "geometry": {
        "type": "Point",
        "coordinates": [
          -21.193355,
          22.62988
        ]
      },
      "properties": {
        "id": 85,
        "entity_id": "province:85",
        "feature_class": "province_label",
        "name": "Montcria",
        "full_name": "Montcria Deanery",
        "state_id": 11,
        "state_name": "Chuelia",
        "rank": 2,
        "minzoom": 5,
        "maxzoom": 10
      }
    },
    {
      "type": "Feature",
      "geometry": {
        "type": "Point",
        "coordinates": [
          -22.150166,
          21.625896
        ]
      },
      "properties": {
        "id": 86,
        "entity_id": "province:86",
        "feature_class": "province_label",
        "name": "Manoce",
        "full_name": "Manoce Deanery",
        "state_id": 11,
        "state_name": "Chuelia",
        "rank": 2,
        "minzoom": 5,
        "maxzoom": 10
      }
    },
    {
      "type": "Feature",
      "geometry": {
        "type": "Point",
        "coordinates": [
          -23.250498,
          21.434661
        ]
      },
      "properties": {
        "id": 87,
        "entity_id": "province:87",
        "feature_class": "province_label",
        "name": "Bolinadusia",
        "full_name": "Bolinadusia Deanery",
        "state_id": 11,
        "state_name": "Chuelia",
        "rank": 2,
        "minzoom": 5,
        "maxzoom": 10
      }
    },
    {
      "type": "Feature",
      "geometry": {
        "type": "Point",
        "coordinates": [
          -24.015947,
          20.813147
        ]
      },
      "properties": {
        "id": 88,
        "entity_id": "province:88",
        "feature_class": "province_label",
        "name": "Andia",
        "full_name": "Andia Deanery",
        "state_id": 11,
        "state_name": "Chuelia",
        "rank": 2,
        "minzoom": 5,
        "maxzoom": 10
      }
    },
    {
      "type": "Feature",
      "geometry": {
        "type": "Point",
        "coordinates": [
          -22.48505,
          22.62988
        ]
      },
      "properties": {
        "id": 89,
        "entity_id": "province:89",
        "feature_class": "province_label",
        "name": "Lantaimancheb",
        "full_name": "Lantaimancheb Deanery",
        "state_id": 11,
        "state_name": "Chuelia",
        "rank": 2,
        "minzoom": 5,
        "maxzoom": 10
      }
    },
    {
      "type": "Feature",
      "geometry": {
        "type": "Point",
        "coordinates": [
          -0.191362,
          29.849004
        ]
      },
      "properties": {
        "id": 90,
        "entity_id": "province:90",
        "feature_class": "province_label",
        "name": "Sazeli",
        "full_name": "Sazeli Barony",
        "state_id": 12,
        "state_name": "Boy",
        "rank": 2,
        "minzoom": 5,
        "maxzoom": 10
      }
    },
    {
      "type": "Feature",
      "geometry": {
        "type": "Point",
        "coordinates": [
          -0.239203,
          24.064143
        ]
      },
      "properties": {
        "id": 91,
        "entity_id": "province:91",
        "feature_class": "province_label",
        "name": "Ayaneli",
        "full_name": "Ayaneli County",
        "state_id": 12,
        "state_name": "Boy",
        "rank": 2,
        "minzoom": 5,
        "maxzoom": 10
      }
    },
    {
      "type": "Feature",
      "geometry": {
        "type": "Point",
        "coordinates": [
          3.300997,
          29.466534
        ]
      },
      "properties": {
        "id": 92,
        "entity_id": "province:92",
        "feature_class": "province_label",
        "name": "Erlyurt",
        "full_name": "Erlyurt Barony",
        "state_id": 12,
        "state_name": "Boy",
        "rank": 2,
        "minzoom": 5,
        "maxzoom": 10
      }
    },
    {
      "type": "Feature",
      "geometry": {
        "type": "Point",
        "coordinates": [
          -6.26711,
          29.22749
        ]
      },
      "properties": {
        "id": 93,
        "entity_id": "province:93",
        "feature_class": "province_label",
        "name": "Erbey",
        "full_name": "Erbey Barony",
        "state_id": 12,
        "state_name": "Boy",
        "rank": 2,
        "minzoom": 5,
        "maxzoom": 10
      }
    },
    {
      "type": "Feature",
      "geometry": {
        "type": "Point",
        "coordinates": [
          4.209967,
          33.243426
        ]
      },
      "properties": {
        "id": 94,
        "entity_id": "province:94",
        "feature_class": "province_label",
        "name": "Ayvarkeli",
        "full_name": "Ayvarkeli County",
        "state_id": 12,
        "state_name": "Boy",
        "rank": 2,
        "minzoom": 5,
        "maxzoom": 10
      }
    },
    {
      "type": "Feature",
      "geometry": {
        "type": "Point",
        "coordinates": [
          -8.802658,
          30.088048
        ]
      },
      "properties": {
        "id": 95,
        "entity_id": "province:95",
        "feature_class": "province_label",
        "name": "Kozyoltay",
        "full_name": "Kozyoltay Seneschalty",
        "state_id": 12,
        "state_name": "Boy",
        "rank": 2,
        "minzoom": 5,
        "maxzoom": 10
      }
    },
    {
      "type": "Feature",
      "geometry": {
        "type": "Point",
        "coordinates": [
          -6.26711,
          27.506375
        ]
      },
      "properties": {
        "id": 96,
        "entity_id": "province:96",
        "feature_class": "province_label",
        "name": "Sarprakdi",
        "full_name": "Sarprakdi Seneschalty",
        "state_id": 12,
        "state_name": "Boy",
        "rank": 2,
        "minzoom": 5,
        "maxzoom": 10
      }
    },
    {
      "type": "Feature",
      "geometry": {
        "type": "Point",
        "coordinates": [
          -5.884385,
          38.789243
        ]
      },
      "properties": {
        "id": 97,
        "entity_id": "province:97",
        "feature_class": "province_label",
        "name": "Askia",
        "full_name": "Askia County",
        "state_id": 12,
        "state_name": "Boy",
        "rank": 2,
        "minzoom": 5,
        "maxzoom": 10
      }
    },
    {
      "type": "Feature",
      "geometry": {
        "type": "Point",
        "coordinates": [
          2.631229,
          34.868924
        ]
      },
      "properties": {
        "id": 98,
        "entity_id": "province:98",
        "feature_class": "province_label",
        "name": "Aykut",
        "full_name": "Aykut County",
        "state_id": 12,
        "state_name": "Boy",
        "rank": 2,
        "minzoom": 5,
        "maxzoom": 10
      }
    },
    {
      "type": "Feature",
      "geometry": {
        "type": "Point",
        "coordinates": [
          -3.157475,
          34.582072
        ]
      },
      "properties": {
        "id": 99,
        "entity_id": "province:99",
        "feature_class": "province_label",
        "name": "Ytelen",
        "full_name": "Ytelen Shire",
        "state_id": 12,
        "state_name": "Boy",
        "rank": 2,
        "minzoom": 5,
        "maxzoom": 10
      }
    },
    {
      "type": "Feature",
      "geometry": {
        "type": "Point",
        "coordinates": [
          -6.554153,
          36.876892
        ]
      },
      "properties": {
        "id": 100,
        "entity_id": "province:100",
        "feature_class": "province_label",
        "name": "Klovs",
        "full_name": "Klovs County",
        "state_id": 12,
        "state_name": "Boy",
        "rank": 2,
        "minzoom": 5,
        "maxzoom": 10
      }
    },
    {
      "type": "Feature",
      "geometry": {
        "type": "Point",
        "coordinates": [
          6.601993,
          27.458566
        ]
      },
      "properties": {
        "id": 101,
        "entity_id": "province:101",
        "feature_class": "province_label",
        "name": "Eriyurt",
        "full_name": "Eriyurt Shire",
        "state_id": 12,
        "state_name": "Boy",
        "rank": 2,
        "minzoom": 5,
        "maxzoom": 10
      }
    },
    {
      "type": "Feature",
      "geometry": {
        "type": "Point",
        "coordinates": [
          -5.214618,
          33.817131
        ]
      },
      "properties": {
        "id": 102,
        "entity_id": "province:102",
        "feature_class": "province_label",
        "name": "Erkanesen",
        "full_name": "Erkanesen Seneschalty",
        "state_id": 12,
        "state_name": "Boy",
        "rank": 2,
        "minzoom": 5,
        "maxzoom": 10
      }
    },
    {
      "type": "Feature",
      "geometry": {
        "type": "Point",
        "coordinates": [
          0.86113,
          22.438645
        ]
      },
      "properties": {
        "id": 103,
        "entity_id": "province:103",
        "feature_class": "province_label",
        "name": "Yayaztopyurt",
        "full_name": "Yayaztopyurt County",
        "state_id": 12,
        "state_name": "Boy",
        "rank": 2,
        "minzoom": 5,
        "maxzoom": 10
      }
    },
    {
      "type": "Feature",
      "geometry": {
        "type": "Point",
        "coordinates": [
          3.348837,
          24.350996
        ]
      },
      "properties": {
        "id": 104,
        "entity_id": "province:104",
        "feature_class": "province_label",
        "name": "Kesenbyurt",
        "full_name": "Kesenbyurt Barony",
        "state_id": 12,
        "state_name": "Boy",
        "rank": 2,
        "minzoom": 5,
        "maxzoom": 10
      }
    },
    {
      "type": "Feature",
      "geometry": {
        "type": "Point",
        "coordinates": [
          5.166777,
          28.701594
        ]
      },
      "properties": {
        "id": 105,
        "entity_id": "province:105",
        "feature_class": "province_label",
        "name": "Ayurt",
        "full_name": "Ayurt County",
        "state_id": 12,
        "state_name": "Boy",
        "rank": 2,
        "minzoom": 5,
        "maxzoom": 10
      }
    },
    {
      "type": "Feature",
      "geometry": {
        "type": "Point",
        "coordinates": [
          3.922924,
          32.33506
        ]
      },
      "properties": {
        "id": 106,
        "entity_id": "province:106",
        "feature_class": "province_label",
        "name": "Dekyurt",
        "full_name": "Dekyurt Shire",
        "state_id": 12,
        "state_name": "Boy",
        "rank": 2,
        "minzoom": 5,
        "maxzoom": 10
      }
    },
    {
      "type": "Feature",
      "geometry": {
        "type": "Point",
        "coordinates": [
          2.822591,
          33.48247
        ]
      },
      "properties": {
        "id": 107,
        "entity_id": "province:107",
        "feature_class": "province_label",
        "name": "Alese",
        "full_name": "Alese County",
        "state_id": 12,
        "state_name": "Boy",
        "rank": 2,
        "minzoom": 5,
        "maxzoom": 10
      }
    },
    {
      "type": "Feature",
      "geometry": {
        "type": "Point",
        "coordinates": [
          -5.071096,
          36.494422
        ]
      },
      "properties": {
        "id": 108,
        "entity_id": "province:108",
        "feature_class": "province_label",
        "name": "Rakmoki",
        "full_name": "Rakmoki Barony",
        "state_id": 12,
        "state_name": "Boy",
        "rank": 2,
        "minzoom": 5,
        "maxzoom": 10
      }
    },
    {
      "type": "Feature",
      "geometry": {
        "type": "Point",
        "coordinates": [
          -2.344186,
          31.283267
        ]
      },
      "properties": {
        "id": 109,
        "entity_id": "province:109",
        "feature_class": "province_label",
        "name": "Elieli",
        "full_name": "Elieli County",
        "state_id": 12,
        "state_name": "Boy",
        "rank": 2,
        "minzoom": 5,
        "maxzoom": 10
      }
    },
    {
      "type": "Feature",
      "geometry": {
        "type": "Point",
        "coordinates": [
          2.248505,
          21.673705
        ]
      },
      "properties": {
        "id": 110,
        "entity_id": "province:110",
        "feature_class": "province_label",
        "name": "Beia",
        "full_name": "Beia Shire",
        "state_id": 12,
        "state_name": "Boy",
        "rank": 2,
        "minzoom": 5,
        "maxzoom": 10
      }
    },
    {
      "type": "Feature",
      "geometry": {
        "type": "Point",
        "coordinates": [
          3.875083,
          34.390837
        ]
      },
      "properties": {
        "id": 111,
        "entity_id": "province:111",
        "feature_class": "province_label",
        "name": "Sivrek",
        "full_name": "Sivrek Shire",
        "state_id": 12,
        "state_name": "Boy",
        "rank": 2,
        "minzoom": 5,
        "maxzoom": 10
      }
    },
    {
      "type": "Feature",
      "geometry": {
        "type": "Point",
        "coordinates": [
          -1.722259,
          32.669721
        ]
      },
      "properties": {
        "id": 112,
        "entity_id": "province:112",
        "feature_class": "province_label",
        "name": "Yeneri",
        "full_name": "Yeneri Seneschalty",
        "state_id": 12,
        "state_name": "Boy",
        "rank": 2,
        "minzoom": 5,
        "maxzoom": 10
      }
    },
    {
      "type": "Feature",
      "geometry": {
        "type": "Point",
        "coordinates": [
          -1.339535,
          23.586056
        ]
      },
      "properties": {
        "id": 113,
        "entity_id": "province:113",
        "feature_class": "province_label",
        "name": "Aslanseli",
        "full_name": "Aslanseli Barony",
        "state_id": 12,
        "state_name": "Boy",
        "rank": 2,
        "minzoom": 5,
        "maxzoom": 10
      }
    },
    {
      "type": "Feature",
      "geometry": {
        "type": "Point",
        "coordinates": [
          -4.401329,
          35.920717
        ]
      },
      "properties": {
        "id": 114,
        "entity_id": "province:114",
        "feature_class": "province_label",
        "name": "Abeynak",
        "full_name": "Abeynak Shire",
        "state_id": 12,
        "state_name": "Boy",
        "rank": 2,
        "minzoom": 5,
        "maxzoom": 10
      }
    },
    {
      "type": "Feature",
      "geometry": {
        "type": "Point",
        "coordinates": [
          -8.563455,
          29.849004
        ]
      },
      "properties": {
        "id": 115,
        "entity_id": "province:115",
        "feature_class": "province_label",
        "name": "Erin",
        "full_name": "Erin Shire",
        "state_id": 12,
        "state_name": "Boy",
        "rank": 2,
        "minzoom": 5,
        "maxzoom": 10
      }
    },
    {
      "type": "Feature",
      "geometry": {
        "type": "Point",
        "coordinates": [
          -26.647176,
          21.960558
        ]
      },
      "properties": {
        "id": 116,
        "entity_id": "province:116",
        "feature_class": "province_label",
        "name": "Combrechienia",
        "full_name": "Combrechienia County",
        "state_id": 13,
        "state_name": "Sounevandilia",
        "rank": 2,
        "minzoom": 5,
        "maxzoom": 10
      }
    },
    {
      "type": "Feature",
      "geometry": {
        "type": "Point",
        "coordinates": [
          -26.264452,
          22.821116
        ]
      },
      "properties": {
        "id": 117,
        "entity_id": "province:117",
        "feature_class": "province_label",
        "name": "Montcraynes",
        "full_name": "Montcraynes Margrave",
        "state_id": 13,
        "state_name": "Sounevandilia",
        "rank": 2,
        "minzoom": 5,
        "maxzoom": 10
      }
    },
    {
      "type": "Feature",
      "geometry": {
        "type": "Point",
        "coordinates": [
          -25.116279,
          21.530279
        ]
      },
      "properties": {
        "id": 118,
        "entity_id": "province:118",
        "feature_class": "province_label",
        "name": "Messes",
        "full_name": "Messes Earldom",
        "state_id": 13,
        "state_name": "Sounevandilia",
        "rank": 2,
        "minzoom": 5,
        "maxzoom": 10
      }
    },
    {
      "type": "Feature",
      "geometry": {
        "type": "Point",
        "coordinates": [
          -25.546844,
          23.347012
        ]
      },
      "properties": {
        "id": 119,
        "entity_id": "province:119",
        "feature_class": "province_label",
        "name": "Timancheauzo",
        "full_name": "Timancheauzo County",
        "state_id": 13,
        "state_name": "Sounevandilia",
        "rank": 2,
        "minzoom": 5,
        "maxzoom": 10
      }
    },
    {
      "type": "Feature",
      "geometry": {
        "type": "Point",
        "coordinates": [
          -4.831894,
          19.761355
        ]
      },
      "properties": {
        "id": 120,
        "entity_id": "province:120",
        "feature_class": "province_label",
        "name": "Umanyurt",
        "full_name": "Umanyurt Parish",
        "state_id": 14,
        "state_name": "Yerinte",
        "rank": 2,
        "minzoom": 5,
        "maxzoom": 10
      }
    },
    {
      "type": "Feature",
      "geometry": {
        "type": "Point",
        "coordinates": [
          1.052492,
          19.378884
        ]
      },
      "properties": {
        "id": 121,
        "entity_id": "province:121",
        "feature_class": "province_label",
        "name": "Enevyurt",
        "full_name": "Enevyurt Parish",
        "state_id": 14,
        "state_name": "Yerinte",
        "rank": 2,
        "minzoom": 5,
        "maxzoom": 10
      }
    },
    {
      "type": "Feature",
      "geometry": {
        "type": "Point",
        "coordinates": [
          -7.606645,
          19.761355
        ]
      },
      "properties": {
        "id": 122,
        "entity_id": "province:122",
        "feature_class": "province_label",
        "name": "Yalbe",
        "full_name": "Yalbe Parish",
        "state_id": 14,
        "state_name": "Yerinte",
        "rank": 2,
        "minzoom": 5,
        "maxzoom": 10
      }
    },
    {
      "type": "Feature",
      "geometry": {
        "type": "Point",
        "coordinates": [
          -7.702326,
          16.319124
        ]
      },
      "properties": {
        "id": 123,
        "entity_id": "province:123",
        "feature_class": "province_label",
        "name": "Barmia",
        "full_name": "Barmia Parish",
        "state_id": 14,
        "state_name": "Yerinte",
        "rank": 2,
        "minzoom": 5,
        "maxzoom": 10
      }
    },
    {
      "type": "Feature",
      "geometry": {
        "type": "Point",
        "coordinates": [
          -7.032558,
          17.370916
        ]
      },
      "properties": {
        "id": 124,
        "entity_id": "province:124",
        "feature_class": "province_label",
        "name": "Moncocendi",
        "full_name": "Moncocendi Parish",
        "state_id": 14,
        "state_name": "Yerinte",
        "rank": 2,
        "minzoom": 5,
        "maxzoom": 10
      }
    },
    {
      "type": "Feature",
      "geometry": {
        "type": "Point",
        "coordinates": [
          -6.601993,
          18.900797
        ]
      },
      "properties": {
        "id": 125,
        "entity_id": "province:125",
        "feature_class": "province_label",
        "name": "Azozesbey",
        "full_name": "Azozesbey Parish",
        "state_id": 14,
        "state_name": "Yerinte",
        "rank": 2,
        "minzoom": 5,
        "maxzoom": 10
      }
    },
    {
      "type": "Feature",
      "geometry": {
        "type": "Point",
        "coordinates": [
          -8.324252,
          17.849004
        ]
      },
      "properties": {
        "id": 126,
        "entity_id": "province:126",
        "feature_class": "province_label",
        "name": "Yeli",
        "full_name": "Yeli Parish",
        "state_id": 14,
        "state_name": "Yerinte",
        "rank": 2,
        "minzoom": 5,
        "maxzoom": 10
      }
    },
    {
      "type": "Feature",
      "geometry": {
        "type": "Point",
        "coordinates": [
          -6.793355,
          18.566135
        ]
      },
      "properties": {
        "id": 127,
        "entity_id": "province:127",
        "feature_class": "province_label",
        "name": "Ayayruzun",
        "full_name": "Ayayruzun Parish",
        "state_id": 14,
        "state_name": "Yerinte",
        "rank": 2,
        "minzoom": 5,
        "maxzoom": 10
      }
    },
    {
      "type": "Feature",
      "geometry": {
        "type": "Point",
        "coordinates": [
          -5.023256,
          16.558167
        ]
      },
      "properties": {
        "id": 128,
        "entity_id": "province:128",
        "feature_class": "province_label",
        "name": "Epelenteli",
        "full_name": "Epelenteli Parish",
        "state_id": 14,
        "state_name": "Yerinte",
        "rank": 2,
        "minzoom": 5,
        "maxzoom": 10
      }
    },
    {
      "type": "Feature",
      "geometry": {
        "type": "Point",
        "coordinates": [
          -6.027907,
          20.33506
        ]
      },
      "properties": {
        "id": 129,
        "entity_id": "province:129",
        "feature_class": "province_label",
        "name": "Koca",
        "full_name": "Koca Parish",
        "state_id": 14,
        "state_name": "Yerinte",
        "rank": 2,
        "minzoom": 5,
        "maxzoom": 10
      }
    },
    {
      "type": "Feature",
      "geometry": {
        "type": "Point",
        "coordinates": [
          -3.683721,
          20.574104
        ]
      },
      "properties": {
        "id": 130,
        "entity_id": "province:130",
        "feature_class": "province_label",
        "name": "Yaberinka",
        "full_name": "Yaberinka Parish",
        "state_id": 14,
        "state_name": "Yerinte",
        "rank": 2,
        "minzoom": 5,
        "maxzoom": 10
      }
    },
    {
      "type": "Feature",
      "geometry": {
        "type": "Point",
        "coordinates": [
          -11.051163,
          19.187649
        ]
      },
      "properties": {
        "id": 131,
        "entity_id": "province:131",
        "feature_class": "province_label",
        "name": "Derenkor",
        "full_name": "Derenkor County",
        "state_id": 15,
        "state_name": "Alprakeli",
        "rank": 2,
        "minzoom": 5,
        "maxzoom": 10
      }
    },
    {
      "type": "Feature",
      "geometry": {
        "type": "Point",
        "coordinates": [
          -10.142193,
          17.562151
        ]
      },
      "properties": {
        "id": 132,
        "entity_id": "province:132",
        "feature_class": "province_label",
        "name": "Buykuteli",
        "full_name": "Buykuteli County",
        "state_id": 15,
        "state_name": "Alprakeli",
        "rank": 2,
        "minzoom": 5,
        "maxzoom": 10
      }
    },
    {
      "type": "Feature",
      "geometry": {
        "type": "Point",
        "coordinates": [
          -9.568106,
          16.749402
        ]
      },
      "properties": {
        "id": 133,
        "entity_id": "province:133",
        "feature_class": "province_label",
        "name": "Secilbenzon",
        "full_name": "Secilbenzon Margrave",
        "state_id": 15,
        "state_name": "Alprakeli",
        "rank": 2,
        "minzoom": 5,
        "maxzoom": 10
      }
    },
    {
      "type": "Feature",
      "geometry": {
        "type": "Point",
        "coordinates": [
          -9.137542,
          16.223506
        ]
      },
      "properties": {
        "id": 134,
        "entity_id": "province:134",
        "feature_class": "province_label",
        "name": "Hertegia",
        "full_name": "Hertegia Margrave",
        "state_id": 15,
        "state_name": "Alprakeli",
        "rank": 2,
        "minzoom": 5,
        "maxzoom": 10
      }
    },
    {
      "type": "Feature",
      "geometry": {
        "type": "Point",
        "coordinates": [
          21.767442,
          18.613944
        ]
      },
      "properties": {
        "id": 135,
        "entity_id": "province:135",
        "feature_class": "province_label",
        "name": "Helcosia",
        "full_name": "Helcosia County",
        "state_id": 16,
        "state_name": "Peina",
        "rank": 2,
        "minzoom": 5,
        "maxzoom": 10
      }
    },
    {
      "type": "Feature",
      "geometry": {
        "type": "Point",
        "coordinates": [
          19.566777,
          18.327092
        ]
      },
      "properties": {
        "id": 136,
        "entity_id": "province:136",
        "feature_class": "province_label",
        "name": "Pegera",
        "full_name": "Pegera Earldom",
        "state_id": 16,
        "state_name": "Peina",
        "rank": 2,
        "minzoom": 5,
        "maxzoom": 10
      }
    },
    {
      "type": "Feature",
      "geometry": {
        "type": "Point",
        "coordinates": [
          18.418605,
          16.366932
        ]
      },
      "properties": {
        "id": 137,
        "entity_id": "province:137",
        "feature_class": "province_label",
        "name": "Ampliosia",
        "full_name": "Ampliosia County",
        "state_id": 16,
        "state_name": "Peina",
        "rank": 2,
        "minzoom": 5,
        "maxzoom": 10
      }
    },
    {
      "type": "Feature",
      "geometry": {
        "type": "Point",
        "coordinates": [
          22.867774,
          17.179681
        ]
      },
      "properties": {
        "id": 138,
        "entity_id": "province:138",
        "feature_class": "province_label",
        "name": "Amphia",
        "full_name": "Amphia Shire",
        "state_id": 16,
        "state_name": "Peina",
        "rank": 2,
        "minzoom": 5,
        "maxzoom": 10
      }
    },
    {
      "type": "Feature",
      "geometry": {
        "type": "Point",
        "coordinates": [
          22.437209,
          16.510359
        ]
      },
      "properties": {
        "id": 139,
        "entity_id": "province:139",
        "feature_class": "province_label",
        "name": "Gyriantioch",
        "full_name": "Gyriantioch Earldom",
        "state_id": 16,
        "state_name": "Peina",
        "rank": 2,
        "minzoom": 5,
        "maxzoom": 10
      }
    },
    {
      "type": "Feature",
      "geometry": {
        "type": "Point",
        "coordinates": [
          21.145515,
          16.84502
        ]
      },
      "properties": {
        "id": 140,
        "entity_id": "province:140",
        "feature_class": "province_label",
        "name": "Chios",
        "full_name": "Chios Shire",
        "state_id": 16,
        "state_name": "Peina",
        "rank": 2,
        "minzoom": 5,
        "maxzoom": 10
      }
    },
    {
      "type": "Feature",
      "geometry": {
        "type": "Point",
        "coordinates": [
          20.140864,
          18.040239
        ]
      },
      "properties": {
        "id": 141,
        "entity_id": "province:141",
        "feature_class": "province_label",
        "name": "Peipatros",
        "full_name": "Peipatros County",
        "state_id": 16,
        "state_name": "Peina",
        "rank": 2,
        "minzoom": 5,
        "maxzoom": 10
      }
    },
    {
      "type": "Feature",
      "geometry": {
        "type": "Point",
        "coordinates": [
          18.89701,
          17.275299
        ]
      },
      "properties": {
        "id": 142,
        "entity_id": "province:142",
        "feature_class": "province_label",
        "name": "Degaicarnia",
        "full_name": "Degaicarnia Shire",
        "state_id": 16,
        "state_name": "Peina",
        "rank": 2,
        "minzoom": 5,
        "maxzoom": 10
      }
    },
    {
      "type": "Feature",
      "geometry": {
        "type": "Point",
        "coordinates": [
          19.327575,
          20.813147
        ]
      },
      "properties": {
        "id": 143,
        "entity_id": "province:143",
        "feature_class": "province_label",
        "name": "Hitchia",
        "full_name": "Hitchia County",
        "state_id": 16,
        "state_name": "Peina",
        "rank": 2,
        "minzoom": 5,
        "maxzoom": 10
      }
    },
    {
      "type": "Feature",
      "geometry": {
        "type": "Point",
        "coordinates": [
          -13.203987,
          17.179681
        ]
      },
      "properties": {
        "id": 144,
        "entity_id": "province:144",
        "feature_class": "province_label",
        "name": "Sazkay",
        "full_name": "Sazkay Earldom",
        "state_id": 17,
        "state_name": "Sazkyurt",
        "rank": 2,
        "minzoom": 5,
        "maxzoom": 10
      }
    },
    {
      "type": "Feature",
      "geometry": {
        "type": "Point",
        "coordinates": [
          -15.452492,
          17.657769
        ]
      },
      "properties": {
        "id": 145,
        "entity_id": "province:145",
        "feature_class": "province_label",
        "name": "Rociaticia",
        "full_name": "Rociaticia County",
        "state_id": 17,
        "state_name": "Sazkyurt",
        "rank": 2,
        "minzoom": 5,
        "maxzoom": 10
      }
    },
    {
      "type": "Feature",
      "geometry": {
        "type": "Point",
        "coordinates": [
          -14.112957,
          20.908765
        ]
      },
      "properties": {
        "id": 146,
        "entity_id": "province:146",
        "feature_class": "province_label",
        "name": "Yasyurt",
        "full_name": "Yasyurt Earldom",
        "state_id": 17,
        "state_name": "Sazkyurt",
        "rank": 2,
        "minzoom": 5,
        "maxzoom": 10
      }
    },
    {
      "type": "Feature",
      "geometry": {
        "type": "Point",
        "coordinates": [
          -12.438538,
          20.191633
        ]
      },
      "properties": {
        "id": 147,
        "entity_id": "province:147",
        "feature_class": "province_label",
        "name": "Dodurbyurt",
        "full_name": "Dodurbyurt County",
        "state_id": 17,
        "state_name": "Sazkyurt",
        "rank": 2,
        "minzoom": 5,
        "maxzoom": 10
      }
    },
    {
      "type": "Feature",
      "geometry": {
        "type": "Point",
        "coordinates": [
          -14.065116,
          16.605976
        ]
      },
      "properties": {
        "id": 148,
        "entity_id": "province:148",
        "feature_class": "province_label",
        "name": "Toprak",
        "full_name": "Toprak Earldom",
        "state_id": 17,
        "state_name": "Sazkyurt",
        "rank": 2,
        "minzoom": 5,
        "maxzoom": 10
      }
    },
    {
      "type": "Feature",
      "geometry": {
        "type": "Point",
        "coordinates": [
          -16.696346,
          18.135857
        ]
      },
      "properties": {
        "id": 149,
        "entity_id": "province:149",
        "feature_class": "province_label",
        "name": "Prolanolia",
        "full_name": "Prolanolia Earldom",
        "state_id": 17,
        "state_name": "Sazkyurt",
        "rank": 2,
        "minzoom": 5,
        "maxzoom": 10
      }
    },
    {
      "type": "Feature",
      "geometry": {
        "type": "Point",
        "coordinates": [
          -13.873754,
          18.996414
        ]
      },
      "properties": {
        "id": 150,
        "entity_id": "province:150",
        "feature_class": "province_label",
        "name": "Galokseki",
        "full_name": "Galokseki Earldom",
        "state_id": 17,
        "state_name": "Sazkyurt",
        "rank": 2,
        "minzoom": 5,
        "maxzoom": 10
      }
    },
    {
      "type": "Feature",
      "geometry": {
        "type": "Point",
        "coordinates": [
          -12.342857,
          16.271315
        ]
      },
      "properties": {
        "id": 151,
        "entity_id": "province:151",
        "feature_class": "province_label",
        "name": "Sarp Oksun",
        "full_name": "Sarp Oksun County",
        "state_id": 17,
        "state_name": "Sazkyurt",
        "rank": 2,
        "minzoom": 5,
        "maxzoom": 10
      }
    },
    {
      "type": "Feature",
      "geometry": {
        "type": "Point",
        "coordinates": [
          -6.649834,
          12.064143
        ]
      },
      "properties": {
        "id": 152,
        "entity_id": "province:152",
        "feature_class": "province_label",
        "name": "Heruesia",
        "full_name": "Heruesia County",
        "state_id": 17,
        "state_name": "Sazkyurt",
        "rank": 2,
        "minzoom": 5,
        "maxzoom": 10
      }
    },
    {
      "type": "Feature",
      "geometry": {
        "type": "Point",
        "coordinates": [
          -25.499003,
          15.506375
        ]
      },
      "properties": {
        "id": 153,
        "entity_id": "province:153",
        "feature_class": "province_label",
        "name": "Tresiumia",
        "full_name": "Tresiumia County",
        "state_id": 17,
        "state_name": "Sazkyurt",
        "rank": 2,
        "minzoom": 5,
        "maxzoom": 10
      }
    },
    {
      "type": "Feature",
      "geometry": {
        "type": "Point",
        "coordinates": [
          -13.108306,
          20.430677
        ]
      },
      "properties": {
        "id": 154,
        "entity_id": "province:154",
        "feature_class": "province_label",
        "name": "Asbekekin",
        "full_name": "Asbekekin Earldom",
        "state_id": 17,
        "state_name": "Sazkyurt",
        "rank": 2,
        "minzoom": 5,
        "maxzoom": 10
      }
    },
    {
      "type": "Feature",
      "geometry": {
        "type": "Point",
        "coordinates": [
          -25.020598,
          16.414741
        ]
      },
      "properties": {
        "id": 155,
        "entity_id": "province:155",
        "feature_class": "province_label",
        "name": "Macumia",
        "full_name": "Macumia County",
        "state_id": 17,
        "state_name": "Sazkyurt",
        "rank": 2,
        "minzoom": 5,
        "maxzoom": 10
      }
    },
    {
      "type": "Feature",
      "geometry": {
        "type": "Point",
        "coordinates": [
          -15.643854,
          35.060159
        ]
      },
      "properties": {
        "id": 156,
        "entity_id": "province:156",
        "feature_class": "province_label",
        "name": "Leinia",
        "full_name": "Leinia Earldom",
        "state_id": 18,
        "state_name": "Lauda",
        "rank": 2,
        "minzoom": 5,
        "maxzoom": 10
      }
    },
    {
      "type": "Feature",
      "geometry": {
        "type": "Point",
        "coordinates": [
          -14.256478,
          34.916733
        ]
      },
      "properties": {
        "id": 157,
        "entity_id": "province:157",
        "feature_class": "province_label",
        "name": "Nehamn",
        "full_name": "Nehamn Earldom",
        "state_id": 18,
        "state_name": "Lauda",
        "rank": 2,
        "minzoom": 5,
        "maxzoom": 10
      }
    },
    {
      "type": "Feature",
      "geometry": {
        "type": "Point",
        "coordinates": [
          14.112957,
          29.466534
        ]
      },
      "properties": {
        "id": 158,
        "entity_id": "province:158",
        "feature_class": "province_label",
        "name": "Linbury",
        "full_name": "Linbury County",
        "state_id": 19,
        "state_name": "Stansburia",
        "rank": 2,
        "minzoom": 5,
        "maxzoom": 10
      }
    },
    {
      "type": "Feature",
      "geometry": {
        "type": "Point",
        "coordinates": [
          8.99402,
          33.721514
        ]
      },
      "properties": {
        "id": 159,
        "entity_id": "province:159",
        "feature_class": "province_label",
        "name": "Southeria",
        "full_name": "Southeria Earldom",
        "state_id": 19,
        "state_name": "Stansburia",
        "rank": 2,
        "minzoom": 5,
        "maxzoom": 10
      }
    },
    {
      "type": "Feature",
      "geometry": {
        "type": "Point",
        "coordinates": [
          8.850498,
          30.613944
        ]
      },
      "properties": {
        "id": 160,
        "entity_id": "province:160",
        "feature_class": "province_label",
        "name": "Berton",
        "full_name": "Berton County",
        "state_id": 19,
        "state_name": "Stansburia",
        "rank": 2,
        "minzoom": 5,
        "maxzoom": 10
      }
    },
    {
      "type": "Feature",
      "geometry": {
        "type": "Point",
        "coordinates": [
          13.921595,
          28.08008
        ]
      },
      "properties": {
        "id": 161,
        "entity_id": "province:161",
        "feature_class": "province_label",
        "name": "Uxbronere",
        "full_name": "Uxbronere County",
        "state_id": 19,
        "state_name": "Stansburia",
        "rank": 2,
        "minzoom": 5,
        "maxzoom": 10
      }
    },
    {
      "type": "Feature",
      "geometry": {
        "type": "Point",
        "coordinates": [
          10.333555,
          30.852988
        ]
      },
      "properties": {
        "id": 162,
        "entity_id": "province:162",
        "feature_class": "province_label",
        "name": "North",
        "full_name": "North Earldom",
        "state_id": 19,
        "state_name": "Stansburia",
        "rank": 2,
        "minzoom": 5,
        "maxzoom": 10
      }
    },
    {
      "type": "Feature",
      "geometry": {
        "type": "Point",
        "coordinates": [
          14.878405,
          33.721514
        ]
      },
      "properties": {
        "id": 163,
        "entity_id": "province:163",
        "feature_class": "province_label",
        "name": "Kilkham",
        "full_name": "Kilkham County",
        "state_id": 19,
        "state_name": "Stansburia",
        "rank": 2,
        "minzoom": 5,
        "maxzoom": 10
      }
    },
    {
      "type": "Feature",
      "geometry": {
        "type": "Point",
        "coordinates": [
          14.4,
          33.769323
        ]
      },
      "properties": {
        "id": 164,
        "entity_id": "province:164",
        "feature_class": "province_label",
        "name": "Wincland",
        "full_name": "Wincland County",
        "state_id": 19,
        "state_name": "Stansburia",
        "rank": 2,
        "minzoom": 5,
        "maxzoom": 10
      }
    },
    {
      "type": "Feature",
      "geometry": {
        "type": "Point",
        "coordinates": [
          15.739535,
          27.936653
        ]
      },
      "properties": {
        "id": 165,
        "entity_id": "province:165",
        "feature_class": "province_label",
        "name": "Halnia",
        "full_name": "Halnia County",
        "state_id": 19,
        "state_name": "Stansburia",
        "rank": 2,
        "minzoom": 5,
        "maxzoom": 10
      }
    },
    {
      "type": "Feature",
      "geometry": {
        "type": "Point",
        "coordinates": [
          15.117608,
          30.996414
        ]
      },
      "properties": {
        "id": 166,
        "entity_id": "province:166",
        "feature_class": "province_label",
        "name": "Maldock",
        "full_name": "Maldock County",
        "state_id": 19,
        "state_name": "Stansburia",
        "rank": 2,
        "minzoom": 5,
        "maxzoom": 10
      }
    },
    {
      "type": "Feature",
      "geometry": {
        "type": "Point",
        "coordinates": [
          8.228571,
          32.143825
        ]
      },
      "properties": {
        "id": 167,
        "entity_id": "province:167",
        "feature_class": "province_label",
        "name": "Oluyurt",
        "full_name": "Oluyurt County",
        "state_id": 19,
        "state_name": "Stansburia",
        "rank": 2,
        "minzoom": 5,
        "maxzoom": 10
      }
    },
    {
      "type": "Feature",
      "geometry": {
        "type": "Point",
        "coordinates": [
          15.883056,
          32.191633
        ]
      },
      "properties": {
        "id": 168,
        "entity_id": "province:168",
        "feature_class": "province_label",
        "name": "Wineterscom",
        "full_name": "Wineterscom County",
        "state_id": 19,
        "state_name": "Stansburia",
        "rank": 2,
        "minzoom": 5,
        "maxzoom": 10
      }
    },
    {
      "type": "Feature",
      "geometry": {
        "type": "Point",
        "coordinates": [
          7.17608,
          28.605976
        ]
      },
      "properties": {
        "id": 169,
        "entity_id": "province:169",
        "feature_class": "province_label",
        "name": "Tengryurt",
        "full_name": "Tengryurt County",
        "state_id": 19,
        "state_name": "Stansburia",
        "rank": 2,
        "minzoom": 5,
        "maxzoom": 10
      }
    },
    {
      "type": "Feature",
      "geometry": {
        "type": "Point",
        "coordinates": [
          16.887708,
          30.613944
        ]
      },
      "properties": {
        "id": 170,
        "entity_id": "province:170",
        "feature_class": "province_label",
        "name": "Stalia",
        "full_name": "Stalia Seneschalty",
        "state_id": 19,
        "state_name": "Stansburia",
        "rank": 2,
        "minzoom": 5,
        "maxzoom": 10
      }
    },
    {
      "type": "Feature",
      "geometry": {
        "type": "Point",
        "coordinates": [
          6.984718,
          30.805179
        ]
      },
      "properties": {
        "id": 171,
        "entity_id": "province:171",
        "feature_class": "province_label",
        "name": "Tepeneveli",
        "full_name": "Tepeneveli County",
        "state_id": 19,
        "state_name": "Stansburia",
        "rank": 2,
        "minzoom": 5,
        "maxzoom": 10
      }
    },
    {
      "type": "Feature",
      "geometry": {
        "type": "Point",
        "coordinates": [
          18.418605,
          32.860956
        ]
      },
      "properties": {
        "id": 172,
        "entity_id": "province:172",
        "feature_class": "province_label",
        "name": "Waresto",
        "full_name": "Waresto County",
        "state_id": 19,
        "state_name": "Stansburia",
        "rank": 2,
        "minzoom": 5,
        "maxzoom": 10
      }
    },
    {
      "type": "Feature",
      "geometry": {
        "type": "Point",
        "coordinates": [
          8.419934,
          28.032271
        ]
      },
      "properties": {
        "id": 173,
        "entity_id": "province:173",
        "feature_class": "province_label",
        "name": "Uyurt",
        "full_name": "Uyurt County",
        "state_id": 19,
        "state_name": "Stansburia",
        "rank": 2,
        "minzoom": 5,
        "maxzoom": 10
      }
    },
    {
      "type": "Feature",
      "geometry": {
        "type": "Point",
        "coordinates": [
          -11.003322,
          24.637849
        ]
      },
      "properties": {
        "id": 174,
        "entity_id": "province:174",
        "feature_class": "province_label",
        "name": "Enheim",
        "full_name": "Enheim Clan",
        "state_id": 1,
        "state_name": "Malscken",
        "rank": 2,
        "minzoom": 5,
        "maxzoom": 10
      }
    },
    {
      "type": "Feature",
      "geometry": {
        "type": "Point",
        "coordinates": [
          -13.778073,
          22.725498
        ]
      },
      "properties": {
        "id": 175,
        "entity_id": "province:175",
        "feature_class": "province_label",
        "name": "Schopenbach",
        "full_name": "Schopenbach Territory",
        "state_id": 1,
        "state_name": "Malscken",
        "rank": 2,
        "minzoom": 5,
        "maxzoom": 10
      }
    },
    {
      "type": "Feature",
      "geometry": {
        "type": "Point",
        "coordinates": [
          -23.537542,
          34.868924
        ]
      },
      "properties": {
        "id": 176,
        "entity_id": "province:176",
        "feature_class": "province_label",
        "name": "Hvamsund",
        "full_name": "Hvamsund Area",
        "state_id": 2,
        "state_name": "Puines",
        "rank": 2,
        "minzoom": 5,
        "maxzoom": 10
      }
    },
    {
      "type": "Feature",
      "geometry": {
        "type": "Point",
        "coordinates": [
          -16.1701,
          27.458566
        ]
      },
      "properties": {
        "id": 178,
        "entity_id": "province:178",
        "feature_class": "province_label",
        "name": "Fonces",
        "full_name": "Fonces Land",
        "state_id": 2,
        "state_name": "Puines",
        "rank": 2,
        "minzoom": 5,
        "maxzoom": 10
      }
    },
    {
      "type": "Feature",
      "geometry": {
        "type": "Point",
        "coordinates": [
          -20.954153,
          28.08008
        ]
      },
      "properties": {
        "id": 179,
        "entity_id": "province:179",
        "feature_class": "province_label",
        "name": "Charvillenest",
        "full_name": "Charvillenest Clan",
        "state_id": 2,
        "state_name": "Puines",
        "rank": 2,
        "minzoom": 5,
        "maxzoom": 10
      }
    },
    {
      "type": "Feature",
      "geometry": {
        "type": "Point",
        "coordinates": [
          -24.207309,
          26.693625
        ]
      },
      "properties": {
        "id": 180,
        "entity_id": "province:180",
        "feature_class": "province_label",
        "name": "Vigria",
        "full_name": "Vigria Territory",
        "state_id": 2,
        "state_name": "Puines",
        "rank": 2,
        "minzoom": 5,
        "maxzoom": 10
      }
    },
    {
      "type": "Feature",
      "geometry": {
        "type": "Point",
        "coordinates": [
          -25.786047,
          25.115936
        ]
      },
      "properties": {
        "id": 181,
        "entity_id": "province:181",
        "feature_class": "province_label",
        "name": "New Ivria",
        "full_name": "New Ivria Colony",
        "state_id": 2,
        "state_name": "Puines",
        "rank": 2,
        "minzoom": 5,
        "maxzoom": 10
      }
    },
    {
      "type": "Feature",
      "geometry": {
        "type": "Point",
        "coordinates": [
          -19.040532,
          40.46255
        ]
      },
      "properties": {
        "id": 182,
        "entity_id": "province:182",
        "feature_class": "province_label",
        "name": "New Myrinogia",
        "full_name": "New Myrinogia Colony",
        "state_id": 2,
        "state_name": "Puines",
        "rank": 2,
        "minzoom": 5,
        "maxzoom": 10
      }
    },
    {
      "type": "Feature",
      "geometry": {
        "type": "Point",
        "coordinates": [
          -19.75814,
          36.542231
        ]
      },
      "properties": {
        "id": 183,
        "entity_id": "province:183",
        "feature_class": "province_label",
        "name": "Stokland",
        "full_name": "Stokland Region",
        "state_id": 2,
        "state_name": "Puines",
        "rank": 2,
        "minzoom": 5,
        "maxzoom": 10
      }
    },
    {
      "type": "Feature",
      "geometry": {
        "type": "Point",
        "coordinates": [
          -15.883056,
          32.143825
        ]
      },
      "properties": {
        "id": 184,
        "entity_id": "province:184",
        "feature_class": "province_label",
        "name": "Marmersria",
        "full_name": "Marmersria Territory",
        "state_id": 2,
        "state_name": "Puines",
        "rank": 2,
        "minzoom": 5,
        "maxzoom": 10
      }
    },
    {
      "type": "Feature",
      "geometry": {
        "type": "Point",
        "coordinates": [
          -13.921595,
          30.566135
        ]
      },
      "properties": {
        "id": 185,
        "entity_id": "province:185",
        "feature_class": "province_label",
        "name": "Selvikland",
        "full_name": "Selvikland Territory",
        "state_id": 2,
        "state_name": "Puines",
        "rank": 2,
        "minzoom": 5,
        "maxzoom": 10
      }
    },
    {
      "type": "Feature",
      "geometry": {
        "type": "Point",
        "coordinates": [
          -13.443189,
          28.510359
        ]
      },
      "properties": {
        "id": 186,
        "entity_id": "province:186",
        "feature_class": "province_label",
        "name": "Tieierland",
        "full_name": "Tieierland Territory",
        "state_id": 2,
        "state_name": "Puines",
        "rank": 2,
        "minzoom": 5,
        "maxzoom": 10
      }
    },
    {
      "type": "Feature",
      "geometry": {
        "type": "Point",
        "coordinates": [
          -26.312292,
          28.414741
        ]
      },
      "properties": {
        "id": 187,
        "entity_id": "province:187",
        "feature_class": "province_label",
        "name": "Onesia",
        "full_name": "Onesia Territory",
        "state_id": 2,
        "state_name": "Puines",
        "rank": 2,
        "minzoom": 5,
        "maxzoom": 10
      }
    },
    {
      "type": "Feature",
      "geometry": {
        "type": "Point",
        "coordinates": [
          -20.140864,
          24.685657
        ]
      },
      "properties": {
        "id": 188,
        "entity_id": "province:188",
        "feature_class": "province_label",
        "name": "Chanvilesia",
        "full_name": "Chanvilesia Territory",
        "state_id": 2,
        "state_name": "Puines",
        "rank": 2,
        "minzoom": 5,
        "maxzoom": 10
      }
    },
    {
      "type": "Feature",
      "geometry": {
        "type": "Point",
        "coordinates": [
          5.980066,
          24.97251
        ]
      },
      "properties": {
        "id": 189,
        "entity_id": "province:189",
        "feature_class": "province_label",
        "name": "Mheaber",
        "full_name": "Mheaber Territory",
        "state_id": 3,
        "state_name": "Aberleith",
        "rank": 2,
        "minzoom": 5,
        "maxzoom": 10
      }
    },
    {
      "type": "Feature",
      "geometry": {
        "type": "Point",
        "coordinates": [
          9.90299,
          21.1
        ]
      },
      "properties": {
        "id": 190,
        "entity_id": "province:190",
        "feature_class": "province_label",
        "name": "Abermaicria",
        "full_name": "Abermaicria Territory",
        "state_id": 3,
        "state_name": "Aberleith",
        "rank": 2,
        "minzoom": 5,
        "maxzoom": 10
      }
    },
    {
      "type": "Feature",
      "geometry": {
        "type": "Point",
        "coordinates": [
          4.688372,
          19.522311
        ]
      },
      "properties": {
        "id": 191,
        "entity_id": "province:191",
        "feature_class": "province_label",
        "name": "Bhrunos",
        "full_name": "Bhrunos Region",
        "state_id": 3,
        "state_name": "Aberleith",
        "rank": 2,
        "minzoom": 5,
        "maxzoom": 10
      }
    },
    {
      "type": "Feature",
      "geometry": {
        "type": "Point",
        "coordinates": [
          8.324252,
          24.064143
        ]
      },
      "properties": {
        "id": 192,
        "entity_id": "province:192",
        "feature_class": "province_label",
        "name": "Ahabercarnia",
        "full_name": "Ahabercarnia Territory",
        "state_id": 3,
        "state_name": "Aberleith",
        "rank": 2,
        "minzoom": 5,
        "maxzoom": 10
      }
    },
    {
      "type": "Feature",
      "geometry": {
        "type": "Point",
        "coordinates": [
          7.463123,
          23.347012
        ]
      },
      "properties": {
        "id": 193,
        "entity_id": "province:193",
        "feature_class": "province_label",
        "name": "Inverfania",
        "full_name": "Inverfania Territory",
        "state_id": 3,
        "state_name": "Aberleith",
        "rank": 2,
        "minzoom": 5,
        "maxzoom": 10
      }
    },
    {
      "type": "Feature",
      "geometry": {
        "type": "Point",
        "coordinates": [
          3.300997,
          19.95259
        ]
      },
      "properties": {
        "id": 194,
        "entity_id": "province:194",
        "feature_class": "province_label",
        "name": "Ining",
        "full_name": "Ining Territory",
        "state_id": 3,
        "state_name": "Aberleith",
        "rank": 2,
        "minzoom": 5,
        "maxzoom": 10
      }
    },
    {
      "type": "Feature",
      "geometry": {
        "type": "Point",
        "coordinates": [
          9.137542,
          18.422709
        ]
      },
      "properties": {
        "id": 195,
        "entity_id": "province:195",
        "feature_class": "province_label",
        "name": "Bou",
        "full_name": "Bou Clan",
        "state_id": 3,
        "state_name": "Aberleith",
        "rank": 2,
        "minzoom": 5,
        "maxzoom": 10
      }
    },
    {
      "type": "Feature",
      "geometry": {
        "type": "Point",
        "coordinates": [
          2.104983,
          18.183665
        ]
      },
      "properties": {
        "id": 196,
        "entity_id": "province:196",
        "feature_class": "province_label",
        "name": "Buyurt",
        "full_name": "Buyurt Land",
        "state_id": 3,
        "state_name": "Aberleith",
        "rank": 2,
        "minzoom": 5,
        "maxzoom": 10
      }
    },
    {
      "type": "Feature",
      "geometry": {
        "type": "Point",
        "coordinates": [
          15.787375,
          21.530279
        ]
      },
      "properties": {
        "id": 197,
        "entity_id": "province:197",
        "feature_class": "province_label",
        "name": "Agosindyria",
        "full_name": "Agosindyria Land",
        "state_id": 4,
        "state_name": "Abergia",
        "rank": 2,
        "minzoom": 5,
        "maxzoom": 10
      }
    },
    {
      "type": "Feature",
      "geometry": {
        "type": "Point",
        "coordinates": [
          11.194684,
          19.665737
        ]
      },
      "properties": {
        "id": 198,
        "entity_id": "province:198",
        "feature_class": "province_label",
        "name": "Abercych",
        "full_name": "Abercych Territory",
        "state_id": 4,
        "state_name": "Abergia",
        "rank": 2,
        "minzoom": 5,
        "maxzoom": 10
      }
    },
    {
      "type": "Feature",
      "geometry": {
        "type": "Point",
        "coordinates": [
          16.265781,
          13.546215
        ]
      },
      "properties": {
        "id": 199,
        "entity_id": "province:199",
        "feature_class": "province_label",
        "name": "Errerangia",
        "full_name": "Errerangia Territory",
        "state_id": 4,
        "state_name": "Abergia",
        "rank": 2,
        "minzoom": 5,
        "maxzoom": 10
      }
    },
    {
      "type": "Feature",
      "geometry": {
        "type": "Point",
        "coordinates": [
          15.26113,
          11.107968
        ]
      },
      "properties": {
        "id": 200,
        "entity_id": "province:200",
        "feature_class": "province_label",
        "name": "Urra",
        "full_name": "Urra Colony",
        "state_id": 4,
        "state_name": "Abergia",
        "rank": 2,
        "minzoom": 5,
        "maxzoom": 10
      }
    },
    {
      "type": "Feature",
      "geometry": {
        "type": "Point",
        "coordinates": [
          17.748837,
          17.801195
        ]
      },
      "properties": {
        "id": 201,
        "entity_id": "province:201",
        "feature_class": "province_label",
        "name": "Laion",
        "full_name": "Laion Territory",
        "state_id": 4,
        "state_name": "Abergia",
        "rank": 2,
        "minzoom": 5,
        "maxzoom": 10
      }
    },
    {
      "type": "Feature",
      "geometry": {
        "type": "Point",
        "coordinates": [
          17.366113,
          17.60996
        ]
      },
      "properties": {
        "id": 202,
        "entity_id": "province:202",
        "feature_class": "province_label",
        "name": "Morgiphe",
        "full_name": "Morgiphe Dependency",
        "state_id": 4,
        "state_name": "Abergia",
        "rank": 2,
        "minzoom": 5,
        "maxzoom": 10
      }
    },
    {
      "type": "Feature",
      "geometry": {
        "type": "Point",
        "coordinates": [
          19.040532,
          34.438645
        ]
      },
      "properties": {
        "id": 203,
        "entity_id": "province:203",
        "feature_class": "province_label",
        "name": "Hitchia",
        "full_name": "Hitchia Area",
        "state_id": 5,
        "state_name": "Sagelia",
        "rank": 2,
        "minzoom": 5,
        "maxzoom": 10
      }
    },
    {
      "type": "Feature",
      "geometry": {
        "type": "Point",
        "coordinates": [
          18.705648,
          32.239442
        ]
      },
      "properties": {
        "id": 205,
        "entity_id": "province:205",
        "feature_class": "province_label",
        "name": "Newleigh",
        "full_name": "Newleigh Land",
        "state_id": 5,
        "state_name": "Sagelia",
        "rank": 2,
        "minzoom": 5,
        "maxzoom": 10
      }
    },
    {
      "type": "Feature",
      "geometry": {
        "type": "Point",
        "coordinates": [
          22.772093,
          30.135857
        ]
      },
      "properties": {
        "id": 206,
        "entity_id": "province:206",
        "feature_class": "province_label",
        "name": "New Sagelia",
        "full_name": "New Sagelia Colony",
        "state_id": 5,
        "state_name": "Sagelia",
        "rank": 2,
        "minzoom": 5,
        "maxzoom": 10
      }
    },
    {
      "type": "Feature",
      "geometry": {
        "type": "Point",
        "coordinates": [
          19.184053,
          29.275299
        ]
      },
      "properties": {
        "id": 207,
        "entity_id": "province:207",
        "feature_class": "province_label",
        "name": "Thatckingia",
        "full_name": "Thatckingia Clan",
        "state_id": 5,
        "state_name": "Sagelia",
        "rank": 2,
        "minzoom": 5,
        "maxzoom": 10
      }
    },
    {
      "type": "Feature",
      "geometry": {
        "type": "Point",
        "coordinates": [
          -19.518937,
          23.538247
        ]
      },
      "properties": {
        "id": 208,
        "entity_id": "province:208",
        "feature_class": "province_label",
        "name": "Neugy",
        "full_name": "Neugy Region",
        "state_id": 6,
        "state_name": "Aciasecia",
        "rank": 2,
        "minzoom": 5,
        "maxzoom": 10
      }
    },
    {
      "type": "Feature",
      "geometry": {
        "type": "Point",
        "coordinates": [
          -16.026578,
          22.725498
        ]
      },
      "properties": {
        "id": 209,
        "entity_id": "province:209",
        "feature_class": "province_label",
        "name": "Soniatania",
        "full_name": "Soniatania Land",
        "state_id": 6,
        "state_name": "Aciasecia",
        "rank": 2,
        "minzoom": 5,
        "maxzoom": 10
      }
    },
    {
      "type": "Feature",
      "geometry": {
        "type": "Point",
        "coordinates": [
          -17.700997,
          20.287251
        ]
      },
      "properties": {
        "id": 210,
        "entity_id": "province:210",
        "feature_class": "province_label",
        "name": "Grotatia",
        "full_name": "Grotatia Land",
        "state_id": 6,
        "state_name": "Aciasecia",
        "rank": 2,
        "minzoom": 5,
        "maxzoom": 10
      }
    },
    {
      "type": "Feature",
      "geometry": {
        "type": "Point",
        "coordinates": [
          -22.724252,
          20.143825
        ]
      },
      "properties": {
        "id": 211,
        "entity_id": "province:211",
        "feature_class": "province_label",
        "name": "Palattara",
        "full_name": "Palattara Territory",
        "state_id": 6,
        "state_name": "Aciasecia",
        "rank": 2,
        "minzoom": 5,
        "maxzoom": 10
      }
    },
    {
      "type": "Feature",
      "geometry": {
        "type": "Point",
        "coordinates": [
          -21.910963,
          16.510359
        ]
      },
      "properties": {
        "id": 212,
        "entity_id": "province:212",
        "feature_class": "province_label",
        "name": "Marvionia",
        "full_name": "Marvionia Clan",
        "state_id": 6,
        "state_name": "Aciasecia",
        "rank": 2,
        "minzoom": 5,
        "maxzoom": 10
      }
    },
    {
      "type": "Feature",
      "geometry": {
        "type": "Point",
        "coordinates": [
          -25.068439,
          18.948606
        ]
      },
      "properties": {
        "id": 213,
        "entity_id": "province:213",
        "feature_class": "province_label",
        "name": "Grotulia",
        "full_name": "Grotulia Land",
        "state_id": 6,
        "state_name": "Aciasecia",
        "rank": 2,
        "minzoom": 5,
        "maxzoom": 10
      }
    },
    {
      "type": "Feature",
      "geometry": {
        "type": "Point",
        "coordinates": [
          -20.475748,
          18.231474
        ]
      },
      "properties": {
        "id": 214,
        "entity_id": "province:214",
        "feature_class": "province_label",
        "name": "Pospia",
        "full_name": "Pospia Land",
        "state_id": 6,
        "state_name": "Aciasecia",
        "rank": 2,
        "minzoom": 5,
        "maxzoom": 10
      }
    },
    {
      "type": "Feature",
      "geometry": {
        "type": "Point",
        "coordinates": [
          20.332226,
          26.932669
        ]
      },
      "properties": {
        "id": 215,
        "entity_id": "province:215",
        "feature_class": "province_label",
        "name": "Louth",
        "full_name": "Louth Territory",
        "state_id": 7,
        "state_name": "Orporpor",
        "rank": 2,
        "minzoom": 5,
        "maxzoom": 10
      }
    },
    {
      "type": "Feature",
      "geometry": {
        "type": "Point",
        "coordinates": [
          26.790698,
          25.594024
        ]
      },
      "properties": {
        "id": 216,
        "entity_id": "province:216",
        "feature_class": "province_label",
        "name": "Altnesterby",
        "full_name": "Altnesterby Territory",
        "state_id": 7,
        "state_name": "Orporpor",
        "rank": 2,
        "minzoom": 5,
        "maxzoom": 10
      }
    },
    {
      "type": "Feature",
      "geometry": {
        "type": "Point",
        "coordinates": [
          19.518937,
          23.012351
        ]
      },
      "properties": {
        "id": 217,
        "entity_id": "province:217",
        "feature_class": "province_label",
        "name": "Winetonbia",
        "full_name": "Winetonbia Land",
        "state_id": 7,
        "state_name": "Orporpor",
        "rank": 2,
        "minzoom": 5,
        "maxzoom": 10
      }
    },
    {
      "type": "Feature",
      "geometry": {
        "type": "Point",
        "coordinates": [
          24.159468,
          29.418725
        ]
      },
      "properties": {
        "id": 218,
        "entity_id": "province:218",
        "feature_class": "province_label",
        "name": "Bodfordia",
        "full_name": "Bodfordia Island",
        "state_id": 7,
        "state_name": "Orporpor",
        "rank": 2,
        "minzoom": 5,
        "maxzoom": 10
      }
    },
    {
      "type": "Feature",
      "geometry": {
        "type": "Point",
        "coordinates": [
          16.457143,
          29.370916
        ]
      },
      "properties": {
        "id": 219,
        "entity_id": "province:219",
        "feature_class": "province_label",
        "name": "Dukitsia",
        "full_name": "Dukitsia Territory",
        "state_id": 7,
        "state_name": "Orporpor",
        "rank": 2,
        "minzoom": 5,
        "maxzoom": 10
      }
    },
    {
      "type": "Feature",
      "geometry": {
        "type": "Point",
        "coordinates": [
          24.350831,
          27.841036
        ]
      },
      "properties": {
        "id": 220,
        "entity_id": "province:220",
        "feature_class": "province_label",
        "name": "Gatham",
        "full_name": "Gatham Land",
        "state_id": 7,
        "state_name": "Orporpor",
        "rank": 2,
        "minzoom": 5,
        "maxzoom": 10
      }
    },
    {
      "type": "Feature",
      "geometry": {
        "type": "Point",
        "coordinates": [
          17.748837,
          23.968526
        ]
      },
      "properties": {
        "id": 221,
        "entity_id": "province:221",
        "feature_class": "province_label",
        "name": "Tregoveria",
        "full_name": "Tregoveria Territory",
        "state_id": 7,
        "state_name": "Orporpor",
        "rank": 2,
        "minzoom": 5,
        "maxzoom": 10
      }
    },
    {
      "type": "Feature",
      "geometry": {
        "type": "Point",
        "coordinates": [
          27.460465,
          24.781275
        ]
      },
      "properties": {
        "id": 222,
        "entity_id": "province:222",
        "feature_class": "province_label",
        "name": "Sal",
        "full_name": "Sal Territory",
        "state_id": 7,
        "state_name": "Orporpor",
        "rank": 2,
        "minzoom": 5,
        "maxzoom": 10
      }
    },
    {
      "type": "Feature",
      "geometry": {
        "type": "Point",
        "coordinates": [
          -8.037209,
          28.366932
        ]
      },
      "properties": {
        "id": 223,
        "entity_id": "province:223",
        "feature_class": "province_label",
        "name": "Bazyoleli",
        "full_name": "Bazyoleli Territory",
        "state_id": 8,
        "state_name": "Tutachinia",
        "rank": 2,
        "minzoom": 5,
        "maxzoom": 10
      }
    },
    {
      "type": "Feature",
      "geometry": {
        "type": "Point",
        "coordinates": [
          -12.964784,
          26.789243
        ]
      },
      "properties": {
        "id": 224,
        "entity_id": "province:224",
        "feature_class": "province_label",
        "name": "Schonau",
        "full_name": "Schonau Land",
        "state_id": 8,
        "state_name": "Tutachinia",
        "rank": 2,
        "minzoom": 5,
        "maxzoom": 10
      }
    },
    {
      "type": "Feature",
      "geometry": {
        "type": "Point",
        "coordinates": [
          -14.4,
          24.637849
        ]
      },
      "properties": {
        "id": 225,
        "entity_id": "province:225",
        "feature_class": "province_label",
        "name": "Schaldenia",
        "full_name": "Schaldenia Land",
        "state_id": 9,
        "state_name": "Fischrenia",
        "rank": 2,
        "minzoom": 5,
        "maxzoom": 10
      }
    },
    {
      "type": "Feature",
      "geometry": {
        "type": "Point",
        "coordinates": [
          -16.1701,
          26.837052
        ]
      },
      "properties": {
        "id": 226,
        "entity_id": "province:226",
        "feature_class": "province_label",
        "name": "Nosfieldia",
        "full_name": "Nosfieldia Territory",
        "state_id": 9,
        "state_name": "Fischrenia",
        "rank": 2,
        "minzoom": 5,
        "maxzoom": 10
      }
    },
    {
      "type": "Feature",
      "geometry": {
        "type": "Point",
        "coordinates": [
          -17.174751,
          26.311155
        ]
      },
      "properties": {
        "id": 227,
        "entity_id": "province:227",
        "feature_class": "province_label",
        "name": "Aschia",
        "full_name": "Aschia Territory",
        "state_id": 9,
        "state_name": "Fischrenia",
        "rank": 2,
        "minzoom": 5,
        "maxzoom": 10
      }
    },
    {
      "type": "Feature",
      "geometry": {
        "type": "Point",
        "coordinates": [
          -10.381395,
          35.968526
        ]
      },
      "properties": {
        "id": 228,
        "entity_id": "province:228",
        "feature_class": "province_label",
        "name": "New Turanmaa",
        "full_name": "New Turanmaa Colony",
        "state_id": 10,
        "state_name": "Turanmaa",
        "rank": 2,
        "minzoom": 5,
        "maxzoom": 10
      }
    },
    {
      "type": "Feature",
      "geometry": {
        "type": "Point",
        "coordinates": [
          -11.768771,
          35.107968
        ]
      },
      "properties": {
        "id": 229,
        "entity_id": "province:229",
        "feature_class": "province_label",
        "name": "New Sasjarvia",
        "full_name": "New Sasjarvia Colony",
        "state_id": 10,
        "state_name": "Turanmaa",
        "rank": 2,
        "minzoom": 5,
        "maxzoom": 10
      }
    },
    {
      "type": "Feature",
      "geometry": {
        "type": "Point",
        "coordinates": [
          -6.458472,
          44.71753
        ]
      },
      "properties": {
        "id": 230,
        "entity_id": "province:230",
        "feature_class": "province_label",
        "name": "New Raritavori",
        "full_name": "New Raritavori Colony",
        "state_id": 10,
        "state_name": "Turanmaa",
        "rank": 2,
        "minzoom": 5,
        "maxzoom": 10
      }
    },
    {
      "type": "Feature",
      "geometry": {
        "type": "Point",
        "coordinates": [
          -18.562126,
          40.366932
        ]
      },
      "properties": {
        "id": 231,
        "entity_id": "province:231",
        "feature_class": "province_label",
        "name": "Helsolenia",
        "full_name": "Helsolenia Islands",
        "state_id": 10,
        "state_name": "Turanmaa",
        "rank": 2,
        "minzoom": 5,
        "maxzoom": 10
      }
    },
    {
      "type": "Feature",
      "geometry": {
        "type": "Point",
        "coordinates": [
          -12.342857,
          38.406773
        ]
      },
      "properties": {
        "id": 232,
        "entity_id": "province:232",
        "feature_class": "province_label",
        "name": "New Kurania",
        "full_name": "New Kurania Colony",
        "state_id": 10,
        "state_name": "Turanmaa",
        "rank": 2,
        "minzoom": 5,
        "maxzoom": 10
      }
    },
    {
      "type": "Feature",
      "geometry": {
        "type": "Point",
        "coordinates": [
          -8.706977,
          36.350996
        ]
      },
      "properties": {
        "id": 233,
        "entity_id": "province:233",
        "feature_class": "province_label",
        "name": "Viohtino",
        "full_name": "Viohtino Island",
        "state_id": 10,
        "state_name": "Turanmaa",
        "rank": 2,
        "minzoom": 5,
        "maxzoom": 10
      }
    },
    {
      "type": "Feature",
      "geometry": {
        "type": "Point",
        "coordinates": [
          -12.342857,
          29.22749
        ]
      },
      "properties": {
        "id": 234,
        "entity_id": "province:234",
        "feature_class": "province_label",
        "name": "Raurland",
        "full_name": "Raurland Territory",
        "state_id": 10,
        "state_name": "Turanmaa",
        "rank": 2,
        "minzoom": 5,
        "maxzoom": 10
      }
    },
    {
      "type": "Feature",
      "geometry": {
        "type": "Point",
        "coordinates": [
          -9.759468,
          30.805179
        ]
      },
      "properties": {
        "id": 235,
        "entity_id": "province:235",
        "feature_class": "province_label",
        "name": "Resia",
        "full_name": "Resia Tribe",
        "state_id": 10,
        "state_name": "Turanmaa",
        "rank": 2,
        "minzoom": 5,
        "maxzoom": 10
      }
    },
    {
      "type": "Feature",
      "geometry": {
        "type": "Point",
        "coordinates": [
          -20.475748,
          23.251394
        ]
      },
      "properties": {
        "id": 236,
        "entity_id": "province:236",
        "feature_class": "province_label",
        "name": "Bacreres",
        "full_name": "Bacreres Land",
        "state_id": 11,
        "state_name": "Chuelia",
        "rank": 2,
        "minzoom": 5,
        "maxzoom": 10
      }
    },
    {
      "type": "Feature",
      "geometry": {
        "type": "Point",
        "coordinates": [
          -21.241196,
          20.526295
        ]
      },
      "properties": {
        "id": 237,
        "entity_id": "province:237",
        "feature_class": "province_label",
        "name": "Giupolia",
        "full_name": "Giupolia Territory",
        "state_id": 11,
        "state_name": "Chuelia",
        "rank": 2,
        "minzoom": 5,
        "maxzoom": 10
      }
    },
    {
      "type": "Feature",
      "geometry": {
        "type": "Point",
        "coordinates": [
          -23.633223,
          23.347012
        ]
      },
      "properties": {
        "id": 238,
        "entity_id": "province:238",
        "feature_class": "province_label",
        "name": "Vrigny",
        "full_name": "Vrigny Islands",
        "state_id": 11,
        "state_name": "Chuelia",
        "rank": 2,
        "minzoom": 5,
        "maxzoom": 10
      }
    },
    {
      "type": "Feature",
      "geometry": {
        "type": "Point",
        "coordinates": [
          -3.492359,
          37.211554
        ]
      },
      "properties": {
        "id": 239,
        "entity_id": "province:239",
        "feature_class": "province_label",
        "name": "Jung",
        "full_name": "Jung Region",
        "state_id": 12,
        "state_name": "Boy",
        "rank": 2,
        "minzoom": 5,
        "maxzoom": 10
      }
    },
    {
      "type": "Feature",
      "geometry": {
        "type": "Point",
        "coordinates": [
          2.67907,
          36.924701
        ]
      },
      "properties": {
        "id": 240,
        "entity_id": "province:240",
        "feature_class": "province_label",
        "name": "Baldu",
        "full_name": "Baldu Region",
        "state_id": 12,
        "state_name": "Boy",
        "rank": 2,
        "minzoom": 5,
        "maxzoom": 10
      }
    },
    {
      "type": "Feature",
      "geometry": {
        "type": "Point",
        "coordinates": [
          -7.128239,
          33.195618
        ]
      },
      "properties": {
        "id": 241,
        "entity_id": "province:241",
        "feature_class": "province_label",
        "name": "Paisa",
        "full_name": "Paisa Land",
        "state_id": 12,
        "state_name": "Boy",
        "rank": 2,
        "minzoom": 5,
        "maxzoom": 10
      }
    },
    {
      "type": "Feature",
      "geometry": {
        "type": "Point",
        "coordinates": [
          1.100332,
          31.474502
        ]
      },
      "properties": {
        "id": 242,
        "entity_id": "province:242",
        "feature_class": "province_label",
        "name": "Galu",
        "full_name": "Galu Territory",
        "state_id": 12,
        "state_name": "Boy",
        "rank": 2,
        "minzoom": 5,
        "maxzoom": 10
      }
    },
    {
      "type": "Feature",
      "geometry": {
        "type": "Point",
        "coordinates": [
          1.483056,
          29.801195
        ]
      },
      "properties": {
        "id": 243,
        "entity_id": "province:243",
        "feature_class": "province_label",
        "name": "Ayana",
        "full_name": "Ayana Territory",
        "state_id": 12,
        "state_name": "Boy",
        "rank": 2,
        "minzoom": 5,
        "maxzoom": 10
      }
    },
    {
      "type": "Feature",
      "geometry": {
        "type": "Point",
        "coordinates": [
          5.932226,
          29.944622
        ]
      },
      "properties": {
        "id": 244,
        "entity_id": "province:244",
        "feature_class": "province_label",
        "name": "Kumkaroke",
        "full_name": "Kumkaroke Region",
        "state_id": 12,
        "state_name": "Boy",
        "rank": 2,
        "minzoom": 5,
        "maxzoom": 10
      }
    },
    {
      "type": "Feature",
      "geometry": {
        "type": "Point",
        "coordinates": [
          -5.262458,
          26.693625
        ]
      },
      "properties": {
        "id": 245,
        "entity_id": "province:245",
        "feature_class": "province_label",
        "name": "Derinbey",
        "full_name": "Derinbey Clan",
        "state_id": 12,
        "state_name": "Boy",
        "rank": 2,
        "minzoom": 5,
        "maxzoom": 10
      }
    },
    {
      "type": "Feature",
      "geometry": {
        "type": "Point",
        "coordinates": [
          4.688372,
          25.833068
        ]
      },
      "properties": {
        "id": 246,
        "entity_id": "province:246",
        "feature_class": "province_label",
        "name": "Alazseren",
        "full_name": "Alazseren Territory",
        "state_id": 12,
        "state_name": "Boy",
        "rank": 2,
        "minzoom": 5,
        "maxzoom": 10
      }
    },
    {
      "type": "Feature",
      "geometry": {
        "type": "Point",
        "coordinates": [
          2.583389,
          22.486454
        ]
      },
      "properties": {
        "id": 247,
        "entity_id": "province:247",
        "feature_class": "province_label",
        "name": "New Yayaztopyurt",
        "full_name": "New Yayaztopyurt Colony",
        "state_id": 12,
        "state_name": "Boy",
        "rank": 2,
        "minzoom": 5,
        "maxzoom": 10
      }
    },
    {
      "type": "Feature",
      "geometry": {
        "type": "Point",
        "coordinates": [
          5.023256,
          33.434661
        ]
      },
      "properties": {
        "id": 248,
        "entity_id": "province:248",
        "feature_class": "province_label",
        "name": "Kumdeleneli",
        "full_name": "Kumdeleneli Land",
        "state_id": 12,
        "state_name": "Boy",
        "rank": 2,
        "minzoom": 5,
        "maxzoom": 10
      }
    },
    {
      "type": "Feature",
      "geometry": {
        "type": "Point",
        "coordinates": [
          -9.998671,
          30.422709
        ]
      },
      "properties": {
        "id": 249,
        "entity_id": "province:249",
        "feature_class": "province_label",
        "name": "Albonia",
        "full_name": "Albonia Tribe",
        "state_id": 12,
        "state_name": "Boy",
        "rank": 2,
        "minzoom": 5,
        "maxzoom": 10
      }
    },
    {
      "type": "Feature",
      "geometry": {
        "type": "Point",
        "coordinates": [
          -2.152824,
          30.135857
        ]
      },
      "properties": {
        "id": 250,
        "entity_id": "province:250",
        "feature_class": "province_label",
        "name": "Aboydyurt",
        "full_name": "Aboydyurt Island",
        "state_id": 12,
        "state_name": "Boy",
        "rank": 2,
        "minzoom": 5,
        "maxzoom": 10
      }
    },
    {
      "type": "Feature",
      "geometry": {
        "type": "Point",
        "coordinates": [
          3.061794,
          21.530279
        ]
      },
      "properties": {
        "id": 252,
        "entity_id": "province:252",
        "feature_class": "province_label",
        "name": "Aranhaf",
        "full_name": "Aranhaf Islands",
        "state_id": 12,
        "state_name": "Boy",
        "rank": 2,
        "minzoom": 5,
        "maxzoom": 10
      }
    },
    {
      "type": "Feature",
      "geometry": {
        "type": "Point",
        "coordinates": [
          -24.25515,
          22.24741
        ]
      },
      "properties": {
        "id": 253,
        "entity_id": "province:253",
        "feature_class": "province_label",
        "name": "Batiliersia",
        "full_name": "Batiliersia Territory",
        "state_id": 13,
        "state_name": "Sounevandilia",
        "rank": 2,
        "minzoom": 5,
        "maxzoom": 10
      }
    },
    {
      "type": "Feature",
      "geometry": {
        "type": "Point",
        "coordinates": [
          -25.738206,
          20.000398
        ]
      },
      "properties": {
        "id": 254,
        "entity_id": "province:254",
        "feature_class": "province_label",
        "name": "Grandeur",
        "full_name": "Grandeur Territory",
        "state_id": 13,
        "state_name": "Sounevandilia",
        "rank": 2,
        "minzoom": 5,
        "maxzoom": 10
      }
    },
    {
      "type": "Feature",
      "geometry": {
        "type": "Point",
        "coordinates": [
          -24.637874,
          19.809163
        ]
      },
      "properties": {
        "id": 255,
        "entity_id": "province:255",
        "feature_class": "province_label",
        "name": "Camponetevig",
        "full_name": "Camponetevig Region",
        "state_id": 13,
        "state_name": "Sounevandilia",
        "rank": 2,
        "minzoom": 5,
        "maxzoom": 10
      }
    },
    {
      "type": "Feature",
      "geometry": {
        "type": "Point",
        "coordinates": [
          -4.784053,
          22.343028
        ]
      },
      "properties": {
        "id": 256,
        "entity_id": "province:256",
        "feature_class": "province_label",
        "name": "Alprak",
        "full_name": "Alprak Area",
        "state_id": 14,
        "state_name": "Yerinte",
        "rank": 2,
        "minzoom": 5,
        "maxzoom": 10
      }
    },
    {
      "type": "Feature",
      "geometry": {
        "type": "Point",
        "coordinates": [
          -8.659136,
          22.103984
        ]
      },
      "properties": {
        "id": 257,
        "entity_id": "province:257",
        "feature_class": "province_label",
        "name": "Bozesbyurt",
        "full_name": "Bozesbyurt Area",
        "state_id": 14,
        "state_name": "Yerinte",
        "rank": 2,
        "minzoom": 5,
        "maxzoom": 10
      }
    },
    {
      "type": "Feature",
      "geometry": {
        "type": "Point",
        "coordinates": [
          -0.430565,
          18.279283
        ]
      },
      "properties": {
        "id": 258,
        "entity_id": "province:258",
        "feature_class": "province_label",
        "name": "New Ayayruzun",
        "full_name": "New Ayayruzun Colony",
        "state_id": 14,
        "state_name": "Yerinte",
        "rank": 2,
        "minzoom": 5,
        "maxzoom": 10
      }
    },
    {
      "type": "Feature",
      "geometry": {
        "type": "Point",
        "coordinates": [
          -6.027907,
          17.801195
        ]
      },
      "properties": {
        "id": 259,
        "entity_id": "province:259",
        "feature_class": "province_label",
        "name": "Erselenyurt",
        "full_name": "Erselenyurt Territory",
        "state_id": 14,
        "state_name": "Yerinte",
        "rank": 2,
        "minzoom": 5,
        "maxzoom": 10
      }
    },
    {
      "type": "Feature",
      "geometry": {
        "type": "Point",
        "coordinates": [
          -4.831894,
          15.793227
        ]
      },
      "properties": {
        "id": 260,
        "entity_id": "province:260",
        "feature_class": "province_label",
        "name": "Yaninok",
        "full_name": "Yaninok Dependency",
        "state_id": 14,
        "state_name": "Yerinte",
        "rank": 2,
        "minzoom": 5,
        "maxzoom": 10
      }
    },
    {
      "type": "Feature",
      "geometry": {
        "type": "Point",
        "coordinates": [
          -4.353488,
          11.872908
        ]
      },
      "properties": {
        "id": 261,
        "entity_id": "province:261",
        "feature_class": "province_label",
        "name": "Nobles",
        "full_name": "Nobles Land",
        "state_id": 14,
        "state_name": "Yerinte",
        "rank": 2,
        "minzoom": 5,
        "maxzoom": 10
      }
    },
    {
      "type": "Feature",
      "geometry": {
        "type": "Point",
        "coordinates": [
          1.7701,
          20.478486
        ]
      },
      "properties": {
        "id": 262,
        "entity_id": "province:262",
        "feature_class": "province_label",
        "name": "Abernania",
        "full_name": "Abernania Territory",
        "state_id": 14,
        "state_name": "Yerinte",
        "rank": 2,
        "minzoom": 5,
        "maxzoom": 10
      }
    },
    {
      "type": "Feature",
      "geometry": {
        "type": "Point",
        "coordinates": [
          -8.563455,
          19.904781
        ]
      },
      "properties": {
        "id": 263,
        "entity_id": "province:263",
        "feature_class": "province_label",
        "name": "Buyurt",
        "full_name": "Buyurt Area",
        "state_id": 14,
        "state_name": "Yerinte",
        "rank": 2,
        "minzoom": 5,
        "maxzoom": 10
      }
    },
    {
      "type": "Feature",
      "geometry": {
        "type": "Point",
        "coordinates": [
          -8.99402,
          17.323108
        ]
      },
      "properties": {
        "id": 264,
        "entity_id": "province:264",
        "feature_class": "province_label",
        "name": "Koryurt",
        "full_name": "Koryurt Tribe",
        "state_id": 14,
        "state_name": "Yerinte",
        "rank": 2,
        "minzoom": 5,
        "maxzoom": 10
      }
    },
    {
      "type": "Feature",
      "geometry": {
        "type": "Point",
        "coordinates": [
          -3.827243,
          15.936653
        ]
      },
      "properties": {
        "id": 265,
        "entity_id": "province:265",
        "feature_class": "province_label",
        "name": "Alayakar",
        "full_name": "Alayakar Land",
        "state_id": 14,
        "state_name": "Yerinte",
        "rank": 2,
        "minzoom": 5,
        "maxzoom": 10
      }
    },
    {
      "type": "Feature",
      "geometry": {
        "type": "Point",
        "coordinates": [
          -11.003322,
          20.621912
        ]
      },
      "properties": {
        "id": 266,
        "entity_id": "province:266",
        "feature_class": "province_label",
        "name": "New Secilbenzon",
        "full_name": "New Secilbenzon Colony",
        "state_id": 15,
        "state_name": "Alprakeli",
        "rank": 2,
        "minzoom": 5,
        "maxzoom": 10
      }
    },
    {
      "type": "Feature",
      "geometry": {
        "type": "Point",
        "coordinates": [
          -12.390698,
          19.139841
        ]
      },
      "properties": {
        "id": 267,
        "entity_id": "province:267",
        "feature_class": "province_label",
        "name": "Yeri",
        "full_name": "Yeri Territory",
        "state_id": 15,
        "state_name": "Alprakeli",
        "rank": 2,
        "minzoom": 5,
        "maxzoom": 10
      }
    },
    {
      "type": "Feature",
      "geometry": {
        "type": "Point",
        "coordinates": [
          -9.233223,
          17.99243
        ]
      },
      "properties": {
        "id": 268,
        "entity_id": "province:268",
        "feature_class": "province_label",
        "name": "Sereli",
        "full_name": "Sereli Land",
        "state_id": 15,
        "state_name": "Alprakeli",
        "rank": 2,
        "minzoom": 5,
        "maxzoom": 10
      }
    },
    {
      "type": "Feature",
      "geometry": {
        "type": "Point",
        "coordinates": [
          -11.960133,
          21.147809
        ]
      },
      "properties": {
        "id": 269,
        "entity_id": "province:269",
        "feature_class": "province_label",
        "name": "Esenkoryurt",
        "full_name": "Esenkoryurt Territory",
        "state_id": 15,
        "state_name": "Alprakeli",
        "rank": 2,
        "minzoom": 5,
        "maxzoom": 10
      }
    },
    {
      "type": "Feature",
      "geometry": {
        "type": "Point",
        "coordinates": [
          -12.007973,
          20.669721
        ]
      },
      "properties": {
        "id": 270,
        "entity_id": "province:270",
        "feature_class": "province_label",
        "name": "Elieli",
        "full_name": "Elieli Land",
        "state_id": 15,
        "state_name": "Alprakeli",
        "rank": 2,
        "minzoom": 5,
        "maxzoom": 10
      }
    },
    {
      "type": "Feature",
      "geometry": {
        "type": "Point",
        "coordinates": [
          18.131561,
          19.474502
        ]
      },
      "properties": {
        "id": 271,
        "entity_id": "province:271",
        "feature_class": "province_label",
        "name": "Totestable",
        "full_name": "Totestable Region",
        "state_id": 16,
        "state_name": "Peina",
        "rank": 2,
        "minzoom": 5,
        "maxzoom": 10
      }
    },
    {
      "type": "Feature",
      "geometry": {
        "type": "Point",
        "coordinates": [
          24.063787,
          16.319124
        ]
      },
      "properties": {
        "id": 272,
        "entity_id": "province:272",
        "feature_class": "province_label",
        "name": "Skylbieia",
        "full_name": "Skylbieia Land",
        "state_id": 16,
        "state_name": "Peina",
        "rank": 2,
        "minzoom": 5,
        "maxzoom": 10
      }
    },
    {
      "type": "Feature",
      "geometry": {
        "type": "Point",
        "coordinates": [
          19.997342,
          16.032271
        ]
      },
      "properties": {
        "id": 273,
        "entity_id": "province:273",
        "feature_class": "province_label",
        "name": "Hubrosia",
        "full_name": "Hubrosia Islands",
        "state_id": 16,
        "state_name": "Peina",
        "rank": 2,
        "minzoom": 5,
        "maxzoom": 10
      }
    },
    {
      "type": "Feature",
      "geometry": {
        "type": "Point",
        "coordinates": [
          18.370764,
          18.613944
        ]
      },
      "properties": {
        "id": 274,
        "entity_id": "province:274",
        "feature_class": "province_label",
        "name": "Thebexand",
        "full_name": "Thebexand Clan",
        "state_id": 16,
        "state_name": "Peina",
        "rank": 2,
        "minzoom": 5,
        "maxzoom": 10
      }
    },
    {
      "type": "Feature",
      "geometry": {
        "type": "Point",
        "coordinates": [
          18.131561,
          18.327092
        ]
      },
      "properties": {
        "id": 275,
        "entity_id": "province:275",
        "feature_class": "province_label",
        "name": "Myosia",
        "full_name": "Myosia Territory",
        "state_id": 16,
        "state_name": "Peina",
        "rank": 2,
        "minzoom": 5,
        "maxzoom": 10
      }
    },
    {
      "type": "Feature",
      "geometry": {
        "type": "Point",
        "coordinates": [
          -14.4,
          21.769323
        ]
      },
      "properties": {
        "id": 276,
        "entity_id": "province:276",
        "feature_class": "province_label",
        "name": "Gayayasi",
        "full_name": "Gayayasi Territory",
        "state_id": 17,
        "state_name": "Sazkyurt",
        "rank": 2,
        "minzoom": 5,
        "maxzoom": 10
      }
    },
    {
      "type": "Feature",
      "geometry": {
        "type": "Point",
        "coordinates": [
          -15.596013,
          19.331076
        ]
      },
      "properties": {
        "id": 277,
        "entity_id": "province:277",
        "feature_class": "province_label",
        "name": "Kaltaylyurt",
        "full_name": "Kaltaylyurt Area",
        "state_id": 17,
        "state_name": "Sazkyurt",
        "rank": 2,
        "minzoom": 5,
        "maxzoom": 10
      }
    },
    {
      "type": "Feature",
      "geometry": {
        "type": "Point",
        "coordinates": [
          -19.518937,
          18.135857
        ]
      },
      "properties": {
        "id": 278,
        "entity_id": "province:278",
        "feature_class": "province_label",
        "name": "Castinia",
        "full_name": "Castinia Territory",
        "state_id": 17,
        "state_name": "Sazkyurt",
        "rank": 2,
        "minzoom": 5,
        "maxzoom": 10
      }
    },
    {
      "type": "Feature",
      "geometry": {
        "type": "Point",
        "coordinates": [
          -12.725581,
          17.514343
        ]
      },
      "properties": {
        "id": 279,
        "entity_id": "province:279",
        "feature_class": "province_label",
        "name": "Kalteli",
        "full_name": "Kalteli Islands",
        "state_id": 17,
        "state_name": "Sazkyurt",
        "rank": 2,
        "minzoom": 5,
        "maxzoom": 10
      }
    },
    {
      "type": "Feature",
      "geometry": {
        "type": "Point",
        "coordinates": [
          -19.614618,
          13.115936
        ]
      },
      "properties": {
        "id": 280,
        "entity_id": "province:280",
        "feature_class": "province_label",
        "name": "Valle",
        "full_name": "Valle Islands",
        "state_id": 17,
        "state_name": "Sazkyurt",
        "rank": 2,
        "minzoom": 5,
        "maxzoom": 10
      }
    },
    {
      "type": "Feature",
      "geometry": {
        "type": "Point",
        "coordinates": [
          -6.984718,
          13.785259
        ]
      },
      "properties": {
        "id": 281,
        "entity_id": "province:281",
        "feature_class": "province_label",
        "name": "New Sazkay",
        "full_name": "New Sazkay Colony",
        "state_id": 17,
        "state_name": "Sazkyurt",
        "rank": 2,
        "minzoom": 5,
        "maxzoom": 10
      }
    },
    {
      "type": "Feature",
      "geometry": {
        "type": "Point",
        "coordinates": [
          -26.886379,
          13.163745
        ]
      },
      "properties": {
        "id": 282,
        "entity_id": "province:282",
        "feature_class": "province_label",
        "name": "Contialisia",
        "full_name": "Contialisia Islands",
        "state_id": 17,
        "state_name": "Sazkyurt",
        "rank": 2,
        "minzoom": 5,
        "maxzoom": 10
      }
    },
    {
      "type": "Feature",
      "geometry": {
        "type": "Point",
        "coordinates": [
          -20.380066,
          14.358964
        ]
      },
      "properties": {
        "id": 283,
        "entity_id": "province:283",
        "feature_class": "province_label",
        "name": "New Toprak",
        "full_name": "New Toprak Colony",
        "state_id": 17,
        "state_name": "Sazkyurt",
        "rank": 2,
        "minzoom": 5,
        "maxzoom": 10
      }
    },
    {
      "type": "Feature",
      "geometry": {
        "type": "Point",
        "coordinates": [
          -4.305648,
          11.012351
        ]
      },
      "properties": {
        "id": 284,
        "entity_id": "province:284",
        "feature_class": "province_label",
        "name": "Alvis",
        "full_name": "Alvis Dependency",
        "state_id": 17,
        "state_name": "Sazkyurt",
        "rank": 2,
        "minzoom": 5,
        "maxzoom": 10
      }
    },
    {
      "type": "Feature",
      "geometry": {
        "type": "Point",
        "coordinates": [
          -14.352159,
          22.390837
        ]
      },
      "properties": {
        "id": 285,
        "entity_id": "province:285",
        "feature_class": "province_label",
        "name": "Grafenland",
        "full_name": "Grafenland Land",
        "state_id": 17,
        "state_name": "Sazkyurt",
        "rank": 2,
        "minzoom": 5,
        "maxzoom": 10
      }
    },
    {
      "type": "Feature",
      "geometry": {
        "type": "Point",
        "coordinates": [
          -13.347508,
          21.243426
        ]
      },
      "properties": {
        "id": 286,
        "entity_id": "province:286",
        "feature_class": "province_label",
        "name": "Vilden",
        "full_name": "Vilden Territory",
        "state_id": 17,
        "state_name": "Sazkyurt",
        "rank": 2,
        "minzoom": 5,
        "maxzoom": 10
      }
    },
    {
      "type": "Feature",
      "geometry": {
        "type": "Point",
        "coordinates": [
          -14.4,
          17.896813
        ]
      },
      "properties": {
        "id": 287,
        "entity_id": "province:287",
        "feature_class": "province_label",
        "name": "Ekieli",
        "full_name": "Ekieli Territory",
        "state_id": 17,
        "state_name": "Sazkyurt",
        "rank": 2,
        "minzoom": 5,
        "maxzoom": 10
      }
    },
    {
      "type": "Feature",
      "geometry": {
        "type": "Point",
        "coordinates": [
          -13.395349,
          16.319124
        ]
      },
      "properties": {
        "id": 288,
        "entity_id": "province:288",
        "feature_class": "province_label",
        "name": "Kozyolma",
        "full_name": "Kozyolma Territory",
        "state_id": 17,
        "state_name": "Sazkyurt",
        "rank": 2,
        "minzoom": 5,
        "maxzoom": 10
      }
    },
    {
      "type": "Feature",
      "geometry": {
        "type": "Point",
        "coordinates": [
          -6.458472,
          13.546215
        ]
      },
      "properties": {
        "id": 289,
        "entity_id": "province:289",
        "feature_class": "province_label",
        "name": "Sancosia",
        "full_name": "Sancosia Island",
        "state_id": 17,
        "state_name": "Sazkyurt",
        "rank": 2,
        "minzoom": 5,
        "maxzoom": 10
      }
    },
    {
      "type": "Feature",
      "geometry": {
        "type": "Point",
        "coordinates": [
          -17.892359,
          36.97251
        ]
      },
      "properties": {
        "id": 290,
        "entity_id": "province:290",
        "feature_class": "province_label",
        "name": "Strausia",
        "full_name": "Strausia Territory",
        "state_id": 18,
        "state_name": "Lauda",
        "rank": 2,
        "minzoom": 5,
        "maxzoom": 10
      }
    },
    {
      "type": "Feature",
      "geometry": {
        "type": "Point",
        "coordinates": [
          -14.543522,
          32.621912
        ]
      },
      "properties": {
        "id": 291,
        "entity_id": "province:291",
        "feature_class": "province_label",
        "name": "Enesetia",
        "full_name": "Enesetia Territory",
        "state_id": 18,
        "state_name": "Lauda",
        "rank": 2,
        "minzoom": 5,
        "maxzoom": 10
      }
    },
    {
      "type": "Feature",
      "geometry": {
        "type": "Point",
        "coordinates": [
          -13.203987,
          34.868924
        ]
      },
      "properties": {
        "id": 292,
        "entity_id": "province:292",
        "feature_class": "province_label",
        "name": "Stren",
        "full_name": "Stren Territory",
        "state_id": 18,
        "state_name": "Lauda",
        "rank": 2,
        "minzoom": 5,
        "maxzoom": 10
      }
    },
    {
      "type": "Feature",
      "geometry": {
        "type": "Point",
        "coordinates": [
          9.711628,
          35.394821
        ]
      },
      "properties": {
        "id": 293,
        "entity_id": "province:293",
        "feature_class": "province_label",
        "name": "Skiplia",
        "full_name": "Skiplia Dependency",
        "state_id": 19,
        "state_name": "Stansburia",
        "rank": 2,
        "minzoom": 5,
        "maxzoom": 10
      }
    },
    {
      "type": "Feature",
      "geometry": {
        "type": "Point",
        "coordinates": [
          6.458472,
          32.287251
        ]
      },
      "properties": {
        "id": 294,
        "entity_id": "province:294",
        "feature_class": "province_label",
        "name": "Dekesenyurt",
        "full_name": "Dekesenyurt Territory",
        "state_id": 19,
        "state_name": "Stansburia",
        "rank": 2,
        "minzoom": 5,
        "maxzoom": 10
      }
    },
    {
      "type": "Feature",
      "geometry": {
        "type": "Point",
        "coordinates": [
          12.773422,
          30.088048
        ]
      },
      "properties": {
        "id": 295,
        "entity_id": "province:295",
        "feature_class": "province_label",
        "name": "Olingia",
        "full_name": "Olingia Territory",
        "state_id": 19,
        "state_name": "Stansburia",
        "rank": 2,
        "minzoom": 5,
        "maxzoom": 10
      }
    },
    {
      "type": "Feature",
      "geometry": {
        "type": "Point",
        "coordinates": [
          9.90299,
          28.605976
        ]
      },
      "properties": {
        "id": 296,
        "entity_id": "province:296",
        "feature_class": "province_label",
        "name": "Yramka",
        "full_name": "Yramka Dependency",
        "state_id": 19,
        "state_name": "Stansburia",
        "rank": 2,
        "minzoom": 5,
        "maxzoom": 10
      }
    },
    {
      "type": "Feature",
      "geometry": {
        "type": "Point",
        "coordinates": [
          12.151495,
          27.171713
        ]
      },
      "properties": {
        "id": 297,
        "entity_id": "province:297",
        "feature_class": "province_label",
        "name": "Aynakse",
        "full_name": "Aynakse Colony",
        "state_id": 19,
        "state_name": "Stansburia",
        "rank": 2,
        "minzoom": 5,
        "maxzoom": 10
      }
    },
    {
      "type": "Feature",
      "geometry": {
        "type": "Point",
        "coordinates": [
          18.179402,
          34.199602
        ]
      },
      "properties": {
        "id": 298,
        "entity_id": "province:298",
        "feature_class": "province_label",
        "name": "New Oluyurt",
        "full_name": "New Oluyurt Colony",
        "state_id": 19,
        "state_name": "Stansburia",
        "rank": 2,
        "minzoom": 5,
        "maxzoom": 10
      }
    },
    {
      "type": "Feature",
      "geometry": {
        "type": "Point",
        "coordinates": [
          13.921595,
          32.574104
        ]
      },
      "properties": {
        "id": 299,
        "entity_id": "province:299",
        "feature_class": "province_label",
        "name": "Durland",
        "full_name": "Durland Territory",
        "state_id": 19,
        "state_name": "Stansburia",
        "rank": 2,
        "minzoom": 5,
        "maxzoom": 10
      }
    },
    {
      "type": "Feature",
      "geometry": {
        "type": "Point",
        "coordinates": [
          9.950831,
          33.004382
        ]
      },
      "properties": {
        "id": 300,
        "entity_id": "province:300",
        "feature_class": "province_label",
        "name": "Brolia",
        "full_name": "Brolia Territory",
        "state_id": 19,
        "state_name": "Stansburia",
        "rank": 2,
        "minzoom": 5,
        "maxzoom": 10
      }
    },
    {
      "type": "Feature",
      "geometry": {
        "type": "Point",
        "coordinates": [
          14.208638,
          30.852988
        ]
      },
      "properties": {
        "id": 301,
        "entity_id": "province:301",
        "feature_class": "province_label",
        "name": "Nesolesia",
        "full_name": "Nesolesia Island",
        "state_id": 19,
        "state_name": "Stansburia",
        "rank": 2,
        "minzoom": 5,
        "maxzoom": 10
      }
    },
    {
      "type": "Feature",
      "geometry": {
        "type": "Point",
        "coordinates": [
          15.883056,
          29.370916
        ]
      },
      "properties": {
        "id": 302,
        "entity_id": "province:302",
        "feature_class": "province_label",
        "name": "Gorniza",
        "full_name": "Gorniza Land",
        "state_id": 19,
        "state_name": "Stansburia",
        "rank": 2,
        "minzoom": 5,
        "maxzoom": 10
      }
    },
    {
      "type": "Feature",
      "geometry": {
        "type": "Point",
        "coordinates": [
          16.409302,
          26.072112
        ]
      },
      "properties": {
        "id": 303,
        "entity_id": "province:303",
        "feature_class": "province_label",
        "name": "Cheria",
        "full_name": "Cheria Dependency",
        "state_id": 19,
        "state_name": "Stansburia",
        "rank": 2,
        "minzoom": 5,
        "maxzoom": 10
      }
    },
    {
      "type": "Feature",
      "geometry": {
        "type": "Point",
        "coordinates": [
          7.654485,
          27.219522
        ]
      },
      "properties": {
        "id": 304,
        "entity_id": "province:304",
        "feature_class": "province_label",
        "name": "Erteneli",
        "full_name": "Erteneli Islands",
        "state_id": 19,
        "state_name": "Stansburia",
        "rank": 2,
        "minzoom": 5,
        "maxzoom": 10
      }
    }
  ]
}
