{"type":"FeatureCollection","features":[{"type":"Feature","geometry":{"type":"LineString","coordinates":[[18.4904,22.6849],[18.6085,22.6777],[18.7291,22.5347],[18.8099,22.4004],[18.8779,22.3712],[19.0134,22.3884],[19.1094,22.4855],[19.2333,22.605],[19.3692,22.6834],[19.395,22.8737],[19.5376,22.9473],[19.5601,23.1113],[19.6175,23.206],[19.6907,23.2801],[19.5256,23.3881],[19.5536,23.518],[19.6495,23.61],[19.6682,23.7759],[19.6089,23.8849],[19.7959,23.97],[19.828,24.1268],[19.8366,24.2759],[19.917,24.3749],[19.9318,24.5016],[19.917,24.6369]]},"properties":{"id":1,"source":32007,"mouth":28085,"parent":40,"basin":1301,"widthFactor":0.56,"sourceWidth":0.05,"discharge":508,"name":"Tinorleigh","type":"River"}},{"type":"Feature","geometry":{"type":"LineString","coordinates":[[-15.7228,26.8801],[-15.717,27.0895],[-15.5745,27.2186],[-15.4209,27.1822],[-15.3267,27.241],[-15.1774,27.3405],[-15.0578,27.3692],[-14.9956,27.4165],[-15.0076,27.6259]]},"properties":{"id":2,"source":22024,"mouth":20598,"parent":30,"basin":30,"widthFactor":0.56,"sourceWidth":0.07,"discharge":156,"name":"Waldsbach","type":"River"}},{"type":"Feature","geometry":{"type":"LineString","coordinates":[[16.4672,21.459],[16.3227,21.5848],[16.1926,21.5752],[16.0433,21.6551],[16.0137,21.81],[15.8998,21.918],[15.8003,21.9199],[15.785,22.0007],[15.6085,22.1513],[15.5152,22.2331],[15.6085,22.3751],[15.4764,22.5247],[15.3539,22.5395],[15.3138,22.6347],[15.3889,22.7016],[15.3616,22.7924],[15.3305,22.8842],[15.2994,23.0076]]},"properties":{"id":3,"source":35608,"mouth":31591,"parent":3,"basin":3,"widthFactor":0.672,"sourceWidth":0.07,"discharge":138,"name":"Inverken","type":"River"}},{"type":"Feature","geometry":{"type":"LineString","coordinates":[[-11.6836,27.4428],[-11.6726,27.3854],[-11.5085,27.3744],[-11.3057,27.2831],[-11.1885,27.1531],[-11.1277,27.0139],[-10.9268,26.9566]]},"properties":{"id":4,"source":20621,"mouth":21699,"parent":1304,"basin":1304,"widthFactor":0.56,"sourceWidth":0.05,"discharge":218,"name":"Lietersrusen","type":"River"}},{"type":"Feature","geometry":{"type":"LineString","coordinates":[[16.8705,20.512],[17.0604,20.3762],[17.1604,20.4364],[17.2898,20.4574],[17.3733,20.5583],[17.4556,20.5363],[17.6192,20.5698],[17.7417,20.5473],[17.8718,20.6157],[18.0086,20.6057],[18.1655,20.5602],[18.3038,20.5033],[18.4846,20.5516],[18.6449,20.5172],[18.7004,20.4799],[18.7822,20.468],[18.9004,20.5516]]},"properties":{"id":5,"source":37775,"mouth":38148,"parent":6,"basin":1472,"widthFactor":0.56,"sourceWidth":0.06,"discharge":367,"name":"Persted","type":"River"}},{"type":"Feature","geometry":{"type":"LineString","coordinates":[[17.0652,21.0249],[17.1695,20.9853],[17.2776,21.0648],[17.3073,21.1956],[17.3369,21.2539],[17.5498,21.3362],[17.7842,21.2975],[17.8986,21.263],[18.1057,21.3266],[18.2622,21.3108],[18.3564,21.3438],[18.5243,21.263],[18.6856,21.1966],[18.6478,21.0326],[18.6549,20.7978],[18.7726,20.7381],[18.9004,20.5516],[19.0668,20.5564],[19.285,20.5588],[19.3883,20.4292],[19.4601,20.3279],[19.6452,20.3059],[19.651,20.0707],[19.6199,19.9311],[19.6127,19.7934],[19.7447,19.6509],[19.7801,19.519],[19.6835,19.3851],[19.7461,19.2757],[19.8543,19.2111],[19.9112,19.1628],[19.9213,18.9711],[20.006,18.831],[19.9883,18.7081]]},"properties":{"id":6,"source":36714,"mouth":42046,"parent":1472,"basin":1472,"widthFactor":0.56,"sourceWidth":0.07,"discharge":3703,"name":"Trodosia","type":"Fork"}},{"type":"Feature","geometry":{"type":"LineString","coordinates":[[21.102,23.1974],[21.0077,23.183],[20.8944,23.3112],[20.7255,23.2414],[20.6046,23.3023],[20.4724,23.2734],[20.337,23.1869],[20.2145,23.1089],[20.138,23.2437],[20.0715,23.3943],[20.1031,23.5636],[20.0447,23.6812],[20.1177,23.7914],[20.2413,23.838],[20.2562,24.0555],[20.2509,24.1182],[20.172,24.3357],[20.4021,24.3123],[20.3791,24.4351],[20.4102,24.5461],[20.4226,24.7684]]},"properties":{"id":7,"source":30881,"mouth":27785,"parent":40,"basin":1301,"widthFactor":0.56,"sourceWidth":0.05,"discharge":364,"name":"Harbury","type":"River"}},{"type":"Feature","geometry":{"type":"LineString","coordinates":[[-11.4085,27.9018],[-11.3229,27.8927],[-11.1095,27.9161],[-11.0043,27.7081],[-10.9325,27.6307],[-10.7469,27.5824],[-10.5359,27.5848]]},"properties":{"id":8,"source":19514,"mouth":20268,"parent":1472,"basin":1472,"widthFactor":0.56,"sourceWidth":0.05,"discharge":231,"name":"Orbach","type":"River"}},{"type":"Feature","geometry":{"type":"LineString","coordinates":[[17.3632,25.0734],[17.4075,25.1654],[17.3561,25.2536],[17.4256,25.3434],[17.4039,25.4549],[17.3135,25.4778],[17.2475,25.4119]]},"properties":{"id":9,"source":26816,"mouth":25863,"parent":15,"basin":15,"widthFactor":0.56,"sourceWidth":0.06,"discharge":50,"name":"Saringdon","type":"Fork"}},{"type":"Feature","geometry":{"type":"LineString","coordinates":[[15.9759,20.761],[16.1026,20.6659],[16.2136,20.5679],[16.2065,20.3609],[16.1926,20.2414],[16.2084,20.0678],[16.0945,20.0267],[15.9314,19.9803],[15.8022,19.8383],[15.5998,19.7838],[15.5243,19.7269],[15.5396,19.5309],[15.5018,19.4324],[15.3907,19.3499],[15.3429,19.2202],[15.3425,19.0141],[15.1353,18.9491],[15.1004,18.8692],[14.921,18.81],[14.7985,18.8457],[14.6765,18.808],[14.665,18.7425],[14.499,18.6364],[14.4301,18.4184],[14.3837,18.2372],[14.2302,18.0704],[14.1651,17.9872],[14.1914,17.8088],[14.1799,17.729],[14.3019,17.6052],[14.3856,17.5239],[14.3206,17.3618]]},"properties":{"id":10,"source":37417,"mouth":44993,"parent":10,"basin":10,"widthFactor":0.672,"sourceWidth":0.05,"discharge":728,"name":"Abersa","type":"River"}},{"type":"Feature","geometry":{"type":"LineString","coordinates":[[-13.0968,30.0374],[-12.9696,30.1703],[-12.9035,30.3161],[-12.8433,30.4997],[-12.7835,30.5776],[-12.7433,30.7875],[-12.628,30.8425],[-12.5146,30.7923],[-12.3486,30.9543],[-12.2609,30.8534],[-12.2505,30.7201],[-12.1946,30.6804],[-11.9888,30.7406],[-11.9185,30.8979],[-11.7774,31.0547],[-11.6267,31.0088],[-11.487,31.0504]]},"properties":{"id":11,"source":14393,"mouth":12178,"parent":26,"basin":26,"widthFactor":0.56,"sourceWidth":0.05,"discharge":410,"name":"Jampuna","type":"River"}},{"type":"Feature","geometry":{"type":"LineString","coordinates":[[-16.2462,26.5999],[-16.3208,26.6707],[-16.5155,26.6334],[-16.5763,26.6377],[-16.7222,26.6917],[-16.9193,26.7142],[-17.0772,26.8031],[-17.0427,26.9551],[-17.0542,27.0149],[-17.0097,27.133],[-17.0073,27.2965],[-17.0255,27.4127],[-17.1752,27.4963],[-17.2753,27.5819],[-17.4063,27.5948],[-17.4819,27.6536],[-17.6192,27.6608],[-17.6799,27.6976],[-17.6543,27.8347],[-17.7029,27.9653],[-17.7536,28.0241],[-17.9364,28.1083],[-18.0565,28.104],[-18.1813,28.213],[-18.3755,28.2398],[-18.3311,28.3172],[-18.3024,28.4755],[-18.3296,28.6514],[-18.3612,28.779],[-18.5023,28.8684],[-18.6234,29.0205],[-18.6827,29.1515],[-18.8281,29.3193],[-18.8018,29.4393],[-18.7931,29.5665],[-18.8425,29.6841],[-18.9372,29.7653],[-19.0778,29.7505],[-19.2285,29.8371],[-19.2462,29.892],[-19.2558,30.0503]]},"properties":{"id":12,"source":22761,"mouth":14669,"parent":1163,"basin":1304,"widthFactor":0.56,"sourceWidth":0.05,"discharge":1181,"name":"Charie","type":"Fork"}},{"type":"Feature","geometry":{"type":"LineString","coordinates":[[17.0571,21.7416],[17.1655,21.7649],[17.2518,21.6952],[17.3022,21.6423],[17.259,21.5833],[17.2404,21.517],[17.3044,21.4916],[17.2758,21.3666],[17.3369,21.2539]]},"properties":{"id":13,"source":34820,"mouth":35614,"parent":6,"basin":1472,"widthFactor":0.56,"sourceWidth":0.05,"discharge":42,"name":"Samerwick","type":"River"}},{"type":"Feature","geometry":{"type":"LineString","coordinates":[[17.7479,19.0012],[17.9426,18.9175],[18.0421,18.9677],[18.1531,18.8759],[18.2849,18.8252],[18.4205,18.8649],[18.5593,19.0232],[18.6272,19.1389],[18.8162,19.1695]]},"properties":{"id":14,"source":41665,"mouth":41313,"parent":52,"basin":1472,"widthFactor":0.56,"sourceWidth":0.04,"discharge":127,"name":"Hasos","type":"River"}},{"type":"Feature","geometry":{"type":"LineString","coordinates":[[17.2456,25.3244],[17.2475,25.4119],[17.0992,25.5065],[17.2173,25.6246],[17.0738,25.7456],[16.947,25.769],[16.7628,25.7977],[16.7849,25.9258],[16.7408,26.0128],[16.5925,26.1687],[16.627,26.2944],[16.6471,26.488],[16.5873,26.5851],[16.4725,26.6429],[16.4012,26.6568],[16.1677,26.7065],[16.0878,26.9073],[16.05,27.0512],[15.8496,26.9943],[15.7926,26.9929],[15.6381,26.98],[15.4458,26.99],[15.4573,26.9049],[15.3429,26.7696],[15.1683,26.7534],[15.0817,26.7582]]},"properties":{"id":15,"source":26181,"mouth":22568,"parent":15,"basin":15,"widthFactor":0.672,"sourceWidth":0.07,"discharge":402,"name":"Guildford","type":"River"}},{"type":"Feature","geometry":{"type":"LineString","coordinates":[[17.5111,24.3161],[17.6273,24.3204],[17.7,24.1564],[17.723,24.0369],[17.8823,23.9752],[18.0617,23.9743]]},"properties":{"id":16,"source":28357,"mouth":28913,"parent":1472,"basin":1472,"widthFactor":0.56,"sourceWidth":0.04,"discharge":44,"name":"Shiford","type":"River"}},{"type":"Feature","geometry":{"type":"LineString","coordinates":[[21.8019,23.0984],[21.9105,23.1457],[22.0186,23.0975],[22.0821,23.1038],[22.0832,23.0401]]},"properties":{"id":17,"source":30886,"mouth":30887,"parent":46,"basin":46,"widthFactor":0.56,"sourceWidth":0.05,"discharge":43,"name":"Whitham","type":"River"}},{"type":"Feature","geometry":{"type":"LineString","coordinates":[[-11.3492,27.4882],[-11.2758,27.424],[-11.1827,27.4533],[-11.1116,27.3898],[-11.0205,27.4179],[-10.9642,27.5022],[-10.9995,27.5972],[-10.9863,27.6544],[-10.9325,27.6307]]},"properties":{"id":18,"source":20624,"mouth":20266,"parent":8,"basin":1472,"widthFactor":0.56,"sourceWidth":0.06,"discharge":93,"name":"Hardt","type":"Fork"}},{"type":"Feature","geometry":{"type":"LineString","coordinates":[[17.2082,20.2418],[17.3116,20.2889],[17.3422,20.3982],[17.4352,20.4375],[17.4556,20.5363]]},"properties":{"id":19,"source":38477,"mouth":38138,"parent":5,"basin":1472,"widthFactor":0.56,"sourceWidth":0.07,"discharge":52,"name":"Skiple","type":"River"}},{"type":"Feature","geometry":{"type":"LineString","coordinates":[[17.3594,19.1695],[17.1575,19.1207],[17.048,19.0275],[17.1063,18.8406],[17.0633,18.6335],[17.158,18.5604],[17.0456,18.4414],[17.1193,18.2941],[17.0604,18.1626],[17.0112,18.0455],[17.0456,17.9231],[17.081,17.8213],[17.0896,17.7386],[16.9355,17.5607],[16.7935,17.5057],[16.5739,17.5526],[16.4605,17.479],[16.3194,17.4512],[16.3366,17.2251],[16.3973,17.1185],[16.3151,17.0036],[16.1868,16.9445],[16.2318,16.823],[16.2222,16.6916]]},"properties":{"id":20,"source":41304,"mouth":46334,"parent":20,"basin":20,"widthFactor":0.672,"sourceWidth":0.05,"discharge":608,"name":"Emeleossos","type":"River"}},{"type":"Feature","geometry":{"type":"LineString","coordinates":[[18.6473,23.3628],[18.6583,23.4331],[18.6463,23.6487],[18.7353,23.6769],[18.863,23.6925],[18.9487,23.7883],[19.075,23.882],[18.9688,23.9724]]},"properties":{"id":21,"source":30483,"mouth":29211,"parent":42,"basin":1301,"widthFactor":0.56,"sourceWidth":0.05,"discharge":84,"name":"Merham","type":"Fork"}},{"type":"Feature","geometry":{"type":"LineString","coordinates":[[-16.4978,19.061],[-16.581,18.9319],[-16.5131,18.886],[-16.2921,18.8281],[-16.2289,18.8128],[-16.1907,18.6565],[-16.1892,18.5695],[-16.3404,18.4098],[-16.4404,18.2324],[-16.5323,18.1215],[-16.6231,18.0938],[-16.7476,18.0715],[-16.8327,17.9781],[-16.9413,17.8538],[-16.9738,17.7008]]},"properties":{"id":23,"source":41059,"mouth":44221,"parent":23,"basin":23,"widthFactor":0.672,"sourceWidth":0.05,"discharge":324,"name":"Arlumi","type":"River"}},{"type":"Feature","geometry":{"type":"LineString","coordinates":[[4.8845,25.3698],[4.9462,25.5978],[4.9572,25.7059],[4.9773,25.8971],[4.9496,26.0014],[4.9615,26.1429],[5.0788,26.2404],[5.1309,26.2973],[5.0577,26.4398]]},"properties":{"id":24,"source":26126,"mouth":23682,"parent":24,"basin":24,"widthFactor":0.672,"sourceWidth":0.09,"discharge":313,"name":"Yelma","type":"River"}},{"type":"Feature","geometry":{"type":"LineString","coordinates":[[-11.6233,28.1355],[-11.7793,28.1857],[-11.9429,28.278],[-11.8851,28.408],[-11.7597,28.4755],[-11.719,28.6342],[-11.5798,28.6614],[-11.5827,28.7623],[-11.5913,28.9057],[-11.5568,29.1127],[-11.4655,29.1496],[-11.4563,29.284],[-11.5272,29.3986],[-11.486,29.5301],[-11.4511,29.6587],[-11.5123,29.7606],[-11.5989,29.9685],[-11.7051,30.1134],[-11.5827,30.1746],[-11.597,30.2998],[-11.6009,30.5155],[-11.6272,30.6622],[-11.5851,30.8429],[-11.5932,30.9218],[-11.487,31.0504],[-11.3593,31.2412],[-11.2578,31.3306],[-11.2205,31.4052],[-11.1827,31.4645]]},"properties":{"id":26,"source":18748,"mouth":11515,"parent":26,"basin":26,"widthFactor":0.672,"sourceWidth":0.04,"discharge":1983,"name":"Rakkavonta","type":"River"}},{"type":"Feature","geometry":{"type":"LineString","coordinates":[[18.3789,22.312],[18.3689,22.2116],[18.455,22.1025],[18.5846,22.0591],[18.7123,22.1078],[18.852,21.9816],[18.8176,21.8453],[18.8056,21.7464],[18.7406,21.5441],[18.6631,21.4906],[18.6343,21.3518],[18.6889,21.221],[18.7645,21.274],[18.8286,21.0775],[18.7913,20.9575],[18.6549,20.7978]]},"properties":{"id":27,"source":33232,"mouth":36726,"parent":218,"basin":1304,"widthFactor":0.56,"sourceWidth":0.05,"discharge":247,"name":"Hatfordge","type":"Fork"}},{"type":"Feature","geometry":{"type":"LineString","coordinates":[[17.5072,18.7779],[17.4251,18.8467],[17.3207,18.8224],[17.2748,18.8915],[17.1939,18.8735],[17.1339,18.9001],[17.1063,18.8406]]},"properties":{"id":29,"source":42027,"mouth":42025,"parent":20,"basin":20,"widthFactor":0.56,"sourceWidth":0.05,"discharge":56,"name":"Aberkeith","type":"River"}},{"type":"Feature","geometry":{"type":"LineString","coordinates":[[-12.1553,28.0146],[-12.3031,27.9567],[-12.3706,27.7655],[-12.484,27.7],[-12.6419,27.6603],[-12.7361,27.6278],[-12.9203,27.7282],[-12.864,27.8429],[-12.8935,27.9673],[-13.037,28.0753],[-13.1274,28.2034],[-12.9303,28.2981],[-12.9495,28.5194],[-13.0375,28.7202],[-13.0738,28.8509],[-13.1767,28.9392],[-13.3212,28.8924],[-13.4662,28.7929],[-13.6489,28.8962],[-13.8101,28.8962],[-14.0106,28.8493],[-14.0957,28.8269],[-14.1546,28.6375],[-14.1914,28.4458],[-14.3383,28.3268],[-14.3546,28.1303],[-14.4823,28.1102],[-14.6803,27.9931],[-14.6808,27.9185],[-14.7382,27.875],[-14.7105,27.7588],[-14.6531,27.6527],[-14.6492,27.5322],[-14.765,27.5112],[-14.9215,27.579],[-15.0076,27.6259],[-15.0679,27.7617],[-15.2401,27.8181],[-15.3449,27.9668],[-15.3329,28.0041],[-15.2831,28.223],[-15.3147,28.3483]]},"properties":{"id":30,"source":19110,"mouth":18722,"parent":30,"basin":30,"widthFactor":0.672,"sourceWidth":0.07,"discharge":992,"name":"Todtternwei","type":"River"}},{"type":"Feature","geometry":{"type":"LineString","coordinates":[[5.14,24.5867],[5.0481,24.4318],[4.9778,24.2941],[4.8864,24.1837],[4.829,24.0383],[4.8697,23.914],[4.8995,23.7843],[5.0036,23.7013],[5.1663,23.5865],[5.317,23.4541],[5.3663,23.3408],[5.2864,23.2418],[5.3055,23.0793]]},"properties":{"id":31,"source":27711,"mouth":30384,"parent":31,"basin":31,"widthFactor":0.672,"sourceWidth":0.07,"discharge":576,"name":"Tredi","type":"River"}},{"type":"Feature","geometry":{"type":"LineString","coordinates":[[-10.5259,30.1148],[-10.5799,30.1913],[-10.6562,30.2989],[-10.7847,30.3285],[-10.8751,30.4055],[-11.022,30.4643],[-11.121,30.5418],[-11.1296,30.6273],[-11.1932,30.7528],[-11.3181,30.8176],[-11.4133,30.7402],[-11.5851,30.8429]]},"properties":{"id":32,"source":14410,"mouth":12821,"parent":1304,"basin":1304,"widthFactor":0.56,"sourceWidth":0.1,"discharge":376,"name":"Torvi","type":"River"}},{"type":"Feature","geometry":{"type":"LineString","coordinates":[[-16.0849,27.3113],[-15.885,27.416],[-15.773,27.4452],[-15.7472,27.6278],[-15.6281,27.7292],[-15.5678,27.9089],[-15.5027,28.1069],[-15.3727,28.1268],[-15.2831,28.223]]},"properties":{"id":33,"source":20952,"mouth":19087,"parent":30,"basin":30,"widthFactor":0.56,"sourceWidth":0.04,"discharge":190,"name":"Schutnausend","type":"Fork"}},{"type":"Feature","geometry":{"type":"LineString","coordinates":[[16.2825,19.2488],[16.2664,19.3835],[16.1653,19.474],[16.1911,19.5194],[16.1723,19.6507],[16.0725,19.7379],[15.906,19.7819],[15.8022,19.8383]]},"properties":{"id":34,"source":40937,"mouth":39492,"parent":10,"basin":10,"widthFactor":0.56,"sourceWidth":0.04,"discharge":79,"name":"Aber","type":"River"}},{"type":"Feature","geometry":{"type":"LineString","coordinates":[[17.5139,19.7145],[17.6967,19.8053],[17.7598,19.9722],[17.8976,20.1151],[18.077,20.1319],[18.2569,20.151],[18.3856,20.0989],[18.5057,20.2705]]},"properties":{"id":35,"source":39850,"mouth":38829,"parent":1077,"basin":1077,"widthFactor":0.56,"sourceWidth":0.06,"discharge":63,"name":"Holney","type":"River"}},{"type":"Feature","geometry":{"type":"LineString","coordinates":[[4.4013,25.0246],[4.3047,25.0084],[4.231,25.2178],[4.1052,25.3593],[4.009,25.4248],[3.9698,25.594],[3.9086,25.7303],[3.8229,25.7685],[3.7335,25.8938],[3.6789,25.9947],[3.4704,25.8885],[3.3488,26.0014]]},"properties":{"id":36,"source":26760,"mouth":24797,"parent":36,"basin":36,"widthFactor":0.672,"sourceWidth":0.06,"discharge":285,"name":"Aynakbeke","type":"River"}},{"type":"Feature","geometry":{"type":"LineString","coordinates":[[21.811,22.6433],[21.8354,22.4525],[21.9832,22.3158],[22.0602,22.158],[22.132,22.0031],[22.2071,21.8468],[22.4099,21.7751],[22.6295,21.8133],[22.8678,21.8152],[22.9276,21.679],[22.841,21.5614]]},"properties":{"id":37,"source":32426,"mouth":34862,"parent":37,"basin":37,"widthFactor":0.672,"sourceWidth":0.06,"discharge":331,"name":"Malton","type":"River"}},{"type":"Feature","geometry":{"type":"LineString","coordinates":[[17.8861,17.8093],[18.0138,17.782],[18.1258,17.849],[18.3014,17.8337],[18.4751,17.9685],[18.5918,17.8241],[18.8119,17.8729],[18.9138,17.8567],[18.9568,17.9446],[19.1018,17.9489],[19.2735,17.8834],[19.4017,17.7902],[19.5113,17.8069],[19.6926,17.653],[19.7725,17.653],[19.7749,17.4876]]},"properties":{"id":38,"source":44436,"mouth":44738,"parent":38,"basin":38,"widthFactor":0.672,"sourceWidth":0.05,"discharge":510,"name":"Sicos","type":"River"}},{"type":"Feature","geometry":{"type":"LineString","coordinates":[[-11.6731,27.155],[-11.7343,26.9891],[-11.7252,26.8638],[-11.5473,26.8155],[-11.4535,26.7634],[-11.3439,26.7223],[-11.2043,26.8466],[-10.989,26.7845]]},"properties":{"id":39,"source":21338,"mouth":22057,"parent":1304,"basin":1304,"widthFactor":0.56,"sourceWidth":0.06,"discharge":260,"name":"Sackin","type":"Fork"}},{"type":"Feature","geometry":{"type":"LineString","coordinates":[[17.545,23.9948],[17.7024,23.8289],[17.8388,23.7716],[17.8962,23.8691],[18.0617,23.9743],[18.2426,24.0641],[18.4086,24.1932],[18.553,24.2238],[18.6899,24.3419],[18.7659,24.4916],[18.8506,24.548],[19.0645,24.4423],[19.1367,24.3099],[19.2788,24.3433],[19.3658,24.3988],[19.5754,24.3166],[19.6706,24.4935],[19.7888,24.5695],[19.917,24.6369],[20.0701,24.7033],[20.2126,24.7578],[20.4226,24.7684],[20.4978,24.8014]]},"properties":{"id":40,"source":28910,"mouth":27465,"parent":1301,"basin":1301,"widthFactor":0.56,"sourceWidth":0.05,"discharge":1841,"name":"Romney","type":"River"}},{"type":"Feature","geometry":{"type":"LineString","coordinates":[[18.4028,23.5239],[18.3349,23.7108],[18.4511,23.784],[18.6162,23.7835],[18.8162,23.8758],[18.9688,23.9724],[19.0219,24.1014],[19.2175,24.2037],[19.3099,24.296],[19.4459,24.2646],[19.5754,24.3166]]},"properties":{"id":42,"source":29789,"mouth":28370,"parent":40,"basin":1301,"widthFactor":0.56,"sourceWidth":0.05,"discharge":221,"name":"Fiverlow","type":"Fork"}},{"type":"Feature","geometry":{"type":"LineString","coordinates":[[-15.2913,19.6208],[-15.209,19.6906],[-15.0143,19.7604],[-14.8971,19.8608],[-14.7856,19.9731],[-14.5708,20.0334],[-14.4416,20.1649],[-14.3598,20.2323],[-14.2613,20.3207],[-14.3125,20.4699]]},"properties":{"id":43,"source":39980,"mouth":37921,"parent":1436,"basin":1728,"widthFactor":0.56,"sourceWidth":0.05,"discharge":240,"name":"Kumseperi","type":"River"}},{"type":"Feature","geometry":{"type":"LineString","coordinates":[[21.6856,22.3994],[21.653,22.3447],[21.7115,22.3191],[21.7216,22.2537],[21.7871,22.2641],[21.8969,22.2454],[21.9832,22.3158]]},"properties":{"id":44,"source":32841,"mouth":33256,"parent":37,"basin":37,"widthFactor":0.56,"sourceWidth":0.04,"discharge":48,"name":"Craftford","type":"River"}},{"type":"Feature","geometry":{"type":"LineString","coordinates":[[-17.6345,19.7011],[-17.5235,19.835],[-17.302,19.8522],[-17.158,19.8431],[-17.0351,19.8503],[-16.9542,19.7824],[-16.7834,19.7647],[-16.9365,19.5955]]},"properties":{"id":45,"source":39616,"mouth":39622,"parent":1728,"basin":1728,"widthFactor":0.56,"sourceWidth":0.05,"discharge":91,"name":"Afiariccan","type":"Fork"}},{"type":"Feature","geometry":{"type":"LineString","coordinates":[[21.9837,23.0492],[22.0832,23.0401],[22.3052,23.1137],[22.3817,22.9999],[22.4764,22.9631],[22.6343,23.064],[22.8156,23.0152],[22.9974,22.9502],[23.1405,22.955]]},"properties":{"id":46,"source":31253,"mouth":31260,"parent":46,"basin":46,"widthFactor":0.672,"sourceWidth":0.06,"discharge":263,"name":"Shomyard","type":"River"}},{"type":"Feature","geometry":{"type":"LineString","coordinates":[[5.0218,25.1456],[5.1496,25.257],[5.2094,25.4391],[5.4055,25.4367],[5.4864,25.4329],[5.7012,25.4893],[5.8098,25.3555],[5.9538,25.5041]]},"properties":{"id":47,"source":26437,"mouth":26133,"parent":1304,"basin":1304,"widthFactor":0.56,"sourceWidth":0.15,"discharge":379,"name":"Anoyuzun","type":"River"}},{"type":"Feature","geometry":{"type":"LineString","coordinates":[[-11.1043,28.2455],[-11.1212,28.1753],[-11.0536,28.1499],[-10.9755,28.0706],[-10.8646,28.0791],[-10.8051,27.9838],[-10.6943,27.9649],[-10.6289,27.877],[-10.5197,27.8683]]},"properties":{"id":48,"source":18751,"mouth":19519,"parent":106,"basin":1304,"widthFactor":0.56,"sourceWidth":0.08,"discharge":143,"name":"Lieben","type":"Fork"}},{"type":"Feature","geometry":{"type":"LineString","coordinates":[[-16.1998,19.8723],[-16.4021,19.7996],[-16.4677,19.7025],[-16.6901,19.6543],[-16.8238,19.6689],[-16.9365,19.5955],[-16.8844,19.3665],[-16.8815,19.267],[-17.0196,19.2087],[-17.1025,19.0839],[-17.225,19.0045],[-17.3642,18.9964],[-17.4996,19.1212],[-17.5972,19.1805],[-17.7359,19.1454],[-17.834,19.0414],[-17.9804,18.9673],[-17.966,18.7841],[-18.0502,18.6335],[-18.1741,18.5078],[-18.0923,18.3257],[-18.1406,18.1965],[-18.1158,18.0608],[-18.0856,17.9499]]},"properties":{"id":49,"source":39292,"mouth":43533,"parent":49,"basin":49,"widthFactor":0.672,"sourceWidth":0.06,"discharge":398,"name":"Petro","type":"River"}},{"type":"Feature","geometry":{"type":"LineString","coordinates":[[-16.3184,19.3751],[-16.3178,19.4909],[-16.4045,19.5677],[-16.3957,19.6187],[-16.4404,19.5926],[-16.5639,19.5612],[-16.6763,19.6213],[-16.725,19.6202],[-16.6901,19.6543]]},"properties":{"id":50,"source":40325,"mouth":39971,"parent":49,"basin":49,"widthFactor":0.56,"sourceWidth":0.05,"discharge":50,"name":"Colle","type":"River"}},{"type":"Feature","geometry":{"type":"LineString","coordinates":[[20.8063,22.6748],[20.7193,22.6112],[20.5245,22.6318],[20.4131,22.4649],[20.2504,22.3033],[20.1136,22.1236],[20.1399,21.9739],[20.2624,21.8291],[20.393,21.6909],[20.581,21.6082],[20.5638,21.3969],[20.5389,21.3453],[20.4901,21.1516],[20.5054,21.0546],[20.3982,20.9733],[20.3753,20.8997],[20.3997,20.7685],[20.4915,20.6716],[20.5231,20.6291],[20.5399,20.457],[20.4877,20.2959],[20.4844,20.1352],[20.4652,19.9636],[20.3494,19.8914],[20.2758,19.7833],[20.2825,19.7475],[20.1012,19.6385],[20.1212,19.5792],[20.0025,19.497],[19.9308,19.3717],[19.8543,19.2111]]},"properties":{"id":51,"source":32023,"mouth":40591,"parent":6,"basin":1472,"widthFactor":0.56,"sourceWidth":0.09,"discharge":1645,"name":"Thylis","type":"Fork"}},{"type":"Feature","geometry":{"type":"LineString","coordinates":[[17.6819,19.5347],[17.7881,19.5558],[17.8737,19.4716],[17.9701,19.3571],[18.1153,19.3206],[18.1871,19.3904],[18.3674,19.408],[18.4841,19.3115],[18.6698,19.2598],[18.8162,19.1695],[18.9271,19.1704],[19.0295,19.0901],[19.2166,19.0858],[19.3912,19.0241],[19.4668,19.1427],[19.6735,19.093],[19.8543,19.2111]]},"properties":{"id":52,"source":40200,"mouth":41320,"parent":6,"basin":1472,"widthFactor":0.56,"sourceWidth":0.06,"discharge":578,"name":"Cornekus","type":"River"}},{"type":"Feature","geometry":{"type":"LineString","coordinates":[[20.7628,22.2928],[20.8379,22.1288],[20.7039,21.9792],[20.5686,22.0605],[20.526,21.8965],[20.5427,21.6962],[20.581,21.6082]]},"properties":{"id":53,"source":33249,"mouth":34844,"parent":51,"basin":1472,"widthFactor":0.56,"sourceWidth":0.06,"discharge":91,"name":"Orchorysthe","type":"River"}},{"type":"Feature","geometry":{"type":"LineString","coordinates":[[-11.9898,29.4622],[-11.958,29.5733],[-12.0209,29.6702],[-11.9794,29.7413],[-12.0314,29.805],[-12.0849,29.9136],[-12.1993,29.9532]]},"properties":{"id":54,"source":15713,"mouth":15057,"parent":1304,"basin":1304,"widthFactor":0.56,"sourceWidth":0.05,"discharge":65,"name":"Napsa","type":"Fork"}},{"type":"Feature","geometry":{"type":"LineString","coordinates":[[14.277,20.2246],[14.235,20.3833],[14.1287,20.5339],[14.0862,20.6143],[14.0962,20.6458],[14.0974,20.7783],[14.0144,20.8815],[13.9819,21.034],[14.0355,21.1406],[13.9943,21.3247],[14.0393,21.4815],[14.0541,21.5661]]},"properties":{"id":55,"source":38457,"mouth":35590,"parent":55,"basin":55,"widthFactor":0.672,"sourceWidth":0.06,"discharge":217,"name":"Aberanve","type":"River"}},{"type":"Feature","geometry":{"type":"LineString","coordinates":[[-15.231,19.4712],[-15.2214,19.5507],[-15.1425,19.5644],[-15.0918,19.5204],[-15.0468,19.5701],[-14.9851,19.6575],[-15.0143,19.7604]]},"properties":{"id":56,"source":40333,"mouth":39982,"parent":43,"basin":1728,"widthFactor":0.56,"sourceWidth":0.05,"discharge":43,"name":"Buyayrura","type":"River"}},{"type":"Feature","geometry":{"type":"LineString","coordinates":[[-9.9264,30.5231],[-9.9915,30.6135],[-9.991,30.7387],[-10.1159,30.798],[-10.114,30.9639],[-10.2733,31.0136],[-10.4029,31.1642],[-10.5632,31.2594]]},"properties":{"id":57,"source":13450,"mouth":11850,"parent":57,"basin":57,"widthFactor":0.672,"sourceWidth":0.05,"discharge":156,"name":"Kaupinsima","type":"River"}},{"type":"Feature","geometry":{"type":"LineString","coordinates":[[-12.9131,31.5319],[-13.0528,31.6007],[-13.0528,31.7422],[-12.8916,31.8087],[-12.7533,31.7623],[-12.6395,31.7728]]},"properties":{"id":59,"source":11190,"mouth":10586,"parent":68,"basin":26,"widthFactor":0.56,"sourceWidth":0.04,"discharge":74,"name":"Melabygd","type":"River"}},{"type":"Feature","geometry":{"type":"LineString","coordinates":[[-12.9854,29.4445],[-12.8662,29.4694],[-12.7524,29.5975],[-12.5849,29.5975],[-12.4687,29.7481],[-12.3955,29.9059],[-12.3452,29.9776],[-12.1993,29.9532],[-12.1687,30.0622],[-12.04,30.1593],[-12.0228,30.3448],[-12.0137,30.4308],[-11.9324,30.5073],[-11.7582,30.5188],[-11.6272,30.6622]]},"properties":{"id":60,"source":15706,"mouth":13437,"parent":1728,"basin":1728,"widthFactor":0.56,"sourceWidth":0.07,"discharge":337,"name":"Kuhjavarali","type":"Fork"}},{"type":"Feature","geometry":{"type":"LineString","coordinates":[[14.3163,19.6906],[14.3392,19.5113],[14.1235,19.4176],[14.1929,19.2814],[14.0508,19.2159],[14.0096,19.1441],[13.9929,18.941],[13.8871,18.8879],[13.6896,18.8434],[13.67,18.7344],[13.6135,18.5236],[13.4064,18.4576],[13.4379,18.3247],[13.5264,18.1588],[13.436,18.0321],[13.4346,17.7964],[13.3647,17.7199],[13.1844,17.7242]]},"properties":{"id":61,"source":39828,"mouth":44692,"parent":61,"basin":61,"widthFactor":0.672,"sourceWidth":0.04,"discharge":273,"name":"Inver","type":"River"}},{"type":"Feature","geometry":{"type":"LineString","coordinates":[[-13.26,31.3469],[-13.2872,31.4401],[-13.3604,31.6275],[-13.5197,31.7035],[-13.6044,31.6643],[-13.7919,31.6543],[-13.8494,31.7016],[-13.9135,31.8465],[-14.0429,31.8837],[-14.1689,31.8359],[-14.3211,31.8484]]},"properties":{"id":62,"source":11499,"mouth":10576,"parent":209,"basin":766,"widthFactor":0.56,"sourceWidth":0.07,"discharge":272,"name":"Kovund","type":"River"}},{"type":"Feature","geometry":{"type":"LineString","coordinates":[[-12.6041,32.3795],[-12.6921,32.4029],[-12.7548,32.5316],[-12.8064,32.6649],[-12.7706,32.8327],[-12.939,32.8978],[-12.9241,33.0508],[-12.9753,33.2549],[-13.1337,33.3629],[-13.3236,33.4734],[-13.2891,33.6651],[-13.3786,33.7712],[-13.3394,33.9405],[-13.4762,33.9223],[-13.5618,34.0949],[-13.7451,34.1489],[-13.935,34.1733],[-13.7924,34.3507],[-13.7637,34.5123],[-13.6551,34.6332],[-13.602,34.8436],[-13.4202,34.8182],[-13.2997,34.8976],[-13.1628,34.9741]]},"properties":{"id":63,"source":9388,"mouth":5323,"parent":3,"basin":3,"widthFactor":0.56,"sourceWidth":0.04,"discharge":1127,"name":"Gladsan","type":"Fork"}},{"type":"Feature","geometry":{"type":"LineString","coordinates":[[14.6516,20.3695],[14.5752,20.4958],[14.4373,20.5488],[14.4163,20.6613],[14.3182,20.7204],[14.2921,20.8104],[14.2015,20.8347],[14.1189,20.902],[14.0144,20.8815]]},"properties":{"id":64,"source":38119,"mouth":37046,"parent":55,"basin":55,"widthFactor":0.56,"sourceWidth":0.05,"discharge":74,"name":"Brithninver","type":"River"}},{"type":"Feature","geometry":{"type":"LineString","coordinates":[[-10.8454,29.3977],[-10.9808,29.3652],[-10.9985,29.5425],[-11.0071,29.6367],[-11.0162,29.8327],[-11.155,29.8547],[-11.1997,29.9924],[-11.3157,30.079],[-11.3435,30.1899],[-11.4822,30.2119],[-11.597,30.2998]]},"properties":{"id":67,"source":16070,"mouth":14064,"parent":26,"basin":26,"widthFactor":0.56,"sourceWidth":0.05,"discharge":161,"name":"Rakkolala","type":"River"}},{"type":"Feature","geometry":{"type":"LineString","coordinates":[[-13.2193,32.0444],[-13.1674,32.1658],[-13.0471,32.2203],[-12.926,32.1558],[-12.8748,32.0286],[-12.8031,31.9937],[-12.7577,31.8563],[-12.6395,31.7728],[-12.5443,31.6619],[-12.4137,31.8431],[-12.2749,31.7881],[-12.1151,31.846],[-12.0544,31.9225],[-11.8946,31.8718],[-11.8271,31.7092],[-11.7425,31.6151],[-11.7702,31.4893],[-11.5745,31.5142],[-11.4903,31.3631],[-11.3593,31.2412]]},"properties":{"id":68,"source":9998,"mouth":11512,"parent":26,"basin":26,"widthFactor":0.56,"sourceWidth":0.05,"discharge":368,"name":"Hoselotti","type":"River"}},{"type":"Feature","geometry":{"type":"LineString","coordinates":[[-16.394,20.2815],[-16.4789,20.3307],[-16.4815,20.4288],[-16.4538,20.5257],[-16.3581,20.5578],[-16.2906,20.6014],[-16.3084,20.6798],[-16.2708,20.742],[-16.2543,20.8127]]},"properties":{"id":70,"source":38258,"mouth":37185,"parent":70,"basin":70,"widthFactor":0.672,"sourceWidth":0.05,"discharge":72,"name":"Asuman","type":"River"}},{"type":"Feature","geometry":{"type":"LineString","coordinates":[[16.6562,18.8869],[16.6026,18.711],[16.6629,18.568],[16.6758,18.4265],[16.5968,18.2511],[16.726,18.155],[16.7425,18.0275],[16.837,17.9403],[16.8011,17.8141],[16.6839,17.773],[16.5715,17.6822],[16.5739,17.5526]]},"properties":{"id":72,"source":42021,"mouth":44716,"parent":20,"basin":20,"widthFactor":0.56,"sourceWidth":0.05,"discharge":118,"name":"Inve","type":"Fork"}},{"type":"Feature","geometry":{"type":"LineString","coordinates":[[18.1698,18.4308],[18.2354,18.2984],[18.3684,18.2339],[18.4751,18.4131],[18.6655,18.3453],[18.7793,18.2922],[18.8496,18.1273],[18.9568,17.9446]]},"properties":{"id":73,"source":43083,"mouth":43774,"parent":38,"basin":38,"widthFactor":0.56,"sourceWidth":0.05,"discharge":96,"name":"Aphaies","type":"River"}},{"type":"Feature","geometry":{"type":"LineString","coordinates":[[7.0115,28.5782],[7.0469,28.4501],[7.1699,28.279],[7.3354,28.1709],[7.3517,28.1604],[7.4159,28.0429],[7.5397,27.9916],[7.5263,27.842],[7.5033,27.7559],[7.5229,27.6771],[7.4449,27.514],[7.4612,27.3171],[7.4536,27.2167],[7.522,27.143],[7.4775,26.9986],[7.6019,26.9279]]},"properties":{"id":74,"source":17832,"mouth":21775,"parent":74,"basin":74,"widthFactor":0.672,"sourceWidth":0.08,"discharge":502,"name":"Bozderi","type":"River"}},{"type":"Feature","geometry":{"type":"LineString","coordinates":[[21.1245,23.4388],[21.0651,23.5884],[21.1264,23.7376],[21.2838,23.8882],[21.2589,24.023],[21.1924,24.1363],[21.1852,24.3046],[21.2938,24.4944],[21.3455,24.634]]},"properties":{"id":75,"source":30143,"mouth":28095,"parent":1301,"basin":1301,"widthFactor":0.56,"sourceWidth":0.05,"discharge":184,"name":"Watleroe","type":"Fork"}},{"type":"Feature","geometry":{"type":"LineString","coordinates":[[-18.8544,22.0461],[-18.9047,22.1833],[-18.731,22.3273],[-18.7487,22.3818],[-18.8181,22.5491],[-18.8492,22.7159],[-18.7865,22.9124]]},"properties":{"id":76,"source":33751,"mouth":31736,"parent":76,"basin":76,"widthFactor":0.672,"sourceWidth":0.05,"discharge":96,"name":"Castralle","type":"River"}},{"type":"Feature","geometry":{"type":"LineString","coordinates":[[-13.2757,27.9433],[-13.319,28.0257],[-13.2667,28.1025],[-13.2246,28.191],[-13.1274,28.2034]]},"properties":{"id":77,"source":19501,"mouth":19102,"parent":30,"basin":30,"widthFactor":0.56,"sourceWidth":0.07,"discharge":70,"name":"Seden","type":"River"}},{"type":"Feature","geometry":{"type":"LineString","coordinates":[[7.0723,29.5889],[7.1914,29.7835],[7.0847,29.8715],[7.1172,30.0627],[7.0842,30.2214],[7.1168,30.3242],[7.1369,30.547],[7.1823,30.6039]]},"properties":{"id":78,"source":15500,"mouth":13553,"parent":220,"basin":1136,"widthFactor":0.56,"sourceWidth":0.07,"discharge":149,"name":"Kumkakale","type":"Fork"}},{"type":"Feature","geometry":{"type":"LineString","coordinates":[[17.7728,20.1476],[17.843,20.2622],[17.9718,20.3011],[18.0464,20.2385],[18.1574,20.2992],[18.2995,20.2978],[18.5057,20.2705],[18.6352,20.3454],[18.7004,20.4799]]},"properties":{"id":79,"source":38825,"mouth":38486,"parent":5,"basin":1472,"widthFactor":0.56,"sourceWidth":0.06,"discharge":159,"name":"Portshead","type":"River"}},{"type":"Feature","geometry":{"type":"LineString","coordinates":[[17.7618,24.9414],[17.9168,25.006],[18.1043,24.886],[18.2521,24.7335],[18.3679,24.7813],[18.5076,24.657],[18.7085,24.6393],[18.8506,24.548]]},"properties":{"id":80,"source":27140,"mouth":27773,"parent":40,"basin":1301,"widthFactor":0.56,"sourceWidth":0.05,"discharge":180,"name":"Haylested","type":"River"}},{"type":"Feature","geometry":{"type":"LineString","coordinates":[[14.6119,19.3502],[14.4239,19.2608],[14.4459,19.0959],[14.3852,18.919],[14.4359,18.7927],[14.3378,18.6536],[14.4277,18.5967],[14.4301,18.4184]]},"properties":{"id":81,"source":40554,"mouth":42716,"parent":10,"basin":10,"widthFactor":0.56,"sourceWidth":0.04,"discharge":90,"name":"Arannicaber","type":"Fork"}},{"type":"Feature","geometry":{"type":"LineString","coordinates":[[-18.0588,26.8036],[-18.0343,26.7007],[-18.1029,26.62],[-18.1859,26.5645],[-18.2784,26.6023]]},"properties":{"id":82,"source":22375,"mouth":22748,"parent":82,"basin":82,"widthFactor":0.56,"sourceWidth":0.04,"discharge":35,"name":"Charnon","type":"River"}},{"type":"Feature","geometry":{"type":"LineString","coordinates":[[22.1282,22.6179],[22.18,22.4997],[22.299,22.4496],[22.5047,22.4286],[22.6731,22.5175],[22.6252,22.6619],[22.8285,22.7518],[22.9826,22.6007],[23.0893,22.5577]]},"properties":{"id":83,"source":32428,"mouth":32434,"parent":83,"basin":83,"widthFactor":0.672,"sourceWidth":0.06,"discharge":211,"name":"Burbury","type":"River"}},{"type":"Feature","geometry":{"type":"LineString","coordinates":[[17.0403,27.6259],[17.1197,27.5891],[17.1853,27.6469],[17.1836,27.7351],[17.2623,27.7751],[17.2801,27.8259],[17.3168,27.7865]]},"properties":{"id":85,"source":20425,"mouth":20059,"parent":154,"basin":927,"widthFactor":0.56,"sourceWidth":0.05,"discharge":61,"name":"Metmyzhs","type":"River"}},{"type":"Feature","geometry":{"type":"LineString","coordinates":[[4.3387,25.736],[4.2454,25.9311],[4.3965,26.0468],[4.398,26.1878],[4.5209,26.2753],[4.5688,26.4641],[4.5965,26.6606]]},"properties":{"id":86,"source":25144,"mouth":23267,"parent":86,"basin":86,"widthFactor":0.672,"sourceWidth":0.06,"discharge":222,"name":"Aynakberev","type":"River"}},{"type":"Feature","geometry":{"type":"LineString","coordinates":[[-8.6912,16.4152],[-8.7033,16.3345],[-8.6304,16.2976],[-8.5349,16.2243],[-8.4156,16.2417]]},"properties":{"id":87,"source":47002,"mouth":47249,"parent":185,"basin":185,"widthFactor":0.56,"sourceWidth":0.04,"discharge":73,"name":"Nuquebolhon","type":"Fork"}},{"type":"Feature","geometry":{"type":"LineString","coordinates":[[-18.3885,22.4186],[-18.4975,22.4711],[-18.5344,22.5864],[-18.4716,22.6135],[-18.4951,22.6777],[-18.5412,22.7379],[-18.6033,22.7814]]},"properties":{"id":88,"source":32549,"mouth":31740,"parent":88,"basin":88,"widthFactor":0.672,"sourceWidth":0.04,"discharge":67,"name":"Espolagarea","type":"River"}},{"type":"Feature","geometry":{"type":"LineString","coordinates":[[13.7819,19.7126],[13.6264,19.5739],[13.5035,19.5572],[13.3805,19.6633],[13.2652,19.5739],[13.1997,19.4697],[13.1727,19.3321],[13.2327,19.2053],[13.2088,19.1408],[13.08,19.1285],[12.9868,19.039],[12.8954,18.983],[12.7285,19.1537],[12.661,19.1183],[12.583,18.9916],[12.5184,18.9629],[12.5046,18.8841],[12.3448,18.7794],[12.3175,18.6684],[12.1812,18.6345],[11.9807,18.6885],[11.9257,18.6579],[11.7611,18.6661]]},"properties":{"id":89,"source":39824,"mouth":42345,"parent":89,"basin":89,"widthFactor":0.672,"sourceWidth":0.04,"discharge":269,"name":"Atheming","type":"River"}},{"type":"Feature","geometry":{"type":"LineString","coordinates":[[18.0708,18.0651],[18.0649,17.9928],[18.1359,17.9776],[18.2235,17.9673],[18.2521,17.8839],[18.3097,17.8911],[18.3014,17.8337]]},"properties":{"id":90,"source":43769,"mouth":44438,"parent":38,"basin":38,"widthFactor":0.56,"sourceWidth":0.05,"discharge":57,"name":"Piponiagu","type":"Fork"}},{"type":"Feature","geometry":{"type":"LineString","coordinates":[[7.677,28.7733],[7.8205,28.9148],[7.8497,29.0554],[7.978,29.1011],[8.0477,29.2179],[8.2314,29.336],[8.374,29.2337],[8.5414,29.2849],[8.5716,29.0611],[8.6988,28.9201],[8.8419,28.8555],[8.8816,28.8125],[8.8558,28.5763],[8.8385,28.4544],[8.8184,28.3378],[8.8696,28.2235],[8.995,28.0968],[9.1356,28.0218]]},"properties":{"id":91,"source":17509,"mouth":19226,"parent":91,"basin":91,"widthFactor":0.672,"sourceWidth":0.05,"discharge":552,"name":"Yerideki","type":"River"}},{"type":"Feature","geometry":{"type":"LineString","coordinates":[[-13.138,26.9088],[-13.215,26.6955],[-13.1466,26.5129],[-13.2136,26.3398],[-13.2595,26.2313],[-13.1207,26.1673]]},"properties":{"id":92,"source":22042,"mouth":23988,"parent":1304,"basin":1304,"widthFactor":0.56,"sourceWidth":0.05,"discharge":124,"name":"Kehlzach","type":"River"}},{"type":"Feature","geometry":{"type":"LineString","coordinates":[[-15.6458,18.8692],[-15.6773,18.6326],[-15.5219,18.5002],[-15.4377,18.4012],[-15.507,18.2712],[-15.6151,18.0928],[-15.5109,17.9102]]},"properties":{"id":93,"source":41792,"mouth":43552,"parent":137,"basin":1304,"widthFactor":0.56,"sourceWidth":0.06,"discharge":76,"name":"Gallepietri","type":"Fork"}},{"type":"Feature","geometry":{"type":"LineString","coordinates":[[4.4516,24.5341],[4.3358,24.6038],[4.2028,24.5795],[4.0741,24.5317],[4.0559,24.6615],[4.1277,24.7712],[4.0315,24.8565],[3.9028,24.8573],[3.7837,24.7865],[3.7263,24.5924],[3.5837,24.5604],[3.4302,24.5905],[3.3029,24.6579],[3.1226,24.612],[2.9848,24.548],[2.8283,24.5556]]},"properties":{"id":94,"source":27706,"mouth":27696,"parent":927,"basin":927,"widthFactor":0.56,"sourceWidth":0.05,"discharge":346,"name":"Boyraz Ka","type":"River"}},{"type":"Feature","geometry":{"type":"LineString","coordinates":[[21.6431,23.6912],[21.7918,23.6869],[21.8957,23.7295],[21.9373,23.85],[22.1286,23.8361],[22.1492,23.9872],[22.1152,24.2042],[22.1664,24.33],[22.3076,24.4074],[22.3339,24.3883]]},"properties":{"id":95,"source":29506,"mouth":28102,"parent":1301,"basin":1301,"widthFactor":0.56,"sourceWidth":0.07,"discharge":189,"name":"Portscombe","type":"River"}},{"type":"Feature","geometry":{"type":"LineString","coordinates":[[-8.7558,16.125],[-8.6974,15.9218],[-8.8189,15.875],[-8.9357,15.7956],[-9.0041,15.6598],[-9.116,15.6785]]},"properties":{"id":97,"source":47482,"mouth":48118,"parent":97,"basin":97,"widthFactor":0.672,"sourceWidth":0.05,"discharge":114,"name":"Pallominch","type":"River"}},{"type":"Feature","geometry":{"type":"LineString","coordinates":[[-18.4904,18.8597],[-18.5587,18.8096],[-18.5368,18.7277],[-18.5771,18.6363],[-18.5239,18.5518],[-18.6029,18.477],[-18.6645,18.3873]]},"properties":{"id":98,"source":41772,"mouth":42491,"parent":98,"basin":98,"widthFactor":0.672,"sourceWidth":0.08,"discharge":102,"name":"Garasecquati","type":"River"}},{"type":"Feature","geometry":{"type":"LineString","coordinates":[[18.2411,20.9685],[18.313,21.034],[18.4062,21.0063],[18.481,20.9792],[18.4779,20.8997],[18.5434,20.8089],[18.6549,20.7978]]},"properties":{"id":99,"source":36722,"mouth":37076,"parent":6,"basin":1472,"widthFactor":0.56,"sourceWidth":0.05,"discharge":58,"name":"Lympston","type":"Fork"}},{"type":"Feature","geometry":{"type":"LineString","coordinates":[[-13.3552,27.0335],[-13.526,26.9461],[-13.6068,27.0488],[-13.7271,26.9696],[-13.7747,26.8337],[-13.869,26.7175],[-13.7412,26.5985],[-13.7704,26.4541],[-13.9546,26.4307]]},"properties":{"id":100,"source":21682,"mouth":23171,"parent":1304,"basin":1304,"widthFactor":0.56,"sourceWidth":0.04,"discharge":72,"name":"Rohrisch","type":"River"}},{"type":"Feature","geometry":{"type":"LineString","coordinates":[[-9.2461,30.6579],[-9.2634,30.7784],[-9.2571,30.983],[-9.3528,31.1322],[-9.3366,31.2398],[-9.2318,31.3244],[-9.1529,31.5266],[-9.1997,31.6151],[-9.1012,31.8168],[-9.0385,31.7934],[-8.8548,31.8206],[-8.7529,31.7551],[-8.6912,31.9091],[-8.5147,31.9942],[-8.3917,32.13]]},"properties":{"id":102,"source":13145,"mouth":10332,"parent":102,"basin":102,"widthFactor":0.672,"sourceWidth":0.05,"discharge":324,"name":"Dobalok","type":"River"}},{"type":"Feature","geometry":{"type":"LineString","coordinates":[[17.9335,26.9872],[17.9378,27.1755],[18.0464,27.3123],[18.2373,27.383],[18.2086,27.579],[18.1072,27.6154],[18.0579,27.7846],[18.0263,27.9319],[18.0464,28.0074]]},"properties":{"id":103,"source":21856,"mouth":19699,"parent":1304,"basin":1304,"widthFactor":0.56,"sourceWidth":0.05,"discharge":192,"name":"Mesch","type":"River"}},{"type":"Feature","geometry":{"type":"LineString","coordinates":[[-14.8487,23.9341],[-14.8205,23.8347],[-14.7502,23.7606],[-14.6306,23.6119],[-14.7081,23.4168],[-14.5641,23.3513],[-14.4713,23.2476]]},"properties":{"id":104,"source":29028,"mouth":30278,"parent":1193,"basin":1304,"widthFactor":0.56,"sourceWidth":0.04,"discharge":89,"name":"Mullstad","type":"River"}},{"type":"Feature","geometry":{"type":"LineString","coordinates":[[-12.2094,31.5496],[-12.0878,31.5068],[-11.9702,31.5596],[-11.8858,31.4802],[-11.7702,31.4893]]},"properties":{"id":105,"source":11195,"mouth":11196,"parent":68,"basin":26,"widthFactor":0.56,"sourceWidth":0.05,"discharge":44,"name":"Viesilani","type":"Fork"}},{"type":"Feature","geometry":{"type":"LineString","coordinates":[[-10.413,28.9206],[-10.4024,28.7824],[-10.5039,28.6696],[-10.5326,28.4602],[-10.689,28.4544],[-10.7129,28.3339],[-10.7421,28.1657],[-10.6675,28.0012],[-10.5197,27.8683],[-10.4718,27.7531],[-10.4383,27.6264]]},"properties":{"id":106,"source":17066,"mouth":19892,"parent":1304,"basin":1304,"widthFactor":0.56,"sourceWidth":0.05,"discharge":836,"name":"Pesen","type":"River"}},{"type":"Feature","geometry":{"type":"LineString","coordinates":[[-13.5193,32.7056],[-13.6618,32.664],[-13.7781,32.6893],[-13.9493,32.8485],[-14.0355,33.0302],[-14.034,33.2635],[-14.179,33.4213],[-14.1378,33.4576],[-14.122,33.6297],[-14.102,33.7555],[-13.9862,33.952],[-13.9278,34.1403],[-13.935,34.1733]]},"properties":{"id":107,"source":8841,"mouth":6682,"parent":63,"basin":3,"widthFactor":0.56,"sourceWidth":0.07,"discharge":420,"name":"Sleroyken","type":"River"}},{"type":"Feature","geometry":{"type":"LineString","coordinates":[[13.6695,19.7427],[13.5899,19.8285],[13.4729,19.8264],[13.3858,19.768],[13.3805,19.6633]]},"properties":{"id":109,"source":39823,"mouth":39475,"parent":1436,"basin":1728,"widthFactor":0.56,"sourceWidth":0.04,"discharge":44,"name":"Penningwaun","type":"River"}},{"type":"Feature","geometry":{"type":"LineString","coordinates":[[7.7219,29.9155],[7.8111,29.8801],[7.8865,29.9394],[7.9697,30.006],[7.9678,30.1124]]},"properties":{"id":114,"source":14854,"mouth":14855,"parent":193,"basin":193,"widthFactor":0.56,"sourceWidth":0.05,"discharge":48,"name":"Grantfordbu","type":"Fork"}},{"type":"Feature","geometry":{"type":"LineString","coordinates":[[7.4196,28.5357],[7.4144,28.4267],[7.4971,28.3555],[7.5846,28.3402],[7.6095,28.2551],[7.6191,28.1116],[7.5397,27.9916]]},"properties":{"id":115,"source":18171,"mouth":18852,"parent":74,"basin":74,"widthFactor":0.56,"sourceWidth":0.06,"discharge":70,"name":"Bayvarten","type":"River"}},{"type":"Feature","geometry":{"type":"LineString","coordinates":[[17.8177,26.5569],[17.9091,26.5832],[18.1354,26.6052],[18.1679,26.6076],[18.4014,26.6152],[18.5262,26.8045],[18.5109,26.9255],[18.664,26.9977],[18.743,27.0684],[18.8769,27.0814],[19.0884,26.9757],[19.1684,27.0824],[19.1716,27.2157],[19.1802,27.33],[19.3912,27.3457]]},"properties":{"id":116,"source":22967,"mouth":21167,"parent":927,"basin":927,"widthFactor":0.56,"sourceWidth":0.05,"discharge":172,"name":"Wodgedon","type":"River"}},{"type":"Feature","geometry":{"type":"LineString","coordinates":[[20.0414,22.4181],[20.0199,22.3403],[20.0878,22.2967],[20.0543,22.2032],[20.1136,22.1236]]},"properties":{"id":117,"source":32830,"mouth":33244,"parent":51,"basin":1472,"widthFactor":0.56,"sourceWidth":0.05,"discharge":41,"name":"Chipton","type":"Fork"}},{"type":"Feature","geometry":{"type":"LineString","coordinates":[[21.756,21.6053],[21.7359,21.6068],[21.6388,21.7794],[21.4689,21.7583],[21.3574,21.5714],[21.2355,21.5155],[21.1508,21.5628],[21.0306,21.6112],[20.9068,21.5733],[20.8106,21.4829],[20.6724,21.3811],[20.5638,21.3969]]},"properties":{"id":118,"source":35251,"mouth":35637,"parent":1419,"basin":1419,"widthFactor":0.56,"sourceWidth":0.05,"discharge":353,"name":"Lefkapome","type":"River"}},{"type":"Feature","geometry":{"type":"LineString","coordinates":[[17.9014,25.7833],[17.9746,25.7055],[18.0809,25.7174],[18.1819,25.7018],[18.2531,25.7752]]},"properties":{"id":120,"source":25224,"mouth":25225,"parent":1635,"basin":1635,"widthFactor":0.56,"sourceWidth":0.07,"discharge":56,"name":"Bolbone","type":"Fork"}},{"type":"Feature","geometry":{"type":"LineString","coordinates":[[4.5047,24.4294],[4.4095,24.2831],[4.4138,24.101],[4.509,23.9537],[4.4817,23.9092],[4.5658,23.7838],[4.7061,23.7276],[4.7635,23.6721],[4.8888,23.6439],[5.0036,23.7013]]},"properties":{"id":121,"source":28001,"mouth":29426,"parent":31,"basin":31,"widthFactor":0.56,"sourceWidth":0.05,"discharge":199,"name":"Agoviodulais","type":"River"}},{"type":"Feature","geometry":{"type":"LineString","coordinates":[[5.2706,24.6828],[5.394,24.7182],[5.5218,24.6445],[5.571,24.4351],[5.6288,24.5621],[5.7523,24.6269],[5.8346,24.4194],[6.0298,24.4567],[6.181,24.4347],[6.2379,24.5786],[6.4465,24.6182],[6.4972,24.6751],[6.5254,24.7956],[6.4585,24.8673]]},"properties":{"id":122,"source":27387,"mouth":27397,"parent":122,"basin":122,"widthFactor":0.672,"sourceWidth":0.06,"discharge":338,"name":"Laberglas","type":"River"}},{"type":"Feature","geometry":{"type":"LineString","coordinates":[[-19.1223,19.1795],[-19.2491,19.1594],[-19.3826,19.0982],[-19.5352,19.1422],[-19.6036,19.1494],[-19.7572,19.2976],[-19.9706,19.3019],[-20.061,19.3191],[-20.2284,19.4339],[-20.4002,19.3808],[-20.3619,19.5969],[-20.5169,19.7408],[-20.6408,19.6112],[-20.7188,19.6567]]},"properties":{"id":123,"source":41041,"mouth":39943,"parent":587,"basin":1635,"widthFactor":0.56,"sourceWidth":0.05,"discharge":322,"name":"Tusta","type":"Fork"}},{"type":"Feature","geometry":{"type":"LineString","coordinates":[[5.3854,24.8449],[5.4979,24.8263],[5.5567,24.7287],[5.5826,24.6686],[5.5218,24.6445]]},"properties":{"id":125,"source":27086,"mouth":27389,"parent":122,"basin":122,"widthFactor":0.56,"sourceWidth":0.06,"discharge":63,"name":"Bhruaisin","type":"River"}},{"type":"Feature","geometry":{"type":"LineString","coordinates":[[-8.8184,17.4259],[-8.7031,17.3991],[-8.5568,17.2261],[-8.4883,17.1897],[-8.2692,17.2141],[-8.1721,17.282],[-8.0348,17.2978],[-7.9254,17.2312],[-7.8832,17.1104],[-7.9688,16.9727],[-7.7846,16.8512],[-7.7506,16.8388],[-7.7009,16.6461],[-7.5722,16.5352],[-7.4612,16.4119],[-7.4239,16.3105],[-7.3263,16.2508],[-7.1565,16.1465],[-7.0426,16.1355],[-7.0332,16.0067],[-6.9551,15.9037],[-6.8661,15.7798]]},"properties":{"id":126,"source":45189,"mouth":47730,"parent":126,"basin":126,"widthFactor":0.672,"sourceWidth":0.06,"discharge":624,"name":"Moteca","type":"River"}},{"type":"Feature","geometry":{"type":"LineString","coordinates":[[-15.1583,20.4493],[-14.9636,20.4814],[-14.8183,20.5038],[-14.7162,20.6095],[-14.6507,20.6248],[-14.5253,20.75],[-14.3813,20.8222],[-14.2737,20.653],[-14.2072,20.5708]]},"properties":{"id":127,"source":37909,"mouth":37199,"parent":1436,"basin":1728,"widthFactor":0.56,"sourceWidth":0.04,"discharge":100,"name":"Yaz Ka","type":"River"}},{"type":"Feature","geometry":{"type":"LineString","coordinates":[[-18.2564,26.5201],[-18.2784,26.6023],[-18.4119,26.7912],[-18.4693,26.9427],[-18.52,27.035],[-18.6497,27.0431],[-18.8138,27.1526],[-18.7688,27.319],[-18.7918,27.4992],[-18.9018,27.503],[-18.8961,27.6073],[-18.9927,27.7598],[-18.8932,27.863],[-18.909,28.048],[-18.7626,28.0829],[-18.61,28.1575],[-18.6411,28.3416],[-18.6415,28.4243],[-18.5133,28.4936],[-18.3979,28.5451],[-18.3296,28.6514]]},"properties":{"id":130,"source":23137,"mouth":18014,"parent":1436,"basin":1728,"widthFactor":0.56,"sourceWidth":0.06,"discharge":372,"name":"Ornoivet","type":"River"}},{"type":"Feature","geometry":{"type":"LineString","coordinates":[[6.3939,28.1733],[6.2896,28.0815],[6.3853,27.9218],[6.2528,27.7622],[6.1408,27.6756],[6.0191,27.6129],[5.9619,27.4887],[5.8796,27.4729],[5.772,27.3763]]},"properties":{"id":131,"source":18844,"mouth":20702,"parent":131,"basin":131,"widthFactor":0.672,"sourceWidth":0.07,"discharge":169,"name":"Kart","type":"River"}},{"type":"Feature","geometry":{"type":"LineString","coordinates":[[18.83,23.1285],[18.9707,23.0324],[19.0678,23.0367],[19.1908,23.0908],[19.3113,23.195],[19.4993,23.2763],[19.5256,23.3881]]},"properties":{"id":133,"source":30865,"mouth":30489,"parent":1,"basin":1301,"widthFactor":0.56,"sourceWidth":0.06,"discharge":136,"name":"Ashleach","type":"River"}},{"type":"Feature","geometry":{"type":"LineString","coordinates":[[-18.4908,21.9094],[-18.5205,21.7986],[-18.4559,21.7038],[-18.4429,21.6399],[-18.3794,21.6551],[-18.2717,21.6547],[-18.2033,21.7378]]},"properties":{"id":134,"source":34149,"mouth":34541,"parent":429,"basin":183,"widthFactor":0.56,"sourceWidth":0.05,"discharge":58,"name":"Maze","type":"River"}},{"type":"Feature","geometry":{"type":"LineString","coordinates":[[6.7115,29.075],[6.5034,28.9684],[6.4164,29.0587],[6.2389,29.1118],[6.0834,29.1821],[6.136,29.3054],[6.0997,29.4345],[6.0303,29.5139],[6.1207,29.6908],[6.1633,29.7457],[6.0869,29.8644],[5.9566,29.9188],[5.9231,30.0173],[5.8155,30.2066],[5.6983,30.1751],[5.4964,30.1751],[5.4404,30.2678],[5.3304,30.3417],[5.1979,30.3424],[5.1405,30.4012],[5.0582,30.5116],[5.1185,30.6952],[4.996,30.7502],[4.9601,30.9228]]},"properties":{"id":135,"source":16855,"mouth":12921,"parent":135,"basin":135,"widthFactor":0.672,"sourceWidth":0.05,"discharge":448,"name":"Yuralayaz","type":"River"}},{"type":"Feature","geometry":{"type":"LineString","coordinates":[[-15.3425,18.5365],[-15.2401,18.3534],[-15.3673,18.1636],[-15.2799,18.0617],[-15.2788,17.9274],[-15.5109,17.9102],[-15.6348,17.8213],[-15.7381,17.8423],[-15.9089,17.8676],[-16.0467,17.7433],[-16.0811,17.5172],[-16.1175,17.3657]]},"properties":{"id":137,"source":42515,"mouth":44842,"parent":1304,"basin":1304,"widthFactor":0.56,"sourceWidth":0.05,"discharge":270,"name":"Callicenden","type":"River"}},{"type":"Feature","geometry":{"type":"LineString","coordinates":[[15.6587,25.8661],[15.4946,25.7016],[15.3822,25.7274],[15.2501,25.7049],[15.1621,25.8417],[15.0688,25.9402],[14.921,26.0377],[14.7875,26.139],[14.6799,26.1218]]},"properties":{"id":139,"source":24857,"mouth":24131,"parent":139,"basin":139,"widthFactor":0.672,"sourceWidth":0.05,"discharge":124,"name":"Bridhurst","type":"River"}},{"type":"Feature","geometry":{"type":"LineString","coordinates":[[18.7061,32.0248],[18.5983,32.1069],[18.4631,32.0975],[18.3904,32.199],[18.2674,32.2213],[18.2434,32.3053],[18.1574,32.3212],[18.1031,32.3641],[18.0378,32.3872]]},"properties":{"id":142,"source":10242,"mouth":9637,"parent":1301,"basin":1301,"widthFactor":0.56,"sourceWidth":0.04,"discharge":88,"name":"Atnesfordbu","type":"River"}},{"type":"Feature","geometry":{"type":"LineString","coordinates":[[-17.6225,26.1749],[-17.4709,26.1237],[-17.324,26.1658],[-17.2637,26.1343],[-17.2259,25.9688],[-17.0537,25.8952],[-17.1016,25.6815],[-16.926,25.7069],[-16.9126,25.6232],[-16.9284,25.4927],[-17.0748,25.4559],[-17.1987,25.4267],[-17.2436,25.256],[-17.2369,25.1757],[-17.3513,25.0418],[-17.5852,25.0882],[-17.6986,24.9271],[-17.7775,24.9677],[-17.9115,24.8912]]},"properties":{"id":143,"source":23950,"mouth":26649,"parent":143,"basin":143,"widthFactor":0.672,"sourceWidth":0.05,"discharge":363,"name":"Selle","type":"River"}},{"type":"Feature","geometry":{"type":"LineString","coordinates":[[18.0909,19.6987],[18.1526,19.581],[18.2775,19.5352],[18.2841,19.4446],[18.3674,19.408]]},"properties":{"id":145,"source":39854,"mouth":40204,"parent":535,"basin":535,"widthFactor":0.56,"sourceWidth":0.05,"discharge":56,"name":"Olginion","type":"River"}},{"type":"Feature","geometry":{"type":"LineString","coordinates":[[-13.6145,31.2675],[-13.5601,31.2814],[-13.5972,31.3234],[-13.5923,31.4067],[-13.668,31.442],[-13.6902,31.5713],[-13.7919,31.6543]]},"properties":{"id":146,"source":11824,"mouth":11185,"parent":62,"basin":766,"widthFactor":0.56,"sourceWidth":0.07,"discharge":74,"name":"Sudarvite","type":"River"}},{"type":"Feature","geometry":{"type":"LineString","coordinates":[[21.2398,21.0388],[21.3407,20.871],[21.4765,20.9132],[21.5565,21.0307],[21.7359,20.903],[21.667,20.7084],[21.5565,20.5201],[21.4233,20.5235],[21.3211,20.609],[21.2417,20.675],[21.1551,20.7032],[21.085,20.8223],[20.9589,20.8791],[20.8149,20.9943],[20.792,21.0909],[20.7728,21.2357],[20.68,21.3486],[20.6023,21.2268],[20.6001,21.0823],[20.5054,21.0546]]},"properties":{"id":148,"source":36743,"mouth":36380,"parent":51,"basin":1472,"widthFactor":0.56,"sourceWidth":0.04,"discharge":259,"name":"Didaurion","type":"River"}},{"type":"Feature","geometry":{"type":"LineString","coordinates":[[16.2136,28.725],[16.3141,28.6385],[16.1845,28.453],[16.2916,28.3225],[16.3428,28.1996],[16.2586,28.0447],[16.1572,27.9147],[15.9696,27.8822],[15.874,27.766],[15.7902,27.7139],[15.5606,27.7263],[15.4549,27.7564],[15.3592,27.8095],[15.2511,27.7105],[15.1597,27.5241],[15.0603,27.4353],[15.0262,27.3065],[14.9028,27.2205],[14.9042,27.0508]]},"properties":{"id":149,"source":17567,"mouth":21481,"parent":149,"basin":149,"widthFactor":0.672,"sourceWidth":0.07,"discharge":436,"name":"Saltash","type":"River"}},{"type":"Feature","geometry":{"type":"LineString","coordinates":[[0.7382,29.9991],[0.6425,29.9049],[0.5148,29.8786],[0.5258,29.728],[0.6597,29.6119],[0.5674,29.4498],[0.3928,29.4001],[0.2944,29.3068],[0.2722,29.173],[0.2392,29.0692],[0.0694,29.1453]]},"properties":{"id":152,"source":14474,"mouth":16800,"parent":152,"basin":152,"widthFactor":0.672,"sourceWidth":0.06,"discharge":283,"name":"Boca","type":"River"}},{"type":"Feature","geometry":{"type":"LineString","coordinates":[[22.0459,23.6831],[22.1999,23.7735],[22.4028,23.7214],[22.5884,23.7022],[22.6525,23.7606],[22.8534,23.7089],[22.9113,23.9131],[22.888,24.0406],[22.7898,24.1253]]},"properties":{"id":153,"source":29509,"mouth":29238,"parent":1301,"basin":1301,"widthFactor":0.56,"sourceWidth":0.05,"discharge":199,"name":"Salton","type":"Fork"}},{"type":"Feature","geometry":{"type":"LineString","coordinates":[[17.3374,27.3706],[17.2235,27.4218],[17.3049,27.5982],[17.3168,27.7865],[17.3742,27.8434],[17.5584,27.8611]]},"properties":{"id":154,"source":21154,"mouth":19693,"parent":510,"basin":927,"widthFactor":0.56,"sourceWidth":0.04,"discharge":166,"name":"Seadingdon","type":"River"}},{"type":"Feature","geometry":{"type":"LineString","coordinates":[[-13.7522,29.4335],[-13.7862,29.38],[-13.9082,29.3537],[-14.0756,29.3704],[-14.0618,29.1978],[-14.0814,29.0162],[-14.0957,28.8269]]},"properties":{"id":155,"source":15701,"mouth":16721,"parent":30,"basin":30,"widthFactor":0.56,"sourceWidth":0.06,"discharge":136,"name":"Stenauriedt","type":"River"}},{"type":"Feature","geometry":{"type":"LineString","coordinates":[[-17.3632,25.8508],[-17.261,25.7947],[-17.235,25.681],[-17.2382,25.5947],[-17.3183,25.562],[-17.293,25.4639],[-17.1987,25.4267]]},"properties":{"id":157,"source":24704,"mouth":25379,"parent":143,"basin":143,"widthFactor":0.56,"sourceWidth":0.06,"discharge":65,"name":"Orteau","type":"River"}},{"type":"Feature","geometry":{"type":"LineString","coordinates":[[21.102,22.0849],[21.0733,21.9849],[21.1383,21.9037],[21.1678,21.7807],[21.1044,21.6713],[21.0261,21.5811],[20.9068,21.5733]]},"properties":{"id":159,"source":33654,"mouth":34848,"parent":118,"basin":1419,"widthFactor":0.56,"sourceWidth":0.06,"discharge":117,"name":"Kylos","type":"Fork"}},{"type":"Feature","geometry":{"type":"LineString","coordinates":[[-14.012,31.2278],[-13.9683,31.3096],[-14.0201,31.3865],[-13.9827,31.4461],[-14.0378,31.4898],[-14.0937,31.5508],[-14.1713,31.5223],[-14.2382,31.6101],[-14.3483,31.6184]]},"properties":{"id":160,"source":11821,"mouth":11181,"parent":209,"basin":766,"widthFactor":0.56,"sourceWidth":0.05,"discharge":53,"name":"Skroker","type":"River"}},{"type":"Feature","geometry":{"type":"LineString","coordinates":[[2.1997,30.2702],[2.2394,30.0369],[2.2193,29.8863],[2.3801,29.8385],[2.4059,29.619],[2.4954,29.499],[2.6972,29.6095],[2.8317,29.6434],[2.8661,29.7534],[2.9278,29.9002],[3.0379,30.0187],[2.9924,30.187],[3.0407,30.3204],[3.183,30.3491],[3.289,30.448],[3.3718,30.5006]]},"properties":{"id":161,"source":14149,"mouth":13520,"parent":161,"basin":161,"widthFactor":0.672,"sourceWidth":0.05,"discharge":638,"name":"Serdemseli","type":"River"}},{"type":"Feature","geometry":{"type":"LineString","coordinates":[[0.599,30.9343],[0.6038,31.0301],[0.5234,31.0825],[0.482,31.1407],[0.4186,31.1078],[0.3139,31.1194],[0.2402,31.0442]]},"properties":{"id":162,"source":12575,"mouth":12258,"parent":295,"basin":295,"widthFactor":0.56,"sourceWidth":0.04,"discharge":90,"name":"Serkayrula","type":"Fork"}},{"type":"Feature","geometry":{"type":"LineString","coordinates":[[-19.3458,26.2175],[-19.5682,26.2136],[-19.6448,26.0238],[-19.8045,25.9708],[-19.8146,25.8584],[-19.8892,25.7169],[-19.916,25.5491],[-20.0069,25.398],[-20.0787,25.2694]]},"properties":{"id":163,"source":23938,"mouth":25680,"parent":163,"basin":163,"widthFactor":0.672,"sourceWidth":0.05,"discharge":98,"name":"Nesploy","type":"River"}},{"type":"Feature","geometry":{"type":"LineString","coordinates":[[0.3349,30.1172],[0.1679,30.0292],[0.2516,29.8624],[0.1914,29.7763],[0.178,29.5798],[0.0636,29.4857],[0,29.3231],[-0.0421,29.2007]]},"properties":{"id":164,"source":14471,"mouth":16136,"parent":164,"basin":164,"widthFactor":0.672,"sourceWidth":0.05,"discharge":167,"name":"Keki","type":"River"}},{"type":"Feature","geometry":{"type":"LineString","coordinates":[[-14.3737,24.5642],[-14.1651,24.6049],[-14.0843,24.6364],[-13.979,24.4801],[-13.8551,24.4045],[-13.7972,24.2793],[-13.6604,24.3553],[-13.4719,24.4452],[-13.3834,24.6412]]},"properties":{"id":167,"source":27615,"mouth":27921,"parent":1635,"basin":1635,"widthFactor":0.56,"sourceWidth":0.04,"discharge":196,"name":"Fischen","type":"River"}},{"type":"Feature","geometry":{"type":"LineString","coordinates":[[-12.1276,19.6892],[-12.2744,19.7872],[-12.4735,19.846],[-12.4892,19.9454],[-12.573,20.0965],[-12.649,20.3112],[-12.7112,20.445]]},"properties":{"id":168,"source":39657,"mouth":38283,"parent":1728,"basin":1728,"widthFactor":0.56,"sourceWidth":0.05,"discharge":104,"name":"Yrukayli","type":"Fork"}},{"type":"Feature","geometry":{"type":"LineString","coordinates":[[22.2339,21.9577],[22.2968,21.9985],[22.3487,21.9443],[22.4235,21.8756],[22.4099,21.7751]]},"properties":{"id":170,"source":34060,"mouth":34061,"parent":37,"basin":37,"widthFactor":0.56,"sourceWidth":0.04,"discharge":45,"name":"Cocheapton","type":"River"}},{"type":"Feature","geometry":{"type":"LineString","coordinates":[[-18.6875,25.8068],[-18.7664,25.6806],[-18.7544,25.4955],[-18.6482,25.3602],[-18.709,25.2087],[-18.5382,25.1647],[-18.4712,24.983]]},"properties":{"id":171,"source":25029,"mouth":26321,"parent":171,"basin":171,"widthFactor":0.672,"sourceWidth":0.05,"discharge":138,"name":"Sateoubervoy","type":"River"}},{"type":"Feature","geometry":{"type":"LineString","coordinates":[[-12.5734,26.8442],[-12.4568,26.8125],[-12.3998,26.7061],[-12.471,26.5905],[-12.6002,26.5488],[-12.6146,26.4791],[-12.5481,26.4536],[-12.5761,26.3801],[-12.5821,26.3016]]},"properties":{"id":172,"source":22046,"mouth":23185,"parent":1304,"basin":1304,"widthFactor":0.56,"sourceWidth":0.07,"discharge":145,"name":"Pfalzburg","type":"River"}},{"type":"Feature","geometry":{"type":"LineString","coordinates":[[-12.019,20.1739],[-12.0764,20.1509],[-12.0879,20.2117],[-12.1683,20.2311],[-12.1788,20.3131],[-12.2407,20.3853],[-12.2123,20.4761],[-12.2729,20.5383],[-12.3476,20.5827]]},"properties":{"id":174,"source":38638,"mouth":37942,"parent":1728,"basin":1728,"widthFactor":0.56,"sourceWidth":0.06,"discharge":86,"name":"Anokevri","type":"Fork"}},{"type":"Feature","geometry":{"type":"LineString","coordinates":[[-12.7017,26.7347],[-12.8171,26.6834],[-12.8634,26.566],[-12.86,26.486],[-12.783,26.4641],[-12.7684,26.3771],[-12.7318,26.2968]]},"properties":{"id":175,"source":22412,"mouth":23182,"parent":1304,"basin":1304,"widthFactor":0.56,"sourceWidth":0.04,"discharge":62,"name":"Hofsteingen","type":"River"}},{"type":"Feature","geometry":{"type":"LineString","coordinates":[[-17.9369,25.4238],[-17.99,25.4561],[-18.012,25.398],[-18.0757,25.3799],[-18.1292,25.3406]]},"properties":{"id":176,"source":25698,"mouth":25697,"parent":176,"basin":176,"widthFactor":0.672,"sourceWidth":0.04,"discharge":48,"name":"Donneou","type":"River"}},{"type":"Feature","geometry":{"type":"LineString","coordinates":[[19.6113,22.8264],[19.5442,22.8234],[19.5424,22.8904],[19.4932,22.915],[19.5376,22.9473]]},"properties":{"id":178,"source":31623,"mouth":31622,"parent":1,"basin":1301,"widthFactor":0.56,"sourceWidth":0.05,"discharge":41,"name":"Linter","type":"River"}},{"type":"Feature","geometry":{"type":"LineString","coordinates":[[-13.9776,32.5301],[-14.1598,32.5708],[-14.3364,32.512],[-14.5014,32.4641],[-14.6234,32.3188],[-14.7382,32.3169],[-14.9215,32.38],[-15.0693,32.2772]]},"properties":{"id":179,"source":9102,"mouth":9372,"parent":209,"basin":766,"widthFactor":0.56,"sourceWidth":0.04,"discharge":100,"name":"Laudagildu","type":"River"}},{"type":"Feature","geometry":{"type":"LineString","coordinates":[[-8.4783,16.7637],[-8.5303,16.7189],[-8.4869,16.6657],[-8.414,16.6499],[-8.4142,16.5754],[-8.3632,16.5119],[-8.4041,16.4415]]},"properties":{"id":180,"source":46276,"mouth":46758,"parent":185,"basin":185,"widthFactor":0.56,"sourceWidth":0.04,"discharge":47,"name":"Alsaz","type":"Fork"}},{"type":"Feature","geometry":{"type":"LineString","coordinates":[[1.4807,29.4976],[1.574,29.3556],[1.4558,29.1897],[1.5543,29.1151],[1.485,28.9727],[1.461,28.8297]]},"properties":{"id":181,"source":15797,"mouth":17133,"parent":181,"basin":181,"widthFactor":0.672,"sourceWidth":0.06,"discharge":90,"name":"Erkaylibi","type":"River"}},{"type":"Feature","geometry":{"type":"LineString","coordinates":[[21.2245,22.0108],[21.1747,21.9423],[21.2206,21.8712],[21.1219,21.7948],[21.1044,21.6713]]},"properties":{"id":182,"source":34053,"mouth":34445,"parent":159,"basin":1419,"widthFactor":0.56,"sourceWidth":0.07,"discharge":54,"name":"Morne","type":"River"}},{"type":"Feature","geometry":{"type":"LineString","coordinates":[[-18.8717,19.8747],[-18.7123,19.9244],[-18.5439,20.0841],[-18.5589,20.2284],[-18.6578,20.3346],[-18.7406,20.401],[-18.7788,20.5904],[-18.742,20.7008],[-18.621,20.708],[-18.4808,20.8327],[-18.3821,20.9176],[-18.3555,21.045],[-18.4679,21.1397],[-18.3301,21.3142],[-18.2641,21.3773],[-18.2808,21.601],[-18.2033,21.7378],[-18.0875,21.897]]},"properties":{"id":183,"source":39273,"mouth":34542,"parent":183,"basin":183,"widthFactor":0.672,"sourceWidth":0.06,"discharge":518,"name":"Bellucicig","type":"River"}},{"type":"Feature","geometry":{"type":"LineString","coordinates":[[-13.814,33.0799],[-13.8796,33.1102],[-13.9178,33.0488],[-13.984,33.0858],[-14.0355,33.0302]]},"properties":{"id":184,"source":8112,"mouth":8111,"parent":107,"basin":3,"widthFactor":0.56,"sourceWidth":0.05,"discharge":51,"name":"Stoneskif","type":"River"}},{"type":"Feature","geometry":{"type":"LineString","coordinates":[[-8.5525,16.7241],[-8.5979,16.5266],[-8.4041,16.4415],[-8.4156,16.2417],[-8.474,16.0662],[-8.3649,15.9792],[-8.3342,15.8495],[-8.2295,15.7669],[-8.152,15.8233],[-7.9449,15.8181]]},"properties":{"id":185,"source":46513,"mouth":47941,"parent":185,"basin":185,"widthFactor":0.672,"sourceWidth":0.05,"discharge":282,"name":"Fuempillos","type":"River"}},{"type":"Feature","geometry":{"type":"LineString","coordinates":[[-9.3284,16.9454],[-9.4398,16.9036],[-9.4844,16.7934],[-9.5813,16.777],[-9.6203,16.6868]]},"properties":{"id":186,"source":46014,"mouth":46269,"parent":266,"basin":266,"widthFactor":0.56,"sourceWidth":0.05,"discharge":56,"name":"Robledes","type":"Fork"}},{"type":"Feature","geometry":{"type":"LineString","coordinates":[[0.8951,31.213],[0.9134,31.3123],[0.8406,31.3822],[0.7941,31.4504],[0.8415,31.518],[0.8805,31.6141],[0.9807,31.6414]]},"properties":{"id":187,"source":11938,"mouth":11293,"parent":210,"basin":766,"widthFactor":0.56,"sourceWidth":0.05,"discharge":85,"name":"Banobale","type":"River"}},{"type":"Feature","geometry":{"type":"LineString","coordinates":[[-15.2138,24.9663],[-15.2116,25.1009],[-15.2994,25.2029],[-15.3707,25.3636],[-15.3391,25.4439],[-15.3822,25.5845],[-15.3855,25.7422]]},"properties":{"id":188,"source":26667,"mouth":25394,"parent":1277,"basin":1304,"widthFactor":0.56,"sourceWidth":0.04,"discharge":112,"name":"Schonigsfeld","type":"River"}},{"type":"Feature","geometry":{"type":"LineString","coordinates":[[-19.1443,22.0978],[-19.2616,22.1862],[-19.3376,22.2369],[-19.5156,22.3454],[-19.5204,22.4721],[-19.5333,22.6423],[-19.4185,22.7303],[-19.4075,22.8928]]},"properties":{"id":190,"source":33353,"mouth":31730,"parent":190,"basin":190,"widthFactor":0.672,"sourceWidth":0.05,"discharge":137,"name":"Campivi","type":"River"}},{"type":"Feature","geometry":{"type":"LineString","coordinates":[[22.1095,21.1397],[22.224,21.1402],[22.299,21.0536],[22.3302,20.9659],[22.2693,20.8954],[22.3016,20.7773],[22.4071,20.7151]]},"properties":{"id":191,"source":36390,"mouth":37102,"parent":319,"basin":319,"widthFactor":0.56,"sourceWidth":0.04,"discharge":69,"name":"Wigfordford","type":"River"}},{"type":"Feature","geometry":{"type":"LineString","coordinates":[[-15.9122,20.4594],[-15.9711,20.532],[-15.8567,20.7151],[-15.9744,20.7798],[-16.106,20.7534],[-16.117,20.7878],[-16.2543,20.8127]]},"properties":{"id":192,"source":37904,"mouth":36836,"parent":192,"basin":192,"widthFactor":0.672,"sourceWidth":0.04,"discharge":63,"name":"Almakayan","type":"River"}},{"type":"Feature","geometry":{"type":"LineString","coordinates":[[8.1965,30.3008],[8.1224,30.2104],[8.0219,30.1856],[7.9678,30.1124],[8.0489,29.9989],[8.1826,29.959],[8.2578,29.7888],[8.4195,29.838],[8.5046,29.8696],[8.5108,30.0756],[8.5826,30.263],[8.6802,30.3037],[8.7055,30.4276],[8.65,30.5413],[8.7749,30.6546],[8.618,30.7746],[8.7433,30.9696],[8.895,31.0189],[8.9428,31.0146],[9.0122,31.1757],[9.1194,31.2598],[9.1294,31.3669],[9.3098,31.4888],[9.492,31.4535],[9.5868,31.311],[9.7738,31.4104],[9.9173,31.2292],[9.9948,31.2006],[10.1049,31.1222],[10.2379,31.2173],[10.4756,31.2001],[10.5225,31.2154],[10.5517,31.3182],[10.6015,31.5438]]},"properties":{"id":193,"source":13872,"mouth":11682,"parent":193,"basin":193,"widthFactor":0.672,"sourceWidth":0.05,"discharge":894,"name":"Clithe","type":"River"}},{"type":"Feature","geometry":{"type":"LineString","coordinates":[[6.2786,28.9411],[6.1671,28.9351],[6.092,29.0176],[6.0408,29.0974],[6.0834,29.1821]]},"properties":{"id":194,"source":17170,"mouth":16851,"parent":135,"basin":135,"widthFactor":0.56,"sourceWidth":0.05,"discharge":69,"name":"Yakardemte","type":"River"}},{"type":"Feature","geometry":{"type":"LineString","coordinates":[[16.0294,18.6799],[15.9524,18.613],[15.7989,18.5728],[15.6821,18.5217],[15.6185,18.4146],[15.6218,18.2716],[15.6635,18.1449],[15.6228,17.9212],[15.6572,17.7276],[15.5743,17.6203],[15.5702,17.4847],[15.5979,17.3943],[15.4822,17.2069],[15.4597,17.1075],[15.6003,17.0171],[15.6553,16.8814],[15.4487,16.7924]]},"properties":{"id":196,"source":42374,"mouth":46329,"parent":196,"basin":196,"widthFactor":0.672,"sourceWidth":0.05,"discharge":270,"name":"Llanver","type":"River"}},{"type":"Feature","geometry":{"type":"LineString","coordinates":[[15.0731,19.0896],[15.0331,19.039],[15.0875,19.0041],[15.0472,18.9322],[15.1004,18.8692]]},"properties":{"id":198,"source":41288,"mouth":41646,"parent":10,"basin":10,"widthFactor":0.56,"sourceWidth":0.05,"discharge":33,"name":"Mheabertaber","type":"Fork"}},{"type":"Feature","geometry":{"type":"LineString","coordinates":[[-19.2022,26.8667],[-19.2131,26.9845],[-19.1333,27.0718],[-19.0291,27.0772],[-18.9626,26.9967],[-18.8548,27.0429],[-18.8138,27.1526]]},"properties":{"id":199,"source":22000,"mouth":21643,"parent":130,"basin":1728,"widthFactor":0.56,"sourceWidth":0.04,"discharge":56,"name":"Nesploy","type":"River"}},{"type":"Feature","geometry":{"type":"LineString","coordinates":[[15.5668,29.2031],[15.5702,29.3159],[15.4319,29.4297],[15.3736,29.4469],[15.2219,29.4359],[15.1061,29.5148],[14.9875,29.5932],[14.8875,29.6745],[14.8736,29.795],[14.7732,29.9805],[14.6698,29.9767],[14.6048,30.0857],[14.5024,30.2181],[14.4612,30.3151],[14.41,30.4653],[14.279,30.5857],[14.1431,30.6206]]},"properties":{"id":200,"source":16582,"mouth":13304,"parent":200,"basin":200,"widthFactor":0.672,"sourceWidth":0.06,"discharge":222,"name":"Whitheridge","type":"River"}},{"type":"Feature","geometry":{"type":"LineString","coordinates":[[1.7706,31.0495],[1.7835,31.1982],[1.8246,31.4066],[1.8811,31.5816],[1.9954,31.781],[1.9452,31.8861],[2.0137,31.9998],[1.9964,32.1314],[1.9868,32.2796]]},"properties":{"id":201,"source":12268,"mouth":10112,"parent":201,"basin":201,"widthFactor":0.672,"sourceWidth":0.07,"discharge":121,"name":"Orserideke","type":"River"}},{"type":"Feature","geometry":{"type":"LineString","coordinates":[[-10.124,28.6361],[-10.2061,28.5579],[-10.1991,28.4449],[-10.1831,28.3762],[-10.113,28.3841],[-10.1035,28.2808],[-10.18,28.2106]]},"properties":{"id":202,"source":17739,"mouth":18414,"parent":279,"basin":1472,"widthFactor":0.56,"sourceWidth":0.05,"discharge":83,"name":"Buhldenwei","type":"River"}},{"type":"Feature","geometry":{"type":"LineString","coordinates":[[7.7554,21.4308],[7.6507,21.6326],[7.4646,21.699],[7.4229,21.9075],[7.4646,22.0667],[7.3933,22.2732],[7.5526,22.3005],[7.5607,22.4587],[7.4966,22.5476],[7.487,22.6968],[7.3555,22.7767]]},"properties":{"id":203,"source":35539,"mouth":31539,"parent":1419,"basin":1419,"widthFactor":0.56,"sourceWidth":0.05,"discharge":252,"name":"Abernanfig","type":"River"}},{"type":"Feature","geometry":{"type":"LineString","coordinates":[[4.7439,25.9005],[4.798,25.9059],[4.764,25.9483],[4.8281,25.9823],[4.8051,26.0511],[4.86,26.1367],[4.9615,26.1429]]},"properties":{"id":204,"source":24805,"mouth":24466,"parent":24,"basin":24,"widthFactor":0.56,"sourceWidth":0.05,"discharge":87,"name":"Aybaraok","type":"Fork"}},{"type":"Feature","geometry":{"type":"LineString","coordinates":[[-10.2742,30.5571],[-10.2604,30.6182],[-10.4924,30.6708],[-10.4436,30.7975],[-10.4876,30.9634],[-10.5106,31.1446],[-10.5632,31.2594]]},"properties":{"id":205,"source":13447,"mouth":11851,"parent":205,"basin":205,"widthFactor":0.672,"sourceWidth":0.05,"discharge":169,"name":"Olalaniema","type":"River"}},{"type":"Feature","geometry":{"type":"LineString","coordinates":[[-16.6724,20.4388],[-16.6022,20.5196],[-16.6246,20.6243],[-16.5405,20.6634],[-16.5337,20.7558],[-16.4363,20.8089],[-16.3519,20.881]]},"properties":{"id":206,"source":37899,"mouth":36833,"parent":206,"basin":206,"widthFactor":0.672,"sourceWidth":0.05,"discharge":52,"name":"Alka","type":"River"}},{"type":"Feature","geometry":{"type":"LineString","coordinates":[[-15.0085,18.886],[-14.9105,19.0457],[-14.7296,18.9892],[-14.6421,18.8262],[-14.5253,18.8276],[-14.3617,18.9338],[-14.2718,18.8157],[-14.1254,18.8697],[-13.9589,18.9338],[-13.7345,18.9457],[-13.658,18.9438],[-13.5214,18.9535],[-13.4145,19.039],[-13.3523,18.9935],[-13.2403,19.0127],[-13.1801,18.9486],[-13.07,19.0179],[-13.07,19.0179],[-13.0165,19.0653],[-13.0064,19.2273],[-13.0605,19.3727],[-13.0413,19.4697],[-13.2212,19.5529]]},"properties":{"id":208,"source":41796,"mouth":39998,"parent":1728,"basin":1728,"widthFactor":0.56,"sourceWidth":0.08,"discharge":924,"name":"Desenkor","type":"River"}},{"type":"Feature","geometry":{"type":"LineString","coordinates":[[-13.7365,30.0398],[-13.7111,30.155],[-13.7022,30.2843],[-13.7829,30.3859],[-13.8704,30.4514],[-13.8752,30.5733],[-13.9795,30.6737],[-14.1814,30.601],[-14.1613,30.8143],[-14.3177,30.9386],[-14.4134,31.0858],[-14.4938,31.2708],[-14.4397,31.3512],[-14.4655,31.4721],[-14.3483,31.6184],[-14.3211,31.8484],[-14.5158,31.9325],[-14.6182,32.021],[-14.7244,32.1892],[-14.8942,32.2638],[-15.0693,32.2772],[-15.1654,32.1964]]},"properties":{"id":209,"source":14388,"mouth":9682,"parent":720,"basin":766,"widthFactor":0.56,"sourceWidth":0.11,"discharge":1135,"name":"Stamstanga","type":"River"}},{"type":"Feature","geometry":{"type":"LineString","coordinates":[[1.6117,30.2296],[1.5658,30.101],[1.3826,30.1923],[1.2056,30.3084],[1.1429,30.3964],[1.2601,30.5537],[1.3682,30.6082],[1.2863,30.7082],[1.1597,30.7344],[1.2184,30.8573],[1.3386,30.9214],[1.2697,31.0327],[1.2623,31.1675],[1.1778,31.2727],[1.2706,31.377],[1.201,31.489],[1.0793,31.54],[0.9807,31.6414],[0.9602,31.8125],[0.9252,31.8742],[0.843,32.0152],[0.9042,32.1725]]},"properties":{"id":210,"source":14145,"mouth":10102,"parent":256,"basin":766,"widthFactor":0.56,"sourceWidth":0.05,"discharge":571,"name":"Bozkoguz","type":"Fork"}},{"type":"Feature","geometry":{"type":"LineString","coordinates":[[1.5476,30.5045],[1.5657,30.5775],[1.4974,30.6092],[1.4325,30.6556],[1.3682,30.6082]]},"properties":{"id":211,"source":13508,"mouth":13201,"parent":1419,"basin":1419,"widthFactor":0.56,"sourceWidth":0.06,"discharge":78,"name":"Tengrileke","type":"River"}},{"type":"Feature","geometry":{"type":"LineString","coordinates":[[3.7732,23.7171],[3.8373,23.6396],[3.9732,23.5688],[4.1186,23.6912],[4.2449,23.5679],[4.2377,23.4656],[4.1439,23.3751],[4.1286,23.2457],[4.1664,23.2036],[4.1951,23.1553],[4.2607,23.052],[4.2119,22.8273],[4.2482,22.649],[4.3631,22.5496]]},"properties":{"id":212,"source":29419,"mouth":31903,"parent":766,"basin":766,"widthFactor":0.56,"sourceWidth":0.06,"discharge":290,"name":"Krabe","type":"River"}},{"type":"Feature","geometry":{"type":"LineString","coordinates":[[2.0036,29.7744],[1.9975,29.6953],[2.072,29.6678],[2.1765,29.6949],[2.2629,29.63],[2.3528,29.5831],[2.3676,29.4828],[2.4372,29.446],[2.4954,29.499]]},"properties":{"id":213,"source":15135,"mouth":15803,"parent":161,"basin":161,"widthFactor":0.56,"sourceWidth":0.05,"discharge":91,"name":"Kordu","type":"Fork"}},{"type":"Feature","geometry":{"type":"LineString","coordinates":[[19.5682,22.1714],[19.5199,21.9615],[19.3615,21.8884],[19.319,21.7622],[19.5132,21.6555],[19.6529,21.5953],[19.7801,21.602],[19.7514,21.3677],[19.8108,21.2592],[19.8897,21.2243],[19.982,21.1196],[19.9639,20.9762],[19.9098,20.8825],[19.9079,20.73],[19.85,20.5798],[19.817,20.4235],[19.7811,20.2963],[19.7486,20.118],[19.651,20.0707]]},"properties":{"id":214,"source":33643,"mouth":38839,"parent":326,"basin":326,"widthFactor":0.56,"sourceWidth":0.04,"discharge":297,"name":"Taionticyon","type":"River"}},{"type":"Feature","geometry":{"type":"LineString","coordinates":[[-16.649,25.6337],[-16.5863,25.7231],[-16.5466,25.7513],[-16.3471,25.7733],[-16.2275,25.7092],[-16.1457,25.6567],[-16.0892,25.5811],[-16.1089,25.409],[-15.973,25.3636],[-15.9142,25.1594],[-15.9945,25.0447],[-15.9668,24.9897],[-16.106,24.8257],[-16.0936,24.7784],[-15.9687,24.7139],[-15.962,24.5752],[-16.0333,24.3854],[-16.0826,24.2492],[-16.0873,24.1057],[-16.0132,24.0431],[-15.8783,23.9594],[-15.8754,23.9222],[-15.7615,23.8404],[-15.6836,23.7935],[-15.6593,23.6683],[-15.575,23.5727],[-15.6601,23.4852],[-15.7635,23.3867],[-15.7955,23.2562]]},"properties":{"id":215,"source":25384,"mouth":29928,"parent":1163,"basin":1304,"widthFactor":0.56,"sourceWidth":0.05,"discharge":603,"name":"Kelrechen","type":"River"}},{"type":"Feature","geometry":{"type":"LineString","coordinates":[[-11.4655,19.7226],[-11.3138,19.7609],[-11.1822,19.606],[-11.0976,19.432],[-11.0234,19.4582],[-10.8344,19.4167],[-10.6948,19.2742],[-10.6607,19.1468],[-10.5551,19.0676],[-10.3838,18.9773],[-10.2881,18.9897],[-10.1565,19.0347]]},"properties":{"id":216,"source":39662,"mouth":41462,"parent":216,"basin":216,"widthFactor":0.672,"sourceWidth":0.07,"discharge":308,"name":"Atesenka","type":"River"}},{"type":"Feature","geometry":{"type":"LineString","coordinates":[[1.938,29.6625],[1.8399,29.5038],[1.8878,29.3451],[1.9227,29.2265],[1.8179,29.217],[1.7553,29.0382],[1.8285,28.8933],[1.8237,28.8125]]},"properties":{"id":217,"source":15464,"mouth":17137,"parent":217,"basin":217,"widthFactor":0.672,"sourceWidth":0.05,"discharge":160,"name":"Ynuzkesen","type":"River"}},{"type":"Feature","geometry":{"type":"LineString","coordinates":[[-14.4962,25.2192],[-14.6464,25.1092],[-14.8095,25.1876],[-14.9286,25.2269],[-14.9942,25.4057],[-15.0267,25.6414],[-15.1415,25.6705],[-15.1745,25.7781],[-15.1506,25.8292],[-15.1176,26.0147],[-15.0071,25.9942],[-14.8411,25.9717],[-14.7081,26.0042],[-14.6646,26.097],[-14.4608,26.0429],[-14.4435,25.9406],[-14.2938,25.8756],[-14.2086,25.8187],[-14.1431,25.9263]]},"properties":{"id":218,"source":26354,"mouth":24727,"parent":1304,"basin":1304,"widthFactor":0.56,"sourceWidth":0.05,"discharge":901,"name":"Einau","type":"River"}},{"type":"Feature","geometry":{"type":"LineString","coordinates":[[-22.0803,21.8496],[-22.187,21.6866],[-22.3497,21.5738],[-22.4764,21.5833],[-22.6405,21.5336],[-22.7644,21.6517],[-22.9429,21.6517],[-23.107,21.7445],[-23.1467,21.8855],[-23.2735,22.028],[-23.1213,22.1977],[-23.1266,22.279],[-23.0965,22.4281],[-23.0735,22.5539]]},"properties":{"id":219,"source":34119,"mouth":32511,"parent":219,"basin":219,"widthFactor":0.672,"sourceWidth":0.07,"discharge":256,"name":"Boutardiefit","type":"River"}},{"type":"Feature","geometry":{"type":"LineString","coordinates":[[6.5833,29.3437],[6.3843,29.3661],[6.3953,29.521],[6.4393,29.5985],[6.4499,29.8222],[6.5274,29.7586],[6.6433,29.8288],[6.6919,29.9551],[6.7584,30.111],[6.8694,30.241],[7.0445,30.2936],[7.0692,30.4274],[7.012,30.5508],[7.1823,30.6039],[7.1607,30.7288],[7.0684,30.8157],[7.1541,30.9343],[7.0981,31.0471],[7.0373,31.1064],[7.1239,31.1972]]},"properties":{"id":220,"source":16183,"mouth":11986,"parent":1136,"basin":1136,"widthFactor":0.56,"sourceWidth":0.05,"discharge":500,"name":"Yaltaman","type":"River"}},{"type":"Feature","geometry":{"type":"LineString","coordinates":[[9.6676,22.0437],[9.6633,22.0959],[9.5825,22.1561],[9.4107,22.2771],[9.4509,22.4511],[9.2351,22.486],[9.1639,22.5204],[9.1605,22.7575],[9.117,22.8823],[9.1887,22.9875],[9.171,23.1414],[9.1251,23.3212]]},"properties":{"id":223,"source":33982,"mouth":30794,"parent":223,"basin":223,"widthFactor":0.672,"sourceWidth":0.05,"discharge":214,"name":"Inbrireann","type":"River"}},{"type":"Feature","geometry":{"type":"LineString","coordinates":[[-16.5212,28.3622],[-16.5409,28.4759],[-16.5724,28.5988],[-16.5327,28.6829],[-16.3624,28.7092],[-16.3983,28.9206],[-16.3251,29.032],[-16.2514,29.0745],[-16.293,29.2194]]},"properties":{"id":224,"source":18367,"mouth":16698,"parent":669,"basin":669,"widthFactor":0.56,"sourceWidth":0.08,"discharge":154,"name":"Ascheaugy","type":"River"}},{"type":"Feature","geometry":{"type":"LineString","coordinates":[[-12.9088,21.5618],[-12.9523,21.4662],[-12.9858,21.3433],[-13.0521,21.2272],[-13.0275,21.0957],[-13.1169,20.9867],[-13.1274,20.8657],[-13.0987,20.6793]]},"properties":{"id":225,"source":34983,"mouth":36859,"parent":1728,"basin":1728,"widthFactor":0.56,"sourceWidth":0.05,"discharge":103,"name":"Uluocakar","type":"Fork"}},{"type":"Feature","geometry":{"type":"LineString","coordinates":[[-16.0137,28.158],[-15.9178,28.1495],[-15.862,28.2278],[-15.7756,28.263],[-15.7635,28.3555],[-15.7266,28.4091],[-15.7108,28.4721]]},"properties":{"id":226,"source":18717,"mouth":18372,"parent":226,"basin":226,"widthFactor":0.672,"sourceWidth":0.05,"discharge":78,"name":"Monnes","type":"River"}},{"type":"Feature","geometry":{"type":"LineString","coordinates":[[-8.5773,17.7285],[-8.4876,17.784],[-8.4797,17.8892],[-8.4039,17.952],[-8.4151,18.0498],[-8.3679,18.098],[-8.3396,18.1593]]},"properties":{"id":227,"source":44596,"mouth":43618,"parent":227,"basin":227,"widthFactor":0.672,"sourceWidth":0.07,"discharge":108,"name":"Turk","type":"River"}},{"type":"Feature","geometry":{"type":"LineString","coordinates":[[18.1325,25.4802],[18.3464,25.5108],[18.4478,25.4143],[18.5851,25.4339],[18.7317,25.4286],[18.8535,25.5104],[18.9865,25.5792],[18.9884,25.7327],[19.0429,25.8637],[18.9416,25.9473],[18.9128,26.0755],[19.0621,26.1228],[19.0506,26.3011]]},"properties":{"id":231,"source":25868,"mouth":24161,"parent":248,"basin":927,"widthFactor":0.56,"sourceWidth":0.06,"discharge":244,"name":"Marlbokema","type":"Fork"}},{"type":"Feature","geometry":{"type":"LineString","coordinates":[[-19.9969,26.5014],[-20.1174,26.3623],[-20.1753,26.3661],[-20.4088,26.3747],[-20.5308,26.2863],[-20.6465,26.13],[-20.7537,26.217],[-20.8671,26.3236],[-20.9795,26.2868],[-21.1565,26.3786],[-21.2355,26.5736],[-21.4359,26.5598],[-21.5038,26.6444],[-21.5708,26.7233],[-21.6469,26.7816],[-21.8119,26.9198],[-21.9138,26.9188],[-22.1023,26.9661],[-22.2621,26.959]]},"properties":{"id":232,"source":23125,"mouth":21621,"parent":232,"basin":232,"widthFactor":0.672,"sourceWidth":0.05,"discharge":432,"name":"Cerrevil","type":"River"}},{"type":"Feature","geometry":{"type":"LineString","coordinates":[[21.7713,19.3335],[21.6086,19.4439],[21.4876,19.3751],[21.3594,19.354],[21.2933,19.2871],[21.2388,19.0825],[21.0604,18.9792],[20.9996,18.7875],[20.8049,18.8453]]},"properties":{"id":233,"source":40975,"mouth":42058,"parent":513,"basin":1472,"widthFactor":0.56,"sourceWidth":0.05,"discharge":129,"name":"Morgandolis","type":"River"}},{"type":"Feature","geometry":{"type":"LineString","coordinates":[[22.1329,17.6535],[22.0478,17.4986],[21.9899,17.3599],[22.0239,17.2667],[21.9167,17.1018],[21.8143,16.9143],[21.7325,16.8139],[21.6124,16.6868],[21.6096,16.5486],[21.4708,16.4305]]},"properties":{"id":234,"source":44760,"mouth":46854,"parent":234,"basin":234,"widthFactor":0.672,"sourceWidth":0.05,"discharge":276,"name":"Titreasos","type":"River"}},{"type":"Feature","geometry":{"type":"LineString","coordinates":[[-6.213,33.4849],[-6.4298,33.5494],[-6.5097,33.5996],[-6.5202,33.8004],[-6.7307,33.9084],[-6.8335,34.0844],[-6.7852,34.181],[-6.9259,34.2904],[-7.1617,34.2699],[-7.2612,34.2297],[-7.3483,34.2474],[-7.444,34.343]]},"properties":{"id":236,"source":7502,"mouth":6515,"parent":236,"basin":236,"widthFactor":0.672,"sourceWidth":0.04,"discharge":350,"name":"Kohttimio","type":"River"}},{"type":"Feature","geometry":{"type":"LineString","coordinates":[[20.4844,23.9021],[20.4164,24.0073],[20.4877,24.1779],[20.4997,24.3352],[20.5155,24.4179],[20.4102,24.5461]]},"properties":{"id":237,"source":29221,"mouth":28089,"parent":7,"basin":1301,"widthFactor":0.56,"sourceWidth":0.04,"discharge":78,"name":"Manchambe","type":"Fork"}},{"type":"Feature","geometry":{"type":"LineString","coordinates":[[13.0954,20.3929],[13.1174,20.5425],[13.1177,20.6718],[13.2054,20.7668],[13.3829,20.7481],[13.4403,20.8782],[13.6087,21.0273],[13.6489,21.1449],[13.6872,21.3343],[13.7302,21.3964],[13.6489,21.5829]]},"properties":{"id":239,"source":38108,"mouth":35586,"parent":239,"basin":239,"widthFactor":0.672,"sourceWidth":0.04,"discharge":197,"name":"Gallbraberg","type":"River"}},{"type":"Feature","geometry":{"type":"LineString","coordinates":[[2.6729,30.4648],[2.7279,30.601],[2.7614,30.6512],[2.9982,30.6312],[3.0809,30.5441],[3.289,30.448]]},"properties":{"id":240,"source":13516,"mouth":13519,"parent":161,"basin":161,"widthFactor":0.56,"sourceWidth":0.05,"discharge":109,"name":"Balduman","type":"Fork"}},{"type":"Feature","geometry":{"type":"LineString","coordinates":[[3.7105,25.0194],[3.5316,24.9778],[3.3914,24.961],[3.4474,25.0868],[3.4115,25.2197],[3.2044,25.1303],[3.1814,24.9964],[3.0675,24.9247]]},"properties":{"id":241,"source":26755,"mouth":26751,"parent":1304,"basin":1304,"widthFactor":0.56,"sourceWidth":0.05,"discharge":99,"name":"Yadi","type":"River"}},{"type":"Feature","geometry":{"type":"LineString","coordinates":[[17.9412,27.3003],[18.0247,27.3967],[18.0177,27.5241],[18.096,27.5369],[18.1072,27.6154]]},"properties":{"id":242,"source":21158,"mouth":20800,"parent":1193,"basin":1304,"widthFactor":0.56,"sourceWidth":0.05,"discharge":44,"name":"Craftrinch","type":"River"}},{"type":"Feature","geometry":{"type":"LineString","coordinates":[[-9.2595,17.8385],[-9.1551,17.8503],[-9.1036,17.9418],[-9.0189,18.0025],[-9.0175,18.1067],[-8.9331,18.124],[-8.9127,18.2076],[-8.8763,18.2446],[-8.8591,18.2936]]},"properties":{"id":243,"source":44280,"mouth":43268,"parent":1163,"basin":1304,"widthFactor":0.56,"sourceWidth":0.07,"discharge":135,"name":"Erduyurt","type":"Fork"}},{"type":"Feature","geometry":{"type":"LineString","coordinates":[[-15.2334,26.4159],[-15.2566,26.325],[-15.1879,26.261],[-15.1839,26.1848],[-15.109,26.1701],[-15.0979,26.0591],[-15.0071,25.9942]]},"properties":{"id":244,"source":23158,"mouth":23968,"parent":218,"basin":1304,"widthFactor":0.56,"sourceWidth":0.06,"discharge":52,"name":"Malsheim","type":"River"}},{"type":"Feature","geometry":{"type":"LineString","coordinates":[[-14.622,33.4337],[-14.5046,33.4601],[-14.4435,33.5637],[-14.4247,33.6328],[-14.3536,33.624],[-14.239,33.6729],[-14.122,33.6297]]},"properties":{"id":245,"source":7653,"mouth":7233,"parent":107,"basin":3,"widthFactor":0.56,"sourceWidth":0.05,"discharge":76,"name":"Snubanes","type":"River"}},{"type":"Feature","geometry":{"type":"LineString","coordinates":[[-0.5282,30.8449],[-0.6693,30.8224],[-0.6923,30.9673],[-0.7688,31.0662],[-0.7616,31.2364],[-0.8085,31.3449]]},"properties":{"id":246,"source":12878,"mouth":11926,"parent":336,"basin":295,"widthFactor":0.56,"sourceWidth":0.04,"discharge":87,"name":"Aytepener","type":"Fork"}},{"type":"Feature","geometry":{"type":"LineString","coordinates":[[-13.9034,30.7889],[-13.9568,30.7181],[-14.0436,30.7368],[-14.1282,30.7364],[-14.1613,30.8143]]},"properties":{"id":247,"source":12804,"mouth":12803,"parent":209,"basin":766,"widthFactor":0.56,"sourceWidth":0.05,"discharge":38,"name":"Kansberdi","type":"River"}},{"type":"Feature","geometry":{"type":"LineString","coordinates":[[17.9761,26.1438],[18.0679,26.0492],[18.1727,25.9053],[18.2531,25.7752],[18.3803,25.769],[18.4712,25.7341],[18.642,25.8441],[18.7989,25.9779],[18.8372,26.1295],[18.8994,26.1328],[19.0506,26.3011],[19.0735,26.4575],[19.2606,26.512],[19.3252,26.6429]]},"properties":{"id":248,"source":24153,"mouth":22978,"parent":927,"basin":927,"widthFactor":0.56,"sourceWidth":0.08,"discharge":654,"name":"Bamerbury","type":"River"}},{"type":"Feature","geometry":{"type":"LineString","coordinates":[[-14.5344,33.9912],[-14.4225,34.1365],[-14.3751,34.299],[-14.2794,34.3516],[-14.1512,34.5094],[-14.0383,34.3999],[-13.8584,34.4802],[-13.7637,34.5123]]},"properties":{"id":249,"source":6873,"mouth":6015,"parent":63,"basin":3,"widthFactor":0.56,"sourceWidth":0.04,"discharge":146,"name":"Meneskor","type":"Fork"}},{"type":"Feature","geometry":{"type":"LineString","coordinates":[[21.5383,19.8584],[21.368,19.7953],[21.2034,19.8436],[21.1278,19.8436],[20.9585,19.9359],[20.8963,19.8111],[20.836,19.7518],[20.7245,19.8307],[20.4987,19.7915],[20.2825,19.7475]]},"properties":{"id":250,"source":39531,"mouth":39524,"parent":51,"basin":1472,"widthFactor":0.56,"sourceWidth":0.07,"discharge":227,"name":"Kimpianais","type":"River"}},{"type":"Feature","geometry":{"type":"LineString","coordinates":[[21.5488,19.7265],[21.4692,19.7822],[21.3804,19.7427],[21.3624,19.6655],[21.2833,19.6595],[21.2011,19.7332],[21.2034,19.8436]]},"properties":{"id":251,"source":39878,"mouth":39876,"parent":250,"basin":1472,"widthFactor":0.56,"sourceWidth":0.05,"discharge":45,"name":"Leidopegea","type":"River"}},{"type":"Feature","geometry":{"type":"LineString","coordinates":[[17.4374,17.5177],[17.5457,17.4197],[17.6914,17.4096],[17.7254,17.2175],[17.8326,17.052],[17.8656,17.0272],[17.7302,16.8699],[17.6967,16.7394],[17.6799,16.5324]]},"properties":{"id":253,"source":45015,"mouth":46587,"parent":253,"basin":253,"widthFactor":0.672,"sourceWidth":0.05,"discharge":170,"name":"Thaphipodo","type":"River"}},{"type":"Feature","geometry":{"type":"LineString","coordinates":[[11.3109,22.0122],[11.2572,21.9257],[11.299,21.8329],[11.3645,21.7819],[11.3406,21.7024],[11.3268,21.6105],[11.2406,21.5757],[11.1807,21.5095],[11.2095,21.4251]]},"properties":{"id":254,"source":33993,"mouth":35169,"parent":515,"basin":515,"widthFactor":0.56,"sourceWidth":0.06,"discharge":95,"name":"Invergelan","type":"River"}},{"type":"Feature","geometry":{"type":"LineString","coordinates":[[-14.2809,21.8597],[-14.4225,21.7234],[-14.4852,21.5102],[-14.4368,21.4189],[-14.4775,21.2683],[-14.5866,21.2291],[-14.7253,21.2004],[-14.7779,21.2291],[-14.9511,21.296]]},"properties":{"id":256,"source":34183,"mouth":35751,"parent":720,"basin":766,"widthFactor":0.56,"sourceWidth":0.06,"discharge":329,"name":"Yalpyobasu","type":"River"}},{"type":"Feature","geometry":{"type":"LineString","coordinates":[[-14.3785,23.7816],[-14.4137,23.6837],[-14.3541,23.5985],[-14.3874,23.5338],[-14.3292,23.49],[-14.2688,23.426],[-14.2986,23.3432],[-14.3429,23.271],[-14.4048,23.2131]]},"properties":{"id":257,"source":29325,"mouth":30281,"parent":1193,"basin":1304,"widthFactor":0.56,"sourceWidth":0.05,"discharge":58,"name":"Nordkirchren","type":"River"}},{"type":"Feature","geometry":{"type":"LineString","coordinates":[[10.6933,22.4272],[10.7404,22.4821],[10.6919,22.5357],[10.7242,22.6397],[10.6637,22.7303],[10.6776,22.8136],[10.6684,22.8976]]},"properties":{"id":258,"source":32778,"mouth":31955,"parent":258,"basin":258,"widthFactor":0.672,"sourceWidth":0.05,"discharge":73,"name":"Abergyfinnse","type":"River"}},{"type":"Feature","geometry":{"type":"LineString","coordinates":[[16.0653,29.3441],[15.9089,29.5019],[16.0055,29.6147],[16.1911,29.6826],[16.3174,29.5751],[16.4691,29.5177],[16.6351,29.3647]]},"properties":{"id":260,"source":16254,"mouth":15911,"parent":510,"basin":927,"widthFactor":0.56,"sourceWidth":0.04,"discharge":110,"name":"Stresk","type":"River"}},{"type":"Feature","geometry":{"type":"LineString","coordinates":[[-0.1354,30.34],[-0.2158,30.1794],[-0.1765,30.1029],[-0.247,29.9903],[-0.2272,29.859],[-0.1703,29.7878],[-0.2287,29.6133],[-0.3846,29.4684],[-0.3784,29.2982],[-0.3507,29.2251]]},"properties":{"id":262,"source":13809,"mouth":16132,"parent":262,"basin":262,"widthFactor":0.672,"sourceWidth":0.05,"discharge":318,"name":"Ovalodurdi","type":"River"}},{"type":"Feature","geometry":{"type":"LineString","coordinates":[[9.9786,21.4471],[9.9087,21.3888],[9.8331,21.3108],[9.8054,21.1602],[9.7647,21.155],[9.638,21.3204],[9.5351,21.4437],[9.4222,21.427],[9.3461,21.4858],[9.1902,21.5628],[9.0012,21.6106],[8.8361,21.712],[8.6682,21.8645],[8.5458,22.049],[8.4563,22.0844],[8.3396,22.1193],[8.2817,22.257],[8.3113,22.4037],[8.1977,22.4582],[8.0731,22.4401],[7.9573,22.5692],[7.8368,22.6012],[7.7478,22.66],[7.6487,22.8388],[7.5339,22.8082],[7.3555,22.7767]]},"properties":{"id":263,"source":35555,"mouth":31538,"parent":263,"basin":263,"widthFactor":0.672,"sourceWidth":0.04,"discharge":685,"name":"Abereidhek","type":"River"}},{"type":"Feature","geometry":{"type":"LineString","coordinates":[[-13.7872,33.3663],[-13.6655,33.3238],[-13.548,33.3768],[-13.5513,33.4533],[-13.6087,33.646],[-13.4102,33.711],[-13.3786,33.7712]]},"properties":{"id":264,"source":7659,"mouth":7239,"parent":63,"basin":3,"widthFactor":0.56,"sourceWidth":0.04,"discharge":73,"name":"Gardika","type":"Fork"}},{"type":"Feature","geometry":{"type":"LineString","coordinates":[[-9.3806,17.4551],[-9.4454,17.3419],[-9.4155,17.2151],[-9.5705,17.1089],[-9.5959,16.9349],[-9.5404,16.813],[-9.6203,16.6868],[-9.6026,16.5797],[-9.6628,16.4735],[-9.7403,16.3411],[-9.7724,16.2283],[-9.7174,16.1676]]},"properties":{"id":266,"source":45185,"mouth":47241,"parent":266,"basin":266,"widthFactor":0.672,"sourceWidth":0.05,"discharge":254,"name":"Estrieroso","type":"River"}},{"type":"Feature","geometry":{"type":"LineString","coordinates":[[-21.5086,22.0892],[-21.4077,21.9935],[-21.2608,22.0203],[-21.1039,22.061],[-20.901,22.0471],[-20.957,21.8372],[-20.8503,21.8238],[-20.7097,21.8152]]},"properties":{"id":267,"source":33332,"mouth":34128,"parent":267,"basin":267,"widthFactor":0.672,"sourceWidth":0.05,"discharge":149,"name":"Valcici","type":"River"}},{"type":"Feature","geometry":{"type":"LineString","coordinates":[[22.5855,22.3459],[22.5897,22.208],[22.6826,22.1059],[22.797,22.1112],[22.9314,22.168],[23.1118,22.0992],[23.2481,22.1355]]},"properties":{"id":268,"source":33261,"mouth":33669,"parent":268,"basin":268,"widthFactor":0.672,"sourceWidth":0.05,"discharge":125,"name":"Hencester","type":"River"}},{"type":"Feature","geometry":{"type":"LineString","coordinates":[[-9.8867,31.2713],[-10.0068,31.2938],[-10.0709,31.5204],[-10.2068,31.5204],[-10.3474,31.6084],[-10.3938,31.6045]]},"properties":{"id":269,"source":11855,"mouth":10897,"parent":269,"basin":269,"widthFactor":0.672,"sourceWidth":0.09,"discharge":152,"name":"Forsjarvi","type":"River"}},{"type":"Feature","geometry":{"type":"LineString","coordinates":[[22.2664,19.7977],[22.3536,19.8467],[22.442,19.8001],[22.4854,19.7084],[22.5855,19.6916],[22.6762,19.7756],[22.6836,19.899],[22.7769,19.9387],[22.8592,19.998]]},"properties":{"id":270,"source":39536,"mouth":39539,"parent":270,"basin":270,"widthFactor":0.672,"sourceWidth":0.06,"discharge":88,"name":"Tetfordley","type":"River"}},{"type":"Feature","geometry":{"type":"LineString","coordinates":[[-0.4832,23.0377],[-0.5595,23.0055],[-0.5545,22.9229],[-0.626,22.864],[-0.6095,22.7728],[-0.6711,22.6938],[-0.642,22.5978],[-0.641,22.517],[-0.6176,22.4396]]},"properties":{"id":271,"source":31087,"mouth":32268,"parent":271,"basin":271,"widthFactor":0.672,"sourceWidth":0.05,"discharge":63,"name":"Orbey","type":"River"}},{"type":"Feature","geometry":{"type":"LineString","coordinates":[[21.5584,24.2267],[21.5011,24.2243],[21.5215,24.2778],[21.4509,24.3234],[21.4665,24.406],[21.51,24.4829],[21.4613,24.5566],[21.4097,24.6047],[21.3455,24.634]]},"properties":{"id":272,"source":28656,"mouth":27798,"parent":1301,"basin":1301,"widthFactor":0.56,"sourceWidth":0.05,"discharge":66,"name":"Botfordbu","type":"River"}},{"type":"Feature","geometry":{"type":"LineString","coordinates":[[18.9573,20.0463],[18.998,19.8493],[18.8965,19.7183],[18.9233,19.5438],[18.7535,19.4229],[18.754,19.3182],[18.8162,19.1695]]},"properties":{"id":273,"source":39184,"mouth":40954,"parent":14,"basin":1472,"widthFactor":0.56,"sourceWidth":0.05,"discharge":90,"name":"Myria","type":"Fork"}},{"type":"Feature","geometry":{"type":"LineString","coordinates":[[-18.786,21.5776],[-18.9793,21.4748],[-19.1692,21.4533],[-19.396,21.4873],[-19.4921,21.4127],[-19.6352,21.3754],[-19.737,21.472],[-19.7615,21.6101],[-19.9241,21.5714],[-20.0619,21.5833]]},"properties":{"id":274,"source":34939,"mouth":34931,"parent":274,"basin":274,"widthFactor":0.672,"sourceWidth":0.08,"discharge":300,"name":"Afredriglia","type":"River"}},{"type":"Feature","geometry":{"type":"LineString","coordinates":[[18.566,31.4449],[18.5424,31.3735],[18.6081,31.3368],[18.7229,31.2705],[18.853,31.2967]]},"properties":{"id":275,"source":11435,"mouth":11753,"parent":281,"basin":755,"widthFactor":0.56,"sourceWidth":0.05,"discharge":51,"name":"Congford","type":"River"}},{"type":"Feature","geometry":{"type":"LineString","coordinates":[[2.06,31.344],[2.0744,31.4778],[2.0887,31.7049],[2.2026,31.7375],[2.3362,31.7925],[2.4107,31.9163],[2.5614,31.9559],[2.6102,31.9631]]},"properties":{"id":276,"source":11614,"mouth":10413,"parent":276,"basin":276,"widthFactor":0.672,"sourceWidth":0.05,"discharge":80,"name":"Atopkoyru","type":"River"}},{"type":"Feature","geometry":{"type":"LineString","coordinates":[[-17.7991,20.3843],[-17.7302,20.565],[-17.6599,20.5492],[-17.4785,20.6458],[-17.2881,20.5631],[-17.2393,20.554],[-17.102,20.6783],[-16.9202,20.7725],[-16.8203,20.7314],[-16.8006,20.8552],[-16.7767,20.9623],[-16.5959,20.947],[-16.4246,20.981]]},"properties":{"id":278,"source":37891,"mouth":36477,"parent":278,"basin":278,"widthFactor":0.672,"sourceWidth":0.05,"discharge":181,"name":"Okberi","type":"River"}},{"type":"Feature","geometry":{"type":"LineString","coordinates":[[-9.7064,28.7379],[-9.6179,28.5711],[-9.6274,28.4802],[-9.7379,28.3115],[-9.9083,28.3406],[-9.9618,28.1551],[-10.18,28.2106],[-10.3221,28.158],[-10.3273,28.07],[-10.4154,27.9615],[-10.4718,27.7531]]},"properties":{"id":279,"source":17404,"mouth":19521,"parent":1472,"basin":1472,"widthFactor":0.56,"sourceWidth":0.07,"discharge":333,"name":"Uttengengen","type":"Fork"}},{"type":"Feature","geometry":{"type":"LineString","coordinates":[[-6.2073,33.9381],[-6.3356,33.9967],[-6.4719,33.9601],[-6.5409,33.8938],[-6.5202,33.8004]]},"properties":{"id":280,"source":6929,"mouth":6928,"parent":236,"basin":236,"widthFactor":0.56,"sourceWidth":0.04,"discharge":45,"name":"Lieksylasen","type":"River"}},{"type":"Feature","geometry":{"type":"LineString","coordinates":[[19.1037,31.6524],[19.0329,31.4511],[18.9946,31.4482],[18.853,31.2967],[18.9262,31.2178],[18.7817,31.1025],[18.8919,31.0225],[19.0281,31.0261],[19.0845,30.9706],[19.1233,30.8181],[19.031,30.6967],[19.0506,30.4782],[19.1381,30.3056],[19.0721,30.1789],[18.9444,30.0049],[18.8367,30.0288],[18.7291,29.9795],[18.776,29.8222],[18.8276,29.6735],[18.8779,29.6195],[18.8166,29.4259]]},"properties":{"id":281,"source":11123,"mouth":15594,"parent":755,"basin":755,"widthFactor":0.56,"sourceWidth":0.08,"discharge":666,"name":"Ormsterling","type":"River"}},{"type":"Feature","geometry":{"type":"LineString","coordinates":[[-3.9693,32.1663],[-3.8985,32.3183],[-3.8028,32.5143],[-3.6986,32.5636],[-3.5584,32.6931],[-3.4426,32.6716]]},"properties":{"id":282,"source":9770,"mouth":8911,"parent":326,"basin":326,"widthFactor":0.56,"sourceWidth":0.06,"discharge":113,"name":"Akarman","type":"Fork"}},{"type":"Feature","geometry":{"type":"LineString","coordinates":[[-11.1775,30.2477],[-11.1271,30.2804],[-11.1722,30.3199],[-11.267,30.3986],[-11.2789,30.5212],[-11.231,30.6118],[-11.1296,30.6273]]},"properties":{"id":283,"source":14066,"mouth":13440,"parent":32,"basin":1304,"widthFactor":0.56,"sourceWidth":0.04,"discharge":46,"name":"Bjorkulu","type":"River"}},{"type":"Feature","geometry":{"type":"LineString","coordinates":[[-18.7793,21.0986],[-18.7568,21.1628],[-18.6923,21.1411],[-18.5798,21.1873],[-18.4679,21.1397]]},"properties":{"id":284,"source":36088,"mouth":36089,"parent":183,"basin":183,"widthFactor":0.56,"sourceWidth":0.06,"discharge":56,"name":"Giuno","type":"River"}},{"type":"Feature","geometry":{"type":"LineString","coordinates":[[15.4645,30.0536],[15.4238,30.1698],[15.3315,30.1927],[15.2736,30.3825],[15.276,30.5083],[15.2817,30.6632],[15.2755,30.7908],[15.275,30.9596]]},"properties":{"id":285,"source":14582,"mouth":12999,"parent":1078,"basin":1078,"widthFactor":0.56,"sourceWidth":0.04,"discharge":98,"name":"Bridmindon","type":"Fork"}},{"type":"Feature","geometry":{"type":"LineString","coordinates":[[6.7761,27.7951],[6.9012,27.8091],[7,27.7311],[7.0629,27.6621],[7.034,27.5733],[7.1014,27.4835],[7.2134,27.4743],[7.3368,27.4496],[7.4449,27.514]]},"properties":{"id":287,"source":19973,"mouth":20713,"parent":74,"basin":74,"widthFactor":0.56,"sourceWidth":0.05,"discharge":121,"name":"Altaka","type":"River"}},{"type":"Feature","geometry":{"type":"LineString","coordinates":[[-12.2845,30.3802],[-12.2312,30.4284],[-12.273,30.4868],[-12.1903,30.566],[-12.1946,30.6804]]},"properties":{"id":288,"source":13741,"mouth":13433,"parent":11,"basin":26,"widthFactor":0.56,"sourceWidth":0.05,"discharge":47,"name":"Yvinkajarve","type":"Fork"}},{"type":"Feature","geometry":{"type":"LineString","coordinates":[[-11.0741,19.9062],[-10.9534,19.919],[-10.8794,20.0152],[-10.8366,20.054],[-10.8871,20.0822]]},"properties":{"id":289,"source":39331,"mouth":38993,"parent":480,"basin":480,"widthFactor":0.56,"sourceWidth":0.05,"discharge":49,"name":"Kalbekeli","type":"River"}},{"type":"Feature","geometry":{"type":"LineString","coordinates":[[7.6822,27.8908],[7.8631,27.8984],[7.8066,27.722],[7.8875,27.5953],[7.9329,27.4261],[8.1056,27.2884],[8.0717,27.2085],[8.0487,27.132]]},"properties":{"id":290,"source":19612,"mouth":21429,"parent":290,"basin":290,"widthFactor":0.672,"sourceWidth":0.05,"discharge":113,"name":"Sunkorteki","type":"River"}},{"type":"Feature","geometry":{"type":"LineString","coordinates":[[5.4572,25.1805],[5.4042,25.2492],[5.4466,25.3249],[5.4224,25.3951],[5.4864,25.4329]]},"properties":{"id":292,"source":26440,"mouth":26130,"parent":47,"basin":1304,"widthFactor":0.56,"sourceWidth":0.05,"discharge":82,"name":"Boynakaka","type":"River"}},{"type":"Feature","geometry":{"type":"LineString","coordinates":[[-14.0077,19.7614],[-14.0084,19.8347],[-13.9359,19.8465],[-13.8466,19.8687],[-13.7843,19.801],[-13.7077,19.7363],[-13.6106,19.7614],[-13.5259,19.7784],[-13.4485,19.8168]]},"properties":{"id":294,"source":39641,"mouth":39311,"parent":1728,"basin":1728,"widthFactor":0.56,"sourceWidth":0.06,"discharge":93,"name":"Albeybur","type":"Fork"}},{"type":"Feature","geometry":{"type":"LineString","coordinates":[[0.3004,30.7306],[0.265,30.8286],[0.2588,30.8702],[0.2402,31.0442],[0.1832,31.1518],[0.1052,31.3631],[-0.055,31.3665],[-0.1627,31.3081],[-0.3052,31.3999],[-0.3157,31.5615],[-0.4554,31.7002],[-0.6195,31.6227],[-0.73,31.6562],[-0.8879,31.5467],[-1.0424,31.4822],[-1.1527,31.5505],[-1.2051,31.6691],[-1.0941,31.7671],[-1.0668,31.9115],[-1.1482,31.8618],[-1.2065,31.9602],[-1.3405,32.1132],[-1.4113,32.2442],[-1.4744,32.402]]},"properties":{"id":295,"source":12884,"mouth":9487,"parent":295,"basin":295,"widthFactor":0.672,"sourceWidth":0.07,"discharge":1037,"name":"Aynak","type":"River"}},{"type":"Feature","geometry":{"type":"LineString","coordinates":[[-20.3935,18.372],[-20.4911,18.4595],[-20.6599,18.4562],[-20.7283,18.2573],[-20.8322,18.1316],[-20.9704,17.9709],[-21.0479,17.9508],[-21.0355,17.8562],[-21.1383,17.7228],[-21.1393,17.5425],[-21.036,17.3982],[-20.9484,17.3054],[-20.9719,17.1759],[-20.9159,17.0568],[-20.8671,16.9779],[-20.7748,16.8876],[-20.6575,16.7685],[-20.615,16.6696],[-20.5604,16.5515]]},"properties":{"id":296,"source":42822,"mouth":46446,"parent":296,"basin":296,"widthFactor":0.672,"sourceWidth":0.05,"discharge":294,"name":"Conzionetel","type":"River"}},{"type":"Feature","geometry":{"type":"LineString","coordinates":[[-16.6174,24.7416],[-16.5222,24.5719],[-16.4308,24.4485],[-16.3127,24.3175],[-16.2419,24.2104],[-16.0873,24.1057]]},"properties":{"id":297,"source":27285,"mouth":28469,"parent":215,"basin":1304,"widthFactor":0.56,"sourceWidth":0.06,"discharge":154,"name":"Bauerngen","type":"Fork"}},{"type":"Feature","geometry":{"type":"LineString","coordinates":[[-9.1203,16.4707],[-9.106,16.409],[-9.0993,16.3091],[-9.1639,16.1284],[-9.1744,15.952],[-9.2992,15.7698]]},"properties":{"id":299,"source":46753,"mouth":47712,"parent":299,"basin":299,"widthFactor":0.672,"sourceWidth":0.04,"discharge":77,"name":"Hermorides","type":"River"}},{"type":"Feature","geometry":{"type":"LineString","coordinates":[[-14.9985,34.0371],[-15.2047,34.0992],[-15.32,34.1853],[-15.4357,34.0676],[-15.5754,34.1375],[-15.7419,33.9821],[-15.8544,33.8936]]},"properties":{"id":301,"source":6674,"mouth":6863,"parent":301,"basin":301,"widthFactor":0.672,"sourceWidth":0.05,"discharge":153,"name":"Laudar","type":"River"}},{"type":"Feature","geometry":{"type":"LineString","coordinates":[[-9.4624,31.7451],[-9.5557,31.9239],[-9.4423,32.1041],[-9.2911,32.1357],[-9.2509,32.2098],[-9.2241,32.412]]},"properties":{"id":302,"source":10612,"mouth":9722,"parent":302,"basin":302,"widthFactor":0.672,"sourceWidth":0.05,"discharge":101,"name":"Algeperi","type":"River"}},{"type":"Feature","geometry":{"type":"LineString","coordinates":[[-18.2756,27.8468],[-18.3799,27.9132],[-18.4057,28.0342],[-18.437,28.1438],[-18.3755,28.2398]]},"properties":{"id":303,"source":19467,"mouth":19067,"parent":12,"basin":1304,"widthFactor":0.56,"sourceWidth":0.05,"discharge":52,"name":"Coinvil","type":"Fork"}},{"type":"Feature","geometry":{"type":"LineString","coordinates":[[15.4295,28.6256],[15.4367,28.4429],[15.5396,28.3951],[15.5003,28.2206],[15.3635,28.1594],[15.2525,28.0222],[15.3382,27.9022],[15.2511,27.7105]]},"properties":{"id":304,"source":17890,"mouth":19679,"parent":149,"basin":149,"widthFactor":0.56,"sourceWidth":0.05,"discharge":170,"name":"Penkburgh","type":"River"}},{"type":"Feature","geometry":{"type":"LineString","coordinates":[[-19.6141,19.6567],[-19.7189,19.5663],[-19.8524,19.6131],[-19.9639,19.4769],[-20.126,19.4315],[-20.2609,19.5625],[-20.3619,19.5969]]},"properties":{"id":305,"source":39602,"mouth":39946,"parent":123,"basin":1635,"widthFactor":0.56,"sourceWidth":0.05,"discharge":74,"name":"Graluto","type":"River"}},{"type":"Feature","geometry":{"type":"LineString","coordinates":[[8.0233,28.7379],[8.2252,28.7872],[8.3931,28.7762],[8.4687,28.8737],[8.6137,28.9124],[8.6988,28.9201]]},"properties":{"id":306,"source":17511,"mouth":17186,"parent":91,"basin":91,"widthFactor":0.56,"sourceWidth":0.05,"discharge":91,"name":"Aynak","type":"Fork"}},{"type":"Feature","geometry":{"type":"LineString","coordinates":[[-14.7846,34.4774],[-14.7076,34.6672],[-14.6483,34.8216],[-14.4627,34.8321],[-14.4325,34.9416],[-14.4828,35.1252],[-14.6244,35.1596],[-14.7612,35.2045],[-14.7158,35.3425],[-14.7555,35.4823],[-14.7748,35.6207],[-14.8698,35.7233],[-14.8837,35.8356]]},"properties":{"id":307,"source":6009,"mouth":4295,"parent":1304,"basin":1304,"widthFactor":0.56,"sourceWidth":0.05,"discharge":267,"name":"Sigloynes","type":"River"}},{"type":"Feature","geometry":{"type":"LineString","coordinates":[[19.1405,32.2022],[19.2534,32.1591],[19.3166,32.1802],[19.4444,32.1652],[19.5496,32.2394],[19.7046,32.3198],[19.7668,32.4517],[19.8395,32.5693],[19.9256,32.6946],[19.9256,32.6946],[20.0825,32.6052],[20.1882,32.6033],[20.3169,32.6186]]},"properties":{"id":308,"source":9943,"mouth":9086,"parent":308,"basin":308,"widthFactor":0.672,"sourceWidth":0.06,"discharge":348,"name":"Nostedge","type":"River"}},{"type":"Feature","geometry":{"type":"LineString","coordinates":[[-16.6562,18.5862],[-16.7691,18.5375],[-16.7925,18.3242],[-16.8313,18.0928],[-16.9561,17.9628],[-16.9413,17.8538]]},"properties":{"id":309,"source":42506,"mouth":43887,"parent":23,"basin":23,"widthFactor":0.56,"sourceWidth":0.06,"discharge":104,"name":"Citta","type":"Fork"}},{"type":"Feature","geometry":{"type":"LineString","coordinates":[[-1.6089,31.0633],[-1.6727,30.9926],[-1.6428,30.9022],[-1.67,30.8414],[-1.6094,30.8138],[-1.5695,30.6979],[-1.4601,30.6426]]},"properties":{"id":310,"source":12244,"mouth":12870,"parent":432,"basin":432,"widthFactor":0.56,"sourceWidth":0.04,"discharge":53,"name":"Erdemseli","type":"River"}},{"type":"Feature","geometry":{"type":"LineString","coordinates":[[-9.682,17.642],[-9.782,17.8151],[-9.6762,17.9236],[-9.8279,18.0684],[-10.0154,18.1512],[-9.9987,18.3319],[-10.1116,18.373]]},"properties":{"id":311,"source":44588,"mouth":42902,"parent":311,"basin":311,"widthFactor":0.672,"sourceWidth":0.05,"discharge":137,"name":"Kopuzbeyte","type":"River"}},{"type":"Feature","geometry":{"type":"LineString","coordinates":[[14.866,21.2453],[14.8196,21.3037],[14.6839,21.3369],[14.5579,21.2769],[14.4976,21.3175],[14.3703,21.3797],[14.2517,21.4108],[14.2885,21.6216]]},"properties":{"id":312,"source":35972,"mouth":35592,"parent":312,"basin":312,"widthFactor":0.672,"sourceWidth":0.06,"discharge":173,"name":"Aber","type":"River"}},{"type":"Feature","geometry":{"type":"LineString","coordinates":[[-12.3161,32.8347],[-12.2027,32.925],[-12.0462,32.9862],[-11.9357,33.0627],[-11.807,33.1717],[-11.7492,33.2267]]},"properties":{"id":313,"source":8598,"mouth":7897,"parent":313,"basin":313,"widthFactor":0.672,"sourceWidth":0.05,"discharge":126,"name":"Klovsnaski","type":"River"}},{"type":"Feature","geometry":{"type":"LineString","coordinates":[[-12.4629,19.3746],[-12.5575,19.3948],[-12.6232,19.3239],[-12.6873,19.2102],[-12.6586,19.0829]]},"properties":{"id":314,"source":40352,"mouth":40726,"parent":927,"basin":927,"widthFactor":0.56,"sourceWidth":0.04,"discharge":64,"name":"Keki","type":"River"}},{"type":"Feature","geometry":{"type":"LineString","coordinates":[[18.7468,32.1304],[18.6722,32.2327],[18.5999,32.4216],[18.5028,32.3848],[18.398,32.3102],[18.3116,32.4052],[18.1842,32.4211],[18.0378,32.3872]]},"properties":{"id":315,"source":10243,"mouth":9344,"parent":315,"basin":315,"widthFactor":0.672,"sourceWidth":0.05,"discharge":193,"name":"Launtonbu","type":"River"}},{"type":"Feature","geometry":{"type":"LineString","coordinates":[[0.9611,29.6047],[0.8624,29.5182],[0.8487,29.3876],[0.7851,29.3219],[0.8128,29.2347],[0.7809,29.1532],[0.8396,29.0884],[0.7919,29.0331],[0.7635,28.966]]},"properties":{"id":316,"source":15457,"mouth":16808,"parent":316,"basin":316,"widthFactor":0.672,"sourceWidth":0.05,"discharge":85,"name":"Alaoca","type":"River"}},{"type":"Feature","geometry":{"type":"LineString","coordinates":[[-11.3674,18.8735],[-11.3837,18.7574],[-11.4741,18.5709],[-11.4061,18.4686],[-11.3114,18.448],[-11.3047,18.2812],[-11.1631,18.2654]]},"properties":{"id":317,"source":41822,"mouth":43242,"parent":317,"basin":317,"widthFactor":0.672,"sourceWidth":0.05,"discharge":106,"name":"Yereki","type":"River"}},{"type":"Feature","geometry":{"type":"LineString","coordinates":[[22.1023,20.4264],[22.2095,20.5134],[22.2549,20.6592],[22.4071,20.7151],[22.511,20.6324],[22.5377,20.5024],[22.6946,20.4474]]},"properties":{"id":319,"source":38171,"mouth":37814,"parent":319,"basin":319,"widthFactor":0.672,"sourceWidth":0.07,"discharge":230,"name":"Hentaveley","type":"River"}},{"type":"Feature","geometry":{"type":"LineString","coordinates":[[7.3971,21.0049],[7.4127,20.9158],[7.4995,20.8906],[7.5643,20.7977],[7.5368,20.6879],[7.4659,20.6222],[7.3722,20.6458],[7.3232,20.5833],[7.2938,20.5096]]},"properties":{"id":320,"source":36644,"mouth":37349,"parent":1304,"basin":1304,"widthFactor":0.56,"sourceWidth":0.05,"discharge":73,"name":"Brabermuais","type":"River"}},{"type":"Feature","geometry":{"type":"LineString","coordinates":[[-11.5119,27.0861],[-11.4936,26.972],[-11.3956,26.9107],[-11.415,26.8041],[-11.3439,26.7223]]},"properties":{"id":321,"source":21695,"mouth":22054,"parent":39,"basin":1304,"widthFactor":0.56,"sourceWidth":0.05,"discharge":46,"name":"Bauesch","type":"Fork"}},{"type":"Feature","geometry":{"type":"LineString","coordinates":[[2.6819,28.9],[2.5595,28.8602],[2.4982,28.747],[2.4309,28.7401],[2.37,28.7107]]},"properties":{"id":322,"source":17145,"mouth":17473,"parent":1728,"basin":1728,"widthFactor":0.56,"sourceWidth":0.05,"discharge":47,"name":"Akatar","type":"River"}},{"type":"Feature","geometry":{"type":"LineString","coordinates":[[3.5163,29.5865],[3.3527,29.4818],[3.4665,29.3943],[3.61,29.3958],[3.7899,29.3838],[3.9468,29.4727],[4.0703,29.4546],[4.2171,29.6281],[4.4391,29.6535],[4.5788,29.6224],[4.6755,29.61],[4.8018,29.6922],[4.9199,29.8633],[4.8635,30.0546],[4.7333,30.0689]]},"properties":{"id":323,"source":15475,"mouth":14503,"parent":1929,"basin":1929,"widthFactor":0.56,"sourceWidth":0.05,"discharge":513,"name":"Obayara","type":"River"}},{"type":"Feature","geometry":{"type":"LineString","coordinates":[[2.8647,29.37],[2.8972,29.4579],[2.9939,29.6458],[2.9953,29.7959],[3.0862,29.9489],[3.0379,30.0187]]},"properties":{"id":325,"source":16157,"mouth":14822,"parent":161,"basin":161,"widthFactor":0.56,"sourceWidth":0.06,"discharge":157,"name":"Alaoku","type":"River"}},{"type":"Feature","geometry":{"type":"LineString","coordinates":[[-3.123,32.0831],[-3.2048,32.2184],[-3.3909,32.2108],[-3.5187,32.2127],[-3.5627,32.3786],[-3.49,32.5005],[-3.4426,32.6716],[-3.401,32.8002],[-3.4201,32.9819],[-3.3192,33.0316],[-3.3699,33.2449],[-3.2599,33.3563],[-3.1867,33.5484],[-3.1302,33.6488],[-3.0694,33.8014],[-2.9786,33.9692],[-2.836,34.136],[-2.6929,34.1537],[-2.6384,34.2029],[-2.4571,34.3578],[-2.3949,34.3244],[-2.1906,34.4214],[-2.1925,34.4793],[-2.2509,34.7088],[-2.2456,34.8943],[-2.1791,35.1161],[-1.9916,35.2595],[-1.8538,35.2562],[-1.7557,35.1558],[-1.6859,35.0745],[-1.6936,34.9884],[-1.6294,34.8713]]},"properties":{"id":326,"source":10072,"mouth":5191,"parent":326,"basin":326,"widthFactor":0.672,"sourceWidth":0.06,"discharge":828,"name":"Toptar","type":"River"}},{"type":"Feature","geometry":{"type":"LineString","coordinates":[[2.7059,29.9527],[2.7168,29.8922],[2.7738,29.9155],[2.8462,29.8611],[2.9278,29.9002]]},"properties":{"id":328,"source":14819,"mouth":14820,"parent":1304,"basin":1304,"widthFactor":0.56,"sourceWidth":0.05,"discharge":71,"name":"Sazde","type":"River"}},{"type":"Feature","geometry":{"type":"LineString","coordinates":[[20.0801,20.9857],[20.1131,20.8614],[20.2624,20.7065],[20.3155,20.6018],[20.3494,20.478],[20.4207,20.3375],[20.3853,20.1228],[20.3538,19.9985],[20.3494,19.8914]]},"properties":{"id":329,"source":36735,"mouth":39194,"parent":51,"basin":1472,"widthFactor":0.56,"sourceWidth":0.05,"discharge":131,"name":"Trodes","type":"River"}},{"type":"Feature","geometry":{"type":"LineString","coordinates":[[5.5318,29.7821],[5.5581,29.8681],[5.4921,29.9293],[5.5447,30.016],[5.5036,30.1086],[5.5458,30.1468],[5.4964,30.1751]]},"properties":{"id":330,"source":15160,"mouth":14509,"parent":135,"basin":135,"widthFactor":0.56,"sourceWidth":0.04,"discharge":54,"name":"Altaykut","type":"Fork"}},{"type":"Feature","geometry":{"type":"LineString","coordinates":[[19.6974,20.8251],[19.7938,20.8278],[19.8452,20.7462],[19.8181,20.6353],[19.717,20.5822],[19.6671,20.5012],[19.7093,20.4159],[19.7064,20.3328],[19.7811,20.2963]]},"properties":{"id":331,"source":37084,"mouth":38154,"parent":214,"basin":326,"widthFactor":0.56,"sourceWidth":0.06,"discharge":56,"name":"Thaphi","type":"River"}},{"type":"Feature","geometry":{"type":"LineString","coordinates":[[1.6395,31.5328],[1.6577,31.6165],[1.7768,31.7331],[1.7892,31.8909],[1.7591,32.1008],[1.8753,32.1773],[1.9868,32.2796]]},"properties":{"id":332,"source":11299,"mouth":9815,"parent":332,"basin":332,"widthFactor":0.672,"sourceWidth":0.05,"discharge":77,"name":"Dozoba","type":"River"}},{"type":"Feature","geometry":{"type":"LineString","coordinates":[[18.6454,25.1155],[18.5959,25.2362],[18.642,25.3583],[18.7203,25.4724],[18.8535,25.5104]]},"properties":{"id":333,"source":26499,"mouth":26191,"parent":231,"basin":927,"widthFactor":0.56,"sourceWidth":0.07,"discharge":62,"name":"Malseacuton","type":"Fork"}},{"type":"Feature","geometry":{"type":"LineString","coordinates":[[-5.683,33.8951],[-5.5595,34.0093],[-5.4065,34.0547],[-5.2017,34.1456],[-5.2481,34.3292],[-5.0941,34.399],[-5.0108,34.519],[-4.8879,34.6514],[-4.7606,34.8173],[-4.7448,34.8096],[-4.6212,34.8559],[-4.5492,34.9665],[-4.397,35.0712],[-4.3066,35.0348]]},"properties":{"id":334,"source":6933,"mouth":5169,"parent":837,"basin":837,"widthFactor":0.56,"sourceWidth":0.06,"discharge":293,"name":"Yepe","type":"River"}},{"type":"Feature","geometry":{"type":"LineString","coordinates":[[8.2673,30.5288],[8.3551,30.5293],[8.3903,30.6096],[8.5317,30.6541],[8.618,30.7746]]},"properties":{"id":335,"source":13561,"mouth":13254,"parent":193,"basin":193,"widthFactor":0.56,"sourceWidth":0.05,"discharge":42,"name":"Pewent","type":"River"}},{"type":"Feature","geometry":{"type":"LineString","coordinates":[[-0.1076,30.9524],[-0.3114,31.0275],[-0.4023,31.1508],[-0.5597,31.2622],[-0.597,31.3789],[-0.8085,31.3449],[-0.8951,31.3684],[-1.0424,31.4822]]},"properties":{"id":336,"source":12570,"mouth":11593,"parent":295,"basin":295,"widthFactor":0.56,"sourceWidth":0.06,"discharge":274,"name":"Beylibi","type":"Fork"}},{"type":"Feature","geometry":{"type":"LineString","coordinates":[[8.0133,28.2833],[8.0013,28.1819],[8.1152,28.1092],[8.1946,27.9596],[8.2697,27.929],[8.3735,27.8104],[8.5481,27.8052],[8.6821,27.7172],[8.8074,27.6833]]},"properties":{"id":337,"source":18515,"mouth":19986,"parent":337,"basin":337,"widthFactor":0.672,"sourceWidth":0.05,"discharge":244,"name":"Ya Temir","type":"River"}},{"type":"Feature","geometry":{"type":"LineString","coordinates":[[-7.3952,17.1266],[-7.3052,17.1462],[-7.1502,17.0539],[-7.1842,16.9277],[-7.0656,16.8316],[-6.9986,16.7174],[-7.0139,16.4879],[-6.9732,16.3889],[-6.8785,16.3086],[-6.8259,16.1713],[-6.7068,16.0849],[-6.7096,15.8951]]},"properties":{"id":338,"source":45750,"mouth":47496,"parent":338,"basin":338,"widthFactor":0.672,"sourceWidth":0.05,"discharge":198,"name":"Fuensedoli","type":"River"}},{"type":"Feature","geometry":{"type":"LineString","coordinates":[[19.7395,31.5376],[19.9127,31.5649],[20.0202,31.4884],[20.1514,31.5027],[20.2385,31.5123],[20.3825,31.5218],[20.4965,31.5808],[20.5446,31.6997],[20.514,31.7872],[20.537,31.9191]]},"properties":{"id":339,"source":11444,"mouth":10826,"parent":339,"basin":339,"widthFactor":0.672,"sourceWidth":0.04,"discharge":163,"name":"Blechelton","type":"River"}},{"type":"Feature","geometry":{"type":"LineString","coordinates":[[-11.642,19.0806],[-11.6099,18.9945],[-11.7138,18.8186],[-11.7889,18.6656],[-11.6839,18.5466],[-11.531,18.5045],[-11.5009,18.3367],[-11.5989,18.2233]]},"properties":{"id":340,"source":41095,"mouth":42885,"parent":340,"basin":340,"widthFactor":0.672,"sourceWidth":0.06,"discharge":135,"name":"Sernuman","type":"River"}},{"type":"Feature","geometry":{"type":"LineString","coordinates":[[-15.2396,34.5496],[-15.2913,34.5304],[-15.418,34.554],[-15.5271,34.4855],[-15.6721,34.672],[-15.7496,34.8302],[-15.8974,34.7518],[-16.0194,34.7016]]},"properties":{"id":341,"source":6006,"mouth":5543,"parent":341,"basin":341,"widthFactor":0.672,"sourceWidth":0.05,"discharge":184,"name":"Helvela","type":"River"}},{"type":"Feature","geometry":{"type":"LineString","coordinates":[[8.109,20.7075],[8.1932,20.6281],[8.2228,20.4737],[8.2314,20.337],[8.2444,20.2064],[8.1697,20.0984],[7.9836,20.1204],[7.9875,19.9669],[7.932,19.8044]]},"properties":{"id":342,"source":37355,"mouth":39105,"parent":342,"basin":342,"widthFactor":0.672,"sourceWidth":0.07,"discharge":137,"name":"Abermordhe","type":"River"}},{"type":"Feature","geometry":{"type":"LineString","coordinates":[[-8.0817,16.6452],[-7.9971,16.6187],[-7.9377,16.6844],[-7.8266,16.7361],[-7.7846,16.8512]]},"properties":{"id":343,"source":46516,"mouth":46517,"parent":126,"basin":126,"widthFactor":0.56,"sourceWidth":0.07,"discharge":56,"name":"Arvevilnue","type":"River"}},{"type":"Feature","geometry":{"type":"LineString","coordinates":[[5.7763,23.9389],[5.8959,23.7825],[5.8772,23.6343],[5.9198,23.4713],[6.0757,23.4044],[6.1475,23.3279]]},"properties":{"id":344,"source":29147,"mouth":30047,"parent":344,"basin":344,"widthFactor":0.672,"sourceWidth":0.07,"discharge":220,"name":"Abewytros","type":"River"}},{"type":"Feature","geometry":{"type":"LineString","coordinates":[[3.6426,28.8288],[3.5256,28.7592],[3.4833,28.6299],[3.4482,28.5755],[3.5043,28.5433],[3.5221,28.4395],[3.6148,28.3894],[3.5973,28.2808],[3.6024,28.1709]]},"properties":{"id":345,"source":17481,"mouth":18478,"parent":345,"basin":345,"widthFactor":0.672,"sourceWidth":0.06,"discharge":117,"name":"Sarpkoyra","type":"River"}},{"type":"Feature","geometry":{"type":"LineString","coordinates":[[-14.3612,18.4643],[-14.2978,18.3741],[-14.3287,18.2683],[-14.3994,18.17],[-14.5191,18.1516],[-14.5186,18.0214],[-14.4321,17.9241]]},"properties":{"id":348,"source":42865,"mouth":43560,"parent":488,"basin":1032,"widthFactor":0.56,"sourceWidth":0.05,"discharge":56,"name":"Antete","type":"Fork"}},{"type":"Feature","geometry":{"type":"LineString","coordinates":[[-14.921,22.551],[-14.8698,22.6362],[-14.9143,22.725],[-14.8283,22.7715],[-14.821,22.8689],[-14.7904,22.9468],[-14.7822,23.03]]},"properties":{"id":351,"source":32172,"mouth":31380,"parent":1193,"basin":1304,"widthFactor":0.56,"sourceWidth":0.04,"discharge":62,"name":"Nadenautach","type":"Fork"}},{"type":"Feature","geometry":{"type":"LineString","coordinates":[[-10.722,19.7862],[-10.6278,19.893],[-10.6225,20.0353],[-10.5104,20.0698],[-10.4594,20.1754]]},"properties":{"id":353,"source":39333,"mouth":38995,"parent":480,"basin":480,"widthFactor":0.56,"sourceWidth":0.06,"discharge":51,"name":"Buyvar","type":"River"}},{"type":"Feature","geometry":{"type":"LineString","coordinates":[[11.7042,22.1676],[11.7912,22.1686],[11.8247,22.2488],[11.8794,22.3138],[11.9142,22.3913]]},"properties":{"id":354,"source":33596,"mouth":33192,"parent":354,"basin":354,"widthFactor":0.672,"sourceWidth":0.05,"discharge":60,"name":"Agos","type":"River"}},{"type":"Feature","geometry":{"type":"LineString","coordinates":[[-15.7223,26.0186],[-15.6845,25.9743],[-15.6563,26.0253],[-15.6084,26.0665],[-15.5721,26.0147],[-15.5223,25.9547],[-15.4922,25.8828]]},"properties":{"id":355,"source":24346,"mouth":24348,"parent":218,"basin":1304,"widthFactor":0.56,"sourceWidth":0.06,"discharge":59,"name":"Siberg","type":"River"}},{"type":"Feature","geometry":{"type":"LineString","coordinates":[[-15.7218,25.9067],[-15.7,25.8383],[-15.6295,25.8522],[-15.5583,25.856],[-15.4922,25.8828]]},"properties":{"id":356,"source":24715,"mouth":24717,"parent":927,"basin":927,"widthFactor":0.56,"sourceWidth":0.05,"discharge":46,"name":"Sesen","type":"River"}},{"type":"Feature","geometry":{"type":"LineString","coordinates":[[-14.212,29.8198],[-14.2952,29.7792],[-14.5134,29.772],[-14.6574,29.6616],[-14.7636,29.4522],[-14.8971,29.5693],[-15.0702,29.6559],[-15.2482,29.7849],[-15.3678,29.8806]]},"properties":{"id":359,"source":15042,"mouth":15035,"parent":373,"basin":373,"widthFactor":0.56,"sourceWidth":0.05,"discharge":140,"name":"Baden","type":"River"}},{"type":"Feature","geometry":{"type":"LineString","coordinates":[[-19.805,27.4844],[-19.6548,27.5652],[-19.6055,27.7789],[-19.7648,27.875],[-19.7902,28.0108],[-19.7605,28.2436],[-19.939,28.3402],[-19.9481,28.4922],[-20.0021,28.6289],[-20.0356,28.7045],[-20.1647,28.6763],[-20.2853,28.7303],[-20.3231,28.9263],[-20.4562,28.9513],[-20.58,28.8967],[-20.6178,28.9593],[-20.6743,29.0119],[-20.6092,29.1615],[-20.691,29.3346],[-20.6212,29.4536],[-20.7097,29.6253],[-20.7121,29.8361],[-20.7685,29.9637],[-20.9575,29.9819],[-20.9345,30.1148],[-20.9254,30.2324],[-20.9666,30.3739]]},"properties":{"id":360,"source":20565,"mouth":13989,"parent":360,"basin":360,"widthFactor":0.672,"sourceWidth":0.07,"discharge":594,"name":"Marteauchavey","type":"River"}},{"type":"Feature","geometry":{"type":"LineString","coordinates":[[-15.3075,26.1696],[-15.3087,26.078],[-15.2276,26.0353],[-15.2001,25.9282],[-15.1506,25.8292]]},"properties":{"id":361,"source":23966,"mouth":24352,"parent":218,"basin":1304,"widthFactor":0.56,"sourceWidth":0.06,"discharge":55,"name":"Wembergheim","type":"River"}},{"type":"Feature","geometry":{"type":"LineString","coordinates":[[-20.2131,18.9333],[-20.2847,19.0177],[-20.2638,19.1265],[-20.2982,19.1802],[-20.2418,19.2101],[-20.1891,19.3192],[-20.2284,19.4339]]},"properties":{"id":362,"source":41392,"mouth":40673,"parent":123,"basin":1635,"widthFactor":0.56,"sourceWidth":0.05,"discharge":61,"name":"Roccantera","type":"River"}},{"type":"Feature","geometry":{"type":"LineString","coordinates":[[8.4821,21.1636],[8.6213,21.2884],[8.5663,21.4433],[8.6084,21.5642],[8.5778,21.7607],[8.6682,21.8645]]},"properties":{"id":363,"source":36294,"mouth":34753,"parent":263,"basin":263,"widthFactor":0.56,"sourceWidth":0.05,"discharge":134,"name":"Cuidiwghenek","type":"Fork"}},{"type":"Feature","geometry":{"type":"LineString","coordinates":[[-14.3665,30.3214],[-14.4756,30.3596],[-14.6148,30.3515],[-14.7201,30.3156],[-14.9329,30.3166],[-15.0569,30.2587],[-15.0674,30.0675]]},"properties":{"id":364,"source":13727,"mouth":14039,"parent":373,"basin":373,"widthFactor":0.56,"sourceWidth":0.05,"discharge":74,"name":"Gusenfeld","type":"River"}},{"type":"Feature","geometry":{"type":"LineString","coordinates":[[14.9119,29.1778],[14.7698,29.2982],[14.6537,29.2383],[14.6076,29.1161],[14.6411,28.9014],[14.4148,28.9325],[14.3345,28.7241],[14.1957,28.8962],[14.0938,28.802]]},"properties":{"id":365,"source":16577,"mouth":17221,"parent":1064,"basin":1077,"widthFactor":0.56,"sourceWidth":0.06,"discharge":139,"name":"Hamerby","type":"River"}},{"type":"Feature","geometry":{"type":"LineString","coordinates":[[18.8152,18.4528],[18.9554,18.4681],[19.0621,18.2702],[19.0592,18.1301],[19.1821,18.0871],[19.3673,17.9833],[19.5113,17.8069]]},"properties":{"id":368,"source":43087,"mouth":44118,"parent":38,"basin":38,"widthFactor":0.56,"sourceWidth":0.05,"discharge":107,"name":"Eulaizilip","type":"River"}},{"type":"Feature","geometry":{"type":"LineString","coordinates":[[16.593,27.7808],[16.6576,27.864],[16.5868,28.0829],[16.815,28.0987],[16.881,28.1394],[17.0044,28.2125]]},"properties":{"id":369,"source":20055,"mouth":18920,"parent":510,"basin":927,"widthFactor":0.56,"sourceWidth":0.05,"discharge":89,"name":"Kursk","type":"Fork"}},{"type":"Feature","geometry":{"type":"LineString","coordinates":[[-9.2945,28.9359],[-9.1811,28.9679],[-9.0366,28.9339],[-8.9993,28.7217],[-8.917,28.6853],[-8.8955,28.4692],[-8.8027,28.3239],[-8.8012,28.2445],[-8.7223,28.1556],[-8.5338,28.1303],[-8.4061,28.0457],[-8.2941,27.9419],[-8.2142,27.9414],[-8.1185,27.7645]]},"properties":{"id":371,"source":17074,"mouth":19537,"parent":371,"basin":371,"widthFactor":0.672,"sourceWidth":0.05,"discharge":472,"name":"Obale","type":"River"}},{"type":"Feature","geometry":{"type":"LineString","coordinates":[[22.4425,18.0694],[22.5525,18.068],[22.674,18.2382],[22.7104,18.3854],[22.7257,18.5633],[22.8333,18.5795],[22.9654,18.6804],[23.0979,18.8219]]},"properties":{"id":372,"source":43803,"mouth":42428,"parent":400,"basin":400,"widthFactor":0.56,"sourceWidth":0.04,"discharge":154,"name":"Haylesmouth","type":"Fork"}},{"type":"Feature","geometry":{"type":"LineString","coordinates":[[-14.6502,30.187],[-14.7617,30.1],[-14.8961,30.0197],[-15.0674,30.0675],[-15.1826,30.006],[-15.23,29.8844],[-15.3678,29.8806],[-15.4334,29.9829],[-15.5396,29.9088]]},"properties":{"id":373,"source":14042,"mouth":14376,"parent":373,"basin":373,"widthFactor":0.672,"sourceWidth":0.07,"discharge":364,"name":"Ottengenburg","type":"River"}},{"type":"Feature","geometry":{"type":"LineString","coordinates":[[10.3226,21.8994],[10.345,22.0978],[10.2822,22.2151],[10.1575,22.2618],[10.101,22.3708],[10.0977,22.5179],[10.0087,22.6351],[9.9728,22.6777],[10.037,22.8104],[10.1652,22.8833],[10.2141,22.9946],[10.2427,23.1127]]},"properties":{"id":374,"source":34372,"mouth":31558,"parent":927,"basin":927,"widthFactor":0.56,"sourceWidth":0.05,"discharge":273,"name":"Agoduro","type":"River"}},{"type":"Feature","geometry":{"type":"LineString","coordinates":[[7.2947,27.7081],[7.3806,27.7595],[7.4703,27.7153],[7.5242,27.7341],[7.5229,27.6771]]},"properties":{"id":375,"source":19976,"mouth":19977,"parent":74,"basin":74,"widthFactor":0.56,"sourceWidth":0.04,"discharge":59,"name":"Yolte","type":"Fork"}},{"type":"Feature","geometry":{"type":"LineString","coordinates":[[-15.0535,33.809],[-15.0817,33.6847],[-15.2186,33.6001],[-15.3554,33.5441],[-15.463,33.6154],[-15.5711,33.6445],[-15.6515,33.5489],[-15.7587,33.602],[-15.8926,33.6833]]},"properties":{"id":376,"source":7050,"mouth":7223,"parent":376,"basin":376,"widthFactor":0.672,"sourceWidth":0.06,"discharge":203,"name":"Hodoyra","type":"River"}},{"type":"Feature","geometry":{"type":"LineString","coordinates":[[-10.2144,23.9986],[-10.3321,23.8973],[-10.478,23.7912],[-10.6192,23.9379],[-10.6971,23.9274],[-10.8096,23.827],[-10.855,23.7677],[-11.0339,23.784]]},"properties":{"id":377,"source":28778,"mouth":29060,"parent":1304,"basin":1304,"widthFactor":0.56,"sourceWidth":0.05,"discharge":159,"name":"Wiewaldt","type":"River"}},{"type":"Feature","geometry":{"type":"LineString","coordinates":[[21.645,27.013],[21.4924,26.9953],[21.3952,27.1674],[21.3594,27.2769],[21.224,27.3811],[21.1824,27.4973],[21.3565,27.6417],[21.4861,27.8104],[21.4828,27.8587],[21.5708,27.9849]]},"properties":{"id":378,"source":21887,"mouth":19719,"parent":927,"basin":927,"widthFactor":0.56,"sourceWidth":0.05,"discharge":185,"name":"Wigraton","type":"Fork"}},{"type":"Feature","geometry":{"type":"LineString","coordinates":[[-1.1707,30.5016],[-1.3539,30.4968],[-1.4012,30.3261],[-1.4893,30.2004],[-1.5835,30.2171],[-1.6916,30.0957]]},"properties":{"id":379,"source":13489,"mouth":14121,"parent":379,"basin":379,"widthFactor":0.672,"sourceWidth":0.05,"discharge":106,"name":"Gakenev","type":"River"}},{"type":"Feature","geometry":{"type":"LineString","coordinates":[[-0.6109,23.1716],[-0.6033,22.9516],[-0.8114,22.9631],[-0.8884,22.9239],[-0.9042,22.7924],[-1.1051,22.7972]]},"properties":{"id":381,"source":30707,"mouth":31463,"parent":381,"basin":381,"widthFactor":0.672,"sourceWidth":0.04,"discharge":53,"name":"Bilkani","type":"River"}},{"type":"Feature","geometry":{"type":"LineString","coordinates":[[1.029,29.4555],[0.9677,29.4103],[0.9989,29.3408],[0.9723,29.2687],[1.0353,29.2246],[1.0347,29.1036],[1.1195,29.0171],[1.115,28.9742],[1.1329,28.9349]]},"properties":{"id":382,"source":15794,"mouth":16812,"parent":382,"basin":382,"widthFactor":0.672,"sourceWidth":0.06,"discharge":136,"name":"Sazsu","type":"River"}},{"type":"Feature","geometry":{"type":"LineString","coordinates":[[22.2258,21.4093],[22.2505,21.3256],[22.3372,21.3147],[22.4602,21.3381],[22.5324,21.4404],[22.6133,21.4017],[22.6855,21.4547],[22.7727,21.4502],[22.8582,21.4681]]},"properties":{"id":383,"source":35648,"mouth":35651,"parent":383,"basin":383,"widthFactor":0.672,"sourceWidth":0.07,"discharge":129,"name":"Tetford","type":"River"}},{"type":"Feature","geometry":{"type":"LineString","coordinates":[[6.5111,27.4911],[6.4666,27.3811],[6.5178,27.274],[6.5857,27.2767],[6.5915,27.209],[6.5391,27.0978],[6.424,27.0541],[6.3465,27.0322],[6.2781,26.9896]]},"properties":{"id":384,"source":20708,"mouth":21766,"parent":1304,"basin":1304,"widthFactor":0.56,"sourceWidth":0.07,"discharge":118,"name":"Yalduyurt","type":"Fork"}},{"type":"Feature","geometry":{"type":"LineString","coordinates":[[2.3695,31.4793],[2.4875,31.5191],[2.5422,31.6308],[2.5018,31.6917],[2.5547,31.7422],[2.6034,31.7877],[2.6647,31.8139]]},"properties":{"id":385,"source":11304,"mouth":10692,"parent":1304,"basin":1304,"widthFactor":0.56,"sourceWidth":0.08,"discharge":69,"name":"Alazkasi","type":"River"}},{"type":"Feature","geometry":{"type":"LineString","coordinates":[[3.2933,28.5247],[3.17,28.5142],[3.091,28.419],[3.0324,28.3742],[3.0651,28.3081],[3.0705,28.2165],[3.1527,28.1757],[3.151,28.1072],[3.1718,28.0418]]},"properties":{"id":386,"source":18139,"mouth":18812,"parent":386,"basin":386,"widthFactor":0.672,"sourceWidth":0.04,"discharge":79,"name":"Gakeli","type":"River"}},{"type":"Feature","geometry":{"type":"LineString","coordinates":[[21.5158,26.5215],[21.5094,26.4208],[21.59,26.3599],[21.5973,26.2562],[21.6277,26.1567]]},"properties":{"id":387,"source":23389,"mouth":23795,"parent":1301,"basin":1301,"widthFactor":0.56,"sourceWidth":0.05,"discharge":56,"name":"Skipton","type":"Fork"}},{"type":"Feature","geometry":{"type":"LineString","coordinates":[[-10.0221,24.3099],[-9.804,24.3955],[-9.6738,24.3935],[-9.5853,24.3481],[-9.4275,24.4332],[-9.2897,24.3935],[-9.1935,24.3448]]},"properties":{"id":390,"source":28227,"mouth":27946,"parent":390,"basin":390,"widthFactor":0.672,"sourceWidth":0.05,"discharge":137,"name":"Adibiyuyu","type":"River"}},{"type":"Feature","geometry":{"type":"LineString","coordinates":[[-13.4834,21.9524],[-13.3427,22.0141],[-13.3159,22.1073],[-13.3355,22.2512],[-13.3298,22.464],[-13.2217,22.518],[-13.1624,22.714],[-13.1494,22.8369]]},"properties":{"id":391,"source":33797,"mouth":31780,"parent":1304,"basin":1304,"widthFactor":0.56,"sourceWidth":0.05,"discharge":175,"name":"Schoperesch","type":"River"}},{"type":"Feature","geometry":{"type":"LineString","coordinates":[[9.0849,20.8055],[9.1622,20.7455],[9.1514,20.6482],[9.1979,20.5966],[9.1505,20.5459]]},"properties":{"id":395,"source":37007,"mouth":37362,"parent":1304,"basin":1304,"widthFactor":0.56,"sourceWidth":0.05,"discharge":59,"name":"Inverfanvera","type":"River"}},{"type":"Feature","geometry":{"type":"LineString","coordinates":[[22.6716,17.9867],[22.7831,17.9484],[22.9277,17.9679],[23.0304,18.0713],[23.1582,18.0006],[23.3122,17.9523],[23.461,17.8351],[23.5414,17.8414],[23.6289,17.8055]]},"properties":{"id":397,"source":44144,"mouth":44478,"parent":397,"basin":397,"widthFactor":0.672,"sourceWidth":0.06,"discharge":250,"name":"Pyrnalina","type":"River"}},{"type":"Feature","geometry":{"type":"LineString","coordinates":[[14.9167,18.2119],[14.7507,18.0575],[14.6516,17.8428],[14.4617,17.8394],[14.4249,17.7041],[14.466,17.5971],[14.3856,17.5239]]},"properties":{"id":398,"source":43409,"mouth":44994,"parent":10,"basin":10,"widthFactor":0.56,"sourceWidth":0.05,"discharge":126,"name":"Aberow","type":"River"}},{"type":"Feature","geometry":{"type":"LineString","coordinates":[[22.2918,19.0208],[22.4291,19.0954],[22.5219,19.125],[22.7305,19.07],[22.885,18.9472],[22.9185,18.9218],[22.9845,18.8425],[23.0979,18.8219],[23.1979,18.7382],[23.3189,18.819]]},"properties":{"id":400,"source":41699,"mouth":42074,"parent":400,"basin":400,"widthFactor":0.672,"sourceWidth":0.07,"discharge":385,"name":"Newbury","type":"River"}},{"type":"Feature","geometry":{"type":"LineString","coordinates":[[-13.2557,21.8611],[-13.4255,21.7249],[-13.3762,21.5312],[-13.3695,21.3816],[-13.4044,21.3061],[-13.4575,21.1033],[-13.437,20.9317]]},"properties":{"id":402,"source":34190,"mouth":36140,"parent":1728,"basin":1728,"widthFactor":0.56,"sourceWidth":0.06,"discharge":194,"name":"Baltunsu","type":"Fork"}},{"type":"Feature","geometry":{"type":"LineString","coordinates":[[20.9235,23.9279],[20.8212,24.0474],[20.9867,24.1669],[20.9996,24.3601],[20.9585,24.4877],[20.8484,24.5556],[20.868,24.7335]]},"properties":{"id":403,"source":29224,"mouth":27790,"parent":1301,"basin":1301,"widthFactor":0.56,"sourceWidth":0.05,"discharge":135,"name":"Newceston","type":"River"}},{"type":"Feature","geometry":{"type":"LineString","coordinates":[[-8.9845,30.1927],[-8.8988,30.2844],[-8.9026,30.4098],[-8.9423,30.4739],[-8.8888,30.5269],[-8.7723,30.5791],[-8.651,30.5394],[-8.5657,30.5764],[-8.5525,30.6684]]},"properties":{"id":405,"source":14081,"mouth":13458,"parent":430,"basin":430,"widthFactor":0.56,"sourceWidth":0.07,"discharge":57,"name":"Yeli","type":"Fork"}},{"type":"Feature","geometry":{"type":"LineString","coordinates":[[-21.9488,22.6729],[-21.9263,22.8441],[-21.9999,22.9555],[-22.0133,23.1529],[-22.1454,23.1926],[-22.1148,23.3446]]},"properties":{"id":407,"source":31709,"mouth":30569,"parent":407,"basin":407,"widthFactor":0.672,"sourceWidth":0.06,"discharge":122,"name":"Darrenay","type":"River"}},{"type":"Feature","geometry":{"type":"LineString","coordinates":[[17.3455,28.7126],[17.5556,28.7107],[17.5833,28.6586],[17.6197,28.4468],[17.4824,28.3751],[17.5063,28.2307],[17.4915,28.0304]]},"properties":{"id":408,"source":17575,"mouth":18924,"parent":510,"basin":927,"widthFactor":0.56,"sourceWidth":0.04,"discharge":160,"name":"Roslav","type":"Fork"}},{"type":"Feature","geometry":{"type":"LineString","coordinates":[[3.2972,23.3217],[3.2441,23.5043],[3.0637,23.4551],[2.9422,23.4116],[2.7575,23.4512],[2.7193,23.3403],[2.525,23.26],[2.4844,23.1395]]},"properties":{"id":409,"source":30367,"mouth":30362,"parent":987,"basin":987,"widthFactor":0.56,"sourceWidth":0.05,"discharge":267,"name":"Sayayanbey","type":"River"}},{"type":"Feature","geometry":{"type":"LineString","coordinates":[[-19.43,21.5743],[-19.5022,21.5429],[-19.5515,21.6044],[-19.5992,21.5759],[-19.6046,21.6312],[-19.6892,21.6663],[-19.7615,21.6101]]},"properties":{"id":410,"source":34935,"mouth":34933,"parent":274,"basin":274,"widthFactor":0.56,"sourceWidth":0.06,"discharge":65,"name":"Ganoneseren","type":"River"}},{"type":"Feature","geometry":{"type":"LineString","coordinates":[[-13.1915,22.2445],[-13.2615,22.3293],[-13.2384,22.4367],[-13.276,22.4868],[-13.2217,22.518]]},"properties":{"id":411,"source":32994,"mouth":32591,"parent":391,"basin":1304,"widthFactor":0.56,"sourceWidth":0.05,"discharge":50,"name":"Karlsbach","type":"Fork"}},{"type":"Feature","geometry":{"type":"LineString","coordinates":[[10.5015,21.0541],[10.5524,21.1146],[10.6244,21.0818],[10.6991,21.0848],[10.7177,21.0125],[10.7751,20.9257],[10.8789,20.9183],[10.975,20.9025],[11.0722,20.9092]]},"properties":{"id":412,"source":36665,"mouth":36670,"parent":412,"basin":412,"widthFactor":0.672,"sourceWidth":0.04,"discharge":99,"name":"Chorporth","type":"River"}},{"type":"Feature","geometry":{"type":"LineString","coordinates":[[18.2024,31.9201],[18.1069,31.8964],[18.0364,31.965],[17.9671,32.0269],[17.9871,32.1175],[18.0141,32.1821],[18.0187,32.2519]]},"properties":{"id":413,"source":10513,"mouth":10237,"parent":413,"basin":413,"widthFactor":0.672,"sourceWidth":0.07,"discharge":102,"name":"Rethamney","type":"River"}},{"type":"Feature","geometry":{"type":"LineString","coordinates":[[-20.5614,26.7816],[-20.4844,26.7054],[-20.4978,26.598],[-20.47,26.5173],[-20.5332,26.4598],[-20.578,26.3724],[-20.5308,26.2863]]},"properties":{"id":415,"source":22358,"mouth":23121,"parent":927,"basin":927,"widthFactor":0.56,"sourceWidth":0.05,"discharge":45,"name":"Bouville","type":"River"}},{"type":"Feature","geometry":{"type":"LineString","coordinates":[[3.2498,23.7328],[3.3087,23.693],[3.2747,23.6305],[3.305,23.5564],[3.2441,23.5043]]},"properties":{"id":416,"source":29415,"mouth":29698,"parent":409,"basin":987,"widthFactor":0.56,"sourceWidth":0.05,"discharge":54,"name":"Aharnu","type":"River"}},{"type":"Feature","geometry":{"type":"LineString","coordinates":[[-14.035,23.9719],[-13.9556,23.9724],[-13.8738,23.8356],[-13.7613,23.8371],[-13.5542,23.9131],[-13.5226,24.0536],[-13.3753,24.0551],[-13.2686,24.1684]]},"properties":{"id":417,"source":28751,"mouth":28756,"parent":1304,"basin":1304,"widthFactor":0.56,"sourceWidth":0.06,"discharge":194,"name":"Botig","type":"Fork"}},{"type":"Feature","geometry":{"type":"LineString","coordinates":[[22.2554,19.4061],[22.441,19.4649],[22.5941,19.5175],[22.6472,19.5113],[22.8065,19.4778],[22.9544,19.3129],[23.0912,19.1671]]},"properties":{"id":418,"source":40607,"mouth":40984,"parent":418,"basin":418,"widthFactor":0.672,"sourceWidth":0.05,"discharge":118,"name":"Grambesobu","type":"River"}},{"type":"Feature","geometry":{"type":"LineString","coordinates":[[3.6598,25.5008],[3.7168,25.5118],[3.6861,25.561],[3.6041,25.6317],[3.6081,25.7398],[3.6351,25.8459],[3.7335,25.8938]]},"properties":{"id":419,"source":25789,"mouth":25139,"parent":36,"basin":36,"widthFactor":0.56,"sourceWidth":0.05,"discharge":65,"name":"Aboyru","type":"River"}},{"type":"Feature","geometry":{"type":"LineString","coordinates":[[20.8269,20.5292],[20.7688,20.5399],[20.7767,20.4814],[20.8076,20.3596],[20.7456,20.2504],[20.7013,20.168],[20.6078,20.1634],[20.4996,20.0898],[20.4652,19.9636]]},"properties":{"id":420,"source":37802,"mouth":38845,"parent":927,"basin":927,"widthFactor":0.56,"sourceWidth":0.06,"discharge":108,"name":"Myorea","type":"Fork"}},{"type":"Feature","geometry":{"type":"LineString","coordinates":[[8.8658,29.2337],[8.8091,29.1451],[8.8476,29.0473],[8.7979,28.9528],[8.8419,28.8555]]},"properties":{"id":423,"source":16536,"mouth":16870,"parent":91,"basin":91,"widthFactor":0.56,"sourceWidth":0.04,"discharge":63,"name":"Ayobalok","type":"Fork"}},{"type":"Feature","geometry":{"type":"LineString","coordinates":[[-12.0175,19.301],[-12.1248,19.2174],[-12.1505,19.0839],[-12.2625,19.006],[-12.4605,19.0442],[-12.6586,19.0829],[-12.7064,19.0729],[-12.8433,18.9945],[-12.9648,18.9725],[-13.07,19.0179]]},"properties":{"id":424,"source":40730,"mouth":41085,"parent":751,"basin":751,"widthFactor":0.56,"sourceWidth":0.09,"discharge":263,"name":"Abey","type":"River"}},{"type":"Feature","geometry":{"type":"LineString","coordinates":[[-7.3794,17.4488],[-7.476,17.5894],[-7.5306,17.5856],[-7.6473,17.6563],[-7.831,17.729],[-7.9894,17.8332],[-7.9865,17.9891],[-8.1812,18.0135],[-8.186,18.101],[-8.3396,18.1593]]},"properties":{"id":425,"source":45199,"mouth":43620,"parent":425,"basin":425,"widthFactor":0.672,"sourceWidth":0.04,"discharge":198,"name":"Alte","type":"River"}},{"type":"Feature","geometry":{"type":"LineString","coordinates":[[-0.8128,30.4375],[-0.8932,30.3457],[-1.0625,30.252],[-1.1252,30.0804],[-1.1606,29.9757],[-1.3371,30.0684],[-1.5165,30.1072],[-1.6916,30.0957]]},"properties":{"id":426,"source":13492,"mouth":14123,"parent":426,"basin":426,"widthFactor":0.672,"sourceWidth":0.05,"discharge":172,"name":"Deki","type":"River"}},{"type":"Feature","geometry":{"type":"LineString","coordinates":[[-6.645,33.1775],[-6.8168,33.1794],[-6.9694,33.2176],[-7.0933,33.2874],[-7.1306,33.4031],[-6.9675,33.472],[-7.0015,33.7067],[-7.1474,33.7081],[-7.1191,33.8119],[-7.223,33.9161],[-7.3741,33.9649],[-7.4918,33.9797],[-7.5727,34.0547],[-7.7406,33.994]]},"properties":{"id":427,"source":7923,"mouth":6726,"parent":427,"basin":427,"widthFactor":0.672,"sourceWidth":0.05,"discharge":378,"name":"Salajarvilu","type":"River"}},{"type":"Feature","geometry":{"type":"LineString","coordinates":[[18.4641,26.3537],[18.5826,26.3169],[18.6923,26.3752],[18.6997,26.4762],[18.787,26.5277],[18.8997,26.5565],[18.998,26.4943],[19.0159,26.4352],[19.0735,26.4575]]},"properties":{"id":428,"source":23771,"mouth":23367,"parent":248,"basin":927,"widthFactor":0.56,"sourceWidth":0.05,"discharge":67,"name":"Chary","type":"River"}},{"type":"Feature","geometry":{"type":"LineString","coordinates":[[-17.6192,21.2253],[-17.8067,21.2922],[-17.8364,21.4753],[-17.911,21.59],[-18.0823,21.5986],[-18.2033,21.7378]]},"properties":{"id":429,"source":35723,"mouth":34944,"parent":183,"basin":183,"widthFactor":0.56,"sourceWidth":0.05,"discharge":63,"name":"Piglionema","type":"Fork"}},{"type":"Feature","geometry":{"type":"LineString","coordinates":[[-8.9778,30.5222],[-8.9452,30.6225],[-8.8165,30.6283],[-8.773,30.6527],[-8.5525,30.6684],[-8.5697,30.8339],[-8.3888,30.8415],[-8.2778,30.8353]]},"properties":{"id":430,"source":13456,"mouth":12842,"parent":430,"basin":430,"widthFactor":0.672,"sourceWidth":0.04,"discharge":152,"name":"Asbey","type":"River"}},{"type":"Feature","geometry":{"type":"LineString","coordinates":[[-1.3931,30.7698],[-1.4601,30.6426],[-1.5677,30.5092],[-1.6113,30.4122],[-1.7428,30.264],[-1.7653,30.1024]]},"properties":{"id":432,"source":12872,"mouth":14119,"parent":432,"basin":432,"widthFactor":0.672,"sourceWidth":0.06,"discharge":205,"name":"Asla Yurbe","type":"River"}},{"type":"Feature","geometry":{"type":"LineString","coordinates":[[-10.168,17.6004],[-10.2168,17.6898],[-10.3182,17.6994],[-10.4069,17.7314],[-10.424,17.8241],[-10.4362,17.9222],[-10.3623,17.9876],[-10.3582,18.0676],[-10.3766,18.1454]]},"properties":{"id":433,"source":44889,"mouth":43944,"parent":433,"basin":433,"widthFactor":0.672,"sourceWidth":0.04,"discharge":62,"name":"Sivribey","type":"River"}},{"type":"Feature","geometry":{"type":"LineString","coordinates":[[-15.2994,17.5712],[-15.3701,17.4972],[-15.3487,17.3972],[-15.3501,17.286],[-15.2659,17.2131],[-15.2944,17.1599],[-15.3008,17.0998]]},"properties":{"id":434,"source":44849,"mouth":45415,"parent":434,"basin":434,"widthFactor":0.672,"sourceWidth":0.04,"discharge":66,"name":"Atinio","type":"River"}},{"type":"Feature","geometry":{"type":"LineString","coordinates":[[-19.65,18.2582],[-19.7161,18.2224],[-19.6936,18.1507],[-19.7729,18.0638],[-19.7634,17.9465],[-19.7493,17.8607],[-19.7132,17.7816]]},"properties":{"id":435,"source":43172,"mouth":43859,"parent":1635,"basin":1635,"widthFactor":0.56,"sourceWidth":0.07,"discharge":62,"name":"Spigni","type":"Fork"}},{"type":"Feature","geometry":{"type":"LineString","coordinates":[[5.6643,25.2101],[5.6283,25.2709],[5.6858,25.312],[5.7322,25.3779],[5.8098,25.3555]]},"properties":{"id":436,"source":26442,"mouth":26132,"parent":47,"basin":1304,"widthFactor":0.56,"sourceWidth":0.04,"discharge":40,"name":"Balmakalur","type":"River"}},{"type":"Feature","geometry":{"type":"LineString","coordinates":[[0.6124,32.0989],[0.558,32.1649],[0.599,32.2399],[0.6962,32.275],[0.7989,32.2873]]},"properties":{"id":437,"source":10100,"mouth":9802,"parent":437,"basin":437,"widthFactor":0.672,"sourceWidth":0.05,"discharge":40,"name":"Temer","type":"River"}},{"type":"Feature","geometry":{"type":"LineString","coordinates":[[-10.8957,35.3594],[-10.779,35.2246],[-10.6149,35.271],[-10.4005,35.3594],[-10.4412,35.4947],[-10.2589,35.5851],[-10.214,35.7104],[-10.2436,35.8198],[-10.1742,35.9862],[-10.0283,35.9862],[-9.8513,36.1081],[-9.769,36.2453],[-9.6255,36.2692],[-9.4251,36.3716],[-9.2662,36.4404],[-9.193,36.4844]]},"properties":{"id":438,"source":4714,"mouth":3407,"parent":438,"basin":438,"widthFactor":0.672,"sourceWidth":0.05,"discharge":539,"name":"Oururandi","type":"River"}},{"type":"Feature","geometry":{"type":"LineString","coordinates":[[-21.2972,18.3845],[-21.3651,18.3448],[-21.5598,18.3754],[-21.6225,18.3782],[-21.7847,18.2549],[-21.987,18.2152],[-22.11,18.2535],[-22.2554,18.122],[-22.3669,17.9566],[-22.4889,18.0245],[-22.7171,17.9762],[-22.8486,18.0249],[-22.9371,17.9996],[-23.1031,17.9126],[-23.3146,17.8399],[-23.4366,17.8739],[-23.5374,17.7733],[-23.5725,17.6353],[-23.7184,17.5908],[-23.6576,17.3977],[-23.7759,17.3477],[-23.8485,17.2418],[-24.0164,17.1744]]},"properties":{"id":439,"source":42816,"mouth":45365,"parent":439,"basin":439,"widthFactor":0.672,"sourceWidth":0.04,"discharge":665,"name":"Movium","type":"River"}},{"type":"Feature","geometry":{"type":"LineString","coordinates":[[7.5157,30.6383],[7.4524,30.6781],[7.4019,30.623],[7.288,30.6602],[7.1823,30.6039]]},"properties":{"id":440,"source":13248,"mouth":13247,"parent":220,"basin":1136,"widthFactor":0.56,"sourceWidth":0.07,"discharge":76,"name":"Yerinkay","type":"River"}},{"type":"Feature","geometry":{"type":"LineString","coordinates":[[-7.8549,16.5773],[-7.7913,16.5285],[-7.7262,16.5754],[-7.6611,16.5099],[-7.5722,16.5352]]},"properties":{"id":441,"source":46762,"mouth":46763,"parent":126,"basin":126,"widthFactor":0.56,"sourceWidth":0.05,"discharge":39,"name":"Allastilla","type":"Fork"}},{"type":"Feature","geometry":{"type":"LineString","coordinates":[[21.9205,27.0058],[22.0741,27.1258],[22.2578,27.1932],[22.2832,27.0402],[22.365,27.0053],[22.493,27.0294],[22.5755,27.1301],[22.6582,27.1827]]},"properties":{"id":442,"source":21889,"mouth":21542,"parent":751,"basin":751,"widthFactor":0.56,"sourceWidth":0.06,"discharge":89,"name":"Finedideton","type":"River"}},{"type":"Feature","geometry":{"type":"LineString","coordinates":[[-7.221,32.8825],[-7.2612,32.7534],[-7.2373,32.6884],[-7.0684,32.5201],[-7.0976,32.3174],[-7.0948,32.2672],[-7.1856,32.1629]]},"properties":{"id":443,"source":8383,"mouth":9744,"parent":443,"basin":443,"widthFactor":0.672,"sourceWidth":0.05,"discharge":128,"name":"Alprak","type":"River"}},{"type":"Feature","geometry":{"type":"LineString","coordinates":[[5.7959,24.8984],[5.8428,25.0002],[5.9518,25.0127],[6.0313,25.1905],[6.0423,25.3598],[5.9538,25.5041]]},"properties":{"id":444,"source":27089,"mouth":25807,"parent":444,"basin":444,"widthFactor":0.672,"sourceWidth":0.05,"discharge":102,"name":"Ayaykut","type":"River"}},{"type":"Feature","geometry":{"type":"LineString","coordinates":[[-13.9087,25.0743],[-13.9001,24.9807],[-13.814,24.9429],[-13.7454,24.904],[-13.6685,24.8869]]},"properties":{"id":445,"source":26676,"mouth":26997,"parent":1304,"basin":1304,"widthFactor":0.56,"sourceWidth":0.05,"discharge":73,"name":"Wittengen","type":"River"}},{"type":"Feature","geometry":{"type":"LineString","coordinates":[[-5.6237,34.191],[-5.6105,34.1229],[-5.5418,34.1327],[-5.4976,34.0531],[-5.4065,34.0547]]},"properties":{"id":446,"source":6529,"mouth":6742,"parent":334,"basin":837,"widthFactor":0.56,"sourceWidth":0.05,"discharge":45,"name":"Epemermano","type":"River"}},{"type":"Feature","geometry":{"type":"LineString","coordinates":[[6.4058,30.176],[6.4159,30.3539],[6.4235,30.4342],[6.3154,30.5159],[6.2853,30.6852],[6.381,30.8162],[6.3059,30.9897],[6.2963,31.0079],[6.0896,31.125],[6.0155,31.2656],[5.8906,31.2971],[5.8409,31.464]]},"properties":{"id":447,"source":14187,"mouth":11645,"parent":447,"basin":447,"widthFactor":0.672,"sourceWidth":0.06,"discharge":223,"name":"Boztopkoy","type":"River"}},{"type":"Feature","geometry":{"type":"LineString","coordinates":[[9.0232,22.0055],[8.9092,21.9608],[8.7979,22.0117],[8.7178,22.0754],[8.7232,22.1776],[8.655,22.2008],[8.6199,22.1379],[8.524,22.1542],[8.4563,22.0844]]},"properties":{"id":448,"source":33977,"mouth":33574,"parent":263,"basin":263,"widthFactor":0.56,"sourceWidth":0.07,"discharge":108,"name":"Fhlailean","type":"River"}},{"type":"Feature","geometry":{"type":"LineString","coordinates":[[21.7158,18.8707],[21.7052,18.7038],[21.544,18.6737],[21.4416,18.6307],[21.337,18.7325],[21.1924,18.7531],[21.0846,18.6843],[21.0479,18.5618]]},"properties":{"id":449,"source":42063,"mouth":42416,"parent":513,"basin":1472,"widthFactor":0.56,"sourceWidth":0.07,"discharge":92,"name":"Thaphate","type":"River"}},{"type":"Feature","geometry":{"type":"LineString","coordinates":[[-19.6548,20.4665],[-19.7079,20.5172],[-19.8208,20.6434],[-20.0026,20.6181],[-19.9969,20.7912],[-20.1366,20.7897],[-20.2126,20.8662],[-20.2289,21.079],[-20.1767,21.3089],[-20.2078,21.4633]]},"properties":{"id":450,"source":37878,"mouth":35705,"parent":450,"basin":450,"widthFactor":0.672,"sourceWidth":0.05,"discharge":261,"name":"Sumienania","type":"River"}},{"type":"Feature","geometry":{"type":"LineString","coordinates":[[19.4577,19.7379],[19.5461,19.6523],[19.6692,19.6557],[19.704,19.6065],[19.7447,19.6509]]},"properties":{"id":451,"source":39864,"mouth":39865,"parent":6,"basin":1472,"widthFactor":0.56,"sourceWidth":0.05,"discharge":41,"name":"Orearos","type":"River"}},{"type":"Feature","geometry":{"type":"LineString","coordinates":[[22.4324,17.3499],[22.5496,17.2313],[22.5338,17.1448],[22.5951,16.9736],[22.6157,16.8388],[22.6295,16.7394],[22.753,16.5486],[22.8218,16.4281]]},"properties":{"id":454,"source":45339,"mouth":46866,"parent":616,"basin":616,"widthFactor":0.56,"sourceWidth":0.05,"discharge":229,"name":"Nipathenion","type":"River"}},{"type":"Feature","geometry":{"type":"LineString","coordinates":[[22.863,17.7309],[22.8478,17.6643],[22.9142,17.6477],[23.0586,17.6439],[23.1749,17.7295],[23.2683,17.738],[23.3093,17.8222],[23.389,17.7836],[23.461,17.8351]]},"properties":{"id":455,"source":44765,"mouth":44476,"parent":397,"basin":397,"widthFactor":0.56,"sourceWidth":0.05,"discharge":105,"name":"Ephidnamia","type":"River"}},{"type":"Feature","geometry":{"type":"LineString","coordinates":[[-19.4988,29.2385],[-19.3835,29.2559],[-19.3199,29.3537],[-19.2725,29.4124],[-19.319,29.4718],[-19.2823,29.5515],[-19.3371,29.62]]},"properties":{"id":456,"source":16345,"mouth":15659,"parent":476,"basin":476,"widthFactor":0.56,"sourceWidth":0.07,"discharge":89,"name":"Meungnes","type":"Fork"}},{"type":"Feature","geometry":{"type":"LineString","coordinates":[[19.5333,31.9574],[19.6271,31.976],[19.6873,32.0171],[19.8366,32.0587],[20.0021,32.1644],[20.0667,32.1725],[20.1748,32.2815],[20.3322,32.2873],[20.3944,32.4168]]},"properties":{"id":457,"source":10522,"mouth":9653,"parent":457,"basin":457,"widthFactor":0.672,"sourceWidth":0.08,"discharge":162,"name":"Oaksey","type":"River"}},{"type":"Feature","geometry":{"type":"LineString","coordinates":[[-0.0708,31.9],[-0.2799,31.8503],[-0.41,32.0367],[-0.4908,32.2571],[-0.6798,32.3676],[-0.8511,32.3986],[-0.9712,32.3355],[-1.1166,32.3241],[-1.197,32.3566],[-1.3281,32.3049],[-1.4744,32.402]]},"properties":{"id":458,"source":10395,"mouth":9486,"parent":458,"basin":458,"widthFactor":0.672,"sourceWidth":0.08,"discharge":269,"name":"Beybamadi","type":"River"}},{"type":"Feature","geometry":{"type":"LineString","coordinates":[[18.1942,31.1762],[18.1636,31.2507],[18.0832,31.2436],[18.0499,31.3146],[17.9723,31.3029],[17.8508,31.2641],[17.735,31.3172],[17.6874,31.2922],[17.6847,31.3459]]},"properties":{"id":459,"source":12080,"mouth":11747,"parent":606,"basin":606,"widthFactor":0.56,"sourceWidth":0.05,"discharge":77,"name":"Amersterden","type":"Fork"}},{"type":"Feature","geometry":{"type":"LineString","coordinates":[[17.125,27.8955],[17.0772,27.9419],[17.125,27.9883],[17.1687,28.0648],[17.2566,28.0586]]},"properties":{"id":460,"source":19691,"mouth":19307,"parent":510,"basin":927,"widthFactor":0.56,"sourceWidth":0.08,"discharge":67,"name":"Drestrov","type":"River"}},{"type":"Feature","geometry":{"type":"LineString","coordinates":[[-14.9913,30.9543],[-15.1434,30.7956],[-15.2749,30.7334],[-15.341,30.6039],[-15.4439,30.5872],[-15.5841,30.7234],[-15.7113,30.7215]]},"properties":{"id":461,"source":12474,"mouth":12792,"parent":461,"basin":461,"widthFactor":0.672,"sourceWidth":0.04,"discharge":144,"name":"Horngen","type":"River"}},{"type":"Feature","geometry":{"type":"LineString","coordinates":[[-9.5959,23.4747],[-9.7059,23.3188],[-9.8145,23.2289],[-9.8427,23.0908],[-9.8243,22.9479],[-9.8963,22.823],[-9.9958,22.8359],[-10.158,22.8914],[-10.3503,22.812],[-10.434,22.9359],[-10.5905,22.9645]]},"properties":{"id":462,"source":29975,"mouth":31043,"parent":1304,"basin":1304,"widthFactor":0.56,"sourceWidth":0.04,"discharge":219,"name":"Segen","type":"Fork"}},{"type":"Feature","geometry":{"type":"LineString","coordinates":[[-22.5028,22.1762],[-22.631,22.3435],[-22.6252,22.3923],[-22.7769,22.5682],[-22.9682,22.649],[-23.0735,22.5539]]},"properties":{"id":463,"source":33325,"mouth":31702,"parent":1304,"basin":1304,"widthFactor":0.56,"sourceWidth":0.08,"discharge":118,"name":"Lailleville","type":"River"}},{"type":"Feature","geometry":{"type":"LineString","coordinates":[[-10.2915,24.6292],[-10.3508,24.6976],[-10.4178,24.7789],[-10.4788,24.8924],[-10.6,24.9362],[-10.6335,25.0547],[-10.5632,25.1876],[-10.568,25.3507]]},"properties":{"id":464,"source":27640,"mouth":26377,"parent":1304,"basin":1304,"widthFactor":0.56,"sourceWidth":0.06,"discharge":167,"name":"Pforzgravels","type":"River"}},{"type":"Feature","geometry":{"type":"LineString","coordinates":[[-8.9122,22.5338],[-8.829,22.7475],[-8.7457,22.8168],[-8.6156,22.7064],[-8.5642,22.5841],[-8.4462,22.5233],[-8.2252,22.5706]]},"properties":{"id":465,"source":32216,"mouth":32219,"parent":465,"basin":465,"widthFactor":0.672,"sourceWidth":0.05,"discharge":198,"name":"Yasi","type":"River"}},{"type":"Feature","geometry":{"type":"LineString","coordinates":[[15.1329,22.0108],[15.032,22.0289],[14.888,22.0079],[14.9449,22.1652],[14.8114,22.2618],[14.6966,22.3622]]},"properties":{"id":466,"source":34011,"mouth":33207,"parent":466,"basin":466,"widthFactor":0.672,"sourceWidth":0.04,"discharge":98,"name":"Aberkeiga","type":"River"}},{"type":"Feature","geometry":{"type":"LineString","coordinates":[[-17.3274,24.8745],[-17.4061,24.9487],[-17.513,24.9314],[-17.6069,24.9761],[-17.6986,24.9271]]},"properties":{"id":467,"source":26972,"mouth":26971,"parent":143,"basin":143,"widthFactor":0.56,"sourceWidth":0.06,"discharge":50,"name":"Turara","type":"River"}},{"type":"Feature","geometry":{"type":"LineString","coordinates":[[6.0958,23.7156],[6.1849,23.7053],[6.214,23.6205],[6.2304,23.5573],[6.1666,23.543],[6.1884,23.4664],[6.2312,23.3991]]},"properties":{"id":468,"source":29435,"mouth":29721,"parent":468,"basin":468,"widthFactor":0.672,"sourceWidth":0.07,"discharge":78,"name":"Trearannver","type":"River"}},{"type":"Feature","geometry":{"type":"LineString","coordinates":[[-17.5005,25.3488],[-17.5944,25.2924],[-17.6082,25.1838],[-17.6423,25.1251],[-17.5852,25.0882]]},"properties":{"id":469,"source":26017,"mouth":26331,"parent":143,"basin":143,"widthFactor":0.56,"sourceWidth":0.06,"discharge":41,"name":"Cortry","type":"River"}},{"type":"Feature","geometry":{"type":"LineString","coordinates":[[4.0851,28.5237],[4.0337,28.4584],[4.0779,28.388],[4.0191,28.35],[3.976,28.2947]]},"properties":{"id":470,"source":18146,"mouth":18483,"parent":470,"basin":470,"widthFactor":0.672,"sourceWidth":0.06,"discharge":55,"name":"Anokuzsura","type":"River"}},{"type":"Feature","geometry":{"type":"LineString","coordinates":[[5.5983,28.715],[5.4907,28.6853],[5.4299,28.5792],[5.3854,28.4683],[5.2395,28.4186],[5.2194,28.3143],[5.0811,28.2455]]},"properties":{"id":473,"source":17494,"mouth":18156,"parent":473,"basin":473,"widthFactor":0.672,"sourceWidth":0.07,"discharge":78,"name":"Ornuvakar","type":"River"}},{"type":"Feature","geometry":{"type":"LineString","coordinates":[[-0.7803,23.8806],[-0.8582,23.9207],[-0.853,24.0082],[-0.8757,24.1158],[-0.8071,24.2018],[-0.7667,24.264],[-0.8181,24.3175],[-0.8065,24.4059],[-0.8176,24.4944]]},"properties":{"id":474,"source":29098,"mouth":28253,"parent":474,"basin":474,"widthFactor":0.672,"sourceWidth":0.05,"discharge":62,"name":"Kurt","type":"River"}},{"type":"Feature","geometry":{"type":"LineString","coordinates":[[-20.2949,28.1967],[-20.2163,28.231],[-20.2184,28.3167],[-20.2942,28.3911],[-20.2815,28.4965],[-20.1583,28.5443],[-20.0964,28.661],[-20.1752,28.7381],[-20.2853,28.7303]]},"properties":{"id":475,"source":18688,"mouth":17670,"parent":360,"basin":360,"widthFactor":0.56,"sourceWidth":0.05,"discharge":51,"name":"Gauiers","type":"River"}},{"type":"Feature","geometry":{"type":"LineString","coordinates":[[-19.2252,28.5658],[-19.2032,28.7996],[-19.0807,28.9019],[-19.163,29.0587],[-19.173,29.1768],[-19.1601,29.3934],[-19.2252,29.5024],[-19.3371,29.62],[-19.3037,29.8084],[-19.3371,29.881],[-19.385,30.0402]]},"properties":{"id":476,"source":17676,"mouth":14668,"parent":476,"basin":476,"widthFactor":0.672,"sourceWidth":0.05,"discharge":241,"name":"Morris","type":"River"}},{"type":"Feature","geometry":{"type":"LineString","coordinates":[[13.0586,19.7824],[12.9715,19.6901],[12.8677,19.7537],[12.6974,19.6696],[12.6562,19.6605],[12.5806,19.5649],[12.472,19.4692],[12.3613,19.3981],[12.3185,19.2737],[12.1711,19.2202],[12.1009,19.3366],[12.1123,19.4721],[12.0462,19.4712],[11.8611,19.5371],[11.7798,19.5988],[11.5678,19.6179]]},"properties":{"id":477,"source":39472,"mouth":40158,"parent":477,"basin":477,"widthFactor":0.672,"sourceWidth":0.05,"discharge":143,"name":"Inve","type":"River"}},{"type":"Feature","geometry":{"type":"LineString","coordinates":[[22.574,23.609],[22.6237,23.5544],[22.6855,23.5947],[22.7959,23.613],[22.8534,23.7089]]},"properties":{"id":479,"source":29818,"mouth":29819,"parent":153,"basin":1301,"widthFactor":0.56,"sourceWidth":0.08,"discharge":71,"name":"Westcham","type":"River"}},{"type":"Feature","geometry":{"type":"LineString","coordinates":[[-11.4851,20.1438],[-11.2851,20.1735],[-11.198,20.1596],[-11.0359,20.1343],[-10.8871,20.0822],[-10.7746,20.1663],[-10.5919,20.2672],[-10.4594,20.1754],[-10.2403,20.1314],[-10.1188,20.1749],[-9.9738,20.1921]]},"properties":{"id":480,"source":38642,"mouth":38651,"parent":480,"basin":480,"widthFactor":0.672,"sourceWidth":0.07,"discharge":332,"name":"Kanoba","type":"River"}},{"type":"Feature","geometry":{"type":"LineString","coordinates":[[5.9925,28.2422],[5.8519,28.1475],[5.6433,28.1637],[5.5529,28.1336],[5.484,28.0088],[5.4643,27.9859],[5.3151,28.0036],[5.1811,27.9988]]},"properties":{"id":481,"source":18841,"mouth":19200,"parent":481,"basin":481,"widthFactor":0.672,"sourceWidth":0.05,"discharge":92,"name":"Yalerepe","type":"River"}},{"type":"Feature","geometry":{"type":"LineString","coordinates":[[4.4941,28.9215],[4.6755,28.9387],[4.731,28.7551],[4.8391,28.6361],[4.918,28.4721],[5.017,28.3402]]},"properties":{"id":483,"source":17158,"mouth":18152,"parent":483,"basin":483,"widthFactor":0.672,"sourceWidth":0.05,"discharge":140,"name":"Eynuzbeyay","type":"River"}},{"type":"Feature","geometry":{"type":"LineString","coordinates":[[18.5176,17.1955],[18.6325,17.0539],[18.7678,16.9794],[18.6937,16.8087],[18.8444,16.6514],[18.8439,16.5959],[18.8506,16.4057]]},"properties":{"id":484,"source":45570,"mouth":46833,"parent":1136,"basin":1136,"widthFactor":0.56,"sourceWidth":0.05,"discharge":115,"name":"Histhymna","type":"River"}},{"type":"Feature","geometry":{"type":"LineString","coordinates":[[5.2285,23.7276],[5.188,23.6807],[5.2419,23.6501],[5.2356,23.5353],[5.317,23.4541]]},"properties":{"id":485,"source":29429,"mouth":29712,"parent":31,"basin":31,"widthFactor":0.56,"sourceWidth":0.05,"discharge":40,"name":"Llan","type":"River"}},{"type":"Feature","geometry":{"type":"LineString","coordinates":[[-10.8593,18.918],[-11.0115,18.8965],[-11.0095,18.6713],[-10.9813,18.5743],[-11.066,18.3787],[-11.0847,18.2554]]},"properties":{"id":487,"source":41458,"mouth":42890,"parent":1001,"basin":1001,"widthFactor":0.56,"sourceWidth":0.05,"discharge":115,"name":"Yerintesen","type":"River"}},{"type":"Feature","geometry":{"type":"LineString","coordinates":[[-14.7024,17.915],[-14.6158,18.0335],[-14.4321,17.9241],[-14.3785,17.7108],[-14.2948,17.7008],[-14.3273,17.4971]]},"properties":{"id":488,"source":43902,"mouth":44559,"parent":1032,"basin":1032,"widthFactor":0.56,"sourceWidth":0.07,"discharge":248,"name":"Orkorten","type":"River"}},{"type":"Feature","geometry":{"type":"LineString","coordinates":[[14.5526,24.9849],[14.4077,24.9701],[14.2804,24.819],[14.1034,24.7947],[13.9742,24.8147],[13.8441,24.8363],[13.6154,24.7956]]},"properties":{"id":489,"source":26797,"mouth":27112,"parent":489,"basin":489,"widthFactor":0.672,"sourceWidth":0.09,"discharge":132,"name":"Ate","type":"River"}},{"type":"Feature","geometry":{"type":"LineString","coordinates":[[17.6742,27.6058],[17.621,27.649],[17.6627,27.7033],[17.6752,27.8164],[17.7685,27.8817]]},"properties":{"id":491,"source":20429,"mouth":20062,"parent":510,"basin":927,"widthFactor":0.56,"sourceWidth":0.04,"discharge":59,"name":"Whitham","type":"River"}},{"type":"Feature","geometry":{"type":"LineString","coordinates":[[21.3594,17.8241],[21.4727,18.0335],[21.3708,18.0866],[21.289,18.2186],[21.1881,18.3553],[21.2709,18.526]]},"properties":{"id":493,"source":44463,"mouth":43106,"parent":513,"basin":1472,"widthFactor":0.56,"sourceWidth":0.04,"discharge":70,"name":"Bydon","type":"River"}},{"type":"Feature","geometry":{"type":"LineString","coordinates":[[-3.1824,31.5935],[-3.2597,31.5682],[-3.2594,31.4869],[-3.3577,31.4529],[-3.3885,31.3535],[-3.3909,31.2811],[-3.3704,31.2116]]},"properties":{"id":495,"source":10943,"mouth":11573,"parent":495,"basin":495,"widthFactor":0.672,"sourceWidth":0.04,"discharge":117,"name":"Abey","type":"River"}},{"type":"Feature","geometry":{"type":"LineString","coordinates":[[15.828,30.766],[15.878,30.8275],[15.8323,30.8922],[15.9062,30.9591],[15.8917,31.0576],[15.8657,31.1711],[15.7654,31.2302],[15.7687,31.3034],[15.7496,31.3741]]},"properties":{"id":496,"source":13003,"mouth":12063,"parent":496,"basin":496,"widthFactor":0.672,"sourceWidth":0.05,"discharge":87,"name":"Mitherbot","type":"River"}},{"type":"Feature","geometry":{"type":"LineString","coordinates":[[-9.3232,23.5645],[-9.1919,23.5462],[-9.0825,23.621],[-9.0094,23.6051],[-8.9782,23.6731],[-8.9114,23.6434],[-8.8687,23.7027],[-8.8369,23.7637],[-8.8266,23.8318]]},"properties":{"id":497,"source":29649,"mouth":29366,"parent":497,"basin":497,"widthFactor":0.672,"sourceWidth":0.06,"discharge":203,"name":"Alp Tedibe","type":"River"}},{"type":"Feature","geometry":{"type":"LineString","coordinates":[[-12.7222,22.3382],[-12.8463,22.3667],[-12.9155,22.4735],[-12.79,22.5214],[-12.6639,22.4755],[-12.5724,22.517],[-12.5534,22.6155],[-12.5541,22.6914],[-12.5773,22.7637]]},"properties":{"id":498,"source":32997,"mouth":32190,"parent":1304,"basin":1304,"widthFactor":0.56,"sourceWidth":0.05,"discharge":138,"name":"Pfalz","type":"Fork"}},{"type":"Feature","geometry":{"type":"LineString","coordinates":[[1.2778,29.3107],[1.3176,29.2689],[1.2639,29.2476],[1.2315,29.1075],[1.1195,29.0171]]},"properties":{"id":499,"source":16146,"mouth":16483,"parent":382,"basin":382,"widthFactor":0.56,"sourceWidth":0.05,"discharge":57,"name":"Yalka","type":"River"}},{"type":"Feature","geometry":{"type":"LineString","coordinates":[[5.4548,25.8273],[5.533,25.8438],[5.5395,25.9234],[5.6068,25.9426],[5.5945,26.0114],[5.5252,26.0577],[5.5409,26.1395],[5.5726,26.1922],[5.6213,26.2299]]},"properties":{"id":500,"source":24810,"mouth":24085,"parent":500,"basin":500,"widthFactor":0.672,"sourceWidth":0.05,"discharge":93,"name":"Korma","type":"River"}},{"type":"Feature","geometry":{"type":"LineString","coordinates":[[4.996,23.281],[5.0518,23.1789],[5.1653,23.1529],[5.1818,23.097],[5.2189,23.052]]},"properties":{"id":502,"source":30379,"mouth":30749,"parent":502,"basin":502,"widthFactor":0.672,"sourceWidth":0.04,"discharge":48,"name":"Innergerell","type":"River"}},{"type":"Feature","geometry":{"type":"LineString","coordinates":[[-18.1938,25.5711],[-18.2791,25.5116],[-18.2799,25.4076],[-18.2093,25.3634],[-18.1292,25.3406]]},"properties":{"id":503,"source":25373,"mouth":25695,"parent":503,"basin":503,"widthFactor":0.672,"sourceWidth":0.05,"discharge":60,"name":"Chevre","type":"River"}},{"type":"Feature","geometry":{"type":"LineString","coordinates":[[15.3094,24.8176],[15.4874,24.7559],[15.564,24.7225],[15.6381,24.6058],[15.5841,24.4447],[15.4343,24.4571],[15.3669,24.3864],[15.3138,24.1722],[15.1463,24.2171],[15.0903,24.2009],[15.0458,24.0546],[15.0186,23.9704]]},"properties":{"id":508,"source":27123,"mouth":28890,"parent":508,"basin":508,"widthFactor":0.672,"sourceWidth":0.05,"discharge":136,"name":"Kalteli","type":"River"}},{"type":"Feature","geometry":{"type":"LineString","coordinates":[[17.0427,30.1033],[16.942,30.0626],[16.9126,29.958],[16.8213,29.9138],[16.8054,29.8136],[16.7115,29.7503],[16.6959,29.6382]]},"properties":{"id":509,"source":14593,"mouth":15243,"parent":510,"basin":927,"widthFactor":0.56,"sourceWidth":0.05,"discharge":43,"name":"Kovech","type":"River"}},{"type":"Feature","geometry":{"type":"LineString","coordinates":[[16.6609,30.1564],[16.7667,30.0402],[16.7136,29.9049],[16.6959,29.8925],[16.6705,29.8289],[16.6959,29.6382],[16.604,29.5244],[16.6351,29.3647],[16.7217,29.2093],[16.7619,29.0778],[16.7533,28.8675],[16.814,28.7427],[16.6801,28.6194],[16.7389,28.4487],[16.8777,28.3239],[17.0044,28.2125],[17.1108,28.1033],[17.2566,28.0586],[17.4073,28.0767],[17.4915,28.0304],[17.5584,27.8611],[17.667,27.9132],[17.7685,27.8817],[17.8129,28.0447]]},"properties":{"id":510,"source":14263,"mouth":19696,"parent":927,"basin":927,"widthFactor":0.56,"sourceWidth":0.05,"discharge":1227,"name":"Roropets","type":"Fork"}},{"type":"Feature","geometry":{"type":"LineString","coordinates":[[17.0403,29.8127],[16.9879,29.8436],[16.97,29.7854],[16.929,29.6813],[16.8231,29.6449],[16.7619,29.5955],[16.6959,29.6382]]},"properties":{"id":511,"source":15245,"mouth":15577,"parent":509,"basin":927,"widthFactor":0.56,"sourceWidth":0.05,"discharge":41,"name":"Zholnik","type":"River"}},{"type":"Feature","geometry":{"type":"LineString","coordinates":[[-2.4384,31.5825],[-2.3122,31.6396],[-2.1791,31.6012],[-2.1724,31.562],[-2.0457,31.5271],[-1.9576,31.6261],[-1.9289,31.7284],[-1.871,31.8514],[-1.9002,31.9841],[-1.7998,32.0879],[-1.6376,32.085],[-1.4902,32.1864],[-1.5787,32.2633],[-1.4744,32.402]]},"properties":{"id":512,"source":10949,"mouth":9484,"parent":512,"basin":512,"widthFactor":0.672,"sourceWidth":0.07,"discharge":334,"name":"Ayayazdepe","type":"River"}},{"type":"Feature","geometry":{"type":"LineString","coordinates":[[21.9181,18.3252],[21.954,18.1631],[21.7722,18.1363],[21.6923,18.1378],[21.5785,18.2788],[21.522,18.3926],[21.4306,18.428],[21.2709,18.526],[21.0479,18.5618],[20.9991,18.6436],[20.8408,18.6594],[20.8049,18.8453],[20.6872,18.8076],[20.6006,18.6928]]},"properties":{"id":513,"source":43459,"mouth":42055,"parent":1472,"basin":1472,"widthFactor":0.56,"sourceWidth":0.07,"discharge":590,"name":"Dopossos","type":"Fork"}},{"type":"Feature","geometry":{"type":"LineString","coordinates":[[-17.0695,27.8817],[-17.1159,28.0414],[-17.2078,28.1336],[-17.4034,28.2197],[-17.5139,28.2799],[-17.6843,28.3622],[-17.745,28.5362],[-17.9608,28.5591],[-18.1325,28.6002],[-18.2545,28.6815],[-18.3612,28.779]]},"properties":{"id":514,"source":19475,"mouth":17683,"parent":12,"basin":1304,"widthFactor":0.56,"sourceWidth":0.05,"discharge":147,"name":"Doslozoy","type":"River"}},{"type":"Feature","geometry":{"type":"LineString","coordinates":[[10.6287,21.8267],[10.6799,21.7392],[10.8469,21.8028],[10.923,21.7072],[10.9301,21.5724],[11.0009,21.4184],[11.2095,21.4251],[11.3506,21.2348],[11.4975,21.0804],[11.486,20.9996],[11.2971,20.9006],[11.1851,20.7797]]},"properties":{"id":515,"source":34374,"mouth":37025,"parent":515,"basin":515,"widthFactor":0.672,"sourceWidth":0.06,"discharge":392,"name":"Dicoranning","type":"River"}},{"type":"Feature","geometry":{"type":"LineString","coordinates":[[7.1373,21.6861],[6.9986,21.8611],[6.7967,21.972],[6.7599,22.0146],[6.7053,22.1054],[6.6733,22.3253],[6.6129,22.4387],[6.4939,22.4869],[6.4972,22.6208],[6.4307,22.7236]]},"properties":{"id":516,"source":34743,"mouth":32328,"parent":516,"basin":516,"widthFactor":0.672,"sourceWidth":0.04,"discharge":130,"name":"Ereid","type":"River"}},{"type":"Feature","geometry":{"type":"LineString","coordinates":[[-10.1522,24.8339],[-10.2238,24.9517],[-10.2015,25.0877],[-10.2006,25.1724],[-10.1221,25.2044],[-10.0839,25.2476],[-10.0656,25.3024]]},"properties":{"id":517,"source":27024,"mouth":26380,"parent":1277,"basin":1304,"widthFactor":0.56,"sourceWidth":0.06,"discharge":65,"name":"Hailerkirch","type":"River"}},{"type":"Feature","geometry":{"type":"LineString","coordinates":[[-1.9691,31.3913],[-1.8798,31.3835],[-1.8342,31.4606],[-1.8583,31.5714],[-1.9576,31.6261]]},"properties":{"id":518,"source":11586,"mouth":11275,"parent":512,"basin":512,"widthFactor":0.56,"sourceWidth":0.05,"discharge":60,"name":"Er Ok","type":"River"}},{"type":"Feature","geometry":{"type":"LineString","coordinates":[[20.2791,31.1097],[20.3522,31.1448],[20.3408,31.2249],[20.4171,31.244],[20.4207,31.3225],[20.4469,31.4308],[20.3825,31.5218]]},"properties":{"id":519,"source":12409,"mouth":11765,"parent":339,"basin":339,"widthFactor":0.56,"sourceWidth":0.05,"discharge":39,"name":"Olseamer","type":"Fork"}},{"type":"Feature","geometry":{"type":"LineString","coordinates":[[-0.4487,30.1722],[-0.5115,30.1365],[-0.4837,30.0699],[-0.5334,29.9667],[-0.4894,29.861],[-0.3852,29.8029],[-0.3535,29.6879],[-0.3242,29.5718],[-0.3846,29.4684]]},"properties":{"id":520,"source":14130,"mouth":15448,"parent":262,"basin":262,"widthFactor":0.56,"sourceWidth":0.09,"discharge":132,"name":"Aski","type":"River"}},{"type":"Feature","geometry":{"type":"LineString","coordinates":[[19.1032,32.6764],[19.1118,32.7395],[19.2735,32.7892],[19.3448,32.8002],[19.4233,32.992],[19.4802,32.9862],[19.6519,33.0952],[19.8399,33.1382],[19.95,33.264],[20.0787,33.1287],[20.2078,33.0857]]},"properties":{"id":521,"source":9076,"mouth":8087,"parent":521,"basin":521,"widthFactor":0.672,"sourceWidth":0.05,"discharge":176,"name":"Rocham","type":"River"}},{"type":"Feature","geometry":{"type":"LineString","coordinates":[[18.0206,29.5688],[18.0434,29.5084],[18.1014,29.5368],[18.1735,29.4883],[18.2478,29.5335],[18.2971,29.4537],[18.3909,29.4546],[18.4476,29.4145],[18.5143,29.3948]]},"properties":{"id":522,"source":15586,"mouth":15924,"parent":927,"basin":927,"widthFactor":0.56,"sourceWidth":0.04,"discharge":36,"name":"Cheren","type":"Fork"}},{"type":"Feature","geometry":{"type":"LineString","coordinates":[[4.9941,29.4885],[5.052,29.5163],[5.018,29.5708],[4.9329,29.6724],[4.8018,29.6922]]},"properties":{"id":523,"source":15821,"mouth":15485,"parent":323,"basin":1929,"widthFactor":0.56,"sourceWidth":0.04,"discharge":52,"name":"Alduyuran","type":"River"}},{"type":"Feature","geometry":{"type":"LineString","coordinates":[[4.8271,29.1108],[4.8563,28.9751],[4.7908,28.8527],[4.8294,28.8173],[4.7778,28.8077],[4.765,28.7064],[4.8391,28.6361]]},"properties":{"id":524,"source":16842,"mouth":17489,"parent":483,"basin":483,"widthFactor":0.56,"sourceWidth":0.04,"discharge":46,"name":"Baylileren","type":"River"}},{"type":"Feature","geometry":{"type":"LineString","coordinates":[[12.7672,20.5225],[12.7218,20.7008],[12.7356,20.7988],[12.7227,21.0159],[12.6615,21.1951],[12.6892,21.23],[12.716,21.3199],[12.9055,21.3371]]},"properties":{"id":525,"source":37746,"mouth":35575,"parent":525,"basin":525,"widthFactor":0.672,"sourceWidth":0.07,"discharge":128,"name":"Llanverc","type":"River"}},{"type":"Feature","geometry":{"type":"LineString","coordinates":[[7.6841,30.9467],[7.6607,31.0055],[7.798,31.1504],[7.8435,31.3153],[7.8348,31.4936],[7.9554,31.4936],[8.1291,31.4936],[8.1836,31.6538],[8.2434,31.7025],[8.3094,31.8087],[8.1621,31.9684],[8.2372,32.1295],[8.0989,32.2758],[7.9616,32.4249],[7.9449,32.4861],[7.9654,32.6171],[8.1032,32.6888],[8.2889,32.6927],[8.4171,32.6812],[8.5084,32.6449],[8.5898,32.5363],[8.706,32.7037],[8.7161,32.8117]]},"properties":{"id":526,"source":12626,"mouth":9009,"parent":1619,"basin":1649,"widthFactor":0.56,"sourceWidth":0.06,"discharge":819,"name":"Hornleymeho","type":"River"}},{"type":"Feature","geometry":{"type":"LineString","coordinates":[[-15.9094,27.8487],[-15.8057,27.8142],[-15.7147,27.8745],[-15.6305,27.8461],[-15.5678,27.9089]]},"properties":{"id":527,"source":19483,"mouth":19484,"parent":33,"basin":30,"widthFactor":0.56,"sourceWidth":0.05,"discharge":42,"name":"Durbach","type":"River"}},{"type":"Feature","geometry":{"type":"LineString","coordinates":[[16.7581,30.8984],[16.7533,31.1135],[16.8341,31.1551],[16.7432,31.3421],[16.881,31.4444],[16.993,31.5845]]},"properties":{"id":528,"source":12700,"mouth":11422,"parent":528,"basin":528,"widthFactor":0.672,"sourceWidth":0.05,"discharge":101,"name":"Westhewes","type":"River"}},{"type":"Feature","geometry":{"type":"LineString","coordinates":[[6.9455,22.1451],[6.9508,22.2498],[6.9484,22.4807],[6.8493,22.6232],[6.8225,22.7566],[6.889,22.8976],[6.9656,23.0076]]},"properties":{"id":529,"source":33563,"mouth":31532,"parent":529,"basin":529,"widthFactor":0.672,"sourceWidth":0.06,"discharge":86,"name":"Ahabertei","type":"River"}},{"type":"Feature","geometry":{"type":"LineString","coordinates":[[5.45,23.7166],[5.4239,23.6424],[5.4887,23.598],[5.5829,23.5238],[5.7016,23.5402],[5.8112,23.5467],[5.8772,23.6343]]},"properties":{"id":530,"source":29430,"mouth":29715,"parent":344,"basin":344,"widthFactor":0.56,"sourceWidth":0.04,"discharge":54,"name":"Eileanverdu","type":"River"}},{"type":"Feature","geometry":{"type":"LineString","coordinates":[[-15.4836,27.7277],[-15.409,27.8046],[-15.4257,27.9104],[-15.4205,28.0257],[-15.5027,28.1069]]},"properties":{"id":531,"source":19855,"mouth":19486,"parent":33,"basin":30,"widthFactor":0.56,"sourceWidth":0.05,"discharge":42,"name":"Schal","type":"Fork"}},{"type":"Feature","geometry":{"type":"LineString","coordinates":[[9.5313,28.5142],[9.4519,28.4562],[9.4595,28.3583],[9.3773,28.3311],[9.3681,28.245],[9.3216,28.1916],[9.3672,28.1375],[9.3142,28.087],[9.2791,28.0227]]},"properties":{"id":533,"source":18186,"mouth":18867,"parent":533,"basin":533,"widthFactor":0.672,"sourceWidth":0.05,"discharge":111,"name":"Orkordemse","type":"River"}},{"type":"Feature","geometry":{"type":"LineString","coordinates":[[6.213,24.307],[6.287,24.2692],[6.3475,24.3261],[6.4252,24.2769],[6.5058,24.3214],[6.4806,24.3786],[6.5398,24.3988],[6.6103,24.4077],[6.68,24.394]]},"properties":{"id":534,"source":28304,"mouth":28016,"parent":534,"basin":534,"widthFactor":0.672,"sourceWidth":0.05,"discharge":69,"name":"Abenuagosku","type":"River"}},{"type":"Feature","geometry":{"type":"LineString","coordinates":[[-16.8877,23.936],[-16.8286,23.8052],[-16.8647,23.6664],[-17.0475,23.6458],[-17.0772,23.6692],[-17.2274,23.7008],[-17.3054,23.6702],[-17.4379,23.8012],[-17.5393,23.8825],[-17.6512,23.9112],[-17.8192,23.9747],[-17.9603,24.1397],[-18.0852,24.2559]]},"properties":{"id":535,"source":29014,"mouth":28457,"parent":535,"basin":535,"widthFactor":0.672,"sourceWidth":0.05,"discharge":201,"name":"Canolino","type":"River"}},{"type":"Feature","geometry":{"type":"LineString","coordinates":[[-8.4716,15.7512],[-8.3904,15.6865],[-8.2908,15.7158],[-8.2413,15.7675],[-8.1831,15.7258],[-8.0909,15.6657],[-8.0133,15.5876]]},"properties":{"id":536,"source":47939,"mouth":48124,"parent":536,"basin":536,"widthFactor":0.672,"sourceWidth":0.08,"discharge":104,"name":"Allos","type":"River"}},{"type":"Feature","geometry":{"type":"LineString","coordinates":[[-15.8118,22.3158],[-15.8908,22.277],[-15.8878,22.1891],[-15.9426,22.1015],[-16.0457,22.0944],[-16.1051,22.1215],[-16.1514,22.1676]]},"properties":{"id":537,"source":32976,"mouth":33388,"parent":1419,"basin":1419,"widthFactor":0.56,"sourceWidth":0.07,"discharge":59,"name":"Picote","type":"Fork"}},{"type":"Feature","geometry":{"type":"LineString","coordinates":[[-13.4513,22.7135],[-13.5694,22.7884],[-13.6116,22.9215],[-13.6266,22.9927],[-13.559,23.0195]]},"properties":{"id":538,"source":31778,"mouth":31391,"parent":1193,"basin":1304,"widthFactor":0.56,"sourceWidth":0.04,"discharge":61,"name":"Trisengen","type":"River"}},{"type":"Feature","geometry":{"type":"LineString","coordinates":[[-12.1902,22.2029],[-12.1189,22.2431],[-12.1343,22.3234],[-12.1821,22.3531],[-12.1362,22.3856],[-12.106,22.4609],[-12.0558,22.5247]]},"properties":{"id":539,"source":33415,"mouth":32599,"parent":1304,"basin":1304,"widthFactor":0.56,"sourceWidth":0.05,"discharge":62,"name":"Sinzgrafen","type":"River"}},{"type":"Feature","geometry":{"type":"LineString","coordinates":[[18.41,27.4399],[18.4666,27.5105],[18.4282,27.5924],[18.4787,27.7041],[18.5071,27.8233]]},"properties":{"id":540,"source":20802,"mouth":20435,"parent":927,"basin":927,"widthFactor":0.56,"sourceWidth":0.05,"discharge":57,"name":"Showey","type":"Fork"}},{"type":"Feature","geometry":{"type":"LineString","coordinates":[[6.114,24.7731],[6.2019,24.737],[6.2767,24.7956],[6.3279,24.8034],[6.3704,24.8329]]},"properties":{"id":541,"source":27393,"mouth":27093,"parent":541,"basin":541,"widthFactor":0.672,"sourceWidth":0.06,"discharge":75,"name":"Aman","type":"River"}},{"type":"Feature","geometry":{"type":"LineString","coordinates":[[19.5754,24.8224],[19.6773,24.8616],[19.6462,25.0045],[19.8447,25.0423],[19.9184,24.8673],[20.0385,24.8439],[20.2126,24.7578]]},"properties":{"id":547,"source":27152,"mouth":27156,"parent":40,"basin":1301,"widthFactor":0.56,"sourceWidth":0.05,"discharge":145,"name":"Mitbury","type":"River"}},{"type":"Feature","geometry":{"type":"LineString","coordinates":[[-8.4262,38.5622],[-8.5864,38.587],[-8.6764,38.7405],[-8.8199,38.8136],[-8.9529,38.8653],[-8.9601,38.969],[-8.7917,39.0082],[-8.8161,39.1841],[-8.8208,39.219],[-8.7582,39.318],[-8.938,39.4289],[-8.8792,39.5102],[-8.8649,39.6928],[-8.7835,39.841],[-8.8696,39.9223],[-8.9428,40.1308],[-8.9931,40.3091],[-8.9208,40.4669],[-9.0227,40.606],[-9.1753,40.6954]]},"properties":{"id":548,"source":1340,"mouth":584,"parent":548,"basin":548,"widthFactor":0.672,"sourceWidth":0.07,"discharge":1025,"name":"Roykvesuu","type":"River"}},{"type":"Feature","geometry":{"type":"LineString","coordinates":[[19.3376,25.2952],[19.3778,25.4659],[19.4874,25.4984],[19.507,25.5969],[19.6098,25.7771],[19.6132,25.8684],[19.7194,26.0147],[19.7931,26.1453],[19.8108,26.3222]]},"properties":{"id":551,"source":26196,"mouth":24167,"parent":927,"basin":927,"widthFactor":0.56,"sourceWidth":0.05,"discharge":203,"name":"Dunster","type":"River"}},{"type":"Feature","geometry":{"type":"LineString","coordinates":[[-22.0043,18.897],[-22.1219,18.973],[-22.2334,19.0428],[-22.3654,19.159],[-22.5367,19.0954],[-22.6444,19.0681],[-22.7773,19.06],[-22.8764,18.9711],[-22.9204,18.8769],[-23.0893,18.8625]]},"properties":{"id":552,"source":41748,"mouth":41373,"parent":1635,"basin":1635,"widthFactor":0.56,"sourceWidth":0.04,"discharge":110,"name":"Canti","type":"Fork"}},{"type":"Feature","geometry":{"type":"LineString","coordinates":[[-15.7175,24.1908],[-15.8051,24.0947],[-15.8032,23.9647],[-15.8269,23.8877],[-15.7615,23.8404]]},"properties":{"id":553,"source":28472,"mouth":28739,"parent":215,"basin":1304,"widthFactor":0.56,"sourceWidth":0.06,"discharge":57,"name":"Dachschwei","type":"River"}},{"type":"Feature","geometry":{"type":"LineString","coordinates":[[8.7572,20.5421],[8.8232,20.5048],[9.0366,20.6085],[9.1505,20.5459],[9.2016,20.4761],[9.3174,20.3977],[9.4174,20.3566],[9.5758,20.4063],[9.77,20.4154],[9.8781,20.3279],[9.9862,20.3915],[10.1082,20.3298],[10.2618,20.2108]]},"properties":{"id":554,"source":37709,"mouth":38421,"parent":554,"basin":554,"widthFactor":0.672,"sourceWidth":0.05,"discharge":364,"name":"Boduriesyn","type":"River"}},{"type":"Feature","geometry":{"type":"LineString","coordinates":[[20.6532,29.3637],[20.7159,29.4355],[20.6791,29.6143],[20.6772,29.751],[20.7523,29.8237],[20.8661,29.8739],[20.9197,29.9284],[21.0369,29.739],[21.2584,29.7878],[21.3866,29.7486],[21.5699,29.7907]]},"properties":{"id":556,"source":16289,"mouth":15275,"parent":556,"basin":556,"widthFactor":0.672,"sourceWidth":0.05,"discharge":109,"name":"Hitchboury","type":"River"}},{"type":"Feature","geometry":{"type":"LineString","coordinates":[[12.9198,18.5236],[12.6988,18.5862],[12.6486,18.5652],[12.428,18.5527],[12.3496,18.5054],[12.1568,18.4404],[11.9735,18.4108],[11.8558,18.427]]},"properties":{"id":557,"source":42705,"mouth":43039,"parent":1277,"basin":1304,"widthFactor":0.56,"sourceWidth":0.06,"discharge":100,"name":"Asaigh","type":"River"}},{"type":"Feature","geometry":{"type":"LineString","coordinates":[[-7.3588,16.6146],[-7.4376,16.5777],[-7.4349,16.4908],[-7.4926,16.4661],[-7.4612,16.4119]]},"properties":{"id":558,"source":46521,"mouth":46765,"parent":1193,"basin":1304,"widthFactor":0.56,"sourceWidth":0.05,"discharge":51,"name":"Torron","type":"Fork"}},{"type":"Feature","geometry":{"type":"LineString","coordinates":[[-9.6853,27.8735],[-9.6647,27.7593],[-9.8614,27.6355],[-9.9681,27.4547],[-10.102,27.4901],[-10.2379,27.4327],[-10.4675,27.3964]]},"properties":{"id":559,"source":19526,"mouth":20634,"parent":1304,"basin":1304,"widthFactor":0.56,"sourceWidth":0.06,"discharge":113,"name":"Seierdorf","type":"River"}},{"type":"Feature","geometry":{"type":"LineString","coordinates":[[15.1721,17.9403],[15.0525,17.7873],[15.1415,17.6291],[15.2468,17.5229],[15.3434,17.391],[15.4822,17.2069]]},"properties":{"id":560,"source":44089,"mouth":45283,"parent":196,"basin":196,"widthFactor":0.56,"sourceWidth":0.05,"discharge":80,"name":"Iubh","type":"River"}},{"type":"Feature","geometry":{"type":"LineString","coordinates":[[-21.5895,22.5759],[-21.3656,22.6093],[-21.3689,22.7145],[-21.2862,22.8613],[-21.4,23.0033],[-21.555,23.0018],[-21.6201,23.152],[-21.5713,23.2801]]},"properties":{"id":563,"source":32117,"mouth":30573,"parent":1304,"basin":1304,"widthFactor":0.56,"sourceWidth":0.04,"discharge":212,"name":"Forailliers","type":"River"}},{"type":"Feature","geometry":{"type":"LineString","coordinates":[[-2.3648,32.7988],[-2.2951,32.7265],[-2.1964,32.7453],[-2.1731,32.6827],[-2.1102,32.7051],[-2.0193,32.6443],[-1.9141,32.6745]]},"properties":{"id":564,"source":8654,"mouth":8921,"parent":842,"basin":842,"widthFactor":0.56,"sourceWidth":0.06,"discharge":68,"name":"Deli","type":"Fork"}},{"type":"Feature","geometry":{"type":"LineString","coordinates":[[-14.9444,29.1534],[-15.087,29.2892],[-15.2511,29.2375],[-15.3449,29.0377],[-15.5386,28.9884],[-15.6166,28.8546]]},"properties":{"id":565,"source":16383,"mouth":16710,"parent":565,"basin":565,"widthFactor":0.672,"sourceWidth":0.06,"discharge":94,"name":"Launingengen","type":"River"}},{"type":"Feature","geometry":{"type":"LineString","coordinates":[[-6.7455,16.6892],[-6.8324,16.6167],[-6.8326,16.5037],[-6.9326,16.4826],[-6.9732,16.3889]]},"properties":{"id":567,"source":46526,"mouth":46769,"parent":338,"basin":338,"widthFactor":0.56,"sourceWidth":0.06,"discharge":46,"name":"Jadra","type":"Fork"}},{"type":"Feature","geometry":{"type":"LineString","coordinates":[[19.1209,33.2865],[19.2108,33.4045],[19.3281,33.339],[19.5553,33.3596],[19.4701,33.536],[19.6443,33.5484],[19.7902,33.6445]]},"properties":{"id":568,"source":8079,"mouth":7635,"parent":568,"basin":568,"widthFactor":0.672,"sourceWidth":0.05,"discharge":180,"name":"Stotbuse","type":"River"}},{"type":"Feature","geometry":{"type":"LineString","coordinates":[[-10.8206,34.5539],[-10.7916,34.5017],[-10.7498,34.5443],[-10.6705,34.5058],[-10.6015,34.5606]]},"properties":{"id":569,"source":6039,"mouth":6040,"parent":612,"basin":612,"widthFactor":0.56,"sourceWidth":0.06,"discharge":51,"name":"Niimaa","type":"River"}},{"type":"Feature","geometry":{"type":"LineString","coordinates":[[-13.5757,21.5527],[-13.5357,21.5915],[-13.5207,21.5379],[-13.4384,21.5111],[-13.4288,21.4251],[-13.3715,21.3748],[-13.4044,21.3061]]},"properties":{"id":570,"source":34978,"mouth":35375,"parent":402,"basin":1728,"widthFactor":0.56,"sourceWidth":0.05,"discharge":58,"name":"Alprak","type":"Fork"}},{"type":"Feature","geometry":{"type":"LineString","coordinates":[[-15.3563,35.1802],[-15.5367,35.2237],[-15.4568,35.4159],[-15.386,35.5402],[-15.3377,35.7352],[-15.1846,35.8633]]},"properties":{"id":571,"source":4874,"mouth":4290,"parent":571,"basin":571,"widthFactor":0.672,"sourceWidth":0.04,"discharge":147,"name":"Neskar","type":"River"}},{"type":"Feature","geometry":{"type":"LineString","coordinates":[[17.0662,30.9257],[17.0695,31.0839],[17.1145,31.2694],[17.1006,31.2933],[17.1652,31.419],[17.158,31.4769]]},"properties":{"id":572,"source":12702,"mouth":11743,"parent":572,"basin":572,"widthFactor":0.672,"sourceWidth":0.04,"discharge":84,"name":"Macheapton","type":"River"}},{"type":"Feature","geometry":{"type":"LineString","coordinates":[[-10.9684,34.2723],[-10.9789,34.1862],[-10.9038,34.1427],[-10.897,34.0311],[-10.7868,33.975],[-10.7593,33.8745],[-10.7673,33.8084],[-10.7522,33.7435]]},"properties":{"id":573,"source":6489,"mouth":6903,"parent":573,"basin":573,"widthFactor":0.672,"sourceWidth":0.06,"discharge":84,"name":"Miio","type":"River"}},{"type":"Feature","geometry":{"type":"LineString","coordinates":[[1.1286,22.0218],[1.0619,22.0902],[0.9692,22.0667],[0.8764,22.0599],[0.8367,21.9759],[0.7834,21.9989],[0.775,21.9414],[0.7318,21.8957],[0.7076,21.8377]]},"properties":{"id":575,"source":33905,"mouth":33902,"parent":575,"basin":575,"widthFactor":0.672,"sourceWidth":0.05,"discharge":70,"name":"Sunbeyvar","type":"River"}},{"type":"Feature","geometry":{"type":"LineString","coordinates":[[-16.9475,21.4194],[-16.8339,21.372],[-16.7207,21.4203],[-16.7268,21.482],[-16.6648,21.4791],[-16.5975,21.4933],[-16.5294,21.4844]]},"properties":{"id":576,"source":35342,"mouth":35344,"parent":576,"basin":576,"widthFactor":0.672,"sourceWidth":0.04,"discharge":47,"name":"Pette","type":"River"}},{"type":"Feature","geometry":{"type":"LineString","coordinates":[[-18.1607,22.6863],[-18.2681,22.7634],[-18.3995,22.748],[-18.4123,22.8013],[-18.4535,22.7652],[-18.4941,22.8074],[-18.5478,22.8307]]},"properties":{"id":579,"source":31742,"mouth":31739,"parent":579,"basin":579,"widthFactor":0.672,"sourceWidth":0.06,"discharge":73,"name":"Farno","type":"River"}},{"type":"Feature","geometry":{"type":"LineString","coordinates":[[11.7405,27.4504],[11.68,27.4101],[11.7118,27.3448],[11.7764,27.3123],[11.7544,27.2434],[11.723,27.1816],[11.6731,27.1335]]},"properties":{"id":580,"source":20754,"mouth":21112,"parent":1619,"basin":1649,"widthFactor":0.56,"sourceWidth":0.06,"discharge":68,"name":"Turkbeniz","type":"River"}},{"type":"Feature","geometry":{"type":"LineString","coordinates":[[17.977,31.6371],[17.898,31.7156],[17.7871,31.704],[17.7221,31.764],[17.6436,31.8049]]},"properties":{"id":581,"source":11115,"mouth":10807,"parent":581,"basin":581,"widthFactor":0.672,"sourceWidth":0.05,"discharge":59,"name":"Towbovil","type":"River"}},{"type":"Feature","geometry":{"type":"LineString","coordinates":[[-12.4495,21.5112],[-12.4786,21.4261],[-12.4146,21.3629],[-12.351,21.3287],[-12.2797,21.3166]]},"properties":{"id":583,"source":34986,"mouth":35384,"parent":583,"basin":583,"widthFactor":0.672,"sourceWidth":0.05,"discharge":52,"name":"Gernsburg","type":"River"}},{"type":"Feature","geometry":{"type":"LineString","coordinates":[[-21.466,21.1301],[-21.5488,21.0202],[-21.5675,20.9097],[-21.4737,20.7586],[-21.267,20.7443],[-21.2525,20.6044],[-21.1417,20.5177],[-21.003,20.6152],[-20.8503,20.4737],[-20.77,20.3592],[-20.6336,20.3274],[-20.6226,20.1261],[-20.4336,20.2179],[-20.3858,20.1601],[-20.3978,20.0415],[-20.5767,19.9593],[-20.6719,19.8154],[-20.7188,19.6567],[-20.8169,19.6361],[-20.9996,19.6801],[-21.0718,19.812],[-21.2771,19.7862],[-21.3484,19.8001],[-21.5263,19.9081],[-21.6923,19.8747],[-21.8363,19.8168],[-21.9024,19.813],[-22.0059,19.8919],[-22.1358,19.9],[-22.1875,19.8689]]},"properties":{"id":587,"source":36068,"mouth":38912,"parent":1635,"basin":1635,"widthFactor":0.56,"sourceWidth":0.21,"discharge":854,"name":"Icorocchiano","type":"River"}},{"type":"Feature","geometry":{"type":"LineString","coordinates":[[2.8623,23.979],[2.7803,23.9249],[2.691,23.9661],[2.6951,24.0775],[2.6126,24.1526],[2.581,24.142],[2.5638,24.1134]]},"properties":{"id":588,"source":28837,"mouth":28557,"parent":588,"basin":588,"widthFactor":0.672,"sourceWidth":0.08,"discharge":77,"name":"Bopu","type":"River"}},{"type":"Feature","geometry":{"type":"LineString","coordinates":[[-20.3853,19.8957],[-20.4531,19.9153],[-20.4781,19.8493],[-20.5417,19.8108],[-20.5169,19.7408]]},"properties":{"id":589,"source":39263,"mouth":39262,"parent":123,"basin":1635,"widthFactor":0.56,"sourceWidth":0.04,"discharge":34,"name":"Settamattice","type":"River"}},{"type":"Feature","geometry":{"type":"LineString","coordinates":[[-9.1198,22.0495],[-9.0136,21.9978],[-8.8433,22.0155],[-8.8294,21.875],[-8.8907,21.7225],[-8.7252,21.5738],[-8.6223,21.5518],[-8.5276,21.4523],[-8.3922,21.4289],[-8.2477,21.3749]]},"properties":{"id":590,"source":33840,"mouth":35421,"parent":590,"basin":590,"widthFactor":0.672,"sourceWidth":0.04,"discharge":265,"name":"Buyaylide","type":"River"}},{"type":"Feature","geometry":{"type":"LineString","coordinates":[[22.6592,23.2146],[22.7164,23.1334],[22.8156,23.1381],[22.8627,23.1896],[22.9185,23.1476],[22.896,23.0815],[22.9587,23.0506],[23.0565,23.039],[23.1543,23.0501]]},"properties":{"id":591,"source":30892,"mouth":30896,"parent":591,"basin":591,"widthFactor":0.672,"sourceWidth":0.05,"discharge":61,"name":"Frampleton","type":"River"}},{"type":"Feature","geometry":{"type":"LineString","coordinates":[[-5.9801,28.3464],[-5.9139,28.3825],[-5.9365,28.4544],[-6.0151,28.4944],[-6.0131,28.5825],[-5.991,28.6927],[-5.894,28.7494]]},"properties":{"id":592,"source":18447,"mouth":17770,"parent":616,"basin":616,"widthFactor":0.56,"sourceWidth":0.05,"discharge":69,"name":"Sazdekin","type":"River"}},{"type":"Feature","geometry":{"type":"LineString","coordinates":[[-12.0161,26.7324],[-12.1013,26.691],[-12.107,26.5966],[-12.1943,26.5549],[-12.2051,26.4589]]},"properties":{"id":593,"source":22417,"mouth":22792,"parent":625,"basin":1304,"widthFactor":0.56,"sourceWidth":0.05,"discharge":35,"name":"Birmerstatt","type":"River"}},{"type":"Feature","geometry":{"type":"LineString","coordinates":[[-3.6474,32.9016],[-3.6973,32.9748],[-3.6517,33.0508],[-3.5225,33.0613],[-3.4201,32.9819]]},"properties":{"id":594,"source":8408,"mouth":8172,"parent":326,"basin":326,"widthFactor":0.56,"sourceWidth":0.06,"discharge":67,"name":"Suyurankor","type":"Fork"}},{"type":"Feature","geometry":{"type":"LineString","coordinates":[[19.8964,30.481],[19.7754,30.667],[19.6994,30.563],[19.7141,30.4351],[19.5625,30.449],[19.5309,30.3706],[19.3993,30.2951],[19.1783,30.2578],[19.0721,30.1789]]},"properties":{"id":595,"source":13655,"mouth":14281,"parent":281,"basin":755,"widthFactor":0.56,"sourceWidth":0.06,"discharge":161,"name":"Krichiyso","type":"River"}},{"type":"Feature","geometry":{"type":"LineString","coordinates":[[-20.6418,28.3048],[-20.7814,28.4386],[-20.8594,28.5945],[-20.9618,28.6079],[-21.0905,28.6849],[-21.1331,28.7843],[-21.2938,28.912],[-21.356,28.8546]]},"properties":{"id":596,"source":18338,"mouth":16986,"parent":850,"basin":850,"widthFactor":0.56,"sourceWidth":0.04,"discharge":75,"name":"Champierteau","type":"River"}},{"type":"Feature","geometry":{"type":"LineString","coordinates":[[-5.5007,35.008],[-5.4916,35.1357],[-5.5739,35.2074],[-5.5576,35.3461],[-5.4122,35.5],[-5.4911,35.576],[-5.6533,35.697],[-5.6911,35.794],[-5.6605,35.925],[-5.7169,36.0785],[-5.693,36.2477]]},"properties":{"id":598,"source":5382,"mouth":3824,"parent":598,"basin":598,"widthFactor":0.672,"sourceWidth":0.05,"discharge":308,"name":"Onini","type":"River"}},{"type":"Feature","geometry":{"type":"LineString","coordinates":[[18.1655,30.5212],[18.305,30.5085],[18.4038,30.4093],[18.4219,30.3162],[18.3511,30.253],[18.3804,30.1104],[18.4894,30.0139],[18.6028,29.9519],[18.7291,29.9795]]},"properties":{"id":599,"source":13643,"mouth":14603,"parent":281,"basin":755,"widthFactor":0.56,"sourceWidth":0.06,"discharge":71,"name":"Korshichin","type":"River"}},{"type":"Feature","geometry":{"type":"LineString","coordinates":[[-6.1241,34.4683],[-6.1875,34.431],[-6.2341,34.4879],[-6.3181,34.5922],[-6.313,34.726]]},"properties":{"id":600,"source":6077,"mouth":6076,"parent":726,"basin":726,"widthFactor":0.56,"sourceWidth":0.04,"discharge":37,"name":"Asnaskog","type":"Fork"}},{"type":"Feature","geometry":{"type":"LineString","coordinates":[[21.6287,18.4022],[21.6219,18.4989],[21.5354,18.5427],[21.485,18.6123],[21.401,18.5943],[21.3145,18.6009],[21.2709,18.526]]},"properties":{"id":601,"source":43109,"mouth":42765,"parent":513,"basin":1472,"widthFactor":0.56,"sourceWidth":0.05,"discharge":58,"name":"Peiri","type":"River"}},{"type":"Feature","geometry":{"type":"LineString","coordinates":[[14.7162,28.7245],[14.6545,28.7078],[14.4847,28.7365],[14.4631,28.6767],[14.4153,28.5347],[14.2072,28.5319]]},"properties":{"id":602,"source":17557,"mouth":18221,"parent":1064,"basin":1077,"widthFactor":0.56,"sourceWidth":0.05,"discharge":63,"name":"Birbury","type":"River"}},{"type":"Feature","geometry":{"type":"LineString","coordinates":[[4.2176,29.4006],[4.2776,29.4033],[4.2588,29.4603],[4.2835,29.5555],[4.2171,29.6281]]},"properties":{"id":604,"source":16167,"mouth":15816,"parent":323,"basin":1929,"widthFactor":0.56,"sourceWidth":0.05,"discharge":36,"name":"Aydiyu","type":"River"}},{"type":"Feature","geometry":{"type":"LineString","coordinates":[[11.032,21.8511],[11.0247,21.7552],[11.1038,21.7005],[11.1018,21.6063],[11.1822,21.5571],[11.1507,21.4818],[11.2095,21.4251]]},"properties":{"id":605,"source":34377,"mouth":35168,"parent":515,"basin":515,"widthFactor":0.56,"sourceWidth":0.06,"discharge":76,"name":"Inve","type":"River"}},{"type":"Feature","geometry":{"type":"LineString","coordinates":[[17.403,30.8645],[17.4637,30.9185],[17.5874,30.8811],[17.7039,30.9371],[17.6383,31.0873],[17.6967,31.2321],[17.6847,31.3459],[17.5814,31.508],[17.5584,31.594]]},"properties":{"id":606,"source":12704,"mouth":11428,"parent":606,"basin":606,"widthFactor":0.672,"sourceWidth":0.05,"discharge":226,"name":"Witham","type":"River"}},{"type":"Feature","geometry":{"type":"LineString","coordinates":[[5.4902,30.3357],[5.5323,30.5308],[5.4227,30.6159],[5.594,30.7574],[5.5313,30.9108],[5.3849,30.8707],[5.3462,31.0839],[5.4921,31.2163],[5.5198,31.4028]]},"properties":{"id":607,"source":13854,"mouth":11974,"parent":607,"basin":607,"widthFactor":0.672,"sourceWidth":0.04,"discharge":112,"name":"Balarova","type":"River"}},{"type":"Feature","geometry":{"type":"LineString","coordinates":[[-11.4789,20.3838],[-11.4506,20.5277],[-11.4344,20.7008],[-11.1976,20.7104],[-11.0695,20.7318],[-10.9866,20.8318],[-10.9096,20.915]]},"properties":{"id":608,"source":37947,"mouth":36877,"parent":608,"basin":608,"widthFactor":0.672,"sourceWidth":0.06,"discharge":156,"name":"Asbe","type":"River"}},{"type":"Feature","geometry":{"type":"LineString","coordinates":[[17.1063,17.3351],[17.1657,17.2409],[17.059,17.1381],[17.0303,17.0233],[17.0242,16.8865],[17.1049,16.7757],[17.147,16.6882]]},"properties":{"id":609,"source":45295,"mouth":46342,"parent":609,"basin":609,"widthFactor":0.672,"sourceWidth":0.05,"discharge":103,"name":"Gorgan","type":"River"}},{"type":"Feature","geometry":{"type":"LineString","coordinates":[[-15.0616,30.4911],[-15.1904,30.5109],[-15.298,30.4375],[-15.4243,30.4318],[-15.5123,30.3433],[-15.6515,30.2085],[-15.706,30.1406]]},"properties":{"id":610,"source":13414,"mouth":14034,"parent":610,"basin":610,"widthFactor":0.672,"sourceWidth":0.05,"discharge":124,"name":"Endorf","type":"River"}},{"type":"Feature","geometry":{"type":"LineString","coordinates":[[-0.2153,32.5884],[-0.2569,32.8218],[-0.2057,32.9016],[-0.0373,32.9642],[0.0072,33.0584],[-0.0225,33.1253]]},"properties":{"id":611,"source":8935,"mouth":8201,"parent":611,"basin":611,"widthFactor":0.672,"sourceWidth":0.04,"discharge":98,"name":"Bobatenev","type":"River"}},{"type":"Feature","geometry":{"type":"LineString","coordinates":[[-10.6043,34.726],[-10.6507,34.6424],[-10.6015,34.5606],[-10.4805,34.5872],[-10.3757,34.5214],[-10.312,34.488],[-10.3336,34.4195],[-10.2795,34.3471],[-10.2092,34.2904]]},"properties":{"id":612,"source":5811,"mouth":6044,"parent":612,"basin":612,"widthFactor":0.672,"sourceWidth":0.05,"discharge":136,"name":"Masejaa","type":"River"}},{"type":"Feature","geometry":{"type":"LineString","coordinates":[[-15.2123,33.3739],[-15.2199,33.2652],[-15.3104,33.2042],[-15.3898,33.1705],[-15.453,33.2291],[-15.5487,33.2031],[-15.5817,33.1096],[-15.6237,33.0212],[-15.6443,32.9255]]},"properties":{"id":613,"source":7649,"mouth":8097,"parent":613,"basin":613,"widthFactor":0.672,"sourceWidth":0.05,"discharge":116,"name":"Sleland","type":"River"}},{"type":"Feature","geometry":{"type":"LineString","coordinates":[[-2.4982,30.962],[-2.5516,30.8898],[-2.6398,30.9065],[-2.7007,30.8667],[-2.7504,30.9199],[-2.8338,30.9201],[-2.8666,30.8434],[-2.9464,30.8451],[-3.0235,30.8243]]},"properties":{"id":614,"source":12553,"mouth":12861,"parent":614,"basin":614,"widthFactor":0.672,"sourceWidth":0.05,"discharge":107,"name":"Askatoptar","type":"River"}},{"type":"Feature","geometry":{"type":"LineString","coordinates":[[-6.5097,28.7092],[-6.3652,28.6404],[-6.2178,28.8173],[-6.0944,28.9182],[-6.0059,28.7547],[-5.894,28.7494],[-5.8844,28.8608],[-5.7122,28.8259],[-5.6485,28.9067],[-5.5969,29.0539]]},"properties":{"id":616,"source":17431,"mouth":17100,"parent":616,"basin":616,"widthFactor":0.672,"sourceWidth":0.05,"discharge":493,"name":"Gakakarbey","type":"River"}},{"type":"Feature","geometry":{"type":"LineString","coordinates":[[-9.0069,23.3805],[-8.9352,23.3624],[-8.9055,23.4302],[-8.9699,23.4922],[-8.9433,23.5775],[-8.9456,23.6636],[-8.8687,23.7027]]},"properties":{"id":617,"source":29979,"mouth":29651,"parent":497,"basin":497,"widthFactor":0.56,"sourceWidth":0.07,"discharge":84,"name":"Biltasayay","type":"River"}},{"type":"Feature","geometry":{"type":"LineString","coordinates":[[-22.1923,21.1598],[-22.3516,21.0536],[-22.4421,20.9572],[-22.4458,20.8251],[-22.5492,20.7658],[-22.5855,20.6745],[-22.7147,20.5043]]},"properties":{"id":618,"source":36062,"mouth":37140,"parent":1635,"basin":1635,"widthFactor":0.56,"sourceWidth":0.07,"discharge":108,"name":"Giusolicone","type":"Fork"}},{"type":"Feature","geometry":{"type":"LineString","coordinates":[[-22.4119,17.652],[-22.5176,17.5229],[-22.6716,17.4871],[-22.6738,17.617],[-22.7616,17.7127],[-22.9343,17.6616],[-22.9767,17.7831],[-23.0878,17.848],[-23.3146,17.8399]]},"properties":{"id":619,"source":44504,"mouth":44173,"parent":439,"basin":439,"widthFactor":0.56,"sourceWidth":0.05,"discharge":132,"name":"Menturlusoli","type":"River"}},{"type":"Feature","geometry":{"type":"LineString","coordinates":[[18.0986,16.9985],[18.1881,17.0154],[18.2435,16.943],[18.3131,16.9417],[18.3181,16.8723],[18.3642,16.7511],[18.3181,16.6299],[18.3348,16.5505],[18.3727,16.4788]]},"properties":{"id":620,"source":46105,"mouth":46595,"parent":620,"basin":620,"widthFactor":0.672,"sourceWidth":0.06,"discharge":85,"name":"Menai","type":"River"}},{"type":"Feature","geometry":{"type":"LineString","coordinates":[[0.2717,24.3075],[0.2597,24.3939],[0.1756,24.4175],[0.1896,24.5471],[0.1129,24.6527],[0.1166,24.7053],[0.0976,24.7545]]},"properties":{"id":621,"source":28261,"mouth":27679,"parent":621,"basin":621,"widthFactor":0.672,"sourceWidth":0.05,"discharge":84,"name":"Yemer","type":"River"}},{"type":"Feature","geometry":{"type":"LineString","coordinates":[[18.7812,33.3849],[18.7857,33.4626],[18.7114,33.4858],[18.6625,33.5679],[18.5669,33.5685],[18.5012,33.5871],[18.433,33.5829]]},"properties":{"id":622,"source":7848,"mouth":7422,"parent":622,"basin":622,"widthFactor":0.672,"sourceWidth":0.05,"discharge":60,"name":"Monton","type":"River"}},{"type":"Feature","geometry":{"type":"LineString","coordinates":[[-7.5301,32.532],[-7.5593,32.4514],[-7.4957,32.3939],[-7.4565,32.4254],[-7.4641,32.3757],[-7.4183,32.2947],[-7.3938,32.205]]},"properties":{"id":623,"source":9156,"mouth":9432,"parent":623,"basin":623,"widthFactor":0.672,"sourceWidth":0.05,"discharge":60,"name":"Yuzun","type":"River"}},{"type":"Feature","geometry":{"type":"LineString","coordinates":[[17.2924,17.0549],[17.2032,17.0484],[17.1709,16.965],[17.2505,16.8906],[17.2427,16.7819],[17.2029,16.7268],[17.147,16.6882]]},"properties":{"id":624,"source":45830,"mouth":46343,"parent":624,"basin":624,"widthFactor":0.672,"sourceWidth":0.05,"discharge":59,"name":"Dionti","type":"River"}},{"type":"Feature","geometry":{"type":"LineString","coordinates":[[-12.2582,26.6697],[-12.278,26.5526],[-12.2051,26.4589],[-12.2549,26.3982],[-12.2845,26.3255]]},"properties":{"id":625,"source":22791,"mouth":23189,"parent":1304,"basin":1304,"widthFactor":0.56,"sourceWidth":0.08,"discharge":112,"name":"Wittengen","type":"River"}},{"type":"Feature","geometry":{"type":"LineString","coordinates":[[-16.3691,23.3312],[-16.3584,23.2457],[-16.2753,23.2227],[-16.2085,23.2074],[-16.1404,23.2155]]},"properties":{"id":626,"source":30258,"mouth":30261,"parent":1163,"basin":1304,"widthFactor":0.56,"sourceWidth":0.04,"discharge":65,"name":"Nagold","type":"River"}},{"type":"Feature","geometry":{"type":"LineString","coordinates":[[16.2012,27.2998],[16.0721,27.3147],[15.9677,27.2372],[15.9371,27.1756],[15.9964,27.1406],[15.9555,27.0349],[15.8496,26.9943]]},"properties":{"id":632,"source":21146,"mouth":21490,"parent":15,"basin":15,"widthFactor":0.56,"sourceWidth":0.04,"discharge":32,"name":"Prons","type":"River"}},{"type":"Feature","geometry":{"type":"LineString","coordinates":[[9.4782,28.9411],[9.3837,28.9983],[9.2801,28.9602],[9.1952,28.9665],[9.1562,28.8909],[9.0436,28.8699],[8.983,28.7728],[8.8814,28.6992],[8.8558,28.5763]]},"properties":{"id":633,"source":17192,"mouth":17518,"parent":91,"basin":91,"widthFactor":0.56,"sourceWidth":0.04,"discharge":116,"name":"Dokuzbey","type":"Fork"}},{"type":"Feature","geometry":{"type":"LineString","coordinates":[[-6.5412,17.1204],[-6.4987,17.0724],[-6.4556,17.1199],[-6.373,17.0997],[-6.3221,17.1677],[-6.2932,17.2191],[-6.2862,17.2777]]},"properties":{"id":635,"source":45756,"mouth":45758,"parent":1304,"basin":1304,"widthFactor":0.56,"sourceWidth":0.05,"discharge":73,"name":"Bobanya","type":"River"}},{"type":"Feature","geometry":{"type":"LineString","coordinates":[[-5.3682,34.7991],[-5.2789,34.8585],[-5.2725,34.9655],[-5.3845,35.0233],[-5.4256,35.1424],[-5.4671,35.2393],[-5.4165,35.3317],[-5.3691,35.4147],[-5.4122,35.5]]},"properties":{"id":636,"source":5619,"mouth":4750,"parent":598,"basin":598,"widthFactor":0.56,"sourceWidth":0.06,"discharge":77,"name":"Kaurikkamaa","type":"Fork"}},{"type":"Feature","geometry":{"type":"LineString","coordinates":[[0.033,23.4536],[0.1024,23.3365],[0.167,23.3255],[0.3006,23.3264],[0.4019,23.4135],[0.5502,23.272],[0.5626,23.1759],[0.6143,23.1376],[0.8142,23.1223],[0.9554,23.0133]]},"properties":{"id":638,"source":30004,"mouth":30717,"parent":639,"basin":639,"widthFactor":0.56,"sourceWidth":0.07,"discharge":136,"name":"Asberiken","type":"River"}},{"type":"Feature","geometry":{"type":"LineString","coordinates":[[0.5109,23.6874],[0.6994,23.772],[0.8142,23.6453],[0.9142,23.5282],[0.9568,23.4197],[0.9793,23.2418],[0.9056,23.1228],[0.9554,23.0133],[0.8245,22.9416],[0.754,22.8101],[0.8248,22.726],[0.8516,22.6414],[0.7812,22.485],[0.6722,22.4339],[0.5453,22.4067],[0.4578,22.311],[0.4617,22.1776],[0.5258,22.0643],[0.4837,21.8731]]},"properties":{"id":639,"source":29395,"mouth":33899,"parent":639,"basin":639,"widthFactor":0.672,"sourceWidth":0.05,"discharge":656,"name":"Aytene","type":"River"}},{"type":"Feature","geometry":{"type":"LineString","coordinates":[[5.3438,29.0334],[5.2725,28.8627],[5.2103,28.7398],[5.1496,28.6576],[5.0146,28.6227],[4.9993,28.4769],[5.017,28.3402]]},"properties":{"id":640,"source":16846,"mouth":18153,"parent":640,"basin":640,"widthFactor":0.672,"sourceWidth":0.07,"discharge":163,"name":"Kozeslalu","type":"River"}},{"type":"Feature","geometry":{"type":"LineString","coordinates":[[-2.6528,33.1932],[-2.5241,33.2267],[-2.4011,33.2382],[-2.1801,33.2869],[-2.1117,33.3577],[-1.9781,33.405],[-1.8993,33.5226],[-1.8596,33.5465],[-1.7428,33.5958],[-1.6567,33.6732],[-1.496,33.7048],[-1.4151,33.6866],[-1.2711,33.6594],[-1.1864,33.5876],[-1.0659,33.6216]]},"properties":{"id":643,"source":7951,"mouth":7336,"parent":643,"basin":643,"widthFactor":0.672,"sourceWidth":0.06,"discharge":280,"name":"Cesenkay","type":"River"}},{"type":"Feature","geometry":{"type":"LineString","coordinates":[[-5.5509,33.5666],[-5.4687,33.6686],[-5.339,33.6876],[-5.2679,33.6455],[-5.2821,33.5642],[-5.2003,33.4929],[-5.0931,33.5102],[-5.0347,33.4637],[-4.9745,33.5078]]},"properties":{"id":644,"source":7507,"mouth":7510,"parent":837,"basin":837,"widthFactor":0.56,"sourceWidth":0.05,"discharge":104,"name":"Derilyaka","type":"River"}},{"type":"Feature","geometry":{"type":"LineString","coordinates":[[-14.3785,32.2825],[-14.4715,32.2613],[-14.4995,32.1701],[-14.5956,32.1247],[-14.6182,32.021]]},"properties":{"id":645,"source":9688,"mouth":9687,"parent":209,"basin":766,"widthFactor":0.56,"sourceWidth":0.08,"discharge":69,"name":"Bjermahver","type":"Fork"}},{"type":"Feature","geometry":{"type":"LineString","coordinates":[[0.1985,23.0745],[0.236,22.9785],[0.3363,22.9545],[0.3856,22.9871],[0.4043,22.9311],[0.4956,22.8776],[0.5105,22.7728],[0.6391,22.7467],[0.754,22.8101]]},"properties":{"id":646,"source":31092,"mouth":31870,"parent":639,"basin":639,"widthFactor":0.56,"sourceWidth":0.05,"discharge":87,"name":"Altay","type":"River"}},{"type":"Feature","geometry":{"type":"LineString","coordinates":[[-10.3264,36.5867],[-10.3356,36.6535],[-10.4024,36.6441],[-10.4512,36.7622],[-10.5675,36.8152]]},"properties":{"id":647,"source":3187,"mouth":2976,"parent":672,"basin":939,"widthFactor":0.56,"sourceWidth":0.05,"discharge":44,"name":"Lepio","type":"River"}},{"type":"Feature","geometry":{"type":"LineString","coordinates":[[14.4899,25.5022],[14.3254,25.5692],[14.2909,25.7303],[14.2067,25.7274],[14.0268,25.7116],[14.0039,25.8651],[13.9422,26.0152],[13.7862,26.0602],[13.6302,26.1701]]},"properties":{"id":648,"source":25843,"mouth":24506,"parent":648,"basin":648,"widthFactor":0.672,"sourceWidth":0.05,"discharge":132,"name":"Atyurt","type":"River"}},{"type":"Feature","geometry":{"type":"LineString","coordinates":[[5.582,21.264],[5.605,21.472],[5.6452,21.525],[5.7767,21.4948],[5.8968,21.5561],[5.9595,21.7555],[6.0289,21.8702],[5.9834,21.9849],[5.9992,22.0562],[5.8428,22.1963]]},"properties":{"id":649,"source":35906,"mouth":33555,"parent":649,"basin":649,"widthFactor":0.672,"sourceWidth":0.06,"discharge":225,"name":"Abersoch","type":"River"}},{"type":"Feature","geometry":{"type":"LineString","coordinates":[[-21.5474,17.4369],[-21.4464,17.3776],[-21.4273,17.2261],[-21.5129,17.0998],[-21.566,16.9067],[-21.5426,16.8197],[-21.5412,16.6839],[-21.5593,16.5955],[-21.7196,16.5018],[-21.865,16.3779],[-21.9971,16.223],[-21.977,16.0557]]},"properties":{"id":650,"source":45100,"mouth":47167,"parent":650,"basin":650,"widthFactor":0.672,"sourceWidth":0.06,"discharge":305,"name":"Tungdugus","type":"River"}},{"type":"Feature","geometry":{"type":"LineString","coordinates":[[-20.0471,29.4694],[-20.1683,29.4238],[-20.2877,29.4737],[-20.3356,29.6095],[-20.5298,29.6229],[-20.5408,29.8031],[-20.7121,29.8361]]},"properties":{"id":651,"source":15654,"mouth":14992,"parent":360,"basin":360,"widthFactor":0.56,"sourceWidth":0.05,"discharge":145,"name":"Vabeaulu","type":"Fork"}},{"type":"Feature","geometry":{"type":"LineString","coordinates":[[-0.3009,23.8743],[-0.3784,23.9604],[-0.354,24.1521],[-0.3492,24.3161],[-0.3349,24.4012],[-0.3976,24.5963],[-0.2631,24.7712],[-0.2349,24.852]]},"properties":{"id":652,"source":29101,"mouth":27352,"parent":652,"basin":652,"widthFactor":0.672,"sourceWidth":0.08,"discharge":151,"name":"Esepe","type":"River"}},{"type":"Feature","geometry":{"type":"LineString","coordinates":[[-9.426,22.7126],[-9.5581,22.551],[-9.5887,22.4702],[-9.6652,22.2909],[-9.7499,22.2952],[-9.7236,22.1112]]},"properties":{"id":653,"source":31807,"mouth":33028,"parent":653,"basin":653,"widthFactor":0.672,"sourceWidth":0.06,"discharge":145,"name":"Toprak","type":"River"}},{"type":"Feature","geometry":{"type":"LineString","coordinates":[[14.222,29.3857],[14.1359,29.3516],[14.1259,29.2595],[14.0355,29.2541],[13.9986,29.1716],[14.0757,29.1116],[14.0685,29.0143],[14.0418,28.9692],[13.9986,28.9397]]},"properties":{"id":654,"source":16241,"mouth":16898,"parent":1077,"basin":1077,"widthFactor":0.56,"sourceWidth":0.05,"discharge":155,"name":"Southe","type":"Fork"}},{"type":"Feature","geometry":{"type":"LineString","coordinates":[[-24.8082,21.0087],[-24.9154,20.9974],[-24.9713,20.9054],[-25.035,20.8291],[-25.0067,20.7338],[-25.0499,20.6316],[-25.001,20.532],[-25.0326,20.4946],[-25.044,20.4469]]},"properties":{"id":655,"source":36413,"mouth":37476,"parent":655,"basin":655,"widthFactor":0.672,"sourceWidth":0.05,"discharge":48,"name":"Frastellela","type":"River"}},{"type":"Feature","geometry":{"type":"LineString","coordinates":[[8.6529,32.13],[8.7093,32.1723],[8.6716,32.2318],[8.7209,32.3165],[8.6764,32.4039],[8.6716,32.4953],[8.5898,32.5363]]},"properties":{"id":657,"source":10165,"mouth":9574,"parent":526,"basin":1649,"widthFactor":0.56,"sourceWidth":0.05,"discharge":49,"name":"Causcom","type":"Fork"}},{"type":"Feature","geometry":{"type":"LineString","coordinates":[[-16.8289,23.019],[-16.9247,23.0297],[-16.9824,22.9526],[-17.0087,22.8674],[-16.9442,22.8058],[-16.932,22.7404],[-16.8662,22.7499],[-16.8444,22.6747],[-16.8021,22.6088]]},"properties":{"id":658,"source":30998,"mouth":31753,"parent":1419,"basin":1419,"widthFactor":0.56,"sourceWidth":0.04,"discharge":68,"name":"Neufin","type":"River"}},{"type":"Feature","geometry":{"type":"LineString","coordinates":[[-9.5212,23.9618],[-9.4359,23.9295],[-9.3686,23.991],[-9.2976,24.0065],[-9.3012,24.079],[-9.2307,24.0958],[-9.1691,24.1339]]},"properties":{"id":659,"source":28782,"mouth":28784,"parent":659,"basin":659,"widthFactor":0.672,"sourceWidth":0.07,"discharge":85,"name":"Ayalarolu","type":"River"}},{"type":"Feature","geometry":{"type":"LineString","coordinates":[[6.4207,20.1333],[6.5131,20.0525],[6.6355,20.0625],[6.683,20.0652],[6.7235,20.0903]]},"properties":{"id":661,"source":38734,"mouth":38736,"parent":1304,"basin":1304,"widthFactor":0.56,"sourceWidth":0.05,"discharge":47,"name":"Duroduro","type":"River"}},{"type":"Feature","geometry":{"type":"LineString","coordinates":[[-3.9071,31.4085],[-3.9509,31.3221],[-3.899,31.2402],[-3.8465,31.1782],[-3.7784,31.1336]]},"properties":{"id":662,"source":11569,"mouth":11900,"parent":662,"basin":662,"widthFactor":0.672,"sourceWidth":0.06,"discharge":54,"name":"Kalalazko","type":"River"}},{"type":"Feature","geometry":{"type":"LineString","coordinates":[[-19.5443,25.3124],[-19.6302,25.3551],[-19.7103,25.3024],[-19.7339,25.2131],[-19.7342,25.1207]]},"properties":{"id":663,"source":25998,"mouth":25996,"parent":663,"basin":663,"widthFactor":0.672,"sourceWidth":0.05,"discharge":81,"name":"Barquille","type":"River"}},{"type":"Feature","geometry":{"type":"LineString","coordinates":[[-16.9767,29.1352],[-16.9588,29.2479],[-16.8614,29.3073],[-16.7884,29.3057],[-16.7198,29.281]]},"properties":{"id":665,"source":16363,"mouth":16022,"parent":665,"basin":665,"widthFactor":0.672,"sourceWidth":0.04,"discharge":45,"name":"Neuzy","type":"River"}},{"type":"Feature","geometry":{"type":"LineString","coordinates":[[9.4251,29.9599],[9.4519,30.0914],[9.3988,30.2076],[9.4442,30.2975],[9.5997,30.3869],[9.7475,30.2855],[9.8418,30.4461],[9.9834,30.4466],[10.1412,30.481],[10.2833,30.5805],[10.4795,30.689],[10.6086,30.5293],[10.7895,30.4801],[10.9206,30.3338],[11.0258,30.2425],[11.1602,30.1607],[11.3516,30.056],[11.4267,29.9504],[11.5769,29.9762]]},"properties":{"id":669,"source":14866,"mouth":14880,"parent":669,"basin":669,"widthFactor":0.672,"sourceWidth":0.05,"discharge":336,"name":"Apton","type":"River"}},{"type":"Feature","geometry":{"type":"LineString","coordinates":[[16.2892,17.8925],[16.1853,17.8791],[16.1357,17.7869],[16.0817,17.7824],[16.1127,17.7381],[16.1353,17.6082],[16.2376,17.5249],[16.2481,17.4544],[16.3194,17.4512]]},"properties":{"id":670,"source":44425,"mouth":45006,"parent":20,"basin":20,"widthFactor":0.56,"sourceWidth":0.09,"discharge":122,"name":"Inwen","type":"River"}},{"type":"Feature","geometry":{"type":"LineString","coordinates":[[-10.3369,36.8869],[-10.348,36.8111],[-10.4245,36.8052],[-10.4993,36.7634],[-10.5675,36.8152],[-10.6184,36.8767],[-10.6933,36.8492]]},"properties":{"id":672,"source":2789,"mouth":2787,"parent":939,"basin":939,"widthFactor":0.56,"sourceWidth":0.05,"discharge":99,"name":"Littoilapa","type":"Fork"}},{"type":"Feature","geometry":{"type":"LineString","coordinates":[[18.61,30.7177],[18.6878,30.6484],[18.7894,30.6718],[18.8698,30.7153],[18.9463,30.6651],[18.9982,30.6035],[18.9582,30.5336],[18.9811,30.4671],[19.0506,30.4782]]},"properties":{"id":673,"source":13023,"mouth":13648,"parent":281,"basin":755,"widthFactor":0.56,"sourceWidth":0.04,"discharge":46,"name":"Cherpeysk","type":"River"}},{"type":"Feature","geometry":{"type":"LineString","coordinates":[[-23.8169,21.3883],[-24.0274,21.3778],[-24.1274,21.4557],[-24.3216,21.5312],[-24.4255,21.5795],[-24.5551,21.547],[-24.602,21.6771],[-24.658,21.8377],[-24.569,21.9582],[-24.4192,21.9782],[-24.3075,22.0655],[-24.2633,22.2001],[-24.1485,22.4028],[-23.9585,22.5199]]},"properties":{"id":676,"source":35289,"mouth":32498,"parent":676,"basin":676,"widthFactor":0.672,"sourceWidth":0.05,"discharge":236,"name":"Marlin","type":"River"}},{"type":"Feature","geometry":{"type":"LineString","coordinates":[[-9.1088,38.3762],[-9.103,38.5079],[-9.1878,38.609],[-9.3428,38.5889],[-9.3744,38.5975],[-9.5298,38.6219],[-9.7317,38.6745]]},"properties":{"id":677,"source":1386,"mouth":1276,"parent":677,"basin":677,"widthFactor":0.672,"sourceWidth":0.05,"discharge":121,"name":"Kohttinen","type":"River"}},{"type":"Feature","geometry":{"type":"LineString","coordinates":[[-5.1031,35.2022],[-5.2003,35.3537],[-5.1663,35.5789],[-4.9702,35.5301],[-4.8343,35.63],[-4.6822,35.5602],[-4.5798,35.576],[-4.3731,35.5048],[-4.308,35.4474],[-4.1181,35.3461],[-3.9272,35.271]]},"properties":{"id":679,"source":4954,"mouth":4759,"parent":1304,"basin":1304,"widthFactor":0.56,"sourceWidth":0.04,"discharge":223,"name":"Yedu","type":"River"}},{"type":"Feature","geometry":{"type":"LineString","coordinates":[[20.6877,30.9658],[20.8169,30.9744],[20.9331,30.9625],[20.9398,31.0313],[21.124,31.1135],[21.1785,30.9806],[21.2555,30.9438],[21.3608,31.0614]]},"properties":{"id":680,"source":12727,"mouth":12732,"parent":680,"basin":680,"widthFactor":0.672,"sourceWidth":0.05,"discharge":89,"name":"Mackerton","type":"River"}},{"type":"Feature","geometry":{"type":"LineString","coordinates":[[3.6134,34.3775],[3.545,34.2159],[3.5349,34.0982],[3.3354,34.0705],[3.2173,34.18],[3.0087,34.1121],[2.813,34.1484],[2.7724,34.192],[2.6341,34.2441],[2.5064,34.1896],[2.3313,34.0944]]},"properties":{"id":682,"source":6358,"mouth":6575,"parent":682,"basin":682,"widthFactor":0.672,"sourceWidth":0.05,"discharge":367,"name":"Aybasunbey","type":"River"}},{"type":"Feature","geometry":{"type":"LineString","coordinates":[[-14.9081,35.0587],[-14.8355,35.0374],[-14.7999,35.1041],[-14.7368,35.1375],[-14.7612,35.2045]]},"properties":{"id":684,"source":5099,"mouth":5100,"parent":307,"basin":1304,"widthFactor":0.56,"sourceWidth":0.05,"discharge":43,"name":"Tjotrand","type":"Fork"}},{"type":"Feature","geometry":{"type":"LineString","coordinates":[[3.8449,33.0914],[3.7536,33.2812],[3.8024,33.3333],[3.8765,33.558],[3.8368,33.6718],[3.909,33.788],[4.109,33.7478],[4.2377,33.8176],[4.2482,33.9032],[4.4473,33.9075]]},"properties":{"id":686,"source":8225,"mouth":6988,"parent":686,"basin":686,"widthFactor":0.672,"sourceWidth":0.04,"discharge":298,"name":"Ayram","type":"River"}},{"type":"Feature","geometry":{"type":"LineString","coordinates":[[8.3826,28.1585],[8.315,28.1724],[8.2984,28.1054],[8.2377,28.0247],[8.2697,27.929]]},"properties":{"id":687,"source":18858,"mouth":19221,"parent":337,"basin":337,"widthFactor":0.56,"sourceWidth":0.05,"discharge":46,"name":"Aynuzkale","type":"Fork"}},{"type":"Feature","geometry":{"type":"LineString","coordinates":[[12.4711,20.4278],[12.3342,20.532],[12.1682,20.5755],[12.0606,20.5492],[11.9635,20.4732],[11.8501,20.4641]]},"properties":{"id":688,"source":38104,"mouth":38100,"parent":688,"basin":688,"widthFactor":0.672,"sourceWidth":0.05,"discharge":94,"name":"Bouroduroran","type":"River"}},{"type":"Feature","geometry":{"type":"LineString","coordinates":[[-15.0803,31.5806],[-15.2205,31.6978],[-15.2133,31.8202],[-15.2243,31.954],[-15.3621,31.9865],[-15.4453,32.0143]]},"properties":{"id":689,"source":10861,"mouth":10287,"parent":689,"basin":689,"widthFactor":0.672,"sourceWidth":0.06,"discharge":106,"name":"Marxzellin","type":"River"}},{"type":"Feature","geometry":{"type":"LineString","coordinates":[[-11.1598,20.4192],[-11.0976,20.5116],[-11.1301,20.6181],[-11.1259,20.6919],[-11.1976,20.7104]]},"properties":{"id":690,"source":37949,"mouth":37590,"parent":608,"basin":608,"widthFactor":0.56,"sourceWidth":0.05,"discharge":49,"name":"Sunkaynak","type":"Fork"}},{"type":"Feature","geometry":{"type":"LineString","coordinates":[[-10.0068,35.2017],[-9.8303,35.2992],[-9.8441,35.0649],[-9.7001,35.0406],[-9.5868,34.9798],[-9.582,34.8302],[-9.4906,34.8474],[-9.3308,34.9129]]},"properties":{"id":691,"source":4918,"mouth":5596,"parent":691,"basin":691,"widthFactor":0.672,"sourceWidth":0.05,"discharge":126,"name":"Lahmo","type":"River"}},{"type":"Feature","geometry":{"type":"LineString","coordinates":[[-6.3484,32.7921],[-6.2743,32.9279],[-6.0729,32.9298],[-6.0069,32.9556],[-5.8896,32.8509],[-5.694,32.7792],[-5.7342,32.619],[-5.7456,32.5688],[-5.7854,32.5182],[-5.8346,32.4106]]},"properties":{"id":692,"source":8626,"mouth":9172,"parent":692,"basin":692,"widthFactor":0.672,"sourceWidth":0.05,"discharge":294,"name":"Yazsunyurt","type":"River"}},{"type":"Feature","geometry":{"type":"LineString","coordinates":[[3.922,34.1073],[3.976,33.9848],[4.098,33.9295],[4.165,33.8701],[4.2482,33.9032]]},"properties":{"id":693,"source":6794,"mouth":6986,"parent":686,"basin":686,"widthFactor":0.56,"sourceWidth":0.04,"discharge":38,"name":"Buyteki","type":"Fork"}},{"type":"Feature","geometry":{"type":"LineString","coordinates":[[-6.501,28.224],[-6.6023,28.2407],[-6.6733,28.1666],[-6.7873,28.205],[-6.8943,28.1499],[-6.951,28.0786],[-6.9881,27.9955]]},"properties":{"id":694,"source":18786,"mouth":18784,"parent":694,"basin":694,"widthFactor":0.672,"sourceWidth":0.05,"discharge":87,"name":"Yakarbekin","type":"River"}},{"type":"Feature","geometry":{"type":"LineString","coordinates":[[-9.3877,21.7669],[-9.5614,21.7172],[-9.5815,21.8587],[-9.6619,21.8927],[-9.6734,21.9653],[-9.7738,22.0323]]},"properties":{"id":695,"source":34625,"mouth":33836,"parent":695,"basin":695,"widthFactor":0.672,"sourceWidth":0.05,"discharge":62,"name":"Ayaybar","type":"River"}},{"type":"Feature","geometry":{"type":"LineString","coordinates":[[16.0605,31.0863],[16.0423,31.16],[15.9663,31.1575],[15.9505,31.2952],[15.8505,31.3913],[15.7981,31.3941],[15.7496,31.3741]]},"properties":{"id":696,"source":12380,"mouth":11732,"parent":696,"basin":696,"widthFactor":0.672,"sourceWidth":0.06,"discharge":57,"name":"Towbigley","type":"River"}},{"type":"Feature","geometry":{"type":"LineString","coordinates":[[-15.8965,35.3312],[-15.9475,35.3984],[-16.0285,35.3747],[-16.0991,35.3729],[-16.1055,35.3025],[-16.0934,35.2266],[-16.1629,35.1935],[-16.2831,35.1447],[-16.406,35.1864]]},"properties":{"id":697,"source":4674,"mouth":4868,"parent":1006,"basin":1006,"widthFactor":0.56,"sourceWidth":0.05,"discharge":68,"name":"Suvogsnes","type":"River"}},{"type":"Feature","geometry":{"type":"LineString","coordinates":[[16.0998,31.1499],[16.1114,31.2856],[16.0309,31.3956],[15.9526,31.4646],[15.8505,31.4429],[15.8149,31.465],[15.773,31.4649]]},"properties":{"id":698,"source":12065,"mouth":11414,"parent":698,"basin":698,"widthFactor":0.672,"sourceWidth":0.05,"discharge":59,"name":"Bingham","type":"River"}},{"type":"Feature","geometry":{"type":"LineString","coordinates":[[-8.5682,29.9394],[-8.5482,30.0423],[-8.4529,30.0861],[-8.3623,30.1032],[-8.3037,30.0321],[-8.2431,30.0271],[-8.185,30.045]]},"properties":{"id":699,"source":14750,"mouth":14426,"parent":1301,"basin":1301,"widthFactor":0.56,"sourceWidth":0.07,"discharge":66,"name":"Bilka","type":"Fork"}},{"type":"Feature","geometry":{"type":"LineString","coordinates":[[-23.5792,16.8249],[-23.5788,16.9411],[-23.6658,17.0181],[-23.7373,16.9748],[-23.804,17.0253],[-23.8683,17.0197],[-23.8724,17.0841],[-23.9384,17.1388],[-24.0164,17.1744]]},"properties":{"id":701,"source":46169,"mouth":45632,"parent":701,"basin":701,"widthFactor":0.672,"sourceWidth":0.05,"discharge":85,"name":"Cobunniga","type":"River"}},{"type":"Feature","geometry":{"type":"LineString","coordinates":[[-23.3524,21.1555],[-23.3892,20.9805],[-23.3562,20.8179],[-23.4318,20.6721],[-23.4486,20.6066],[-23.4945,20.4163]]},"properties":{"id":702,"source":36054,"mouth":37490,"parent":1635,"basin":1635,"widthFactor":0.56,"sourceWidth":0.04,"discharge":250,"name":"Vanore","type":"Fork"}},{"type":"Feature","geometry":{"type":"LineString","coordinates":[[-6.2949,29.512],[-6.165,29.4929],[-6.0566,29.5669],[-5.9571,29.5672],[-5.8605,29.5908]]},"properties":{"id":703,"source":15754,"mouth":15422,"parent":703,"basin":703,"widthFactor":0.672,"sourceWidth":0.06,"discharge":66,"name":"Yuzerdeki","type":"River"}},{"type":"Feature","geometry":{"type":"LineString","coordinates":[[-19.8505,18.1048],[-19.9596,18.0447],[-19.994,17.925],[-20.0605,17.8449],[-20.0356,17.7438],[-19.9656,17.6788],[-19.882,17.6324]]},"properties":{"id":704,"source":43518,"mouth":44197,"parent":704,"basin":704,"widthFactor":0.672,"sourceWidth":0.05,"discharge":90,"name":"Frascasalci","type":"River"}},{"type":"Feature","geometry":{"type":"LineString","coordinates":[[-15.817,22.9999],[-15.7687,23.0342],[-15.8161,23.0697],[-15.8282,23.138],[-15.8625,23.1983]]},"properties":{"id":706,"source":31007,"mouth":30629,"parent":1163,"basin":1304,"widthFactor":0.56,"sourceWidth":0.05,"discharge":77,"name":"Geilerharken","type":"River"}},{"type":"Feature","geometry":{"type":"LineString","coordinates":[[-15.1592,21.8339],[-15.2032,21.7462],[-15.1516,21.6627],[-15.0699,21.6654],[-15.0396,21.5896],[-15.0555,21.4632],[-15.1525,21.3806],[-15.1513,21.3408],[-15.1286,21.308]]},"properties":{"id":718,"source":34177,"mouth":35359,"parent":720,"basin":766,"widthFactor":0.56,"sourceWidth":0.07,"discharge":135,"name":"Yaninokbe","type":"River"}},{"type":"Feature","geometry":{"type":"LineString","coordinates":[[-6.1997,27.34],[-6.1556,27.3878],[-6.1714,27.4949],[-6.093,27.6732],[-6.1528,27.7239],[-6.302,27.808],[-6.4503,27.7717],[-6.4967,27.6727],[-6.7235,27.7163],[-6.8555,27.8955],[-6.9852,27.9481]]},"properties":{"id":719,"source":21024,"mouth":19553,"parent":719,"basin":719,"widthFactor":0.672,"sourceWidth":0.04,"discharge":281,"name":"Kumse","type":"River"}},{"type":"Feature","geometry":{"type":"LineString","coordinates":[[-15.1286,21.308],[-15.2074,21.234],[-15.2468,21.1335],[-15.2435,21.0391],[-15.3377,21.0474],[-15.4344,21.0323],[-15.531,21.0484]]},"properties":{"id":720,"source":35747,"mouth":36123,"parent":766,"basin":766,"widthFactor":0.56,"sourceWidth":0.59,"discharge":609,"name":"Beyrazse","type":"Fork"}},{"type":"Feature","geometry":{"type":"LineString","coordinates":[[1.096,24.1301],[1.1374,24.1733],[1.1673,24.1215],[1.1979,24.0709],[1.2391,24.1134],[1.2766,24.215],[1.2917,24.3223]]},"properties":{"id":721,"source":28543,"mouth":28545,"parent":721,"basin":721,"widthFactor":0.672,"sourceWidth":0.05,"discharge":54,"name":"Kurt","type":"River"}},{"type":"Feature","geometry":{"type":"LineString","coordinates":[[-6.2752,34.344],[-6.3537,34.5271],[-6.313,34.726],[-6.2532,34.8288],[-6.1111,34.944],[-6.2427,35.1319],[-6.3212,35.2734],[-6.3991,35.3671],[-6.5111,35.4187],[-6.5604,35.5445]]},"properties":{"id":726,"source":6304,"mouth":4557,"parent":726,"basin":726,"widthFactor":0.672,"sourceWidth":0.06,"discharge":276,"name":"Saala","type":"River"}},{"type":"Feature","geometry":{"type":"LineString","coordinates":[[-6.2676,20.37],[-6.3963,20.5397],[-6.3513,20.7171],[-6.4135,20.8691],[-6.5178,20.9943],[-6.5049,21.0971]]},"properties":{"id":727,"source":37985,"mouth":36570,"parent":727,"basin":727,"widthFactor":0.672,"sourceWidth":0.07,"discharge":124,"name":"Devri","type":"River"}},{"type":"Feature","geometry":{"type":"LineString","coordinates":[[-17.0757,18.4586],[-17.1562,18.3908],[-17.1484,18.286],[-17.2229,18.2458],[-17.2145,18.1617],[-17.2598,18.0752],[-17.213,17.9896],[-17.2477,17.9179],[-17.2609,17.8394]]},"properties":{"id":728,"source":42846,"mouth":43883,"parent":728,"basin":728,"widthFactor":0.672,"sourceWidth":0.07,"discharge":93,"name":"Ponzarodutta","type":"River"}},{"type":"Feature","geometry":{"type":"LineString","coordinates":[[1.3864,21.8936],[1.4075,21.7129],[1.2319,21.7397],[1.1836,21.579],[1.2743,21.4696],[1.4127,21.4371],[1.4266,21.2879],[1.44,21.1622]]},"properties":{"id":729,"source":34298,"mouth":35868,"parent":729,"basin":729,"widthFactor":0.672,"sourceWidth":0.04,"discharge":106,"name":"Teperin","type":"River"}},{"type":"Feature","geometry":{"type":"LineString","coordinates":[[19.8935,29.2007],[19.8203,29.0281],[19.8323,28.9483],[19.5993,28.9057],[19.6242,28.8355],[19.5419,28.7604]]},"properties":{"id":730,"source":16616,"mouth":17259,"parent":927,"basin":927,"widthFactor":0.56,"sourceWidth":0.06,"discharge":104,"name":"Newceshead","type":"River"}},{"type":"Feature","geometry":{"type":"LineString","coordinates":[[-6.758,18.9749],[-6.6536,18.9974],[-6.6092,19.0944],[-6.5162,19.0795],[-6.4566,19.1523]]},"properties":{"id":731,"source":41488,"mouth":41133,"parent":803,"basin":803,"widthFactor":0.56,"sourceWidth":0.05,"discharge":42,"name":"Aydildelen","type":"River"}},{"type":"Feature","geometry":{"type":"LineString","coordinates":[[-21.6847,17.2676],[-21.6175,17.1778],[-21.644,17.0688],[-21.6465,16.9824],[-21.7263,16.9492],[-21.7354,16.8478],[-21.6588,16.7805],[-21.6287,16.6972],[-21.5412,16.6839]]},"properties":{"id":732,"source":45384,"mouth":46188,"parent":650,"basin":650,"widthFactor":0.56,"sourceWidth":0.05,"discharge":55,"name":"Anoloniavig","type":"Fork"}},{"type":"Feature","geometry":{"type":"LineString","coordinates":[[-6.3838,16.5993],[-6.2805,16.594],[-6.2031,16.4851],[-6.2164,16.3521],[-6.292,16.2555],[-6.2977,16.1331],[-6.3054,15.9414],[-6.2633,15.8563]]},"properties":{"id":733,"source":46772,"mouth":47738,"parent":733,"basin":733,"widthFactor":0.672,"sourceWidth":0.06,"discharge":164,"name":"Torguilloro","type":"River"}},{"type":"Feature","geometry":{"type":"LineString","coordinates":[[17.3398,28.5142],[17.4247,28.5014],[17.445,28.4181],[17.4992,28.4273],[17.4824,28.3751]]},"properties":{"id":734,"source":18241,"mouth":18242,"parent":408,"basin":927,"widthFactor":0.56,"sourceWidth":0.05,"discharge":47,"name":"Lemyshl","type":"River"}},{"type":"Feature","geometry":{"type":"LineString","coordinates":[[-23.6313,35.412],[-23.7197,35.5096],[-23.8509,35.5215],[-23.92,35.5569],[-23.9729,35.5],[-24.0599,35.5134],[-24.1475,35.5038]]},"properties":{"id":736,"source":4643,"mouth":4446,"parent":736,"basin":736,"widthFactor":0.672,"sourceWidth":0.05,"discharge":88,"name":"Ailly","type":"River"}},{"type":"Feature","geometry":{"type":"LineString","coordinates":[[13.7427,21.002],[13.8129,21.0904],[13.79,21.2009],[13.7758,21.2962],[13.6872,21.3343]]},"properties":{"id":737,"source":36691,"mouth":36332,"parent":239,"basin":239,"widthFactor":0.56,"sourceWidth":0.04,"discharge":34,"name":"Kawe","type":"River"}},{"type":"Feature","geometry":{"type":"LineString","coordinates":[[20.5599,28.6676],[20.4279,28.6716],[20.3279,28.5854],[20.2892,28.4721],[20.2399,28.2871],[20.1323,28.2536],[20.1552,28.1757],[20.1758,28.0992],[20.2212,27.95]]},"properties":{"id":738,"source":17916,"mouth":19329,"parent":927,"basin":927,"widthFactor":0.56,"sourceWidth":0.06,"discharge":251,"name":"Buntaford","type":"Fork"}},{"type":"Feature","geometry":{"type":"LineString","coordinates":[[-10.3077,34.7461],[-10.355,34.7353],[-10.3068,34.7303],[-10.3013,34.5951],[-10.2092,34.496],[-10.1744,34.4037],[-10.1192,34.322]]},"properties":{"id":740,"source":5589,"mouth":6045,"parent":740,"basin":740,"widthFactor":0.672,"sourceWidth":0.04,"discharge":62,"name":"Kantasen","type":"River"}},{"type":"Feature","geometry":{"type":"LineString","coordinates":[[-11.4095,34.0361],[-11.4704,33.9796],[-11.4377,33.9032],[-11.501,33.8435],[-11.4731,33.7612],[-11.3903,33.7581],[-11.3616,33.6804],[-11.4055,33.6134],[-11.4664,33.5614]]},"properties":{"id":741,"source":6701,"mouth":7269,"parent":741,"basin":741,"widthFactor":0.672,"sourceWidth":0.04,"discharge":56,"name":"Kolmisara","type":"River"}},{"type":"Feature","geometry":{"type":"LineString","coordinates":[[-1.3147,33.2635],[-1.235,33.2787],[-1.2252,33.3591],[-1.1578,33.4003],[-1.1774,33.4767],[-1.136,33.536],[-1.1864,33.5876]]},"properties":{"id":742,"source":7960,"mouth":7537,"parent":643,"basin":643,"widthFactor":0.56,"sourceWidth":0.04,"discharge":58,"name":"Yeli","type":"River"}},{"type":"Feature","geometry":{"type":"LineString","coordinates":[[14.965,24.4069],[14.9601,24.3146],[15.0396,24.2673],[15.0277,24.2057],[15.0903,24.2009]]},"properties":{"id":743,"source":28050,"mouth":28340,"parent":508,"basin":508,"widthFactor":0.56,"sourceWidth":0.04,"discharge":34,"name":"Aslakaraok","type":"River"}},{"type":"Feature","geometry":{"type":"LineString","coordinates":[[-20.9685,21.4447],[-20.9024,21.4521],[-20.9121,21.5178],[-20.8443,21.5959],[-20.8676,21.6967],[-20.7817,21.7467],[-20.7097,21.8152]]},"properties":{"id":744,"source":35312,"mouth":34522,"parent":744,"basin":744,"widthFactor":0.672,"sourceWidth":0.06,"discharge":80,"name":"Ateria","type":"River"}},{"type":"Feature","geometry":{"type":"LineString","coordinates":[[-16.4777,17.8705],[-16.5386,17.8134],[-16.5059,17.7367],[-16.546,17.657],[-16.4925,17.5856],[-16.5203,17.5135],[-16.5256,17.4364]]},"properties":{"id":745,"source":44225,"mouth":44838,"parent":745,"basin":745,"widthFactor":0.672,"sourceWidth":0.04,"discharge":94,"name":"Terre","type":"River"}},{"type":"Feature","geometry":{"type":"LineString","coordinates":[[-8.0525,32.882],[-7.9954,32.8778],[-8.0219,32.827],[-7.9735,32.7251],[-8.019,32.6219],[-8.1087,32.5695],[-8.1846,32.4986]]},"properties":{"id":746,"source":8378,"mouth":8878,"parent":746,"basin":746,"widthFactor":0.672,"sourceWidth":0.08,"discharge":115,"name":"Bokeren","type":"River"}},{"type":"Feature","geometry":{"type":"LineString","coordinates":[[4.5798,23.0071],[4.5062,22.9422],[4.5228,22.8455],[4.4597,22.7929],[4.487,22.7155],[4.5294,22.6461],[4.4798,22.5816],[4.4244,22.5547],[4.3631,22.5496]]},"properties":{"id":748,"source":31124,"mouth":32310,"parent":748,"basin":748,"widthFactor":0.672,"sourceWidth":0.07,"discharge":121,"name":"Trerysthesyn","type":"River"}},{"type":"Feature","geometry":{"type":"LineString","coordinates":[[-20.1342,17.8289],[-20.1841,17.7492],[-20.1385,17.6669],[-20.1788,17.6216],[-20.1265,17.5908],[-20.0465,17.5405],[-19.9567,17.511]]},"properties":{"id":749,"source":44194,"mouth":44521,"parent":749,"basin":749,"widthFactor":0.672,"sourceWidth":0.05,"discharge":69,"name":"Pogniticico","type":"River"}},{"type":"Feature","geometry":{"type":"LineString","coordinates":[[-20.7575,25.6175],[-20.8456,25.5827],[-20.8585,25.4888],[-20.9089,25.4591],[-20.9436,25.4119]]},"properties":{"id":750,"source":25355,"mouth":25353,"parent":750,"basin":750,"widthFactor":0.672,"sourceWidth":0.05,"discharge":56,"name":"Ingne","type":"River"}},{"type":"Feature","geometry":{"type":"LineString","coordinates":[[22.0846,26.5966],[22.3009,26.6382],[22.4224,26.7156],[22.5951,26.7768],[22.5731,26.9092],[22.7171,27.0264],[22.6582,27.1827],[22.7912,27.2114],[22.8606,27.3237],[22.8606,27.3237],[22.9108,27.4251],[23.0309,27.5112],[23.1692,27.6785],[23.1467,27.7239]]},"properties":{"id":751,"source":23002,"mouth":20104,"parent":751,"basin":751,"widthFactor":0.672,"sourceWidth":0.05,"discharge":554,"name":"Bihuling","type":"River"}},{"type":"Feature","geometry":{"type":"LineString","coordinates":[[4.2391,28.519],[4.1532,28.4735],[4.1478,28.3765],[4.058,28.3058],[3.9846,28.2182]]},"properties":{"id":752,"source":18147,"mouth":18484,"parent":752,"basin":752,"widthFactor":0.672,"sourceWidth":0.04,"discharge":47,"name":"Alyurt","type":"River"}},{"type":"Feature","geometry":{"type":"LineString","coordinates":[[-6.8871,32.51],[-6.8234,32.4019],[-6.702,32.37],[-6.7091,32.3091],[-6.6929,32.25]]},"properties":{"id":753,"source":9161,"mouth":9439,"parent":753,"basin":753,"widthFactor":0.672,"sourceWidth":0.05,"discharge":58,"name":"Ayteri","type":"River"}},{"type":"Feature","geometry":{"type":"LineString","coordinates":[[20.9561,17.1897],[20.8647,17.2121],[20.8011,17.1429],[20.7247,17.191],[20.6384,17.2179]]},"properties":{"id":754,"source":45590,"mouth":45855,"parent":754,"basin":754,"widthFactor":0.672,"sourceWidth":0.05,"discharge":40,"name":"Marmacamon","type":"River"}},{"type":"Feature","geometry":{"type":"LineString","coordinates":[[-22.1282,17.2131],[-22.1535,17.1252],[-22.2463,17.0888],[-22.4229,17.0888],[-22.4142,16.9134],[-22.4286,16.857],[-22.4324,16.6586],[-22.3564,16.5935],[-22.4731,16.5481],[-22.5908,16.4257]]},"properties":{"id":755,"source":45381,"mouth":46671,"parent":755,"basin":755,"widthFactor":0.672,"sourceWidth":0.06,"discharge":561,"name":"Tauteranna","type":"River"}},{"type":"Feature","geometry":{"type":"LineString","coordinates":[[-15.4616,35.6458],[-15.3728,35.6725],[-15.3549,35.7634],[-15.2638,35.8033],[-15.1846,35.8633]]},"properties":{"id":757,"source":4289,"mouth":4099,"parent":757,"basin":757,"widthFactor":0.672,"sourceWidth":0.05,"discharge":44,"name":"Ogsvogdak","type":"River"}},{"type":"Feature","geometry":{"type":"LineString","coordinates":[[-10.7627,18.5843],[-10.8192,18.5204],[-10.7809,18.4442],[-10.855,18.3781],[-10.9115,18.2965]]},"properties":{"id":758,"source":42547,"mouth":42893,"parent":758,"basin":758,"widthFactor":0.672,"sourceWidth":0.04,"discharge":36,"name":"Yaltun","type":"River"}},{"type":"Feature","geometry":{"type":"LineString","coordinates":[[-0.9822,23.1132],[-1.0692,23.0878],[-1.085,22.9985],[-1.1031,22.953],[-1.0979,22.9043]]},"properties":{"id":759,"source":30705,"mouth":31082,"parent":759,"basin":759,"widthFactor":0.672,"sourceWidth":0.06,"discharge":59,"name":"Sarpkoyru","type":"River"}},{"type":"Feature","geometry":{"type":"LineString","coordinates":[[4.3033,26.5512],[4.3598,26.5726],[4.3248,26.6219],[4.3122,26.6957],[4.2774,26.762]]},"properties":{"id":760,"source":22868,"mouth":22489,"parent":760,"basin":760,"widthFactor":0.672,"sourceWidth":0.06,"discharge":58,"name":"Yaya","type":"River"}},{"type":"Feature","geometry":{"type":"LineString","coordinates":[[-15.8008,21.0799],[-15.8684,21.0674],[-15.9118,21.0139],[-16.0229,21.0289],[-16.0601,20.9231],[-16.1693,20.9444],[-16.2801,20.9346]]},"properties":{"id":766,"source":36114,"mouth":36485,"parent":766,"basin":766,"widthFactor":0.672,"sourceWidth":0.78,"discharge":761,"name":"Bozokdi","type":"River"}},{"type":"Feature","geometry":{"type":"LineString","coordinates":[[-9.5236,27.3367],[-9.5561,27.154],[-9.6982,27.1813],[-9.8241,27.1846],[-9.8795,27.2654],[-9.9661,27.2735],[-10.1723,27.3108],[-10.2761,27.2769]]},"properties":{"id":771,"source":20999,"mouth":20995,"parent":1272,"basin":1304,"widthFactor":0.56,"sourceWidth":0.05,"discharge":111,"name":"Freudensbach","type":"Fork"}},{"type":"Feature","geometry":{"type":"LineString","coordinates":[[-25.4536,21.4772],[-25.5354,21.5508],[-25.6468,21.6359],[-25.787,21.6316],[-25.8191,21.7005],[-26.008,21.7134],[-26.1463,21.5805],[-26.2582,21.7435],[-26.3812,21.7186],[-26.5371,21.6211],[-26.5601,21.5112]]},"properties":{"id":772,"source":35278,"mouth":34482,"parent":772,"basin":772,"widthFactor":0.672,"sourceWidth":0.05,"discharge":164,"name":"Sevantigneau","type":"River"}},{"type":"Feature","geometry":{"type":"LineString","coordinates":[[-20.5255,17.7056],[-20.603,17.6635],[-20.6972,17.5473],[-20.6633,17.4541],[-20.6245,17.3107],[-20.58,17.2117],[-20.4891,17.1108],[-20.4346,17.1472],[-20.371,17.2131]]},"properties":{"id":773,"source":44517,"mouth":45661,"parent":773,"basin":773,"widthFactor":0.672,"sourceWidth":0.06,"discharge":168,"name":"Beira","type":"River"}},{"type":"Feature","geometry":{"type":"LineString","coordinates":[[-9.5136,37.562],[-9.4877,37.6877],[-9.4887,37.8254],[-9.3026,37.7915],[-9.2069,37.9703],[-9.005,37.9268],[-8.807,37.8278],[-8.74,37.6605],[-8.8409,37.5739],[-8.8936,37.398],[-8.7371,37.2742],[-8.6233,37.2168],[-8.51,37.2748],[-8.3845,37.2536],[-8.3989,37.0629],[-8.3845,36.9754],[-8.4381,36.8874],[-8.5725,36.8128]]},"properties":{"id":774,"source":1961,"mouth":2808,"parent":774,"basin":774,"widthFactor":0.672,"sourceWidth":0.07,"discharge":506,"name":"Jarvi","type":"River"}},{"type":"Feature","geometry":{"type":"LineString","coordinates":[[-7.8918,33.2645],[-7.7176,33.285],[-7.676,33.361],[-7.6664,33.5523],[-7.7583,33.6814],[-7.7894,33.7851],[-7.7167,33.8946]]},"properties":{"id":775,"source":7915,"mouth":7101,"parent":775,"basin":775,"widthFactor":0.672,"sourceWidth":0.07,"discharge":230,"name":"Vaakka","type":"River"}},{"type":"Feature","geometry":{"type":"LineString","coordinates":[[21.5775,17.1061],[21.5894,16.9915],[21.6837,16.9253],[21.6651,16.8508],[21.7325,16.8139]]},"properties":{"id":776,"source":45861,"mouth":46130,"parent":234,"basin":234,"widthFactor":0.56,"sourceWidth":0.06,"discharge":56,"name":"Chales","type":"River"}},{"type":"Feature","geometry":{"type":"LineString","coordinates":[[-4.7989,34.1762],[-4.8118,34.3126],[-4.7324,34.4243],[-4.6504,34.4576],[-4.5846,34.3985],[-4.4501,34.3726],[-4.3296,34.4377]]},"properties":{"id":777,"source":6535,"mouth":6316,"parent":837,"basin":837,"widthFactor":0.56,"sourceWidth":0.04,"discharge":46,"name":"Erten","type":"Fork"}},{"type":"Feature","geometry":{"type":"LineString","coordinates":[[-10.4546,23.6267],[-10.3833,23.4321],[-10.3886,23.2404],[-10.4512,23.172],[-10.5665,23.1233],[-10.6924,23.1271]]},"properties":{"id":778,"source":29641,"mouth":30674,"parent":1304,"basin":1304,"widthFactor":0.56,"sourceWidth":0.05,"discharge":127,"name":"Vogtsburg","type":"River"}},{"type":"Feature","geometry":{"type":"LineString","coordinates":[[-7.4435,40.1652],[-7.3272,40.1765],[-7.2584,40.2708],[-7.1574,40.2824],[-7.1091,40.3717],[-7.0242,40.3275],[-6.9311,40.3048]]},"properties":{"id":779,"source":804,"mouth":696,"parent":779,"basin":779,"widthFactor":0.672,"sourceWidth":0.05,"discharge":112,"name":"Koldista","type":"River"}},{"type":"Feature","geometry":{"type":"LineString","coordinates":[[-3.2101,33.9558],[-3.179,34.0208],[-3.1106,33.9978],[-3.0346,34.0293],[-2.9786,33.9692]]},"properties":{"id":780,"source":6950,"mouth":6951,"parent":326,"basin":326,"widthFactor":0.56,"sourceWidth":0.05,"discharge":40,"name":"Devri","type":"Fork"}},{"type":"Feature","geometry":{"type":"LineString","coordinates":[[-3.4464,34.4635],[-3.3555,34.6332],[-3.2857,34.6777],[-3.1871,34.7575],[-3.1493,34.7982],[-3.0082,34.9483],[-2.8661,35.0769],[-2.8465,35.2404]]},"properties":{"id":781,"source":6096,"mouth":5180,"parent":837,"basin":837,"widthFactor":0.56,"sourceWidth":0.05,"discharge":118,"name":"Orkor","type":"River"}},{"type":"Feature","geometry":{"type":"LineString","coordinates":[[-20.9881,27.4791],[-21.034,27.3548],[-21.1635,27.3656],[-21.2666,27.2865],[-21.4182,27.1674],[-21.4871,27.1],[-21.5723,26.8963],[-21.6469,26.7816]]},"properties":{"id":782,"source":20557,"mouth":21984,"parent":232,"basin":232,"widthFactor":0.56,"sourceWidth":0.04,"discharge":153,"name":"Villons","type":"River"}},{"type":"Feature","geometry":{"type":"LineString","coordinates":[[-4.7185,32.5712],[-4.8491,32.5316],[-4.9682,32.4594],[-5.173,32.5631],[-5.2529,32.5024],[-5.3853,32.4472],[-5.4596,32.3245],[-5.5074,32.2141],[-5.5294,32.118],[-5.583,31.9765]]},"properties":{"id":783,"source":9181,"mouth":10055,"parent":783,"basin":783,"widthFactor":0.672,"sourceWidth":0.07,"discharge":289,"name":"Karkaynuz","type":"River"}},{"type":"Feature","geometry":{"type":"LineString","coordinates":[[-20.3145,29.3499],[-20.2935,29.4355],[-20.3628,29.49],[-20.4584,29.4636],[-20.5332,29.5287],[-20.5775,29.5774],[-20.5298,29.6229]]},"properties":{"id":784,"source":15997,"mouth":15651,"parent":651,"basin":360,"widthFactor":0.56,"sourceWidth":0.05,"discharge":63,"name":"Marlin","type":"River"}},{"type":"Feature","geometry":{"type":"LineString","coordinates":[[-6.1571,27.8912],[-6.1597,27.8315],[-6.2164,27.8506],[-6.2824,27.938],[-6.392,27.9424],[-6.4648,27.8719],[-6.4503,27.7717]]},"properties":{"id":785,"source":19559,"mouth":19557,"parent":719,"basin":719,"widthFactor":0.56,"sourceWidth":0.09,"discharge":92,"name":"Sarprakbe","type":"River"}},{"type":"Feature","geometry":{"type":"LineString","coordinates":[[2.1083,23.3317],[2.0815,23.2601],[2.1456,23.2184],[2.1567,23.1075],[2.2485,23.0444]]},"properties":{"id":789,"source":30359,"mouth":30726,"parent":987,"basin":987,"widthFactor":0.56,"sourceWidth":0.06,"discharge":68,"name":"Algesenka","type":"Fork"}},{"type":"Feature","geometry":{"type":"LineString","coordinates":[[-5.6868,20.1194],[-5.5706,20.0817],[-5.3988,19.944],[-5.2759,19.8656],[-5.2692,19.7398],[-5.1553,19.6175],[-5.024,19.6301],[-4.9137,19.5577],[-4.9587,19.4649],[-5.0156,19.2828]]},"properties":{"id":791,"source":38680,"mouth":40409,"parent":791,"basin":791,"widthFactor":0.672,"sourceWidth":0.05,"discharge":143,"name":"Aytekesen","type":"River"}},{"type":"Feature","geometry":{"type":"LineString","coordinates":[[3.8071,34.7618],[3.901,34.7508],[3.9564,34.8273],[3.9038,34.9105],[3.9449,34.9999],[4.0441,35.063],[4.1583,35.0353],[4.2405,35.0341],[4.32,35.0554]]},"properties":{"id":792,"source":5672,"mouth":5214,"parent":792,"basin":792,"widthFactor":0.672,"sourceWidth":0.05,"discharge":123,"name":"Beynakbe","type":"River"}},{"type":"Feature","geometry":{"type":"LineString","coordinates":[[2.9345,33.4275],[2.8355,33.4198],[2.7111,33.373],[2.4987,33.4155],[2.4255,33.4657],[2.2265,33.4524]]},"properties":{"id":793,"source":7762,"mouth":7549,"parent":793,"basin":793,"widthFactor":0.672,"sourceWidth":0.06,"discharge":142,"name":"Alokorman","type":"River"}},{"type":"Feature","geometry":{"type":"LineString","coordinates":[[3.0742,33.056],[2.8915,32.9159],[3.0077,32.8074],[2.9087,32.6616],[2.758,32.6071],[2.6571,32.6458]]},"properties":{"id":796,"source":8220,"mouth":8960,"parent":1301,"basin":1301,"widthFactor":0.56,"sourceWidth":0.08,"discharge":145,"name":"Kopukozyol","type":"River"}},{"type":"Feature","geometry":{"type":"LineString","coordinates":[[18.6478,32.9805],[18.5749,32.965],[18.5468,33.034],[18.4605,33.0847],[18.454,33.1846],[18.4143,33.2542],[18.4664,33.3151],[18.4478,33.4088],[18.4076,33.4954]]},"properties":{"id":797,"source":8557,"mouth":7846,"parent":1301,"basin":1301,"widthFactor":0.56,"sourceWidth":0.05,"discharge":103,"name":"Wisted","type":"River"}},{"type":"Feature","geometry":{"type":"LineString","coordinates":[[9.6705,22.5935],[9.7582,22.6152],[9.7772,22.7035],[9.8147,22.788],[9.759,22.8618],[9.7193,22.9687],[9.6136,23.0114],[9.6334,23.081],[9.6308,23.1534]]},"properties":{"id":798,"source":32351,"mouth":31170,"parent":798,"basin":798,"widthFactor":0.672,"sourceWidth":0.06,"discharge":110,"name":"Abermay","type":"River"}},{"type":"Feature","geometry":{"type":"LineString","coordinates":[[22.9458,23.501],[23.1232,23.5316],[23.139,23.6884],[23.1998,23.7854],[23.2768,23.8371],[23.3873,23.828],[23.4466,23.9829]]},"properties":{"id":799,"source":30156,"mouth":29242,"parent":799,"basin":799,"widthFactor":0.672,"sourceWidth":0.07,"discharge":122,"name":"Cocheapsea","type":"River"}},{"type":"Feature","geometry":{"type":"LineString","coordinates":[[-12.3271,18.537],[-12.2065,18.3897],[-12.2601,18.319],[-12.394,18.2516],[-12.3955,18.0737],[-12.2515,18.0254]]},"properties":{"id":800,"source":42536,"mouth":43585,"parent":800,"basin":800,"widthFactor":0.672,"sourceWidth":0.07,"discharge":158,"name":"Sarpkordu","type":"River"}},{"type":"Feature","geometry":{"type":"LineString","coordinates":[[-24.5427,34.703],[-24.6943,34.6222],[-24.7536,34.4616],[-24.8158,34.4597],[-24.8728,34.4262],[-24.8326,34.2661],[-24.7977,34.0973]]},"properties":{"id":801,"source":5745,"mouth":6423,"parent":801,"basin":801,"widthFactor":0.672,"sourceWidth":0.05,"discharge":162,"name":"Sulinesseroy","type":"River"}},{"type":"Feature","geometry":{"type":"LineString","coordinates":[[19.4917,32.4546],[19.5885,32.4249],[19.6668,32.489],[19.7729,32.4866],[19.8395,32.5693]]},"properties":{"id":802,"source":9353,"mouth":9354,"parent":308,"basin":308,"widthFactor":0.56,"sourceWidth":0.06,"discharge":54,"name":"Wararingham","type":"River"}},{"type":"Feature","geometry":{"type":"LineString","coordinates":[[-6.6116,19.2053],[-6.5496,19.1336],[-6.4566,19.1523],[-6.351,19.078],[-6.2231,19.0949],[-6.163,19.0476],[-6.0915,19.0203]]},"properties":{"id":803,"source":40767,"mouth":41135,"parent":803,"basin":803,"widthFactor":0.672,"sourceWidth":0.07,"discharge":125,"name":"Buyburte","type":"River"}},{"type":"Feature","geometry":{"type":"LineString","coordinates":[[18.5262,32.8002],[18.5028,32.9],[18.4071,32.937],[18.3316,33.0105],[18.2272,32.9948],[18.1417,32.9857],[18.0617,32.9542]]},"properties":{"id":804,"source":8805,"mouth":8319,"parent":804,"basin":804,"widthFactor":0.672,"sourceWidth":0.06,"discharge":78,"name":"Portsmouth","type":"River"}},{"type":"Feature","geometry":{"type":"LineString","coordinates":[[20.4657,26.5975],[20.3759,26.5022],[20.2452,26.4933],[20.1713,26.4645],[20.1217,26.5263],[20.0854,26.6015],[20.0299,26.664]]},"properties":{"id":805,"source":22991,"mouth":22989,"parent":927,"basin":927,"widthFactor":0.56,"sourceWidth":0.05,"discharge":51,"name":"Darleydon","type":"River"}},{"type":"Feature","geometry":{"type":"LineString","coordinates":[[-5.5108,28.3736],[-5.4406,28.2943],[-5.3352,28.3038],[-5.2603,28.3015],[-5.2419,28.3741],[-5.179,28.3851],[-5.1242,28.4176]]},"properties":{"id":806,"source":18450,"mouth":18452,"parent":1304,"basin":1304,"widthFactor":0.56,"sourceWidth":0.05,"discharge":65,"name":"Terentepe","type":"River"}},{"type":"Feature","geometry":{"type":"LineString","coordinates":[[-11.6257,20.8676],[-11.7232,20.9052],[-11.7492,21.0063],[-11.8099,21.0233],[-11.7865,21.0818],[-11.8164,21.1325],[-11.8635,21.1679]]},"properties":{"id":807,"source":36873,"mouth":36156,"parent":1619,"basin":1649,"widthFactor":0.56,"sourceWidth":0.05,"discharge":89,"name":"Poynuzbey","type":"Fork"}},{"type":"Feature","geometry":{"type":"LineString","coordinates":[[-22.74,21.0187],[-22.801,20.9324],[-22.7673,20.8323],[-22.8358,20.7844],[-22.8166,20.7032],[-22.8223,20.631],[-22.8051,20.5607]]},"properties":{"id":809,"source":36433,"mouth":37138,"parent":1635,"basin":1635,"widthFactor":0.56,"sourceWidth":0.05,"discharge":70,"name":"Necorgola","type":"River"}},{"type":"Feature","geometry":{"type":"LineString","coordinates":[[-9.5145,21.4351],[-9.5936,21.5008],[-9.6925,21.4729],[-9.7813,21.4436],[-9.8599,21.3931]]},"properties":{"id":810,"source":35413,"mouth":35016,"parent":810,"basin":810,"widthFactor":0.672,"sourceWidth":0.07,"discharge":61,"name":"Erbeyli","type":"River"}},{"type":"Feature","geometry":{"type":"LineString","coordinates":[[2.3935,21.4208],[2.4553,21.3687],[2.4241,21.2941],[2.4052,21.2008],[2.3155,21.1688],[2.2647,21.1054],[2.2337,21.0302]]},"properties":{"id":811,"source":35494,"mouth":36246,"parent":811,"basin":811,"widthFactor":0.672,"sourceWidth":0.05,"discharge":59,"name":"Llanverambo","type":"River"}},{"type":"Feature","geometry":{"type":"LineString","coordinates":[[-23.0998,35.9929],[-23.1115,36.1157],[-23.2074,36.1932],[-23.201,36.254],[-23.218,36.3127]]},"properties":{"id":812,"source":3895,"mouth":3508,"parent":812,"basin":812,"widthFactor":0.672,"sourceWidth":0.06,"discharge":79,"name":"Skongar","type":"River"}},{"type":"Feature","geometry":{"type":"LineString","coordinates":[[19.4099,34.2168],[19.4436,34.1639],[19.4902,34.2058],[19.5619,34.177],[19.639,34.1709]]},"properties":{"id":814,"source":6633,"mouth":6634,"parent":814,"basin":814,"widthFactor":0.672,"sourceWidth":0.05,"discharge":40,"name":"Seamer","type":"River"}},{"type":"Feature","geometry":{"type":"LineString","coordinates":[[-8.3874,33.0909],[-8.4896,33.0306],[-8.5142,32.9145],[-8.5594,32.8617],[-8.5845,32.7969]]},"properties":{"id":815,"source":8139,"mouth":8373,"parent":1315,"basin":1315,"widthFactor":0.56,"sourceWidth":0.05,"discharge":76,"name":"Ahmavamaa","type":"River"}},{"type":"Feature","geometry":{"type":"LineString","coordinates":[[-5.5194,20.6033],[-5.4913,20.7127],[-5.3892,20.7615],[-5.3285,20.7187],[-5.3581,20.6506],[-5.2957,20.62],[-5.2266,20.6114]]},"properties":{"id":816,"source":37634,"mouth":37286,"parent":816,"basin":816,"widthFactor":0.672,"sourceWidth":0.06,"discharge":93,"name":"Kakayramka","type":"River"}},{"type":"Feature","geometry":{"type":"LineString","coordinates":[[-7.1512,41.1873],[-7.1818,41.1221],[-7.2502,41.1448],[-7.3344,41.1859],[-7.4057,41.2466]]},"properties":{"id":817,"source":498,"mouth":496,"parent":817,"basin":817,"widthFactor":0.672,"sourceWidth":0.06,"discharge":57,"name":"Pioltta","type":"River"}},{"type":"Feature","geometry":{"type":"LineString","coordinates":[[-13.9388,25.4678],[-13.8804,25.3893],[-13.7829,25.398],[-13.6872,25.3863],[-13.5915,25.398]]},"properties":{"id":818,"source":25726,"mouth":25728,"parent":1304,"basin":1304,"widthFactor":0.56,"sourceWidth":0.05,"discharge":55,"name":"Lienbach","type":"River"}},{"type":"Feature","geometry":{"type":"LineString","coordinates":[[22.5391,20.0429],[22.5998,19.9757],[22.6869,20.0004],[22.7729,19.9875],[22.8592,19.998]]},"properties":{"id":819,"source":39209,"mouth":39210,"parent":819,"basin":819,"widthFactor":0.672,"sourceWidth":0.05,"discharge":51,"name":"Ashfield","type":"River"}},{"type":"Feature","geometry":{"type":"LineString","coordinates":[[-11.8678,18.4638],[-11.8938,18.3646],[-11.8267,18.2869],[-11.8579,18.2269],[-11.8668,18.1598]]},"properties":{"id":820,"source":42882,"mouth":43237,"parent":820,"basin":820,"widthFactor":0.672,"sourceWidth":0.05,"discharge":46,"name":"Dumanse","type":"River"}},{"type":"Feature","geometry":{"type":"LineString","coordinates":[[-5.7734,38.2906],[-5.6906,38.4713],[-5.6394,38.6468],[-5.732,38.7496],[-5.7394,38.8877],[-5.5399,38.9135],[-5.4313,38.9652]]},"properties":{"id":822,"source":1464,"mouth":1208,"parent":822,"basin":822,"widthFactor":0.672,"sourceWidth":0.06,"discharge":139,"name":"Viojakkalu","type":"River"}},{"type":"Feature","geometry":{"type":"LineString","coordinates":[[-5.9758,37.7518],[-6.0442,37.831],[-6.1485,37.8216],[-6.1848,37.8783],[-6.2384,37.9191]]},"properties":{"id":823,"source":1834,"mouth":1694,"parent":823,"basin":823,"widthFactor":0.672,"sourceWidth":0.06,"discharge":72,"name":"Ramen","type":"River"}},{"type":"Feature","geometry":{"type":"LineString","coordinates":[[7.1885,26.991],[7.2187,27.0415],[7.2569,26.9967],[7.3013,26.9305],[7.3244,26.8543]]},"properties":{"id":824,"source":21772,"mouth":21773,"parent":824,"basin":824,"widthFactor":0.672,"sourceWidth":0.04,"discharge":44,"name":"Desente","type":"River"}},{"type":"Feature","geometry":{"type":"LineString","coordinates":[[-4.4401,32.8275],[-4.5219,32.8873],[-4.6362,33.0718],[-4.8085,33.0589],[-4.9218,33.2061],[-5.0788,33.2625],[-5.1194,33.3964],[-4.9745,33.5078],[-4.8879,33.602],[-4.7899,33.7032],[-4.7668,33.842],[-4.6917,33.9314],[-4.6243,34.0466],[-4.5678,34.1116],[-4.485,34.2704],[-4.3296,34.4377],[-4.3406,34.5496],[-4.2664,34.714],[-4.2612,34.8082],[-4.2191,34.9182],[-4.3066,35.0348],[-4.2413,35.1435],[-4.1277,35.1998],[-3.9272,35.271],[-3.8177,35.3317],[-3.622,35.38],[-3.4981,35.3767],[-3.3321,35.423],[-3.235,35.2557],[-3.1192,35.15],[-2.9996,35.1567],[-2.913,35.2385],[-2.8465,35.2404],[-2.7236,35.4029],[-2.569,35.5277],[-2.5303,35.6544]]},"properties":{"id":837,"source":8640,"mouth":4584,"parent":837,"basin":837,"widthFactor":0.672,"sourceWidth":0.06,"discharge":1758,"name":"Derikensu","type":"River"}},{"type":"Feature","geometry":{"type":"LineString","coordinates":[[-4.2722,33.4213],[-4.43,33.34],[-4.5865,33.2654],[-4.6601,33.2071],[-4.8864,33.2778],[-5.0788,33.2625]]},"properties":{"id":838,"source":7721,"mouth":7936,"parent":837,"basin":837,"widthFactor":0.56,"sourceWidth":0.06,"discharge":78,"name":"Buyayaz","type":"River"}},{"type":"Feature","geometry":{"type":"LineString","coordinates":[[-5.2505,33.8076],[-5.1988,33.7672],[-5.2424,33.7182],[-5.2168,33.6295],[-5.2821,33.5642]]},"properties":{"id":840,"source":7119,"mouth":7307,"parent":644,"basin":837,"widthFactor":0.56,"sourceWidth":0.04,"discharge":42,"name":"Aslankorte","type":"Fork"}},{"type":"Feature","geometry":{"type":"LineString","coordinates":[[3.6191,33.2783],[3.6227,33.3421],[3.6856,33.3309],[3.743,33.379],[3.8024,33.3333]]},"properties":{"id":841,"source":7993,"mouth":7767,"parent":686,"basin":686,"widthFactor":0.56,"sourceWidth":0.04,"discharge":52,"name":"Akabayvar","type":"River"}},{"type":"Feature","geometry":{"type":"LineString","coordinates":[[-2.6264,32.4551],[-2.4657,32.5225],[-2.3853,32.4876],[-2.2098,32.3752],[-2.0562,32.3857],[-1.995,32.478],[-1.9141,32.6745],[-1.7758,32.6391]]},"properties":{"id":842,"source":9195,"mouth":8922,"parent":842,"basin":842,"widthFactor":0.672,"sourceWidth":0.05,"discharge":229,"name":"Alberensu","type":"River"}},{"type":"Feature","geometry":{"type":"LineString","coordinates":[[-3.9502,33.9228],[-4.0827,33.9792],[-4.286,33.9108],[-4.3578,33.9978],[-4.4209,34.1131],[-4.4501,34.2034],[-4.485,34.2704]]},"properties":{"id":846,"source":6945,"mouth":6538,"parent":837,"basin":837,"widthFactor":0.56,"sourceWidth":0.06,"discharge":98,"name":"Turk","type":"Fork"}},{"type":"Feature","geometry":{"type":"LineString","coordinates":[[-8.1099,39.1741],[-8.1482,39.2707],[-8.2979,39.3209],[-8.3386,39.4586],[-8.4108,39.6187],[-8.4486,39.6455],[-8.342,39.8162],[-8.2525,39.911],[-8.242,40.0409],[-8.2664,40.1437],[-8.4419,40.192],[-8.5984,40.2398],[-8.7017,40.312],[-8.7701,40.4692],[-8.7979,40.507],[-8.8888,40.606],[-8.8156,40.7633]]},"properties":{"id":848,"source":1145,"mouth":585,"parent":848,"basin":848,"widthFactor":0.672,"sourceWidth":0.07,"discharge":718,"name":"Virvi","type":"River"}},{"type":"Feature","geometry":{"type":"LineString","coordinates":[[-3.6742,34.6375],[-3.8335,34.6791],[-4.022,34.7484],[-4.12,34.7618],[-4.1837,34.8796],[-4.1578,35.0109],[-4.1277,35.1998]]},"properties":{"id":849,"source":5859,"mouth":5392,"parent":837,"basin":837,"widthFactor":0.56,"sourceWidth":0.04,"discharge":100,"name":"Turkut","type":"Fork"}},{"type":"Feature","geometry":{"type":"LineString","coordinates":[[-20.9245,27.787],[-21.124,27.8004],[-21.2221,28.0093],[-21.3424,28.0753],[-21.3938,28.2025],[-21.2843,28.3803],[-21.2838,28.4377],[-21.3847,28.5314],[-21.367,28.5964],[-21.3818,28.7599],[-21.356,28.8546],[-21.4694,28.9966],[-21.541,29.1089],[-21.6646,29.1586],[-21.7617,29.1706]]},"properties":{"id":850,"source":19817,"mouth":16330,"parent":850,"basin":850,"widthFactor":0.672,"sourceWidth":0.04,"discharge":275,"name":"Damunny","type":"River"}},{"type":"Feature","geometry":{"type":"LineString","coordinates":[[19.2175,19.4582],[19.2307,19.3137],[19.3309,19.2087],[19.3326,19.1457],[19.395,19.1542],[19.4236,19.103],[19.4668,19.1427]]},"properties":{"id":851,"source":40586,"mouth":41318,"parent":52,"basin":1472,"widthFactor":0.56,"sourceWidth":0.05,"discharge":52,"name":"Sidolis","type":"River"}},{"type":"Feature","geometry":{"type":"LineString","coordinates":[[-11.1272,35.8127],[-11.1261,35.7301],[-11.2038,35.7018],[-11.2687,35.6645],[-11.3191,35.7199]]},"properties":{"id":852,"source":4136,"mouth":4328,"parent":915,"basin":915,"widthFactor":0.56,"sourceWidth":0.07,"discharge":63,"name":"Aamekose","type":"Fork"}},{"type":"Feature","geometry":{"type":"LineString","coordinates":[[3.2919,33.6508],[3.305,33.7631],[3.2273,33.8453],[3.2272,33.9329],[3.1479,33.9701],[3.0636,33.9857],[3.0422,34.0686],[2.9895,34.0628],[3.0087,34.1121]]},"properties":{"id":853,"source":7354,"mouth":6788,"parent":682,"basin":682,"widthFactor":0.56,"sourceWidth":0.05,"discharge":103,"name":"Kumka","type":"River"}},{"type":"Feature","geometry":{"type":"LineString","coordinates":[[19.0625,19.0399],[19.1395,18.9767],[19.2343,19.0074],[19.3177,18.9691],[19.3912,19.0241]]},"properties":{"id":854,"source":41674,"mouth":41675,"parent":52,"basin":1472,"widthFactor":0.56,"sourceWidth":0.04,"discharge":52,"name":"Hiepinon","type":"River"}},{"type":"Feature","geometry":{"type":"LineString","coordinates":[[19.6448,30.0345],[19.5729,30.1036],[19.4759,30.0804],[19.4158,30.0291],[19.3491,30.0713],[19.2297,30.1334],[19.1783,30.2578]]},"properties":{"id":855,"source":14611,"mouth":14609,"parent":595,"basin":755,"widthFactor":0.56,"sourceWidth":0.05,"discharge":44,"name":"Averingley","type":"Fork"}},{"type":"Feature","geometry":{"type":"LineString","coordinates":[[-1.6534,31.6184],[-1.7437,31.6182],[-1.7835,31.6992],[-1.8433,31.7783],[-1.8103,31.8718],[-1.759,31.9776],[-1.7998,32.0879]]},"properties":{"id":856,"source":10954,"mouth":10382,"parent":512,"basin":512,"widthFactor":0.56,"sourceWidth":0.06,"discharge":59,"name":"Cereselen","type":"River"}},{"type":"Feature","geometry":{"type":"LineString","coordinates":[[-11.355,36.5092],[-11.3913,36.5757],[-11.3506,36.7459],[-11.2894,36.8076],[-11.1181,36.9739],[-11.1086,37.0633],[-10.9684,37.1255]]},"properties":{"id":857,"source":3180,"mouth":2458,"parent":857,"basin":857,"widthFactor":0.672,"sourceWidth":0.06,"discharge":147,"name":"Lohtisuo","type":"River"}},{"type":"Feature","geometry":{"type":"LineString","coordinates":[[-18.1971,29.4799],[-17.99,29.5669],[-18.0196,29.653],[-17.9732,29.7352],[-17.835,29.8825],[-17.7651,30.0441]]},"properties":{"id":858,"source":15667,"mouth":14680,"parent":858,"basin":858,"widthFactor":0.672,"sourceWidth":0.06,"discharge":106,"name":"Ormenay","type":"River"}},{"type":"Feature","geometry":{"type":"LineString","coordinates":[[-22.9745,17.5617],[-23.0412,17.6837],[-23.1711,17.7338],[-23.2149,17.8245],[-23.3146,17.8399]]},"properties":{"id":860,"source":44802,"mouth":44499,"parent":619,"basin":439,"widthFactor":0.56,"sourceWidth":0.06,"discharge":55,"name":"Fiuci","type":"River"}},{"type":"Feature","geometry":{"type":"LineString","coordinates":[[-7.8291,40.2388],[-7.9205,40.2323],[-7.9564,40.148],[-8.0463,40.0587],[-8.1731,40.0557],[-8.2513,40.0662],[-8.2664,40.1437]]},"properties":{"id":861,"source":745,"mouth":852,"parent":848,"basin":848,"widthFactor":0.56,"sourceWidth":0.05,"discharge":95,"name":"Vaaksakisa","type":"Fork"}},{"type":"Feature","geometry":{"type":"LineString","coordinates":[[-6.5154,34.9416],[-6.47,34.9993],[-6.5202,35.053],[-6.4888,35.1455],[-6.5498,35.2218],[-6.5219,35.29],[-6.5824,35.3322],[-6.5601,35.4372],[-6.5604,35.5445]]},"properties":{"id":864,"source":5375,"mouth":4742,"parent":864,"basin":864,"widthFactor":0.672,"sourceWidth":0.06,"discharge":103,"name":"Vilpio","type":"River"}},{"type":"Feature","geometry":{"type":"LineString","coordinates":[[11.9008,21.7598],[11.8745,21.8109],[11.9319,21.8157],[11.9998,21.8633],[12.0687,21.8171],[12.156,21.7888],[12.2237,21.8506],[12.285,21.8608],[12.3386,21.8922]]},"properties":{"id":865,"source":34776,"mouth":34385,"parent":865,"basin":865,"widthFactor":0.672,"sourceWidth":0.06,"discharge":174,"name":"Inhafhabermu","type":"River"}},{"type":"Feature","geometry":{"type":"LineString","coordinates":[[23.0204,16.9569],[22.8956,16.9974],[22.7764,16.9425],[22.6706,16.9301],[22.6157,16.8388]]},"properties":{"id":866,"source":46139,"mouth":46138,"parent":454,"basin":616,"widthFactor":0.56,"sourceWidth":0.05,"discharge":76,"name":"Thydon","type":"River"}},{"type":"Feature","geometry":{"type":"LineString","coordinates":[[23.4548,17.1338],[23.4846,17.2312],[23.582,17.261],[23.608,17.3083],[23.6356,17.2619],[23.7616,17.2036],[23.8963,17.2371],[23.951,17.2217],[24.0073,17.2289]]},"properties":{"id":867,"source":45874,"mouth":45611,"parent":867,"basin":867,"widthFactor":0.672,"sourceWidth":0.06,"discharge":123,"name":"Smyrcyros","type":"River"}},{"type":"Feature","geometry":{"type":"LineString","coordinates":[[19.9983,25.508],[20.1385,25.6189],[20.1858,25.6547],[20.2399,25.6844],[20.4083,25.6839],[20.5207,25.6127],[20.4978,25.4874],[20.5379,25.3287]]},"properties":{"id":868,"source":25881,"mouth":25885,"parent":1301,"basin":1301,"widthFactor":0.56,"sourceWidth":0.04,"discharge":153,"name":"Forehole","type":"River"}},{"type":"Feature","geometry":{"type":"LineString","coordinates":[[-1.2587,23.7543],[-1.3879,23.8815],[-1.5146,23.7606],[-1.7108,23.8696],[-1.7907,23.7156],[-1.8155,23.6286],[-1.8337,23.3967]]},"properties":{"id":869,"source":29383,"mouth":29661,"parent":869,"basin":869,"widthFactor":0.672,"sourceWidth":0.06,"discharge":100,"name":"Eperingur","type":"River"}},{"type":"Feature","geometry":{"type":"LineString","coordinates":[[-9.1744,26.4637],[-9.1921,26.5692],[-9.1184,26.6468],[-9.046,26.7002],[-8.9653,26.6602],[-8.8775,26.7061],[-8.8027,26.7711]]},"properties":{"id":871,"source":23220,"mouth":22447,"parent":871,"basin":871,"widthFactor":0.672,"sourceWidth":0.07,"discharge":101,"name":"Sitern","type":"River"}},{"type":"Feature","geometry":{"type":"LineString","coordinates":[[-23.1763,35.4182],[-23.0787,35.3685],[-22.9792,35.4144],[-22.9068,35.4651],[-22.8295,35.4221],[-22.7394,35.4248],[-22.6941,35.347],[-22.6842,35.2675],[-22.6525,35.194]]},"properties":{"id":872,"source":4647,"mouth":4650,"parent":872,"basin":872,"widthFactor":0.672,"sourceWidth":0.1,"discharge":128,"name":"Bilsoyda","type":"River"}},{"type":"Feature","geometry":{"type":"LineString","coordinates":[[-4.3765,31.6844],[-4.4488,31.6145],[-4.43,31.5156],[-4.477,31.4257],[-4.43,31.3359],[-4.4228,31.2569],[-4.3932,31.1833]]},"properties":{"id":873,"source":10935,"mouth":11562,"parent":873,"basin":873,"widthFactor":0.672,"sourceWidth":0.09,"discharge":141,"name":"Enerkeli","type":"River"}},{"type":"Feature","geometry":{"type":"LineString","coordinates":[[-15.2989,30.8802],[-15.3456,30.9669],[-15.4439,30.973],[-15.5004,30.8635],[-15.4635,30.7459],[-15.5153,30.6894],[-15.5841,30.7234]]},"properties":{"id":874,"source":12472,"mouth":12793,"parent":461,"basin":461,"widthFactor":0.56,"sourceWidth":0.04,"discharge":54,"name":"Eitersfeld","type":"River"}},{"type":"Feature","geometry":{"type":"LineString","coordinates":[[-25.7229,22.1112],[-25.7849,22.1795],[-25.753,22.2661],[-25.7682,22.3521],[-25.6966,22.4023],[-25.6651,22.4816],[-25.5799,22.486],[-25.5831,22.5574],[-25.6086,22.6241]]},"properties":{"id":875,"source":33302,"mouth":32488,"parent":875,"basin":875,"widthFactor":0.672,"sourceWidth":0.06,"discharge":72,"name":"Coulles","type":"River"}},{"type":"Feature","geometry":{"type":"LineString","coordinates":[[-9.8178,37.2665],[-9.8056,37.3434],[-9.8772,37.3741],[-9.888,37.4405],[-9.9547,37.4315],[-10.0095,37.4949],[-10.0896,37.4697],[-10.127,37.5371],[-10.1824,37.5907]]},"properties":{"id":876,"source":2301,"mouth":1958,"parent":876,"basin":876,"widthFactor":0.672,"sourceWidth":0.05,"discharge":126,"name":"Kiljansuu","type":"River"}},{"type":"Feature","geometry":{"type":"LineString","coordinates":[[-14.1321,22.5696],[-14.0589,22.6109],[-14.0718,22.6939],[-13.9859,22.7816],[-13.9871,22.9043],[-14.0152,22.97],[-14.0627,23.0233]]},"properties":{"id":879,"source":32177,"mouth":31388,"parent":1193,"basin":1304,"widthFactor":0.56,"sourceWidth":0.08,"discharge":144,"name":"Open","type":"Fork"}},{"type":"Feature","geometry":{"type":"LineString","coordinates":[[-6.7321,27.5537],[-6.7491,27.6717],[-6.8474,27.7392],[-6.8519,27.816],[-6.9273,27.8315],[-6.9459,27.8949],[-6.9852,27.9481]]},"properties":{"id":880,"source":20302,"mouth":19554,"parent":880,"basin":880,"widthFactor":0.672,"sourceWidth":0.05,"discharge":51,"name":"Uman","type":"River"}},{"type":"Feature","geometry":{"type":"LineString","coordinates":[[18.9788,26.7367],[18.9884,26.8197],[19.0697,26.8394],[19.1678,26.8304],[19.2137,26.7433],[19.2617,26.6846],[19.3252,26.6429]]},"properties":{"id":881,"source":22595,"mouth":22597,"parent":927,"basin":927,"widthFactor":0.56,"sourceWidth":0.04,"discharge":57,"name":"Staple","type":"River"}},{"type":"Feature","geometry":{"type":"LineString","coordinates":[[-15.4807,17.401],[-15.4769,17.2856],[-15.3874,17.2127],[-15.3534,17.1491],[-15.3008,17.0998]]},"properties":{"id":884,"source":45134,"mouth":45414,"parent":884,"basin":884,"widthFactor":0.672,"sourceWidth":0.04,"discharge":41,"name":"Tolle","type":"River"}},{"type":"Feature","geometry":{"type":"LineString","coordinates":[[-10.8148,24.4404],[-10.7702,24.3729],[-10.821,24.3099],[-10.7917,24.2543],[-10.8502,24.2315],[-10.9618,24.2064],[-11.076,24.2042]]},"properties":{"id":885,"source":27935,"mouth":28221,"parent":1304,"basin":1304,"widthFactor":0.56,"sourceWidth":0.05,"discharge":86,"name":"Bongenmuns","type":"Fork"}},{"type":"Feature","geometry":{"type":"LineString","coordinates":[[-12.0616,20.6893],[-12.0745,20.7723],[-12.1568,20.7892],[-12.2033,20.871],[-12.2974,20.872]]},"properties":{"id":886,"source":37225,"mouth":36869,"parent":1728,"basin":1728,"widthFactor":0.56,"sourceWidth":0.07,"discharge":68,"name":"Yazkozokbe","type":"River"}},{"type":"Feature","geometry":{"type":"LineString","coordinates":[[10.3273,27.984],[10.4001,27.9164],[10.4962,27.9414],[10.5351,27.8523],[10.5943,27.7751]]},"properties":{"id":887,"source":19243,"mouth":19246,"parent":887,"basin":887,"widthFactor":0.672,"sourceWidth":0.04,"discharge":59,"name":"Aslan","type":"River"}},{"type":"Feature","geometry":{"type":"LineString","coordinates":[[-5.2864,27.8807],[-5.2023,27.8746],[-5.1668,27.951],[-5.1143,28.0013],[-5.0807,28.0657]]},"properties":{"id":888,"source":19565,"mouth":19166,"parent":888,"basin":888,"widthFactor":0.672,"sourceWidth":0.05,"discharge":72,"name":"Asuyuman","type":"River"}},{"type":"Feature","geometry":{"type":"LineString","coordinates":[[-24.3001,16.4496],[-24.3851,16.3358],[-24.3786,16.1939],[-24.4498,16.1603],[-24.4384,16.0825],[-24.4251,16.0339],[-24.3915,15.9964]]},"properties":{"id":889,"source":46901,"mouth":47385,"parent":889,"basin":889,"widthFactor":0.672,"sourceWidth":0.06,"discharge":88,"name":"Ultaulata","type":"River"}},{"type":"Feature","geometry":{"type":"LineString","coordinates":[[-19.9639,22.136],[-19.9913,22.2232],[-20.0815,22.2383],[-20.1395,22.2474],[-20.1964,22.2331]]},"properties":{"id":890,"source":33347,"mouth":32940,"parent":890,"basin":890,"widthFactor":0.672,"sourceWidth":0.05,"discharge":42,"name":"Ventarrefon","type":"River"}},{"type":"Feature","geometry":{"type":"LineString","coordinates":[[-25.0483,16.7198],[-25.1087,16.6482],[-25.0747,16.561],[-25.0452,16.481],[-25.1072,16.4224],[-25.1458,16.351],[-25.2263,16.3617],[-25.3108,16.3124],[-25.3186,16.2149]]},"properties":{"id":891,"source":46404,"mouth":46894,"parent":1331,"basin":1331,"widthFactor":0.56,"sourceWidth":0.05,"discharge":77,"name":"Cetum","type":"Fork"}},{"type":"Feature","geometry":{"type":"LineString","coordinates":[[-14.6449,17.5784],[-14.6166,17.5054],[-14.5387,17.5143],[-14.501,17.4451],[-14.4445,17.39]]},"properties":{"id":893,"source":44854,"mouth":44856,"parent":893,"basin":893,"widthFactor":0.672,"sourceWidth":0.05,"discharge":54,"name":"Casttano","type":"River"}},{"type":"Feature","geometry":{"type":"LineString","coordinates":[[-13.2848,23.5311],[-13.2605,23.5657],[-13.2193,23.5559],[-13.1527,23.624],[-13.092,23.5507],[-13.0758,23.4786],[-13.0174,23.5239],[-12.9425,23.566],[-12.8858,23.6305]]},"properties":{"id":908,"source":29616,"mouth":29620,"parent":1304,"basin":1304,"widthFactor":0.56,"sourceWidth":0.31,"discharge":382,"name":"Wufin","type":"River"}},{"type":"Feature","geometry":{"type":"LineString","coordinates":[[17.9708,29.0731],[18.0316,28.9744],[18.1459,28.955],[18.1843,28.9077],[18.2378,28.8785]]},"properties":{"id":914,"source":16926,"mouth":16929,"parent":927,"basin":927,"widthFactor":0.56,"sourceWidth":0.05,"discharge":62,"name":"Chelecha","type":"River"}},{"type":"Feature","geometry":{"type":"LineString","coordinates":[[-11.2712,35.1309],[-11.2971,35.2246],[-11.2937,35.4202],[-11.3636,35.4861],[-11.3191,35.7199],[-11.4272,35.9226],[-11.6334,35.8256],[-11.829,35.8576],[-11.8865,35.7367],[-11.938,35.6122],[-11.9061,35.4814],[-11.7975,35.2997],[-11.8563,35.2002],[-11.8731,35.1013],[-11.9553,34.9024],[-12.086,34.7771]]},"properties":{"id":915,"source":5129,"mouth":5337,"parent":915,"basin":915,"widthFactor":0.672,"sourceWidth":0.05,"discharge":453,"name":"Perttisa","type":"River"}},{"type":"Feature","geometry":{"type":"LineString","coordinates":[[7.3225,31.8976],[7.3713,31.9693],[7.5306,31.977],[7.7071,31.9086],[7.6464,32.0769],[7.653,32.2815],[7.6951,32.3317],[7.831,32.3212],[7.9449,32.4861]]},"properties":{"id":917,"source":10444,"mouth":9568,"parent":526,"basin":1649,"widthFactor":0.56,"sourceWidth":0.04,"discharge":212,"name":"Alkanteri","type":"River"}},{"type":"Feature","geometry":{"type":"LineString","coordinates":[[19.2644,29.5292],[19.1657,29.5801],[19.064,29.5354],[19.0091,29.5968],[18.9324,29.5669],[18.8656,29.5037],[18.8166,29.4259]]},"properties":{"id":925,"source":15932,"mouth":15595,"parent":927,"basin":927,"widthFactor":0.56,"sourceWidth":0.05,"discharge":55,"name":"Bamerswest","type":"River"}},{"type":"Feature","geometry":{"type":"LineString","coordinates":[[-19.5472,21.8516],[-19.6085,21.8671],[-19.6151,21.8042],[-19.5853,21.7532],[-19.6424,21.7378],[-19.6614,21.6625],[-19.739,21.6584],[-19.7913,21.6534],[-19.7615,21.6101]]},"properties":{"id":926,"source":34142,"mouth":34531,"parent":274,"basin":274,"widthFactor":0.56,"sourceWidth":0.05,"discharge":64,"name":"Nesta","type":"River"}},{"type":"Feature","geometry":{"type":"LineString","coordinates":[[20.2212,27.95],[20.3609,27.994],[20.5638,28.092],[20.6719,28.0653],[20.8384,28.2331],[20.9058,28.0868],[20.9406,27.9574],[21.0584,27.8936],[21.1814,27.9008],[21.2857,27.9854],[21.4306,28.0806]]},"properties":{"id":927,"source":19708,"mouth":19339,"parent":927,"basin":927,"widthFactor":0.672,"sourceWidth":1,"discharge":5859,"name":"Skipton","type":"River"}},{"type":"Feature","geometry":{"type":"LineString","coordinates":[[14.0953,30.1081],[13.8819,30.0794],[13.7135,30.0383],[13.6618,29.925],[13.529,29.9545],[13.4441,30.0608],[13.6192,30.2205],[13.6389,30.3486]]},"properties":{"id":932,"source":14572,"mouth":14241,"parent":932,"basin":932,"widthFactor":0.672,"sourceWidth":0.05,"discharge":87,"name":"Botley","type":"River"}},{"type":"Feature","geometry":{"type":"LineString","coordinates":[[9.4389,31.8904],[9.4086,31.8113],[9.4016,31.7269],[9.3447,31.6121],[9.3098,31.4888]]},"properties":{"id":934,"source":10461,"mouth":10742,"parent":934,"basin":934,"widthFactor":0.672,"sourceWidth":0.04,"discharge":257,"name":"Congle","type":"River"}},{"type":"Feature","geometry":{"type":"LineString","coordinates":[[15.109,12.1674],[14.9463,12.0235],[14.9301,11.8686],[14.8722,11.8108],[14.9215,11.588],[14.9468,11.4885],[14.821,11.3566]]},"properties":{"id":935,"source":50103,"mouth":50467,"parent":935,"basin":935,"widthFactor":0.672,"sourceWidth":0.06,"discharge":127,"name":"Ezpeika","type":"River"}},{"type":"Feature","geometry":{"type":"LineString","coordinates":[[-6.6656,20.0865],[-6.7269,19.9899],[-6.8072,19.9684],[-6.8584,19.8254],[-6.8728,19.7499],[-7.0201,19.7446],[-7.1708,19.7045],[-7.2196,19.8575],[-7.4339,19.9626],[-7.4863,20.0904],[-7.6028,20.1644],[-7.6516,20.2777],[-7.6774,20.38],[-7.9028,20.4445],[-7.9745,20.4527],[-8.1745,20.4618]]},"properties":{"id":938,"source":38673,"mouth":37973,"parent":938,"basin":938,"widthFactor":0.672,"sourceWidth":0.05,"discharge":307,"name":"Alaztoprak","type":"River"}},{"type":"Feature","geometry":{"type":"LineString","coordinates":[[-11.0473,36.3352],[-10.9082,36.3443],[-10.8077,36.4409],[-10.8708,36.5542],[-10.8947,36.7397],[-10.6933,36.8492],[-10.7828,37.0323],[-10.8545,37.0734],[-10.9684,37.1255]]},"properties":{"id":939,"source":3395,"mouth":2460,"parent":939,"basin":939,"widthFactor":0.672,"sourceWidth":0.07,"discharge":350,"name":"Kohttasaue","type":"River"}},{"type":"Feature","geometry":{"type":"LineString","coordinates":[[-6.7833,20.3145],[-6.9871,20.3107],[-7.0311,20.3929],[-7.1278,20.4555],[-7.3076,20.5865],[-7.2923,20.7223],[-7.2971,20.8624]]},"properties":{"id":940,"source":38318,"mouth":37269,"parent":940,"basin":940,"widthFactor":0.672,"sourceWidth":0.06,"discharge":125,"name":"Kovayokev","type":"River"}},{"type":"Feature","geometry":{"type":"LineString","coordinates":[[5.9356,20.1324],[6.0131,19.965],[6.0169,19.8135],[5.8844,19.6715],[5.7588,19.7003],[5.6452,19.6394],[5.6366,19.5558],[5.5021,19.4625],[5.4538,19.288],[5.539,19.115]]},"properties":{"id":941,"source":38731,"mouth":40851,"parent":941,"basin":941,"widthFactor":0.672,"sourceWidth":0.05,"discharge":152,"name":"Aberdenver","type":"River"}},{"type":"Feature","geometry":{"type":"LineString","coordinates":[[-5.3648,32.9461],[-5.4401,32.9251],[-5.4385,32.8471],[-5.3443,32.7389],[-5.3371,32.5956],[-5.2992,32.5581],[-5.3505,32.5435],[-5.3645,32.4138],[-5.4596,32.3245]]},"properties":{"id":942,"source":8396,"mouth":9176,"parent":783,"basin":783,"widthFactor":0.56,"sourceWidth":0.04,"discharge":74,"name":"Yayararer","type":"Fork"}},{"type":"Feature","geometry":{"type":"LineString","coordinates":[[19.0664,17.4412],[19.1816,17.4306],[19.2496,17.337],[19.2791,17.2702],[19.2185,17.2294]]},"properties":{"id":945,"source":45309,"mouth":45310,"parent":1088,"basin":1088,"widthFactor":0.56,"sourceWidth":0.05,"discharge":44,"name":"Pithonalion","type":"Fork"}},{"type":"Feature","geometry":{"type":"LineString","coordinates":[[-6.5365,18.3505],[-6.4458,18.2587],[-6.3169,18.2544],[-6.2067,18.204],[-6.0934,18.2473]]},"properties":{"id":947,"source":42931,"mouth":43289,"parent":1462,"basin":1462,"widthFactor":0.56,"sourceWidth":0.06,"discharge":60,"name":"Devri","type":"River"}},{"type":"Feature","geometry":{"type":"LineString","coordinates":[[-11.4803,34.8316],[-11.5321,34.8767],[-11.5788,34.8264],[-11.6873,34.8747],[-11.797,34.8292],[-11.7929,34.7622],[-11.8597,34.7542],[-11.974,34.7544],[-12.086,34.7771]]},"properties":{"id":948,"source":5581,"mouth":5578,"parent":948,"basin":948,"widthFactor":0.672,"sourceWidth":0.06,"discharge":108,"name":"Jungsund","type":"River"}},{"type":"Feature","geometry":{"type":"LineString","coordinates":[[6.0882,19.5261],[5.97,19.5869],[5.883,19.5778],[5.751,19.5663],[5.6586,19.4716],[5.5423,19.2967],[5.539,19.115]]},"properties":{"id":949,"source":40110,"mouth":40852,"parent":949,"basin":949,"widthFactor":0.672,"sourceWidth":0.05,"discharge":66,"name":"Nowinnseruri","type":"River"}},{"type":"Feature","geometry":{"type":"LineString","coordinates":[[21.943,27.4724],[21.8822,27.4573],[21.8775,27.5198],[21.7963,27.6238],[21.8048,27.7555],[21.7339,27.7768],[21.7387,27.8506],[21.772,27.923],[21.8244,27.983]]},"properties":{"id":950,"source":20828,"mouth":19721,"parent":950,"basin":950,"widthFactor":0.672,"sourceWidth":0.05,"discharge":74,"name":"Yeobury","type":"River"}},{"type":"Feature","geometry":{"type":"LineString","coordinates":[[18.9884,33.6015],[18.9464,33.6974],[18.8439,33.7191],[18.7151,33.7368],[18.6081,33.6632],[18.532,33.6795],[18.4545,33.6727]]},"properties":{"id":951,"source":7424,"mouth":7421,"parent":951,"basin":951,"widthFactor":0.672,"sourceWidth":0.05,"discharge":88,"name":"Maraveters","type":"River"}},{"type":"Feature","geometry":{"type":"LineString","coordinates":[[-7.91,39.5508],[-7.8312,39.6397],[-7.8435,39.7578],[-7.9037,39.8594],[-8.019,39.885],[-8.0594,39.8417],[-8.0932,39.8903],[-8.1998,39.9338],[-8.242,40.0409]]},"properties":{"id":953,"source":984,"mouth":897,"parent":848,"basin":848,"widthFactor":0.56,"sourceWidth":0.05,"discharge":160,"name":"Raala","type":"River"}},{"type":"Feature","geometry":{"type":"LineString","coordinates":[[15.6214,12.4782],[15.7166,12.4154],[15.8261,12.4471],[15.8591,12.3896],[15.9165,12.4227],[15.955,12.3806],[16.007,12.3572]]},"properties":{"id":954,"source":49966,"mouth":49969,"parent":954,"basin":954,"widthFactor":0.672,"sourceWidth":0.07,"discharge":101,"name":"Berduaindar","type":"River"}},{"type":"Feature","geometry":{"type":"LineString","coordinates":[[-8.7295,21.3137],[-8.6474,21.3082],[-8.6156,21.384],[-8.4946,21.3605],[-8.3922,21.4289]]},"properties":{"id":955,"source":35809,"mouth":35420,"parent":987,"basin":987,"widthFactor":0.56,"sourceWidth":0.06,"discharge":85,"name":"Ayakalaoba","type":"River"}},{"type":"Feature","geometry":{"type":"LineString","coordinates":[[-22.5951,35.9365],[-22.6306,35.8829],[-22.5736,35.8533],[-22.5855,35.7371],[-22.508,35.6496],[-22.4773,35.5661],[-22.4262,35.4933]]},"properties":{"id":957,"source":3899,"mouth":4258,"parent":1728,"basin":1728,"widthFactor":0.56,"sourceWidth":0.05,"discharge":100,"name":"Bringslika","type":"Fork"}},{"type":"Feature","geometry":{"type":"LineString","coordinates":[[-8.4563,22.0959],[-8.5128,22.1888],[-8.474,22.2904],[-8.4583,22.3852],[-8.3692,22.4214],[-8.2889,22.488],[-8.2252,22.5706]]},"properties":{"id":958,"source":33448,"mouth":32625,"parent":958,"basin":958,"widthFactor":0.672,"sourceWidth":0.06,"discharge":129,"name":"Elmasi","type":"River"}},{"type":"Feature","geometry":{"type":"LineString","coordinates":[[6.5723,23.8437],[6.559,23.9611],[6.6369,24.0498],[6.6932,24.11],[6.7694,24.0785],[6.8406,24.1342],[6.8953,24.2061]]},"properties":{"id":959,"source":29152,"mouth":28586,"parent":959,"basin":959,"widthFactor":0.672,"sourceWidth":0.04,"discharge":63,"name":"Cuinnse","type":"River"}},{"type":"Feature","geometry":{"type":"LineString","coordinates":[[6.4647,24.2109],[6.5516,24.22],[6.5781,24.3032],[6.6368,24.3399],[6.68,24.394]]},"properties":{"id":960,"source":28583,"mouth":28307,"parent":960,"basin":960,"widthFactor":0.672,"sourceWidth":0.04,"discharge":41,"name":"Aberg","type":"River"}},{"type":"Feature","geometry":{"type":"LineString","coordinates":[[-5.1582,21.4538],[-5.1744,21.3271],[-4.9721,21.2238],[-4.919,21.198],[-4.7893,21.2367],[-4.5898,21.3362],[-4.5855,21.4012],[-4.5305,21.5351]]},"properties":{"id":961,"source":35450,"mouth":35456,"parent":961,"basin":961,"widthFactor":0.672,"sourceWidth":0.07,"discharge":147,"name":"Kumkakakar","type":"River"}},{"type":"Feature","geometry":{"type":"LineString","coordinates":[[24.9809,25.7551],[25.0572,25.7247],[25.1105,25.7872],[25.0718,25.8231],[25.1235,25.834],[25.1828,25.8202],[25.188,25.8809],[25.1907,25.9744],[25.1708,26.0659]]},"properties":{"id":962,"source":25278,"mouth":24929,"parent":962,"basin":962,"widthFactor":0.672,"sourceWidth":0.05,"discharge":106,"name":"Granther","type":"River"}},{"type":"Feature","geometry":{"type":"LineString","coordinates":[[7.0144,20.9958],[6.9592,20.9286],[6.9991,20.8514],[7.0057,20.7459],[7.0354,20.6444]]},"properties":{"id":963,"source":36641,"mouth":36991,"parent":963,"basin":963,"widthFactor":0.672,"sourceWidth":0.05,"discharge":55,"name":"Inveming","type":"River"}},{"type":"Feature","geometry":{"type":"LineString","coordinates":[[-11.964,36.2606],[-12.026,36.1279],[-12.1568,36.0618],[-12.2424,36.083],[-12.2606,36.1693],[-12.3039,36.2389],[-12.3649,36.2936]]},"properties":{"id":964,"source":3586,"mouth":3775,"parent":964,"basin":964,"widthFactor":0.672,"sourceWidth":0.08,"discharge":106,"name":"Luroyrar","type":"River"}},{"type":"Feature","geometry":{"type":"LineString","coordinates":[[-15.6467,36.0092],[-15.6345,36.0698],[-15.5774,36.046],[-15.5057,36.074],[-15.4601,36.012],[-15.36,36.027],[-15.2659,36.0641]]},"properties":{"id":965,"source":3927,"mouth":3928,"parent":965,"basin":965,"widthFactor":0.672,"sourceWidth":0.04,"discharge":46,"name":"Ulvsver","type":"River"}},{"type":"Feature","geometry":{"type":"LineString","coordinates":[[21.6569,27.712],[21.6854,27.7943],[21.621,27.853],[21.6069,27.9231],[21.5708,27.9849]]},"properties":{"id":966,"source":20092,"mouth":19720,"parent":966,"basin":966,"widthFactor":0.672,"sourceWidth":0.06,"discharge":55,"name":"Saldontave","type":"River"}},{"type":"Feature","geometry":{"type":"LineString","coordinates":[[-11.1708,25.3186],[-11.1687,25.4205],[-11.2521,25.4793],[-11.2471,25.5644],[-11.2655,25.6476]]},"properties":{"id":967,"source":26052,"mouth":25735,"parent":1304,"basin":1304,"widthFactor":0.56,"sourceWidth":0.05,"discharge":49,"name":"Blumingen","type":"River"}},{"type":"Feature","geometry":{"type":"LineString","coordinates":[[-0.8195,33.0847],[-0.7495,33.0664],[-0.7224,33.1335],[-0.7033,33.1972],[-0.7076,33.2635]]},"properties":{"id":969,"source":8192,"mouth":7965,"parent":969,"basin":969,"widthFactor":0.672,"sourceWidth":0.06,"discharge":76,"name":"Kepepepe","type":"River"}},{"type":"Feature","geometry":{"type":"LineString","coordinates":[[-13.9383,16.1504],[-13.9053,16.027],[-13.7958,15.961],[-13.8041,15.9086],[-13.7891,15.8578]]},"properties":{"id":971,"source":47435,"mouth":47682,"parent":971,"basin":971,"widthFactor":0.672,"sourceWidth":0.04,"discharge":48,"name":"Ekeri","type":"River"}},{"type":"Feature","geometry":{"type":"LineString","coordinates":[[-7.1617,34.8976],[-7.1952,34.8498],[-7.2287,34.8976],[-7.281,34.9454],[-7.3148,35.0076]]},"properties":{"id":972,"source":5371,"mouth":5369,"parent":972,"basin":972,"widthFactor":0.672,"sourceWidth":0.05,"discharge":62,"name":"Haratsa","type":"River"}},{"type":"Feature","geometry":{"type":"LineString","coordinates":[[1.3587,23.1233],[1.2482,23.0157],[1.2094,22.8465],[1.0955,22.8216],[0.9377,22.758],[0.8516,22.6414]]},"properties":{"id":985,"source":30721,"mouth":31873,"parent":1510,"basin":1510,"widthFactor":0.56,"sourceWidth":0.05,"discharge":124,"name":"Kutluman","type":"River"}},{"type":"Feature","geometry":{"type":"LineString","coordinates":[[-7.2919,18.9309],[-7.3641,18.8004],[-7.4009,18.6297],[-7.3091,18.5255],[-7.299,18.3921],[-7.1861,18.286],[-7.0373,18.1559],[-6.9574,18.0034],[-6.956,17.827],[-6.9034,17.6688],[-6.8479,17.565],[-6.6326,17.5502],[-6.5561,17.4924],[-6.4269,17.5163],[-6.2279,17.4876],[-6.1628,17.577]]},"properties":{"id":986,"source":41484,"mouth":44916,"parent":986,"basin":986,"widthFactor":0.672,"sourceWidth":0.05,"discharge":500,"name":"Buynuzdeki","type":"River"}},{"type":"Feature","geometry":{"type":"LineString","coordinates":[[1.7156,22.4731],[1.6701,22.5759],[1.6787,22.7489],[1.8605,22.8775],[1.8806,22.8589],[2.093,22.9636],[2.2485,23.0444],[2.3475,23.15],[2.4844,23.1395],[2.593,23.0028],[2.6839,22.8737],[2.6073,22.8431],[2.6862,22.6829],[2.7178,22.5811],[2.8369,22.4912],[2.9848,22.4582]]},"properties":{"id":987,"source":32704,"mouth":32295,"parent":987,"basin":987,"widthFactor":0.672,"sourceWidth":0.05,"discharge":917,"name":"Aman","type":"River"}},{"type":"Feature","geometry":{"type":"LineString","coordinates":[[-13.2753,18.6402],[-13.1953,18.6064],[-13.1327,18.6665],[-13.036,18.7346],[-13.0193,18.8516],[-13.0337,18.9381],[-13.07,19.0179]]},"properties":{"id":990,"source":42176,"mouth":41810,"parent":208,"basin":1728,"widthFactor":0.56,"sourceWidth":0.06,"discharge":160,"name":"Baynak","type":"Fork"}},{"type":"Feature","geometry":{"type":"LineString","coordinates":[[-12.8997,18.5441],[-13.0041,18.5682],[-13.0475,18.6661],[-13.0798,18.7659],[-13.0193,18.8516]]},"properties":{"id":991,"source":42532,"mouth":42178,"parent":990,"basin":1728,"widthFactor":0.56,"sourceWidth":0.08,"discharge":75,"name":"Koguzyu","type":"River"}},{"type":"Feature","geometry":{"type":"LineString","coordinates":[[-9.6954,36.6847],[-9.596,36.7069],[-9.5222,36.6369],[-9.4803,36.539],[-9.5322,36.4461],[-9.505,36.3711],[-9.4251,36.3716]]},"properties":{"id":992,"source":2981,"mouth":3405,"parent":438,"basin":438,"widthFactor":0.56,"sourceWidth":0.07,"discharge":110,"name":"Kaupunvaa","type":"River"}},{"type":"Feature","geometry":{"type":"LineString","coordinates":[[-7.4631,19.301],[-7.5092,19.2025],[-7.6153,19.1786],[-7.665,19.2074],[-7.699,19.2536]]},"properties":{"id":993,"source":40761,"mouth":41126,"parent":1001,"basin":1001,"widthFactor":0.56,"sourceWidth":0.04,"discharge":69,"name":"Erdemde","type":"Fork"}},{"type":"Feature","geometry":{"type":"LineString","coordinates":[[-2.3939,34.0466],[-2.3963,34.2603],[-2.2231,34.2656],[-2.0648,34.2264],[-1.9308,34.3789],[-1.7825,34.3578],[-1.6605,34.2216],[-1.4692,34.2159],[-1.3539,34.1709],[-1.1912,34.2187]]},"properties":{"id":995,"source":6764,"mouth":6560,"parent":995,"basin":995,"widthFactor":0.672,"sourceWidth":0.08,"discharge":172,"name":"Yalkayazya","type":"River"}},{"type":"Feature","geometry":{"type":"LineString","coordinates":[[9.0806,19.856],[9.1854,19.6437],[9.1985,19.5132],[9.2954,19.4248],[9.3337,19.2637],[9.3002,19.1083],[9.2973,19.0122],[9.3332,18.8253],[9.4763,18.6383],[9.2964,18.5427],[9.2787,18.4691],[9.1251,18.4868]]},"properties":{"id":996,"source":39445,"mouth":43012,"parent":996,"basin":996,"widthFactor":0.672,"sourceWidth":0.05,"discharge":146,"name":"Aberdenverca","type":"River"}},{"type":"Feature","geometry":{"type":"LineString","coordinates":[[9.604,29.3155],[9.7556,29.2892],[9.8087,29.3135],[9.9446,29.3198],[10.0642,29.1787],[10.1331,29.1711],[10.2675,29.1543],[10.3859,29.1779],[10.4981,29.2222]]},"properties":{"id":997,"source":16204,"mouth":16546,"parent":997,"basin":997,"widthFactor":0.672,"sourceWidth":0.05,"discharge":149,"name":"Duranbeyru","type":"River"}},{"type":"Feature","geometry":{"type":"LineString","coordinates":[[-17.3972,23.1959],[-17.5092,23.1601],[-17.5219,23.0323],[-17.6182,22.9473],[-17.7455,22.9684],[-17.9191,22.9865],[-17.9402,22.9033],[-18.1258,22.8551],[-18.1411,23.0171],[-18.2593,23.2079]]},"properties":{"id":998,"source":30614,"mouth":30987,"parent":998,"basin":998,"widthFactor":0.672,"sourceWidth":0.04,"discharge":147,"name":"Montico","type":"River"}},{"type":"Feature","geometry":{"type":"LineString","coordinates":[[23.5045,25.9225],[23.5585,25.9598],[23.5179,26.0114],[23.5767,26.0978],[23.5423,26.1964],[23.5925,26.2343],[23.5509,26.2815]]},"properties":{"id":999,"source":24915,"mouth":24201,"parent":1315,"basin":1315,"widthFactor":0.56,"sourceWidth":0.04,"discharge":55,"name":"Perswest","type":"Fork"}},{"type":"Feature","geometry":{"type":"LineString","coordinates":[[26.3984,25.8335],[26.2917,25.7527],[26.0855,25.8622],[25.964,25.998],[26.0337,26.1105],[26.0147,26.2414],[26.0243,26.2973],[26.1224,26.3556]]},"properties":{"id":1000,"source":24938,"mouth":23834,"parent":1000,"basin":1000,"widthFactor":0.672,"sourceWidth":0.05,"discharge":173,"name":"Salmond","type":"River"}},{"type":"Feature","geometry":{"type":"LineString","coordinates":[[-7.6564,19.4109],[-7.8506,19.3454],[-7.9707,19.4678],[-8.0803,19.4936],[-8.1616,19.6136],[-8.2238,19.5414],[-8.3271,19.3889],[-8.4314,19.2637],[-8.4821,19.1542]]},"properties":{"id":1001,"source":40386,"mouth":40753,"parent":1001,"basin":1001,"widthFactor":0.672,"sourceWidth":0.23,"discharge":395,"name":"Turk","type":"River"}},{"type":"Feature","geometry":{"type":"LineString","coordinates":[[-21.1398,19.2565],[-21.1596,19.3752],[-21.2599,19.442],[-21.3762,19.4788],[-21.4321,19.5873],[-21.4232,19.693],[-21.335,19.7518],[-21.298,19.788],[-21.3484,19.8001]]},"properties":{"id":1002,"source":40667,"mouth":39590,"parent":587,"basin":1635,"widthFactor":0.56,"sourceWidth":0.06,"discharge":89,"name":"Sergano","type":"Fork"}},{"type":"Feature","geometry":{"type":"LineString","coordinates":[[25.7856,25.4014],[25.8715,25.3133],[25.9946,25.3134],[26.0101,25.1783],[26.1094,25.0853],[26.1261,24.9578],[26.2238,24.874]]},"properties":{"id":1004,"source":25922,"mouth":26886,"parent":1085,"basin":1085,"widthFactor":0.56,"sourceWidth":0.06,"discharge":83,"name":"Rothwark","type":"River"}},{"type":"Feature","geometry":{"type":"LineString","coordinates":[[26.938,25.8665],[27.0892,25.8288],[27.1418,25.759],[27.238,25.7202],[27.416,25.6327],[27.4748,25.6849],[27.5887,25.5524]]},"properties":{"id":1005,"source":24942,"mouth":25297,"parent":1005,"basin":1005,"widthFactor":0.672,"sourceWidth":0.05,"discharge":149,"name":"Wargdondo","type":"River"}},{"type":"Feature","geometry":{"type":"LineString","coordinates":[[-16.2969,36.2114],[-16.2246,36.1186],[-16.2505,36.0187],[-16.1878,35.8313],[-16.3342,35.686],[-16.3418,35.5062],[-16.4332,35.5191],[-16.3371,35.3461],[-16.406,35.1864],[-16.5294,35.0688],[-16.6916,34.9841]]},"properties":{"id":1006,"source":3559,"mouth":5087,"parent":1006,"basin":1006,"widthFactor":0.672,"sourceWidth":0.11,"discharge":699,"name":"Jarkkikaku","type":"River"}},{"type":"Feature","geometry":{"type":"LineString","coordinates":[[-25.1589,22.1394],[-25.2608,22.1448],[-25.3134,22.2321],[-25.3857,22.3404],[-25.3665,22.4692],[-25.418,22.5494],[-25.5134,22.5486],[-25.5539,22.5952],[-25.6086,22.6241]]},"properties":{"id":1007,"source":33306,"mouth":32083,"parent":1007,"basin":1007,"widthFactor":0.672,"sourceWidth":0.05,"discharge":104,"name":"Rebrecheaury","type":"River"}},{"type":"Feature","geometry":{"type":"LineString","coordinates":[[-5.9308,35.3666],[-6.0997,35.4417],[-6.1542,35.4876],[-6.1054,35.6984],[-6.2953,35.7319],[-6.3896,35.7716],[-6.4671,35.9236]]},"properties":{"id":1008,"source":4746,"mouth":4166,"parent":1008,"basin":1008,"widthFactor":0.672,"sourceWidth":0.06,"discharge":140,"name":"Narvijarva","type":"River"}},{"type":"Feature","geometry":{"type":"LineString","coordinates":[[-11.7611,36.0551],[-11.7014,35.9935],[-11.7358,35.915],[-11.7578,35.8464],[-11.829,35.8576]]},"properties":{"id":1009,"source":3780,"mouth":3957,"parent":915,"basin":915,"widthFactor":0.56,"sourceWidth":0.06,"discharge":64,"name":"Liekka","type":"River"}},{"type":"Feature","geometry":{"type":"LineString","coordinates":[[-6.4379,19.5424],[-6.2269,19.5367],[-6.1686,19.4611],[-6.0978,19.3296],[-6.1135,19.1757],[-6.0915,19.0203]]},"properties":{"id":1010,"source":40044,"mouth":41136,"parent":1010,"basin":1010,"widthFactor":0.672,"sourceWidth":0.05,"discharge":154,"name":"Serma","type":"River"}},{"type":"Feature","geometry":{"type":"LineString","coordinates":[[-6.3676,18.7038],[-6.3092,18.7574],[-6.2132,18.67],[-6.2011,18.5408],[-6.1351,18.3859],[-6.0934,18.2473],[-6.0423,18.1741],[-5.9121,18.209]]},"properties":{"id":1011,"source":42234,"mouth":43291,"parent":1011,"basin":1011,"widthFactor":0.672,"sourceWidth":0.04,"discharge":216,"name":"Desenlik","type":"River"}},{"type":"Feature","geometry":{"type":"LineString","coordinates":[[-23.7863,34.8732],[-23.8733,34.7638],[-23.8696,34.6241],[-23.9389,34.5768],[-23.871,34.4162],[-23.8648,34.2818],[-23.7528,34.1614]]},"properties":{"id":1012,"source":5517,"mouth":6435,"parent":1012,"basin":1012,"widthFactor":0.672,"sourceWidth":0.05,"discharge":133,"name":"Neuvil","type":"River"}},{"type":"Feature","geometry":{"type":"LineString","coordinates":[[10.0111,32.0951],[10.0049,32.1716],[10.0891,32.2643],[10.2565,32.2189],[10.3819,32.3504],[10.4953,32.4608],[10.5421,32.5249]]},"properties":{"id":1014,"source":10177,"mouth":9303,"parent":1014,"basin":1014,"widthFactor":0.672,"sourceWidth":0.05,"discharge":121,"name":"Kilknethel","type":"River"}},{"type":"Feature","geometry":{"type":"LineString","coordinates":[[-20.3695,30.0971],[-20.3939,30.188],[-20.5729,30.2267],[-20.6523,30.4022],[-20.6274,30.5551],[-20.5834,30.5896]]},"properties":{"id":1015,"source":14333,"mouth":13372,"parent":1015,"basin":1015,"widthFactor":0.672,"sourceWidth":0.05,"discharge":80,"name":"Chadon","type":"River"}},{"type":"Feature","geometry":{"type":"LineString","coordinates":[[15.2209,11.7065],[15.3333,11.6146],[15.364,11.4727],[15.2994,11.3647],[15.1779,11.3312],[15.0894,11.3122],[15.0301,11.3805],[14.9676,11.3355],[14.921,11.2743]]},"properties":{"id":1016,"source":50403,"mouth":50531,"parent":1016,"basin":1016,"widthFactor":0.672,"sourceWidth":0.05,"discharge":113,"name":"Bika","type":"River"}},{"type":"Feature","geometry":{"type":"LineString","coordinates":[[-9.0844,26.7629],[-9.0527,26.7058],[-8.9978,26.7414],[-8.997,26.8066],[-8.9318,26.8036],[-8.8644,26.7985],[-8.8027,26.7711]]},"properties":{"id":1017,"source":22445,"mouth":22078,"parent":1017,"basin":1017,"widthFactor":0.672,"sourceWidth":0.07,"discharge":83,"name":"Steiamtlin","type":"River"}},{"type":"Feature","geometry":{"type":"LineString","coordinates":[[-16.4916,36.6445],[-16.6103,36.6989],[-16.66,36.8195],[-16.5724,36.9558],[-16.6624,37.0829],[-16.6102,37.1924],[-16.6791,37.3182]]},"properties":{"id":1018,"source":2942,"mouth":2268,"parent":1018,"basin":1018,"widthFactor":0.672,"sourceWidth":0.06,"discharge":111,"name":"Hnifstadre","type":"River"}},{"type":"Feature","geometry":{"type":"LineString","coordinates":[[-20.5772,21.1741],[-20.4765,21.1211],[-20.371,21.1636],[-20.324,21.081],[-20.2289,21.079]]},"properties":{"id":1019,"source":36076,"mouth":36077,"parent":450,"basin":450,"widthFactor":0.56,"sourceWidth":0.05,"discharge":47,"name":"Selletanova","type":"River"}},{"type":"Feature","geometry":{"type":"LineString","coordinates":[[-9.3858,38.4369],[-9.4809,38.4447],[-9.5212,38.5311],[-9.5722,38.5721],[-9.5298,38.6219]]},"properties":{"id":1020,"source":1384,"mouth":1332,"parent":677,"basin":677,"widthFactor":0.56,"sourceWidth":0.04,"discharge":49,"name":"Pohraki","type":"Fork"}},{"type":"Feature","geometry":{"type":"LineString","coordinates":[[2.0404,21.9147],[2.0878,21.9915],[2.1777,21.9825],[2.2644,22.0231],[2.3442,21.9701],[2.4395,21.9861],[2.5284,22.0241]]},"properties":{"id":1021,"source":34303,"mouth":33915,"parent":1021,"basin":1021,"widthFactor":0.672,"sourceWidth":0.05,"discharge":60,"name":"Abermordfabe","type":"River"}},{"type":"Feature","geometry":{"type":"LineString","coordinates":[[-17.5527,18.2611],[-17.5034,18.1756],[-17.5498,18.0885],[-17.5325,18.0137],[-17.6005,17.9781],[-17.6229,17.9119],[-17.6914,17.9255],[-17.7664,17.9442],[-17.8436,17.9403]]},"properties":{"id":1022,"source":43191,"mouth":43878,"parent":1022,"basin":1022,"widthFactor":0.672,"sourceWidth":0.05,"discharge":75,"name":"Spiglioneno","type":"River"}},{"type":"Feature","geometry":{"type":"LineString","coordinates":[[-6.7202,41.816],[-6.6738,41.9199],[-6.723,42.0225],[-6.7207,42.112],[-6.7996,42.1545],[-6.8588,42.1087],[-6.9177,42.155],[-6.9709,42.2249],[-7.0043,42.3061]]},"properties":{"id":1023,"source":364,"mouth":330,"parent":1023,"basin":1023,"widthFactor":0.672,"sourceWidth":0.04,"discharge":103,"name":"Pormosaari","type":"River"}},{"type":"Feature","geometry":{"type":"LineString","coordinates":[[-23.9605,34.8699],[-23.9133,34.7391],[-23.9619,34.6088],[-23.9859,34.5131],[-24.0791,34.4807],[-24.1231,34.4533],[-24.1509,34.4095]]},"properties":{"id":1024,"source":5516,"mouth":5979,"parent":1024,"basin":1024,"widthFactor":0.672,"sourceWidth":0.04,"discharge":63,"name":"Courdon","type":"River"}},{"type":"Feature","geometry":{"type":"LineString","coordinates":[[-24.2351,26.8041],[-24.1578,26.9145],[-24.1733,27.0484],[-24.0666,27.1131],[-24.0351,27.2339],[-23.9639,27.2494],[-23.9011,27.2865]]},"properties":{"id":1025,"source":22324,"mouth":20900,"parent":1025,"basin":1025,"widthFactor":0.672,"sourceWidth":0.05,"discharge":94,"name":"Marvoy","type":"River"}},{"type":"Feature","geometry":{"type":"LineString","coordinates":[[-9.5743,24.8343],[-9.519,24.7793],[-9.4519,24.819],[-9.3631,24.8045],[-9.3098,24.8769],[-9.2559,24.9195],[-9.293,24.9773],[-9.2986,25.0674],[-9.3265,25.1532]]},"properties":{"id":1027,"source":27028,"mouth":26709,"parent":1027,"basin":1027,"widthFactor":0.672,"sourceWidth":0.06,"discharge":140,"name":"Schallin","type":"River"}},{"type":"Feature","geometry":{"type":"LineString","coordinates":[[-22.2372,19.5491],[-22.2953,19.6139],[-22.3779,19.5864],[-22.4331,19.5385],[-22.4898,19.5845],[-22.5485,19.6417],[-22.5889,19.7131]]},"properties":{"id":1028,"source":39932,"mouth":39930,"parent":1635,"basin":1635,"widthFactor":0.56,"sourceWidth":0.05,"discharge":51,"name":"Contigliagor","type":"River"}},{"type":"Feature","geometry":{"type":"LineString","coordinates":[[-17.0207,36.3386],[-17.063,36.428],[-17.1614,36.4399],[-17.2451,36.4003],[-17.2513,36.308],[-17.2978,36.2132],[-17.3226,36.1105]]},"properties":{"id":1029,"source":3358,"mouth":3356,"parent":1029,"basin":1029,"widthFactor":0.672,"sourceWidth":0.07,"discharge":76,"name":"Grinmoen","type":"River"}},{"type":"Feature","geometry":{"type":"LineString","coordinates":[[-9.4547,18.2836],[-9.4588,18.3809],[-9.5442,18.428],[-9.5387,18.5118],[-9.5566,18.5939]]},"properties":{"id":1031,"source":43264,"mouth":42905,"parent":1031,"basin":1031,"widthFactor":0.672,"sourceWidth":0.06,"discharge":80,"name":"Opuzkaka","type":"River"}},{"type":"Feature","geometry":{"type":"LineString","coordinates":[[9.6738,19.3736],[9.7629,19.3409],[9.8566,19.3555],[9.8538,19.4579],[9.9561,19.4654],[10.0136,19.5525],[10.1135,19.5223],[10.1584,19.5933],[10.1766,19.6753]]},"properties":{"id":1032,"source":40515,"mouth":40147,"parent":1032,"basin":1032,"widthFactor":0.672,"sourceWidth":0.13,"discharge":124,"name":"Chlaberhad","type":"River"}},{"type":"Feature","geometry":{"type":"LineString","coordinates":[[-2.9312,31.2995],[-3.0291,31.2391],[-3.0474,31.1255],[-3.0893,31.0832],[-3.1115,31.028]]},"properties":{"id":1033,"source":11579,"mouth":11910,"parent":1033,"basin":1033,"widthFactor":0.672,"sourceWidth":0.05,"discharge":72,"name":"Buybarla","type":"River"}},{"type":"Feature","geometry":{"type":"LineString","coordinates":[[6.2083,25.1771],[6.1928,25.2869],[6.2685,25.3679],[6.2956,25.4316],[6.3614,25.41],[6.4244,25.4862],[6.468,25.5749]]},"properties":{"id":1034,"source":26446,"mouth":25809,"parent":1034,"basin":1034,"widthFactor":0.672,"sourceWidth":0.05,"discharge":72,"name":"Aberkinve","type":"River"}},{"type":"Feature","geometry":{"type":"LineString","coordinates":[[-12.2639,21.7502],[-12.2173,21.6961],[-12.1587,21.7368],[-12.106,21.7329],[-12.0568,21.7521]]},"properties":{"id":1035,"source":34587,"mouth":34588,"parent":1304,"basin":1304,"widthFactor":0.56,"sourceWidth":0.06,"discharge":59,"name":"Munsbachren","type":"Fork"}},{"type":"Feature","geometry":{"type":"LineString","coordinates":[[-6.5527,41.6812],[-6.5153,41.6191],[-6.4489,41.6482],[-6.3623,41.691],[-6.2886,41.7534]]},"properties":{"id":1036,"source":380,"mouth":382,"parent":1036,"basin":1036,"widthFactor":0.672,"sourceWidth":0.05,"discharge":55,"name":"Liemaja","type":"River"}},{"type":"Feature","geometry":{"type":"LineString","coordinates":[[-15.907,34.5132],[-15.8527,34.5467],[-15.8926,34.5964],[-15.9485,34.658],[-16.0194,34.7016]]},"properties":{"id":1037,"source":6001,"mouth":5773,"parent":1037,"basin":1037,"widthFactor":0.672,"sourceWidth":0.06,"discharge":69,"name":"Roset","type":"River"}},{"type":"Feature","geometry":{"type":"LineString","coordinates":[[3.9411,32.533],[3.9745,32.4531],[4.0612,32.4527],[4.0766,32.3821],[4.1487,32.3862],[4.2301,32.4172],[4.3004,32.4684]]},"properties":{"id":1038,"source":9251,"mouth":9533,"parent":1038,"basin":1038,"widthFactor":0.672,"sourceWidth":0.05,"discharge":81,"name":"Erevrek","type":"River"}},{"type":"Feature","geometry":{"type":"LineString","coordinates":[[11.2521,26.7008],[11.2295,26.7707],[11.2951,26.8036],[11.3633,26.8127],[11.4305,26.7983]]},"properties":{"id":1039,"source":22537,"mouth":22168,"parent":1039,"basin":1039,"widthFactor":0.672,"sourceWidth":0.05,"discharge":47,"name":"Anozoba","type":"River"}},{"type":"Feature","geometry":{"type":"LineString","coordinates":[[9.5734,33.3792],[9.6147,33.314],[9.6877,33.339],[9.7594,33.3343],[9.8288,33.3529]]},"properties":{"id":1040,"source":7813,"mouth":7815,"parent":1040,"basin":1040,"widthFactor":0.672,"sourceWidth":0.06,"discharge":52,"name":"Caustobuton","type":"River"}},{"type":"Feature","geometry":{"type":"LineString","coordinates":[[-14.5029,26.4713],[-14.4691,26.3992],[-14.3904,26.4116],[-14.3622,26.3519],[-14.3148,26.3059]]},"properties":{"id":1041,"source":23163,"mouth":23165,"parent":1304,"basin":1304,"widthFactor":0.56,"sourceWidth":0.08,"discharge":65,"name":"Donigs","type":"Fork"}},{"type":"Feature","geometry":{"type":"LineString","coordinates":[[-10.135,18.0278],[-10.1733,17.9791],[-10.214,18.0259],[-10.2618,18.0783],[-10.29,18.1435]]},"properties":{"id":1042,"source":43947,"mouth":43946,"parent":1042,"basin":1042,"widthFactor":0.672,"sourceWidth":0.06,"discharge":59,"name":"Araokluzer","type":"River"}},{"type":"Feature","geometry":{"type":"LineString","coordinates":[[-20.3619,30.7808],[-20.4419,30.8638],[-20.5571,30.8578],[-20.5915,30.8069],[-20.6044,30.7469]]},"properties":{"id":1044,"source":12758,"mouth":12439,"parent":1044,"basin":1044,"widthFactor":0.672,"sourceWidth":0.07,"discharge":64,"name":"Rozoy","type":"River"}},{"type":"Feature","geometry":{"type":"LineString","coordinates":[[25.2201,25.1934],[25.1546,25.1232],[25.1823,25.0313],[25.1912,25.0007],[25.2187,24.9845]]},"properties":{"id":1045,"source":26548,"mouth":26875,"parent":1045,"basin":1045,"widthFactor":0.672,"sourceWidth":0.04,"discharge":47,"name":"Berlingdon","type":"River"}},{"type":"Feature","geometry":{"type":"LineString","coordinates":[[-5.0902,16.7207],[-5.0552,16.6483],[-5.1142,16.5935],[-5.2014,16.553],[-5.2959,16.5347]]},"properties":{"id":1046,"source":46302,"mouth":46783,"parent":1046,"basin":1046,"widthFactor":0.672,"sourceWidth":0.05,"discharge":48,"name":"Eperensula","type":"River"}},{"type":"Feature","geometry":{"type":"LineString","coordinates":[[-12.6136,21.0512],[-12.5754,21.1173],[-12.5026,21.0943],[-12.4421,21.0739],[-12.3931,21.0331]]},"properties":{"id":1047,"source":36515,"mouth":36150,"parent":1047,"basin":1047,"widthFactor":0.672,"sourceWidth":0.08,"discharge":117,"name":"Yabeyli","type":"River"}},{"type":"Feature","geometry":{"type":"LineString","coordinates":[[-10.4991,17.3403],[-10.5643,17.3762],[-10.611,17.3183],[-10.6774,17.324],[-10.7416,17.3064]]},"properties":{"id":1048,"source":45178,"mouth":45177,"parent":1048,"basin":1048,"widthFactor":0.672,"sourceWidth":0.05,"discharge":37,"name":"Turksunsaz","type":"River"}},{"type":"Feature","geometry":{"type":"LineString","coordinates":[[14.622,28.1795],[14.445,28.2273],[14.3058,28.4157],[14.2072,28.5319],[14.2062,28.6313],[14.0489,28.6414],[14.0938,28.802],[13.9694,28.8402]]},"properties":{"id":1064,"source":18904,"mouth":17222,"parent":1077,"basin":1077,"widthFactor":0.56,"sourceWidth":0.11,"discharge":389,"name":"Piclestondo","type":"River"}},{"type":"Feature","geometry":{"type":"LineString","coordinates":[[-9.1414,27.4222],[-9.0341,27.5155],[-9.0103,27.6555],[-8.8237,27.7339],[-8.7057,27.7846],[-8.652,27.9013],[-8.7357,28.0586],[-8.5237,28.0533],[-8.4061,28.0457]]},"properties":{"id":1065,"source":20642,"mouth":19135,"parent":371,"basin":371,"widthFactor":0.56,"sourceWidth":0.06,"discharge":174,"name":"Beytekiyol","type":"Fork"}},{"type":"Feature","geometry":{"type":"LineString","coordinates":[[5.5552,20.5865],[5.4146,20.4182],[5.284,20.4723],[5.0697,20.4804],[5.0022,20.3724],[4.7864,20.4684],[4.6592,20.4661],[4.5702,20.4995],[4.3965,20.4637],[4.2037,20.4837],[4.0669,20.3413],[3.9215,20.424],[3.8138,20.3934],[3.734,20.3609]]},"properties":{"id":1066,"source":37683,"mouth":38029,"parent":1066,"basin":1066,"widthFactor":0.672,"sourceWidth":0.08,"discharge":187,"name":"Asenuabermaw","type":"River"}},{"type":"Feature","geometry":{"type":"LineString","coordinates":[[-8.7338,37.921],[-8.6772,37.8866],[-8.7142,37.8316],[-8.6807,37.7391],[-8.74,37.6605]]},"properties":{"id":1067,"source":1567,"mouth":1667,"parent":774,"basin":774,"widthFactor":0.56,"sourceWidth":0.05,"discharge":55,"name":"Purakankaa","type":"River"}},{"type":"Feature","geometry":{"type":"LineString","coordinates":[[6.4015,20.8457],[6.457,20.7488],[6.5671,20.7304],[6.5859,20.7992],[6.6565,20.7897],[6.786,20.7962],[6.8871,20.7151],[6.9564,20.6695],[7.0354,20.6444]]},"properties":{"id":1069,"source":36986,"mouth":37345,"parent":1069,"basin":1069,"widthFactor":0.672,"sourceWidth":0.06,"discharge":105,"name":"Toiodura","type":"River"}},{"type":"Feature","geometry":{"type":"LineString","coordinates":[[-7.2981,17.9886],[-7.1882,18.0369],[-7.078,17.9896],[-6.9795,17.9364],[-6.956,17.827]]},"properties":{"id":1070,"source":43968,"mouth":43969,"parent":986,"basin":986,"widthFactor":0.56,"sourceWidth":0.06,"discharge":75,"name":"Kozok","type":"River"}},{"type":"Feature","geometry":{"type":"LineString","coordinates":[[-5.8251,20.9107],[-5.9777,20.9666],[-6.027,21.1564],[-6.0652,21.1755],[-6.2623,21.0522],[-6.4178,21.1861]]},"properties":{"id":1071,"source":36933,"mouth":36205,"parent":1071,"basin":1071,"widthFactor":0.672,"sourceWidth":0.06,"discharge":127,"name":"Kolulani","type":"River"}},{"type":"Feature","geometry":{"type":"LineString","coordinates":[[-24.5556,26.7692],[-24.5121,26.9465],[-24.5025,26.9929],[-24.5609,27.1095],[-24.6819,27.1583],[-24.8034,27.2004],[-25.0187,27.2348],[-25.0847,27.2453],[-25.074,27.3757],[-25.1469,27.4844],[-25.1818,27.6627]]},"properties":{"id":1072,"source":22322,"mouth":20531,"parent":1072,"basin":1072,"widthFactor":0.672,"sourceWidth":0.05,"discharge":305,"name":"Loulongessain","type":"River"}},{"type":"Feature","geometry":{"type":"LineString","coordinates":[[-5.6634,27.4829],[-5.677,27.3647],[-5.5993,27.2745],[-5.5906,27.2133],[-5.5313,27.231],[-5.5076,27.1602],[-5.4634,27.1]]},"properties":{"id":1073,"source":20671,"mouth":21388,"parent":1073,"basin":1073,"widthFactor":0.672,"sourceWidth":0.06,"discharge":76,"name":"Erdemkasay","type":"River"}},{"type":"Feature","geometry":{"type":"LineString","coordinates":[[9.1371,32.5043],[9.0599,32.5154],[9.0036,32.5693],[9.0607,32.6376],[8.9797,32.6745],[8.9388,32.6144],[8.905,32.6788],[8.8775,32.7021],[8.8759,32.7381]]},"properties":{"id":1076,"source":9289,"mouth":9011,"parent":1619,"basin":1649,"widthFactor":0.56,"sourceWidth":0.37,"discharge":359,"name":"Swaveby","type":"River"}},{"type":"Feature","geometry":{"type":"LineString","coordinates":[[13.7154,29.0654],[13.6336,28.9975],[13.4322,29.0281],[13.414,29.2103],[13.2638,29.2519],[13.1705,29.2418],[13.1188,29.3833]]},"properties":{"id":1077,"source":16893,"mouth":16561,"parent":1077,"basin":1077,"widthFactor":0.672,"sourceWidth":0.85,"discharge":921,"name":"Mazionory","type":"River"}},{"type":"Feature","geometry":{"type":"LineString","coordinates":[[15.4415,31.0662],[15.4522,31.138],[15.5051,31.1876],[15.4979,31.2619],[15.5482,31.2068],[15.6288,31.279],[15.6855,31.3712]]},"properties":{"id":1078,"source":12375,"mouth":12060,"parent":1078,"basin":1078,"widthFactor":0.672,"sourceWidth":0.35,"discharge":327,"name":"Albridbury","type":"River"}},{"type":"Feature","geometry":{"type":"LineString","coordinates":[[4.63,20.7696],[4.5559,20.6793],[4.4535,20.5865],[4.2458,20.5344],[4.1329,20.6965],[4.0822,20.8012],[4.1042,20.9317],[4.0191,21.0001],[3.8373,20.9814],[3.6598,21.0665]]},"properties":{"id":1079,"source":37330,"mouth":36619,"parent":1079,"basin":1079,"widthFactor":0.672,"sourceWidth":0.05,"discharge":88,"name":"Innersoch","type":"River"}},{"type":"Feature","geometry":{"type":"LineString","coordinates":[[3.2579,34.5821],[3.2029,34.7135],[3.102,34.8522],[2.9953,34.9775],[2.9221,35.0444],[2.8896,35.2041]]},"properties":{"id":1082,"source":6131,"mouth":5206,"parent":1082,"basin":1082,"widthFactor":0.672,"sourceWidth":0.06,"discharge":175,"name":"Ayocayozo","type":"River"}},{"type":"Feature","geometry":{"type":"LineString","coordinates":[[-10.6976,36.5652],[-10.7716,36.6082],[-10.7593,36.6928],[-10.7696,36.7892],[-10.6933,36.8492]]},"properties":{"id":1083,"source":3184,"mouth":2974,"parent":672,"basin":939,"widthFactor":0.56,"sourceWidth":0.07,"discharge":56,"name":"Perttuhahai","type":"Fork"}},{"type":"Feature","geometry":{"type":"LineString","coordinates":[[-8.5386,39.0665],[-8.677,39.0824],[-8.7725,39.1837],[-8.812,39.2558],[-8.7582,39.318]]},"properties":{"id":1084,"source":1142,"mouth":1141,"parent":548,"basin":548,"widthFactor":0.56,"sourceWidth":0.05,"discharge":40,"name":"Tuvattimapa","type":"River"}},{"type":"Feature","geometry":{"type":"LineString","coordinates":[[26.4195,25.4903],[26.3415,25.3206],[26.3333,25.1623],[26.2635,25.071],[26.2238,24.874],[26.207,24.7526],[26.2401,24.5604]]},"properties":{"id":1085,"source":25926,"mouth":27519,"parent":1085,"basin":1085,"widthFactor":0.672,"sourceWidth":0.07,"discharge":279,"name":"Hornver","type":"River"}},{"type":"Feature","geometry":{"type":"LineString","coordinates":[[19.0525,17.3183],[19.2185,17.2294],[19.3879,17.1577],[19.4831,17.1386],[19.6266,16.9593],[19.6146,16.8211]]},"properties":{"id":1088,"source":45574,"mouth":46117,"parent":1088,"basin":1088,"widthFactor":0.672,"sourceWidth":0.06,"discharge":174,"name":"Histhos","type":"River"}},{"type":"Feature","geometry":{"type":"LineString","coordinates":[[-5.4921,21.1502],[-5.4953,21.0642],[-5.417,21.0283],[-5.4073,20.9162],[-5.316,20.8504],[-5.2252,20.8135],[-5.205,20.7175],[-5.2047,20.6622],[-5.2266,20.6114]]},"properties":{"id":1090,"source":36210,"mouth":37285,"parent":1090,"basin":1090,"widthFactor":0.672,"sourceWidth":0.04,"discharge":105,"name":"Erci","type":"River"}},{"type":"Feature","geometry":{"type":"LineString","coordinates":[[-5.7772,19.6036],[-5.7079,19.562],[-5.495,19.5563],[-5.451,19.6375],[-5.3221,19.6271],[-5.2318,19.5347],[-5.205,19.3932],[-5.0926,19.2297]]},"properties":{"id":1092,"source":40048,"mouth":40405,"parent":1092,"basin":1092,"widthFactor":0.672,"sourceWidth":0.06,"discharge":163,"name":"Gamalelen","type":"River"}},{"type":"Feature","geometry":{"type":"LineString","coordinates":[[19.6457,18.1201],[19.7367,18.1101],[19.7691,18.0245],[19.834,17.9085],[19.806,17.7787],[19.7447,17.7277],[19.7725,17.653]]},"properties":{"id":1093,"source":43780,"mouth":44449,"parent":38,"basin":38,"widthFactor":0.56,"sourceWidth":0.06,"discharge":55,"name":"Podoripores","type":"River"}},{"type":"Feature","geometry":{"type":"LineString","coordinates":[[12.7222,17.992],[12.6816,17.86],[12.5567,17.7778],[12.4936,17.6755],[12.4768,17.5908],[12.3448,17.5798]]},"properties":{"id":1094,"source":44072,"mouth":44685,"parent":1094,"basin":1094,"widthFactor":0.672,"sourceWidth":0.05,"discharge":71,"name":"Inbheartille","type":"River"}},{"type":"Feature","geometry":{"type":"LineString","coordinates":[[-24.3441,20.6033],[-24.4503,20.7127],[-24.5235,20.7099],[-24.6675,20.8069],[-24.8034,20.7367],[-24.8675,20.5081],[-25.044,20.4469]]},"properties":{"id":1095,"source":37480,"mouth":37477,"parent":1649,"basin":1649,"widthFactor":0.56,"sourceWidth":0.05,"discharge":148,"name":"Magnolo","type":"Fork"}},{"type":"Feature","geometry":{"type":"LineString","coordinates":[[14.9358,30.6273],[15.0372,30.7368],[14.9947,30.8665],[14.8784,30.9381],[14.711,31.0194],[14.6105,31.0155],[14.4919,30.9749]]},"properties":{"id":1096,"source":13308,"mouth":12367,"parent":1096,"basin":1096,"widthFactor":0.672,"sourceWidth":0.06,"discharge":128,"name":"Shersbury","type":"River"}},{"type":"Feature","geometry":{"type":"LineString","coordinates":[[3.5235,35.2069],[3.4948,35.0998],[3.4039,35.0745],[3.2474,35.1548],[3.1843,35.2361],[3.0537,35.272],[2.9374,35.3183]]},"properties":{"id":1098,"source":5014,"mouth":5010,"parent":1098,"basin":1098,"widthFactor":0.672,"sourceWidth":0.05,"discharge":159,"name":"Kardu","type":"River"}},{"type":"Feature","geometry":{"type":"LineString","coordinates":[[-0.8889,29.7964],[-0.9582,29.7252],[-0.9353,29.6286],[-0.8726,29.5864],[-0.8994,29.5158],[-0.959,29.4264],[-1.0362,29.3518]]},"properties":{"id":1099,"source":15115,"mouth":15778,"parent":1099,"basin":1099,"widthFactor":0.672,"sourceWidth":0.06,"discharge":88,"name":"Devriler","type":"River"}},{"type":"Feature","geometry":{"type":"LineString","coordinates":[[-2.0476,30.7301],[-2.1261,30.7169],[-2.1351,30.6378],[-2.0899,30.558],[-2.1385,30.4801],[-2.189,30.4294],[-2.2475,30.4705],[-2.3346,30.4211],[-2.4083,30.3534]]},"properties":{"id":1100,"source":12867,"mouth":13480,"parent":1100,"basin":1100,"widthFactor":0.672,"sourceWidth":0.07,"discharge":91,"name":"Yalkayana","type":"River"}},{"type":"Feature","geometry":{"type":"LineString","coordinates":[[26.9758,26.2218],[27.0456,26.2192],[27.0524,26.2887],[27.0894,26.3886],[27.1911,26.4206],[27.2563,26.47],[27.326,26.4273],[27.3893,26.4182],[27.4519,26.4316]]},"properties":{"id":1101,"source":24230,"mouth":23440,"parent":1101,"basin":1101,"widthFactor":0.672,"sourceWidth":0.05,"discharge":110,"name":"Guildford","type":"River"}},{"type":"Feature","geometry":{"type":"LineString","coordinates":[[-24.7962,35.161],[-24.8606,35.1622],[-24.8527,35.2261],[-24.9092,35.3151],[-24.8723,35.4139],[-24.9576,35.4742],[-25.0541,35.5143]]},"properties":{"id":1102,"source":5058,"mouth":4437,"parent":1102,"basin":1102,"widthFactor":0.672,"sourceWidth":0.04,"discharge":87,"name":"Escrente","type":"River"}},{"type":"Feature","geometry":{"type":"LineString","coordinates":[[-7.4062,33.8104],[-7.4905,33.806],[-7.5248,33.8831],[-7.4918,33.9393],[-7.5492,33.9701],[-7.6377,33.9428],[-7.7167,33.8946]]},"properties":{"id":1103,"source":7104,"mouth":6727,"parent":1103,"basin":1103,"widthFactor":0.672,"sourceWidth":0.05,"discharge":76,"name":"Vehja","type":"River"}},{"type":"Feature","geometry":{"type":"LineString","coordinates":[[-6.1681,26.3599],[-6.2448,26.3424],[-6.248,26.2638],[-6.3387,26.2363],[-6.3614,26.1443],[-6.3305,26.093],[-6.3867,26.0721],[-6.4505,26.0419],[-6.5207,26.0334]]},"properties":{"id":1104,"source":23641,"mouth":24046,"parent":1104,"basin":1104,"widthFactor":0.672,"sourceWidth":0.06,"discharge":91,"name":"Asberi","type":"River"}},{"type":"Feature","geometry":{"type":"LineString","coordinates":[[15.5185,11.87],[15.5271,11.9688],[15.6151,12.0144],[15.6955,12.0471],[15.7587,11.9876],[15.8108,11.9387],[15.8759,11.9088]]},"properties":{"id":1105,"source":50256,"mouth":50190,"parent":1105,"basin":1105,"widthFactor":0.672,"sourceWidth":0.07,"discharge":105,"name":"Leintzarai","type":"River"}},{"type":"Feature","geometry":{"type":"LineString","coordinates":[[-1.2673,24.1593],[-1.1897,24.2449],[-1.2032,24.3596],[-1.2661,24.4223],[-1.3501,24.3935],[-1.4359,24.4536],[-1.5328,24.4935]]},"properties":{"id":1106,"source":28527,"mouth":27960,"parent":1106,"basin":1106,"widthFactor":0.672,"sourceWidth":0.07,"discharge":113,"name":"Kaltunkay","type":"River"}},{"type":"Feature","geometry":{"type":"LineString","coordinates":[[-9.0433,37.0963],[-8.9305,37.0293],[-8.8022,37.0567],[-8.7791,36.9673],[-8.6898,36.9443],[-8.6398,36.8709],[-8.5725,36.8128]]},"properties":{"id":1107,"source":2473,"mouth":2635,"parent":1107,"basin":1107,"widthFactor":0.672,"sourceWidth":0.05,"discharge":83,"name":"Kanpaavaa","type":"River"}},{"type":"Feature","geometry":{"type":"LineString","coordinates":[[11.7439,20.9604],[11.6346,20.9821],[11.5487,20.9112],[11.4987,20.8346],[11.5425,20.7543],[11.5153,20.6933],[11.5104,20.6267]]},"properties":{"id":1108,"source":36677,"mouth":37384,"parent":1108,"basin":1108,"widthFactor":0.672,"sourceWidth":0.04,"discharge":48,"name":"Abergwynghe","type":"River"}},{"type":"Feature","geometry":{"type":"LineString","coordinates":[[21.0709,30.6565],[21.1597,30.7138],[21.2584,30.6761],[21.2935,30.57],[21.3972,30.5279],[21.478,30.6073],[21.5412,30.7014]]},"properties":{"id":1110,"source":13351,"mouth":13665,"parent":1110,"basin":1110,"widthFactor":0.672,"sourceWidth":0.05,"discharge":57,"name":"Totley","type":"River"}},{"type":"Feature","geometry":{"type":"LineString","coordinates":[[-8.6529,22.3947],[-8.6226,22.3254],[-8.5486,22.3411],[-8.4397,22.3385],[-8.3692,22.4214]]},"properties":{"id":1111,"source":32623,"mouth":33038,"parent":958,"basin":958,"widthFactor":0.56,"sourceWidth":0.04,"discharge":57,"name":"Bane","type":"River"}},{"type":"Feature","geometry":{"type":"LineString","coordinates":[[-8.9419,25.9497],[-8.9577,25.7183],[-8.8299,25.639],[-8.762,25.5653],[-8.7787,25.4554],[-8.6673,25.3535]]},"properties":{"id":1112,"source":24764,"mouth":25757,"parent":1112,"basin":1112,"widthFactor":0.672,"sourceWidth":0.05,"discharge":108,"name":"Haberg","type":"River"}},{"type":"Feature","geometry":{"type":"LineString","coordinates":[[-5.4155,27.5542],[-5.4639,27.4566],[-5.4165,27.3586],[-5.3546,27.389],[-5.3199,27.3295],[-5.2893,27.2469],[-5.2811,27.1593]]},"properties":{"id":1113,"source":20311,"mouth":21031,"parent":1315,"basin":1315,"widthFactor":0.56,"sourceWidth":0.06,"discharge":84,"name":"Erla","type":"Fork"}},{"type":"Feature","geometry":{"type":"LineString","coordinates":[[3.6407,35.6764],[3.7469,35.7197],[3.7832,35.8284],[3.7636,35.9278],[3.6708,35.9685],[3.6715,36.0534],[3.6493,36.1354]]},"properties":{"id":1114,"source":4417,"mouth":4047,"parent":1114,"basin":1114,"widthFactor":0.672,"sourceWidth":0.05,"discharge":97,"name":"Dere","type":"River"}},{"type":"Feature","geometry":{"type":"LineString","coordinates":[[20.5054,26.1448],[20.4961,26.0423],[20.5753,25.9765],[20.5876,25.8864],[20.6226,25.8025]]},"properties":{"id":1115,"source":24174,"mouth":24554,"parent":1190,"basin":1301,"widthFactor":0.56,"sourceWidth":0.05,"discharge":41,"name":"Westham","type":"River"}},{"type":"Feature","geometry":{"type":"LineString","coordinates":[[-4.9319,31.5543],[-4.9879,31.4742],[-4.9486,31.3846],[-4.914,31.3278],[-4.9706,31.2928],[-5.0042,31.2621],[-5.0486,31.2517]]},"properties":{"id":1116,"source":11253,"mouth":11555,"parent":1116,"basin":1116,"widthFactor":0.672,"sourceWidth":0.08,"discharge":105,"name":"Yerekenyol","type":"River"}},{"type":"Feature","geometry":{"type":"LineString","coordinates":[[-5.8294,27.1894],[-5.8544,27.0882],[-5.7863,27.0092],[-5.7568,26.9502],[-5.6983,26.9805],[-5.6177,27.0047],[-5.5466,27.0498]]},"properties":{"id":1117,"source":21384,"mouth":21740,"parent":1117,"basin":1117,"widthFactor":0.672,"sourceWidth":0.07,"discharge":118,"name":"Vuman","type":"River"}},{"type":"Feature","geometry":{"type":"LineString","coordinates":[[2.1428,22.1661],[2.2023,22.0674],[2.316,22.0476],[2.4209,22.0242],[2.5284,22.0241]]},"properties":{"id":1118,"source":33513,"mouth":33914,"parent":1118,"basin":1118,"widthFactor":0.672,"sourceWidth":0.06,"discharge":97,"name":"Aberbegwyng","type":"River"}},{"type":"Feature","geometry":{"type":"LineString","coordinates":[[-11.7707,34.4133],[-11.7685,34.3146],[-11.8511,34.2603],[-11.9472,34.2027],[-12.0534,34.2383],[-12.1434,34.223],[-12.2266,34.1857]]},"properties":{"id":1119,"source":6265,"mouth":6480,"parent":1119,"basin":1119,"widthFactor":0.672,"sourceWidth":0.06,"discharge":71,"name":"Mantti","type":"River"}},{"type":"Feature","geometry":{"type":"LineString","coordinates":[[9.8944,28.1298],[9.8468,28.0867],[9.8949,28.0442],[9.8516,27.9771],[9.8298,27.9003]]},"properties":{"id":1120,"source":18871,"mouth":19239,"parent":1120,"basin":1120,"widthFactor":0.672,"sourceWidth":0.07,"discharge":68,"name":"Alkarobae","type":"River"}},{"type":"Feature","geometry":{"type":"LineString","coordinates":[[9.581,18.6904],[9.609,18.5792],[9.7116,18.5279],[9.7629,18.4489],[9.8322,18.3849]]},"properties":{"id":1121,"source":42326,"mouth":42677,"parent":1121,"basin":1121,"widthFactor":0.672,"sourceWidth":0.05,"discharge":37,"name":"Pons","type":"River"}},{"type":"Feature","geometry":{"type":"LineString","coordinates":[[19.4749,33.8516],[19.4438,33.7478],[19.507,33.6598],[19.4436,33.6113],[19.4701,33.536]]},"properties":{"id":1122,"source":7215,"mouth":7428,"parent":568,"basin":568,"widthFactor":0.56,"sourceWidth":0.04,"discharge":63,"name":"Congracury","type":"Fork"}},{"type":"Feature","geometry":{"type":"LineString","coordinates":[[-13.9881,17.1041],[-14.061,17.1762],[-14.1618,17.1567],[-14.1935,17.2152],[-14.2436,17.259]]},"properties":{"id":1123,"source":45702,"mouth":45701,"parent":1123,"basin":1123,"widthFactor":0.672,"sourceWidth":0.05,"discharge":45,"name":"Yarlatide","type":"River"}},{"type":"Feature","geometry":{"type":"LineString","coordinates":[[5.6638,27.7167],[5.586,27.6479],[5.5973,27.5446],[5.5543,27.4897],[5.5318,27.4237]]},"properties":{"id":1124,"source":19965,"mouth":20335,"parent":1124,"basin":1124,"widthFactor":0.672,"sourceWidth":0.04,"discharge":48,"name":"Ayvarkasun","type":"River"}},{"type":"Feature","geometry":{"type":"LineString","coordinates":[[-5.3404,22.1279],[-5.4429,22.1731],[-5.473,22.2809],[-5.4684,22.3366],[-5.4414,22.3856]]},"properties":{"id":1125,"source":33464,"mouth":33056,"parent":1125,"basin":1125,"widthFactor":0.672,"sourceWidth":0.06,"discharge":62,"name":"Kor Ok","type":"River"}},{"type":"Feature","geometry":{"type":"LineString","coordinates":[[-23.8399,22.0581],[-23.7607,22.0682],[-23.748,22.147],[-23.7304,22.2366],[-23.7361,22.3277]]},"properties":{"id":1126,"source":33713,"mouth":33316,"parent":1126,"basin":1126,"widthFactor":0.672,"sourceWidth":0.05,"discharge":80,"name":"Courdon","type":"River"}},{"type":"Feature","geometry":{"type":"LineString","coordinates":[[-5.8098,38.8906],[-5.8323,38.9766],[-5.9198,38.9924],[-6.0289,39.0418],[-6.1456,39.0689]]},"properties":{"id":1127,"source":1250,"mouth":1204,"parent":1127,"basin":1127,"widthFactor":0.672,"sourceWidth":0.05,"discharge":58,"name":"Hirmola","type":"River"}},{"type":"Feature","geometry":{"type":"LineString","coordinates":[[-23.6552,36.0613],[-23.7162,36.0781],[-23.6906,36.1359],[-23.6171,36.2311],[-23.5265,36.3104]]},"properties":{"id":1129,"source":3706,"mouth":3501,"parent":1129,"basin":1129,"widthFactor":0.672,"sourceWidth":0.06,"discharge":58,"name":"Beisfting","type":"River"}},{"type":"Feature","geometry":{"type":"LineString","coordinates":[[8.9495,32.4613],[8.9851,32.525],[8.927,32.5693],[8.8341,32.5959],[8.8074,32.6888],[8.8349,32.7228],[8.8759,32.7381]]},"properties":{"id":1130,"source":9287,"mouth":9010,"parent":1619,"basin":1649,"widthFactor":0.56,"sourceWidth":0.05,"discharge":56,"name":"Wodgeton","type":"River"}},{"type":"Feature","geometry":{"type":"LineString","coordinates":[[-4.9898,21.7454],[-4.9749,21.8255],[-4.8941,21.8363],[-4.8296,21.8176],[-4.7754,21.7779]]},"properties":{"id":1131,"source":34263,"mouth":34262,"parent":1131,"basin":1131,"widthFactor":0.672,"sourceWidth":0.05,"discharge":48,"name":"Epenekibi","type":"River"}},{"type":"Feature","geometry":{"type":"LineString","coordinates":[[-8.9404,27.0407],[-8.899,27.1173],[-8.8122,27.1096],[-8.7432,27.0941],[-8.6831,27.057]]},"properties":{"id":1132,"source":21718,"mouth":21363,"parent":1132,"basin":1132,"widthFactor":0.672,"sourceWidth":0.05,"discharge":57,"name":"Hardt","type":"River"}},{"type":"Feature","geometry":{"type":"LineString","coordinates":[[-8.0898,22.0705],[-8.026,22.1037],[-8.0516,22.1709],[-7.9963,22.1947],[-7.9544,22.2378]]},"properties":{"id":1133,"source":33452,"mouth":33042,"parent":1133,"basin":1133,"widthFactor":0.672,"sourceWidth":0.05,"discharge":62,"name":"Basuzuzun","type":"River"}},{"type":"Feature","geometry":{"type":"LineString","coordinates":[[-13.4413,19.5395],[-13.3675,19.5116],[-13.3212,19.5754],[-13.2736,19.5888],[-13.2375,19.6227]]},"properties":{"id":1134,"source":39993,"mouth":39994,"parent":1728,"basin":1728,"widthFactor":0.56,"sourceWidth":0.05,"discharge":51,"name":"Alma","type":"Fork"}},{"type":"Feature","geometry":{"type":"LineString","coordinates":[[7.0967,31.3402],[7.1139,31.4888],[7.0235,31.6246],[6.9732,31.8001],[7.0756,31.9622],[7.068,32.0176]]},"properties":{"id":1136,"source":11656,"mouth":10442,"parent":1136,"basin":1136,"widthFactor":0.672,"sourceWidth":0.71,"discharge":750,"name":"Sarptar","type":"River"}},{"type":"Feature","geometry":{"type":"LineString","coordinates":[[-15.3477,22.9521],[-15.3016,22.9278],[-15.2549,22.9512],[-15.1618,22.9017],[-15.1033,22.9894],[-15.0396,22.9437],[-15.0124,23.0171],[-14.9557,23.0258],[-14.9105,23.0611]]},"properties":{"id":1163,"source":31011,"mouth":30638,"parent":1193,"basin":1304,"widthFactor":0.56,"sourceWidth":1,"discharge":1216,"name":"Kapflochrin","type":"River"}},{"type":"Feature","geometry":{"type":"LineString","coordinates":[[-17.7909,29.173],[-17.6894,29.2594],[-17.6718,29.3915],[-17.6862,29.4708],[-17.6971,29.6105],[-17.7924,29.7132],[-17.7364,29.8552],[-17.6866,30.0068]]},"properties":{"id":1164,"source":16357,"mouth":14681,"parent":1164,"basin":1164,"widthFactor":0.672,"sourceWidth":0.07,"discharge":112,"name":"Laren","type":"River"}},{"type":"Feature","geometry":{"type":"LineString","coordinates":[[-9.7222,26.4885],[-9.6494,26.4307],[-9.6973,26.2567],[-9.6973,26.2567],[-9.8016,26.27],[-9.8652,26.2036],[-9.9212,25.9894]]},"properties":{"id":1165,"source":23215,"mouth":24015,"parent":1277,"basin":1304,"widthFactor":0.56,"sourceWidth":0.07,"discharge":460,"name":"Opel","type":"River"}},{"type":"Feature","geometry":{"type":"LineString","coordinates":[[13.847,29.5999],[13.7323,29.6667],[13.6025,29.6391],[13.4882,29.6477],[13.3566,29.5349],[13.3236,29.457],[13.1973,29.4455]]},"properties":{"id":1168,"source":15557,"mouth":15889,"parent":1168,"basin":1168,"widthFactor":0.672,"sourceWidth":0.05,"discharge":78,"name":"Fatesto","type":"River"}},{"type":"Feature","geometry":{"type":"LineString","coordinates":[[3.5914,32.4771],[3.5499,32.5382],[3.4828,32.5072],[3.416,32.4584],[3.3656,32.3929]]},"properties":{"id":1170,"source":9248,"mouth":9247,"parent":1170,"basin":1170,"widthFactor":0.672,"sourceWidth":0.05,"discharge":50,"name":"Beyli","type":"River"}},{"type":"Feature","geometry":{"type":"LineString","coordinates":[[-21.1431,29.314],[-21.2627,29.381],[-21.3632,29.3943],[-21.5603,29.3896],[-21.6675,29.3312],[-21.8057,29.2562]]},"properties":{"id":1174,"source":15992,"mouth":15987,"parent":1174,"basin":1174,"widthFactor":0.672,"sourceWidth":0.06,"discharge":146,"name":"Viveaury","type":"River"}},{"type":"Feature","geometry":{"type":"LineString","coordinates":[[26.8184,25.583],[26.961,25.485],[27.1538,25.5849],[27.3165,25.5438],[27.4557,25.5558],[27.5887,25.5524]]},"properties":{"id":1175,"source":25615,"mouth":25620,"parent":1175,"basin":1175,"widthFactor":0.672,"sourceWidth":0.06,"discharge":118,"name":"Wamersmouth","type":"River"}},{"type":"Feature","geometry":{"type":"LineString","coordinates":[[-5.5203,21.7397],[-5.6423,21.8052],[-5.8605,21.832],[-5.9691,21.8549],[-6.1126,21.897],[-6.2241,21.9319]]},"properties":{"id":1176,"source":34659,"mouth":34253,"parent":1176,"basin":1176,"widthFactor":0.672,"sourceWidth":0.05,"discharge":142,"name":"Esen","type":"River"}},{"type":"Feature","geometry":{"type":"LineString","coordinates":[[5.0563,19.6791],[4.9477,19.5558],[4.9797,19.4143],[4.8099,19.3091],[4.7376,19.1198],[4.7793,19.0347],[4.7094,18.8496]]},"properties":{"id":1178,"source":39755,"mouth":41567,"parent":1178,"basin":1178,"widthFactor":0.672,"sourceWidth":0.06,"discharge":189,"name":"Inverloch","type":"River"}},{"type":"Feature","geometry":{"type":"LineString","coordinates":[[-11.7879,37.1776],[-11.8295,37.3081],[-11.6822,37.388],[-11.6563,37.5041],[-11.643,37.6562],[-11.7999,37.7236]]},"properties":{"id":1180,"source":2453,"mouth":1778,"parent":1180,"basin":1180,"widthFactor":0.672,"sourceWidth":0.04,"discharge":93,"name":"Muurankiva","type":"River"}},{"type":"Feature","geometry":{"type":"LineString","coordinates":[[26.829,25.3512],[26.7724,25.2369],[26.8113,25.1155],[26.8965,25.1],[26.9175,25.016],[26.9737,24.9687],[26.9395,24.9037],[26.9139,24.8607],[26.872,24.8334]]},"properties":{"id":1181,"source":26249,"mouth":27211,"parent":1181,"basin":1181,"widthFactor":0.672,"sourceWidth":0.05,"discharge":90,"name":"Etowntefton","type":"River"}},{"type":"Feature","geometry":{"type":"LineString","coordinates":[[-4.9711,36.1229],[-4.8424,36.2224],[-4.719,36.3998],[-4.5611,36.4567],[-4.4128,36.4136],[-4.2004,36.4418],[-4.1334,36.5566],[-4.1047,36.6522],[-4.044,36.7655]]},"properties":{"id":1182,"source":3830,"mouth":3030,"parent":1564,"basin":1564,"widthFactor":0.56,"sourceWidth":0.08,"discharge":472,"name":"Kumamevaki","type":"Fork"}},{"type":"Feature","geometry":{"type":"LineString","coordinates":[[-17.6828,18.4294],[-17.7837,18.3747],[-17.8082,18.2625],[-17.8997,18.1942],[-17.9091,18.0804],[-17.9399,18.042],[-17.9498,17.9939]]},"properties":{"id":1183,"source":42842,"mouth":43535,"parent":1183,"basin":1183,"widthFactor":0.672,"sourceWidth":0.06,"discharge":67,"name":"Celnuo","type":"River"}},{"type":"Feature","geometry":{"type":"LineString","coordinates":[[-5.9959,21.4447],[-6.0744,21.5013],[-6.1633,21.4629],[-6.1956,21.5168],[-6.2456,21.4786],[-6.3045,21.5475],[-6.3934,21.5293],[-6.4759,21.583],[-6.5685,21.6163]]},"properties":{"id":1184,"source":35444,"mouth":35048,"parent":1184,"basin":1184,"widthFactor":0.672,"sourceWidth":0.06,"discharge":102,"name":"Dokuzsedi","type":"River"}},{"type":"Feature","geometry":{"type":"LineString","coordinates":[[-24.3537,35.1142],[-24.2738,35.1381],[-24.269,35.2213],[-24.1961,35.2196],[-24.182,35.2911]]},"properties":{"id":1186,"source":5061,"mouth":4838,"parent":1330,"basin":1330,"widthFactor":0.56,"sourceWidth":0.05,"discharge":92,"name":"Chely","type":"River"}},{"type":"Feature","geometry":{"type":"LineString","coordinates":[[-2.4102,30.7908],[-2.4337,30.696],[-2.5269,30.6665],[-2.5938,30.615],[-2.6671,30.657],[-2.7635,30.7108],[-2.8671,30.6727],[-2.9179,30.7097],[-2.9786,30.7263]]},"properties":{"id":1187,"source":12865,"mouth":13170,"parent":1187,"basin":1187,"widthFactor":0.672,"sourceWidth":0.05,"discharge":77,"name":"Alkut","type":"River"}},{"type":"Feature","geometry":{"type":"LineString","coordinates":[[-7.8564,18.7335],[-7.9019,18.7841],[-7.953,18.7392],[-7.9928,18.6773],[-8.0611,18.7048],[-8.1323,18.738],[-8.1908,18.7904]]},"properties":{"id":1188,"source":42224,"mouth":41851,"parent":1188,"basin":1188,"widthFactor":0.672,"sourceWidth":0.05,"discharge":92,"name":"Kormantepe","type":"River"}},{"type":"Feature","geometry":{"type":"LineString","coordinates":[[19.9543,17.9432],[20.0184,17.9181],[19.9954,17.8533],[20.0385,17.7396],[19.9878,17.6291],[19.949,17.5876],[20.0007,17.5641],[20.0388,17.5437],[20.082,17.5454]]},"properties":{"id":1189,"source":44122,"mouth":45034,"parent":1189,"basin":1189,"widthFactor":0.672,"sourceWidth":0.05,"discharge":73,"name":"Arnas","type":"River"}},{"type":"Feature","geometry":{"type":"LineString","coordinates":[[20.9795,26.1725],[20.8408,26.1252],[20.8216,25.9535],[20.7083,25.8383],[20.6226,25.8025],[20.7169,25.6404],[20.8355,25.6466],[20.7537,25.4568]]},"properties":{"id":1190,"source":24177,"mouth":25578,"parent":1301,"basin":1301,"widthFactor":0.56,"sourceWidth":0.04,"discharge":269,"name":"Maltondoney","type":"River"}},{"type":"Feature","geometry":{"type":"LineString","coordinates":[[10.1556,28.9535],[10.2517,28.988],[10.334,28.9277],[10.3478,28.8374],[10.434,28.8068],[10.5236,28.8275],[10.6053,28.8699]]},"properties":{"id":1191,"source":17197,"mouth":17200,"parent":1191,"basin":1191,"widthFactor":0.672,"sourceWidth":0.05,"discharge":78,"name":"Yelpyozoba","type":"River"}},{"type":"Feature","geometry":{"type":"LineString","coordinates":[[12.3964,27.0656],[12.4834,27.1318],[12.5892,27.1043],[12.6531,26.9976],[12.6242,26.8767],[12.617,26.8038],[12.6868,26.7816],[12.6805,26.6963],[12.6969,26.6124]]},"properties":{"id":1192,"source":21820,"mouth":22552,"parent":1192,"basin":1192,"widthFactor":0.672,"sourceWidth":0.05,"discharge":129,"name":"Opuzunbe","type":"River"}},{"type":"Feature","geometry":{"type":"LineString","coordinates":[[-14.0627,23.0233],[-13.9862,23.1438],[-13.8833,23.194],[-13.7809,23.1386],[-13.6322,23.2127],[-13.668,23.0793],[-13.559,23.0195],[-13.4958,23.0602],[-13.3666,23.041],[-13.2279,23.0936],[-13.094,23.0363]]},"properties":{"id":1193,"source":31023,"mouth":30664,"parent":1304,"basin":1304,"widthFactor":0.56,"sourceWidth":1,"discharge":2282,"name":"Inztalburg","type":"River"}},{"type":"Feature","geometry":{"type":"LineString","coordinates":[[-17.124,37.0973],[-17.0743,36.9175],[-17.1116,36.841],[-17.0992,36.7311],[-17.3365,36.7263],[-17.5221,36.6857],[-17.6134,36.6488],[-17.6871,36.547],[-17.7641,36.5341]]},"properties":{"id":1194,"source":2434,"mouth":3140,"parent":1194,"basin":1194,"widthFactor":0.672,"sourceWidth":0.04,"discharge":194,"name":"Felviknes","type":"River"}},{"type":"Feature","geometry":{"type":"LineString","coordinates":[[13.8546,25.18],[13.7939,25.2501],[13.7034,25.2292],[13.5978,25.2228],[13.5389,25.1351],[13.5207,25.0744],[13.5255,25.0112]]},"properties":{"id":1195,"source":26466,"mouth":26462,"parent":1195,"basin":1195,"widthFactor":0.672,"sourceWidth":0.05,"discharge":85,"name":"Kutlu","type":"River"}},{"type":"Feature","geometry":{"type":"LineString","coordinates":[[3.1584,19.1064],[3.0694,18.9983],[2.9623,18.8382],[2.77,18.7861],[2.7078,18.8028],[2.5542,18.864]]},"properties":{"id":1196,"source":41199,"mouth":41917,"parent":1196,"basin":1196,"widthFactor":0.672,"sourceWidth":0.05,"discharge":147,"name":"Aronversky","type":"River"}},{"type":"Feature","geometry":{"type":"LineString","coordinates":[[10.3393,19.1078],[10.4281,19.0959],[10.4771,19.1709],[10.5249,19.1874],[10.479,19.2087],[10.5085,19.3158],[10.5153,19.4267]]},"properties":{"id":1197,"source":41251,"mouth":40893,"parent":1197,"basin":1197,"widthFactor":0.672,"sourceWidth":0.06,"discharge":79,"name":"Aray","type":"River"}},{"type":"Feature","geometry":{"type":"LineString","coordinates":[[23.1362,18.579],[23.149,18.4832],[23.2381,18.4452],[23.2911,18.3943],[23.351,18.4371],[23.4096,18.49],[23.4505,18.5575]]},"properties":{"id":1198,"source":42777,"mouth":43121,"parent":1198,"basin":1198,"widthFactor":0.672,"sourceWidth":0.06,"discharge":126,"name":"Aktossospon","type":"River"}},{"type":"Feature","geometry":{"type":"LineString","coordinates":[[-9.5294,35.6697],[-9.4943,35.713],[-9.4729,35.6616],[-9.4869,35.5748],[-9.4145,35.5249],[-9.3704,35.5374],[-9.338,35.5698]]},"properties":{"id":1199,"source":4339,"mouth":4535,"parent":1199,"basin":1199,"widthFactor":0.672,"sourceWidth":0.05,"discharge":67,"name":"Klovskaki","type":"River"}},{"type":"Feature","geometry":{"type":"LineString","coordinates":[[-12.3567,36.8669],[-12.427,36.8268],[-12.4098,36.7478],[-12.51,36.6829],[-12.5955,36.5996]]},"properties":{"id":1201,"source":2775,"mouth":2774,"parent":1201,"basin":1201,"widthFactor":0.672,"sourceWidth":0.04,"discharge":49,"name":"Porkauski","type":"River"}},{"type":"Feature","geometry":{"type":"LineString","coordinates":[[-14.0953,35.1849],[-14.0053,35.2087],[-13.9838,35.2992],[-13.9339,35.3467],[-13.9029,35.4082]]},"properties":{"id":1202,"source":4883,"mouth":4687,"parent":1202,"basin":1202,"widthFactor":0.672,"sourceWidth":0.07,"discharge":60,"name":"Beisfjord","type":"River"}},{"type":"Feature","geometry":{"type":"LineString","coordinates":[[3.9583,30.0527],[4.0227,30.0422],[4.0282,30.1072],[3.9851,30.1872],[3.9229,30.2535]]},"properties":{"id":1204,"source":14496,"mouth":14167,"parent":1204,"basin":1204,"widthFactor":0.672,"sourceWidth":0.06,"discharge":54,"name":"Kokuz","type":"River"}},{"type":"Feature","geometry":{"type":"LineString","coordinates":[[4.642,26.3135],[4.7284,26.3545],[4.7362,26.4498],[4.7711,26.5256],[4.7836,26.608]]},"properties":{"id":1205,"source":23678,"mouth":23269,"parent":1205,"basin":1205,"widthFactor":0.672,"sourceWidth":0.04,"discharge":62,"name":"Biltaynuz","type":"River"}},{"type":"Feature","geometry":{"type":"LineString","coordinates":[[23.2936,16.714],[23.3528,16.6086],[23.317,16.4931],[23.2715,16.4562],[23.2151,16.4401]]},"properties":{"id":1206,"source":46629,"mouth":46872,"parent":1206,"basin":1206,"widthFactor":0.672,"sourceWidth":0.05,"discharge":48,"name":"Hamis","type":"River"}},{"type":"Feature","geometry":{"type":"LineString","coordinates":[[-25.0852,15.5676],[-25.0257,15.5179],[-24.9632,15.5637],[-24.9121,15.5131],[-24.8474,15.4815]]},"properties":{"id":1207,"source":48238,"mouth":48062,"parent":1207,"basin":1207,"widthFactor":0.672,"sourceWidth":0.05,"discharge":47,"name":"Corencueg","type":"River"}},{"type":"Feature","geometry":{"type":"LineString","coordinates":[[-15.4664,31.5448],[-15.4312,31.636],[-15.4908,31.7135],[-15.5807,31.7525],[-15.6773,31.769]]},"properties":{"id":1208,"source":11172,"mouth":10567,"parent":1208,"basin":1208,"widthFactor":0.672,"sourceWidth":0.04,"discharge":92,"name":"Fluornach","type":"River"}},{"type":"Feature","geometry":{"type":"LineString","coordinates":[[8.4381,22.8747],[8.4468,22.9476],[8.3759,22.9674],[8.354,23.0165],[8.3132,23.0516]]},"properties":{"id":1209,"source":31546,"mouth":31159,"parent":1209,"basin":1209,"widthFactor":0.672,"sourceWidth":0.06,"discharge":57,"name":"Achiracon","type":"River"}},{"type":"Feature","geometry":{"type":"LineString","coordinates":[[-7.0053,40.8101],[-6.9545,40.7398],[-6.8699,40.759],[-6.8345,40.7039],[-6.7819,40.6648]]},"properties":{"id":1210,"source":563,"mouth":565,"parent":1210,"basin":1210,"widthFactor":0.672,"sourceWidth":0.05,"discharge":67,"name":"Kankyhame","type":"River"}},{"type":"Feature","geometry":{"type":"LineString","coordinates":[[1.1874,19.6576],[1.2394,19.7132],[1.196,19.7757],[1.1311,19.8186],[1.0563,19.8402]]},"properties":{"id":1211,"source":39729,"mouth":39390,"parent":1211,"basin":1211,"widthFactor":0.672,"sourceWidth":0.05,"discharge":58,"name":"Kaltahar","type":"River"}},{"type":"Feature","geometry":{"type":"LineString","coordinates":[[-8.342,32.7883],[-8.402,32.8581],[-8.4917,32.8371],[-8.5428,32.8277],[-8.5845,32.7969]]},"properties":{"id":1213,"source":8613,"mouth":8374,"parent":1213,"basin":1213,"widthFactor":0.672,"sourceWidth":0.05,"discharge":46,"name":"Hinkidedak","type":"River"}},{"type":"Feature","geometry":{"type":"LineString","coordinates":[[-6.3594,37.6055],[-6.3026,37.5972],[-6.3169,37.6528],[-6.3676,37.7289],[-6.436,37.7896]]},"properties":{"id":1214,"source":1992,"mouth":1832,"parent":1214,"basin":1214,"widthFactor":0.672,"sourceWidth":0.05,"discharge":62,"name":"Vehja","type":"River"}},{"type":"Feature","geometry":{"type":"LineString","coordinates":[[11.4435,26.555],[11.4563,26.4746],[11.5367,26.4618],[11.5527,26.3914],[11.5903,26.3298]]},"properties":{"id":1215,"source":22914,"mouth":23311,"parent":1215,"basin":1215,"widthFactor":0.672,"sourceWidth":0.05,"discharge":63,"name":"Sertesen","type":"River"}},{"type":"Feature","geometry":{"type":"LineString","coordinates":[[-4.0803,35.925],[-3.9784,36.0694],[-3.922,36.1861],[-3.866,36.2119],[-3.6383,36.2578],[-3.6268,36.3821],[-3.7961,36.4858],[-3.611,36.5484],[-3.5158,36.6374],[-3.477,36.7937],[-3.5464,36.9204],[-3.7268,37.0394],[-3.8167,36.984]]},"properties":{"id":1271,"source":4009,"mouth":2515,"parent":1564,"basin":1564,"widthFactor":0.56,"sourceWidth":0.05,"discharge":213,"name":"Valmala","type":"River"}},{"type":"Feature","geometry":{"type":"LineString","coordinates":[[-9.9814,26.7553],[-10.0154,26.8543],[-10.0594,27.0866],[-10.1857,27.2233],[-10.2761,27.2769],[-10.4737,27.2664]]},"properties":{"id":1272,"source":22439,"mouth":20994,"parent":1304,"basin":1304,"widthFactor":0.56,"sourceWidth":0.06,"discharge":235,"name":"Malsbachin","type":"Fork"}},{"type":"Feature","geometry":{"type":"LineString","coordinates":[[22.7611,26.1328],[22.6747,26.1763],[22.5932,26.1242],[22.5129,26.1314],[22.4803,26.0578],[22.4569,25.9733],[22.4563,25.8857]]},"properties":{"id":1274,"source":24196,"mouth":24571,"parent":1301,"basin":1301,"widthFactor":0.56,"sourceWidth":0.06,"discharge":71,"name":"Skiptonby","type":"River"}},{"type":"Feature","geometry":{"type":"LineString","coordinates":[[-11.1162,24.6952],[-11.2061,24.7334],[-11.2856,24.6766],[-11.3815,24.6566],[-11.4167,24.5652],[-11.4799,24.5334],[-11.5296,24.4829]]},"properties":{"id":1275,"source":27318,"mouth":27631,"parent":1304,"basin":1304,"widthFactor":0.56,"sourceWidth":0.05,"discharge":69,"name":"Haswetersgau","type":"Fork"}},{"type":"Feature","geometry":{"type":"LineString","coordinates":[[-10.4101,26.7462],[-10.3965,26.8439],[-10.4302,26.9365],[-10.3706,26.99],[-10.4484,27.0092],[-10.3983,27.062],[-10.4685,27.0814],[-10.4834,27.1314],[-10.4694,27.1818]]},"properties":{"id":1276,"source":22435,"mouth":21707,"parent":1304,"basin":1304,"widthFactor":0.56,"sourceWidth":0.23,"discharge":230,"name":"Breit","type":"River"}},{"type":"Feature","geometry":{"type":"LineString","coordinates":[[-10.4756,25.9148],[-10.49,25.8596],[-10.5412,25.8345],[-10.6146,25.7744],[-10.666,25.8541],[-10.7072,25.9116],[-10.7196,25.9813]]},"properties":{"id":1277,"source":24752,"mouth":24749,"parent":1304,"basin":1304,"widthFactor":0.56,"sourceWidth":1,"discharge":1482,"name":"Haghaupen","type":"River"}},{"type":"Feature","geometry":{"type":"LineString","coordinates":[[-10.9124,21.9414],[-10.9049,22.0129],[-10.9751,22.0284],[-11.0026,22.0969],[-11.0502,22.1532]]},"properties":{"id":1278,"source":33821,"mouth":33820,"parent":1304,"basin":1304,"widthFactor":0.56,"sourceWidth":0.04,"discharge":52,"name":"Kirchen","type":"Fork"}},{"type":"Feature","geometry":{"type":"LineString","coordinates":[[-11.4755,25.0586],[-11.4731,24.9872],[-11.5439,24.9773],[-11.6135,25.0184],[-11.6683,25.0777]]},"properties":{"id":1284,"source":26693,"mouth":26692,"parent":1304,"basin":1304,"widthFactor":0.56,"sourceWidth":0.06,"discharge":53,"name":"Eiler","type":"Fork"}},{"type":"Feature","geometry":{"type":"LineString","coordinates":[[22.2846,24.7215],[22.4018,24.5833],[22.3339,24.3883],[22.4391,24.2755],[22.4712,24.2061],[22.6334,24.2951],[22.7898,24.1253],[23.0041,24.1081],[23.1548,24.112],[23.3026,24.1593]]},"properties":{"id":1301,"source":27487,"mouth":28668,"parent":1301,"basin":1301,"widthFactor":0.672,"sourceWidth":1,"discharge":5186,"name":"Newcesford","type":"River"}},{"type":"Feature","geometry":{"type":"LineString","coordinates":[[24.1776,25.9779],[24.2968,26.0625],[24.4274,26.1577],[24.569,26.1864],[24.6489,26.3159],[24.7034,26.4049],[24.8709,26.4536]]},"properties":{"id":1302,"source":24584,"mouth":23414,"parent":1302,"basin":1302,"widthFactor":0.672,"sourceWidth":0.05,"discharge":119,"name":"Retford","type":"River"}},{"type":"Feature","geometry":{"type":"LineString","coordinates":[[-11.7592,21.994],[-11.7304,21.9273],[-11.7927,21.8898],[-11.7738,21.8296],[-11.8357,21.8171]]},"properties":{"id":1303,"source":33419,"mouth":34202,"parent":1304,"basin":1304,"widthFactor":0.56,"sourceWidth":0.05,"discharge":57,"name":"Weilertal","type":"River"}},{"type":"Feature","geometry":{"type":"LineString","coordinates":[[-11.6319,22.0595],[-11.6635,21.9653],[-11.7114,21.8888],[-11.8357,21.8171],[-11.9099,21.8324],[-11.9841,21.7932],[-11.8759,21.7488],[-11.7707,21.6101],[-11.7401,21.4356],[-11.7831,21.296]]},"properties":{"id":1304,"source":33814,"mouth":35392,"parent":1304,"basin":1304,"widthFactor":0.672,"sourceWidth":1,"discharge":14994,"name":"Pfalzkirch","type":"River"}},{"type":"Feature","geometry":{"type":"LineString","coordinates":[[-21.9306,27.7029],[-21.8927,27.67],[-21.9425,27.6756],[-22.0317,27.6162],[-22.1334,27.6498],[-22.2057,27.7126],[-22.2908,27.7564]]},"properties":{"id":1306,"source":19810,"mouth":20188,"parent":1306,"basin":1306,"widthFactor":0.672,"sourceWidth":0.04,"discharge":59,"name":"Chabe","type":"River"}},{"type":"Feature","geometry":{"type":"LineString","coordinates":[[7.7239,32.4445],[7.8195,32.4711],[7.8482,32.566],[7.9256,32.5486],[7.9654,32.6171]]},"properties":{"id":1308,"source":9278,"mouth":9279,"parent":526,"basin":1649,"widthFactor":0.56,"sourceWidth":0.06,"discharge":57,"name":"Yaltaka","type":"Fork"}},{"type":"Feature","geometry":{"type":"LineString","coordinates":[[4.155,33.2692],[4.1404,33.1739],[4.2152,33.1129],[4.1611,33.0349],[4.2004,32.9484],[4.2396,32.8815],[4.3152,32.8992],[4.3736,32.8559],[4.4425,32.8327]]},"properties":{"id":1309,"source":7996,"mouth":8464,"parent":1309,"basin":1309,"widthFactor":0.672,"sourceWidth":0.04,"discharge":125,"name":"Desene","type":"River"}},{"type":"Feature","geometry":{"type":"LineString","coordinates":[[-5.8102,25.8622],[-5.9143,25.8678],[-5.9791,25.7862],[-6.0383,25.7867],[-6.093,25.7642]]},"properties":{"id":1313,"source":24783,"mouth":25122,"parent":1313,"basin":1313,"widthFactor":0.672,"sourceWidth":0.05,"discharge":52,"name":"Dobasiken","type":"River"}},{"type":"Feature","geometry":{"type":"LineString","coordinates":[[23.0505,26.6568],[23.0663,26.5206],[23.1673,26.4278],[23.2797,26.3164],[23.3624,26.2653],[23.5509,26.2815],[23.6678,26.3525],[23.716,26.4804],[23.8327,26.4866],[24.014,26.4555],[24.1174,26.5191],[24.1489,26.6468],[24.2202,26.7711],[24.2264,26.8514],[24.1097,26.9599],[24.2331,26.9355],[24.2618,27.0723],[24.182,27.1316],[24.2169,27.3295],[24.1671,27.448]]},"properties":{"id":1315,"source":23009,"mouth":21202,"parent":1315,"basin":1315,"widthFactor":0.672,"sourceWidth":0.07,"discharge":764,"name":"Causcomber","type":"River"}},{"type":"Feature","geometry":{"type":"LineString","coordinates":[[-24.8225,22.5916],[-24.6867,22.5649],[-24.6168,22.541],[-24.5188,22.725],[-24.3891,22.7637],[-24.2269,22.7814]]},"properties":{"id":1316,"source":32087,"mouth":31300,"parent":1316,"basin":1316,"widthFactor":0.672,"sourceWidth":0.05,"discharge":109,"name":"Gefonville","type":"River"}},{"type":"Feature","geometry":{"type":"LineString","coordinates":[[-5.6571,33.11],[-5.7507,33.0867],[-5.7782,32.9943],[-5.871,32.9514],[-5.8896,32.8509]]},"properties":{"id":1318,"source":8158,"mouth":8393,"parent":692,"basin":692,"widthFactor":0.56,"sourceWidth":0.07,"discharge":84,"name":"Yalbeykut","type":"River"}},{"type":"Feature","geometry":{"type":"LineString","coordinates":[[-6.49,18.2018],[-6.4837,18.0881],[-6.3929,18.0192],[-6.4375,17.9165],[-6.3881,17.816],[-6.3193,17.7662],[-6.2456,17.8084],[-6.1543,17.7966],[-6.0628,17.8074]]},"properties":{"id":1320,"source":43287,"mouth":44301,"parent":1320,"basin":1320,"widthFactor":0.672,"sourceWidth":0.05,"discharge":131,"name":"Yalka","type":"River"}},{"type":"Feature","geometry":{"type":"LineString","coordinates":[[14.0981,27.8429],[14.0231,27.8466],[14.0053,27.7736],[13.9461,27.782],[13.9517,27.7225],[13.8752,27.6637],[13.8828,27.5676],[13.8491,27.5279],[13.8355,27.4777]]},"properties":{"id":1322,"source":19670,"mouth":20402,"parent":1322,"basin":1322,"widthFactor":0.672,"sourceWidth":0.05,"discharge":58,"name":"Dalboliver","type":"River"}},{"type":"Feature","geometry":{"type":"LineString","coordinates":[[15.353,13.0504],[15.252,12.8865],[15.2252,12.8176],[15.0162,12.7727],[14.9162,12.7024],[14.7684,12.5996],[14.5918,12.5972]]},"properties":{"id":1323,"source":49674,"mouth":49889,"parent":1323,"basin":1323,"widthFactor":0.672,"sourceWidth":0.06,"discharge":169,"name":"Beana","type":"River"}},{"type":"Feature","geometry":{"type":"LineString","coordinates":[[-4.9769,32.128],[-5.0618,32.1675],[-5.1371,32.1118],[-5.21,32.0108],[-5.1917,31.8876],[-5.276,31.8548],[-5.2878,31.7652],[-5.3762,31.7302],[-5.4538,31.6753]]},"properties":{"id":1324,"source":10059,"mouth":10635,"parent":1324,"basin":1324,"widthFactor":0.672,"sourceWidth":0.06,"discharge":88,"name":"Erlibeyli","type":"River"}},{"type":"Feature","geometry":{"type":"LineString","coordinates":[[-11.4894,36.9907],[-11.526,37.0589],[-11.4683,37.1107],[-11.373,37.1998],[-11.2425,37.202],[-11.1804,37.2494],[-11.1349,37.3129]]},"properties":{"id":1325,"source":2615,"mouth":2288,"parent":1325,"basin":1325,"widthFactor":0.672,"sourceWidth":0.05,"discharge":50,"name":"Oujarkausla","type":"River"}},{"type":"Feature","geometry":{"type":"LineString","coordinates":[[-25.0632,26.4034],[-25.1148,26.26],[-25.2545,26.1955],[-25.3569,26.2198],[-25.4894,26.1056],[-25.5985,25.9865]]},"properties":{"id":1327,"source":23078,"mouth":23881,"parent":1327,"basin":1327,"widthFactor":0.672,"sourceWidth":0.05,"discharge":72,"name":"Gieury","type":"River"}},{"type":"Feature","geometry":{"type":"LineString","coordinates":[[-17.6493,37.1724],[-17.6381,37.2573],[-17.5551,37.279],[-17.4967,37.3533],[-17.403,37.3406],[-17.3575,37.4301],[-17.3336,37.5276]]},"properties":{"id":1329,"source":2430,"mouth":2092,"parent":1329,"basin":1329,"widthFactor":0.672,"sourceWidth":0.05,"discharge":79,"name":"Bjordetbo","type":"River"}},{"type":"Feature","geometry":{"type":"LineString","coordinates":[[-23.8801,35.2777],[-23.8779,35.2163],[-23.9384,35.227],[-24.0721,35.2137],[-24.182,35.2911],[-24.1885,35.3482],[-24.2169,35.3982]]},"properties":{"id":1330,"source":4841,"mouth":4839,"parent":1330,"basin":1330,"widthFactor":0.672,"sourceWidth":0.07,"discharge":201,"name":"Douchy","type":"River"}},{"type":"Feature","geometry":{"type":"LineString","coordinates":[[-24.8407,16.1475],[-25.0091,16.0849],[-25.1617,16.1107],[-25.3186,16.2149],[-25.3952,16.1857],[-25.4961,16.0935],[-25.6055,16.1619],[-25.7334,16.1446],[-25.81,16.2761]]},"properties":{"id":1331,"source":47382,"mouth":47376,"parent":1331,"basin":1331,"widthFactor":0.672,"sourceWidth":0.06,"discharge":360,"name":"Moriaravo","type":"River"}},{"type":"Feature","geometry":{"type":"LineString","coordinates":[[-23.9552,17.7821],[-24.148,17.872],[-24.3188,17.8127],[-24.3934,17.8222],[-24.5398,17.7845],[-24.6527,17.8748],[-24.7536,17.9781]]},"properties":{"id":1332,"source":44167,"mouth":44161,"parent":1332,"basin":1332,"widthFactor":0.672,"sourceWidth":0.04,"discharge":86,"name":"Concigliodo","type":"River"}},{"type":"Feature","geometry":{"type":"LineString","coordinates":[[-25.2756,23.1716],[-25.3258,23.2441],[-25.2804,23.3198],[-25.28,23.3798],[-25.2215,23.3661],[-25.1428,23.4209],[-25.0794,23.4928]]},"properties":{"id":1333,"source":30539,"mouth":29847,"parent":1333,"basin":1333,"widthFactor":0.672,"sourceWidth":0.05,"discharge":113,"name":"Corcilles","type":"River"}},{"type":"Feature","geometry":{"type":"LineString","coordinates":[[-16.1046,35.5464],[-16.136,35.6045],[-16.1926,35.5703],[-16.2718,35.549],[-16.3418,35.5062]]},"properties":{"id":1334,"source":4479,"mouth":4477,"parent":1006,"basin":1006,"widthFactor":0.56,"sourceWidth":0.06,"discharge":63,"name":"Orsmarjord","type":"River"}},{"type":"Feature","geometry":{"type":"LineString","coordinates":[[15.607,13.5983],[15.5731,13.692],[15.4759,13.714],[15.4166,13.7606],[15.3458,13.7867]]},"properties":{"id":1335,"source":49362,"mouth":49361,"parent":1335,"basin":1335,"widthFactor":0.672,"sourceWidth":0.04,"discharge":74,"name":"Zekei","type":"River"}},{"type":"Feature","geometry":{"type":"LineString","coordinates":[[-25.3234,34.6375],[-25.3995,34.5548],[-25.3842,34.4434],[-25.4312,34.4058],[-25.4603,34.3531]]},"properties":{"id":1337,"source":5740,"mouth":5968,"parent":1337,"basin":1337,"widthFactor":0.672,"sourceWidth":0.05,"discharge":66,"name":"Marsaincy","type":"River"}},{"type":"Feature","geometry":{"type":"LineString","coordinates":[[-8.0975,33.8014],[-8.024,33.77],[-7.9731,33.8315],[-8.0191,33.8896],[-7.9712,33.9462],[-7.8887,33.9529],[-7.8076,33.9367]]},"properties":{"id":1338,"source":7098,"mouth":6916,"parent":1338,"basin":1338,"widthFactor":0.672,"sourceWidth":0.08,"discharge":111,"name":"Piolmahai","type":"River"}},{"type":"Feature","geometry":{"type":"LineString","coordinates":[[25.5234,25.1398],[25.4178,25.0917],[25.3842,24.9806],[25.3612,24.9565],[25.3598,24.9233]]},"properties":{"id":1339,"source":26550,"mouth":26880,"parent":1339,"basin":1339,"widthFactor":0.672,"sourceWidth":0.06,"discharge":55,"name":"Bosham","type":"River"}},{"type":"Feature","geometry":{"type":"LineString","coordinates":[[24.8321,27.3137],[24.8395,27.4123],[24.7599,27.471],[24.8004,27.557],[24.8187,27.6503]]},"properties":{"id":1340,"source":21208,"mouth":20852,"parent":1340,"basin":1340,"widthFactor":0.672,"sourceWidth":0.05,"discharge":45,"name":"Oaknetham","type":"River"}},{"type":"Feature","geometry":{"type":"LineString","coordinates":[[19.1745,34.6347],[19.2245,34.6566],[19.1793,34.6873],[19.2299,34.7621],[19.2596,34.8474]]},"properties":{"id":1341,"source":5954,"mouth":5724,"parent":1341,"basin":1341,"widthFactor":0.672,"sourceWidth":0.05,"discharge":70,"name":"Faringley","type":"River"}},{"type":"Feature","geometry":{"type":"LineString","coordinates":[[-18.8229,30.3792],[-18.748,30.3903],[-18.7439,30.4657],[-18.7439,30.5275],[-18.7669,30.5848]]},"properties":{"id":1342,"source":13700,"mouth":13394,"parent":1342,"basin":1342,"widthFactor":0.672,"sourceWidth":0.05,"discharge":53,"name":"Neubinnes","type":"River"}},{"type":"Feature","geometry":{"type":"LineString","coordinates":[[-22.2602,26.6458],[-22.2552,26.5485],[-22.1693,26.5024],[-22.188,26.4638],[-22.1837,26.4211]]},"properties":{"id":1343,"source":22346,"mouth":22719,"parent":1343,"basin":1343,"widthFactor":0.672,"sourceWidth":0.05,"discharge":40,"name":"Lorteau","type":"River"}},{"type":"Feature","geometry":{"type":"LineString","coordinates":[[14.0273,27.6412],[13.9511,27.6118],[13.9551,27.5303],[13.9363,27.479],[13.9407,27.4246]]},"properties":{"id":1344,"source":20404,"mouth":20403,"parent":1344,"basin":1344,"widthFactor":0.672,"sourceWidth":0.05,"discharge":41,"name":"Brurymouth","type":"River"}},{"type":"Feature","geometry":{"type":"LineString","coordinates":[[-8.7055,15.3209],[-8.8005,15.354],[-8.8802,15.2927],[-8.9467,15.3001],[-9.0117,15.2841]]},"properties":{"id":1345,"source":48416,"mouth":48518,"parent":1345,"basin":1345,"widthFactor":0.672,"sourceWidth":0.05,"discharge":48,"name":"Fuentidani","type":"River"}},{"type":"Feature","geometry":{"type":"LineString","coordinates":[[-8.8424,26.3097],[-8.7955,26.2426],[-8.717,26.2657],[-8.7024,26.2345],[-8.6711,26.2198]]},"properties":{"id":1346,"source":23618,"mouth":23620,"parent":1346,"basin":1346,"widthFactor":0.672,"sourceWidth":0.05,"discharge":82,"name":"Seldach","type":"River"}},{"type":"Feature","geometry":{"type":"LineString","coordinates":[[-20.2375,36.5461],[-20.2351,36.4459],[-20.3179,36.3892],[-20.3229,36.332],[-20.3753,36.3558],[-20.4363,36.3457],[-20.4968,36.3586]]},"properties":{"id":1347,"source":3104,"mouth":3320,"parent":1347,"basin":1347,"widthFactor":0.672,"sourceWidth":0.05,"discharge":74,"name":"Salmen","type":"River"}},{"type":"Feature","geometry":{"type":"LineString","coordinates":[[2.5834,28.5582],[2.5883,28.6383],[2.5131,28.6662],[2.445,28.6996],[2.37,28.7107]]},"properties":{"id":1348,"source":17800,"mouth":17799,"parent":1348,"basin":1348,"widthFactor":0.672,"sourceWidth":0.05,"discharge":47,"name":"Topkornu","type":"River"}},{"type":"Feature","geometry":{"type":"LineString","coordinates":[[-20.791,22.4525],[-20.7306,22.4012],[-20.6647,22.4453],[-20.6063,22.4051],[-20.5379,22.3861]]},"properties":{"id":1349,"source":32527,"mouth":32528,"parent":1349,"basin":1349,"widthFactor":0.672,"sourceWidth":0.05,"discharge":42,"name":"Ville","type":"River"}},{"type":"Feature","geometry":{"type":"LineString","coordinates":[[-20.1744,17.5765],[-20.2359,17.5461],[-20.2074,17.4837],[-20.2276,17.4134],[-20.2246,17.3403]]},"properties":{"id":1350,"source":44522,"mouth":44821,"parent":1350,"basin":1350,"widthFactor":0.672,"sourceWidth":0.06,"discharge":58,"name":"Monte","type":"River"}},{"type":"Feature","geometry":{"type":"LineString","coordinates":[[-24.3987,34.3574],[-24.3928,34.2815],[-24.3173,34.2713],[-24.2607,34.2794],[-24.2121,34.3096]]},"properties":{"id":1351,"source":6206,"mouth":6207,"parent":1351,"basin":1351,"widthFactor":0.672,"sourceWidth":0.05,"discharge":47,"name":"Chuelle","type":"River"}},{"type":"Feature","geometry":{"type":"LineString","coordinates":[[-9.9178,37.8245],[-9.9929,37.8669],[-10.0609,37.8139],[-10.0935,37.8407],[-10.1355,37.846]]},"properties":{"id":1352,"source":1659,"mouth":1658,"parent":1352,"basin":1352,"widthFactor":0.672,"sourceWidth":0.06,"discharge":66,"name":"Karniosaa","type":"River"}},{"type":"Feature","geometry":{"type":"LineString","coordinates":[[-12.4959,36.9199],[-12.5021,36.9895],[-12.572,36.9878],[-12.5977,37.0819],[-12.6452,37.1671]]},"properties":{"id":1353,"source":2607,"mouth":2606,"parent":1353,"basin":1353,"widthFactor":0.672,"sourceWidth":0.05,"discharge":60,"name":"Rapokiasa","type":"River"}},{"type":"Feature","geometry":{"type":"LineString","coordinates":[[-18.7104,36.5073],[-18.7495,36.4501],[-18.6942,36.4084],[-18.7116,36.3595],[-18.7056,36.308]]},"properties":{"id":1354,"source":3126,"mouth":3340,"parent":1354,"basin":1354,"widthFactor":0.672,"sourceWidth":0.05,"discharge":62,"name":"Valhusnes","type":"River"}},{"type":"Feature","geometry":{"type":"LineString","coordinates":[[-12.3548,33.3194],[-12.3065,33.2799],[-12.2759,33.3343],[-12.2236,33.4079],[-12.1922,33.4925]]},"properties":{"id":1355,"source":7669,"mouth":7670,"parent":1355,"basin":1355,"widthFactor":0.672,"sourceWidth":0.06,"discharge":72,"name":"Mosjahlid","type":"River"}},{"type":"Feature","geometry":{"type":"LineString","coordinates":[[-16.305,21.8535],[-16.3446,21.8025],[-16.3385,21.7382],[-16.374,21.6534],[-16.3749,21.5614]]},"properties":{"id":1419,"source":34169,"mouth":34556,"parent":1419,"basin":1419,"widthFactor":0.672,"sourceWidth":0.32,"discharge":291,"name":"Mentigliara","type":"River"}},{"type":"Feature","geometry":{"type":"LineString","coordinates":[[20.78,19.2426],[20.6894,19.2294],[20.6599,19.1427],[20.59,19.0764],[20.6097,18.9821],[20.5562,18.9029],[20.5231,18.8133]]},"properties":{"id":1420,"source":40968,"mouth":41685,"parent":1472,"basin":1472,"widthFactor":0.56,"sourceWidth":0.06,"discharge":71,"name":"Skylgi","type":"River"}},{"type":"Feature","geometry":{"type":"LineString","coordinates":[[20.2342,19.2292],[20.1009,19.192],[20.0237,19.0772],[19.9387,19.0567],[19.9213,18.9711]]},"properties":{"id":1421,"source":40964,"mouth":41323,"parent":6,"basin":1472,"widthFactor":0.56,"sourceWidth":0.05,"discharge":41,"name":"Chalcis","type":"River"}},{"type":"Feature","geometry":{"type":"LineString","coordinates":[[-4.9209,36.3739],[-4.8551,36.4399],[-4.7659,36.4131],[-4.7295,36.4515],[-4.719,36.3998]]},"properties":{"id":1422,"source":3449,"mouth":3450,"parent":1182,"basin":1564,"widthFactor":0.56,"sourceWidth":0.05,"discharge":48,"name":"Isksara","type":"Fork"}},{"type":"Feature","geometry":{"type":"LineString","coordinates":[[-6.4881,37.2316],[-6.5728,37.1695],[-6.5699,36.9682],[-6.6025,36.8645],[-6.7312,36.7143],[-6.8283,36.6575]]},"properties":{"id":1423,"source":2329,"mouth":2823,"parent":1423,"basin":1423,"widthFactor":0.672,"sourceWidth":0.05,"discharge":131,"name":"Antsema","type":"River"}},{"type":"Feature","geometry":{"type":"LineString","coordinates":[[4.2358,20.021],[4.0559,19.9889],[3.9794,19.8273],[3.8703,19.661],[3.7603,19.7422],[3.7311,19.8245],[3.6789,19.9382],[3.5837,20.0372]]},"properties":{"id":1426,"source":39070,"mouth":39066,"parent":1426,"basin":1426,"widthFactor":0.672,"sourceWidth":0.05,"discharge":181,"name":"Invermodudob","type":"River"}},{"type":"Feature","geometry":{"type":"LineString","coordinates":[[6.0891,21.3907],[6.1623,21.4825],[6.1427,21.5982],[6.15,21.7159],[6.069,21.8018],[6.0887,21.8593],[6.0289,21.8702]]},"properties":{"id":1427,"source":35528,"mouth":34343,"parent":649,"basin":649,"widthFactor":0.56,"sourceWidth":0.06,"discharge":57,"name":"Duibrinver","type":"River"}},{"type":"Feature","geometry":{"type":"LineString","coordinates":[[8.0898,33.0857],[8.0879,32.9823],[8.1716,32.9217],[8.1544,32.8576],[8.2185,32.8404],[8.2121,32.7467],[8.2889,32.6927]]},"properties":{"id":1428,"source":8257,"mouth":8741,"parent":526,"basin":1649,"widthFactor":0.56,"sourceWidth":0.04,"discharge":73,"name":"Horncesbury","type":"Fork"}},{"type":"Feature","geometry":{"type":"LineString","coordinates":[[-5.7289,26.4713],[-5.6657,26.5076],[-5.693,26.5751],[-5.6306,26.6449],[-5.66,26.7338],[-5.578,26.7932],[-5.5782,26.8944],[-5.5513,26.9699],[-5.5466,27.0498]]},"properties":{"id":1432,"source":23243,"mouth":22105,"parent":1432,"basin":1432,"widthFactor":0.672,"sourceWidth":0.04,"discharge":83,"name":"Akarkilbe","type":"River"}},{"type":"Feature","geometry":{"type":"LineString","coordinates":[[2.582,33.6737],[2.5075,33.7202],[2.5198,33.8071],[2.5775,33.8799],[2.5422,33.9658],[2.4887,34.0066],[2.4447,33.9558],[2.3792,34.0179],[2.3313,34.0944]]},"properties":{"id":1433,"source":7349,"mouth":6974,"parent":1433,"basin":1433,"widthFactor":0.672,"sourceWidth":0.05,"discharge":120,"name":"Elbeli","type":"River"}},{"type":"Feature","geometry":{"type":"LineString","coordinates":[[-14.2072,20.5708],[-14.1559,20.4989],[-14.0747,20.4641],[-13.9935,20.4308],[-13.9862,20.5182],[-13.9086,20.5011],[-13.8436,20.4555]]},"properties":{"id":1436,"source":37564,"mouth":37565,"parent":1728,"basin":1728,"widthFactor":0.56,"sourceWidth":0.57,"discharge":545,"name":"Korse","type":"River"}},{"type":"Feature","geometry":{"type":"LineString","coordinates":[[-9.8676,16.4841],[-9.94,16.4812],[-9.9465,16.409],[-9.9745,16.3355],[-9.9795,16.257]]},"properties":{"id":1437,"source":46748,"mouth":46991,"parent":1437,"basin":1437,"widthFactor":0.672,"sourceWidth":0.05,"discharge":42,"name":"Ocentalalo","type":"River"}},{"type":"Feature","geometry":{"type":"LineString","coordinates":[[-14.7325,32.7338],[-14.8095,32.6635],[-14.8813,32.6712],[-15.0191,32.5641],[-15.1894,32.5598],[-15.3563,32.4833]]},"properties":{"id":1438,"source":8581,"mouth":8829,"parent":1438,"basin":1438,"widthFactor":0.672,"sourceWidth":0.07,"discharge":129,"name":"Balhus","type":"River"}},{"type":"Feature","geometry":{"type":"LineString","coordinates":[[-5.5945,19.7977],[-5.509,19.7891],[-5.4844,19.7069],[-5.4254,19.6926],[-5.451,19.6375]]},"properties":{"id":1439,"source":39368,"mouth":39701,"parent":1092,"basin":1092,"widthFactor":0.56,"sourceWidth":0.06,"discharge":55,"name":"Yardemkara","type":"River"}},{"type":"Feature","geometry":{"type":"LineString","coordinates":[[15.4343,12.7727],[15.3603,12.7197],[15.2798,12.7622],[15.219,12.757],[15.2252,12.8176]]},"properties":{"id":1440,"source":49825,"mouth":49824,"parent":1323,"basin":1323,"widthFactor":0.56,"sourceWidth":0.04,"discharge":46,"name":"Ieta","type":"Fork"}},{"type":"Feature","geometry":{"type":"LineString","coordinates":[[16.0888,13.4946],[16.1025,13.386],[16.1964,13.3296],[16.3047,13.297],[16.3509,13.1939],[16.4015,13.1213],[16.36,13.0433],[16.3442,12.9643],[16.3509,12.8841]]},"properties":{"id":1442,"source":49448,"mouth":49681,"parent":1442,"basin":1442,"widthFactor":0.672,"sourceWidth":0.07,"discharge":136,"name":"Zulesturue","type":"River"}},{"type":"Feature","geometry":{"type":"LineString","coordinates":[[-0.1761,24.2186],[-0.2619,24.2411],[-0.2775,24.3285],[-0.3029,24.3937],[-0.2406,24.4256],[-0.1141,24.4852],[-0.0521,24.6106],[-0.0351,24.6935],[-0.0407,24.7779]]},"properties":{"id":1443,"source":28534,"mouth":27677,"parent":1443,"basin":1443,"widthFactor":0.672,"sourceWidth":0.05,"discharge":85,"name":"Beytaykut","type":"River"}},{"type":"Feature","geometry":{"type":"LineString","coordinates":[[-21.4029,29.6506],[-21.5129,29.7128],[-21.5479,29.8342],[-21.4912,29.8911],[-21.5273,29.9628],[-21.6008,29.9558],[-21.6239,30.0259],[-21.6273,30.1139],[-21.6081,30.1999]]},"properties":{"id":1444,"source":15307,"mouth":14323,"parent":1444,"basin":1444,"widthFactor":0.672,"sourceWidth":0.07,"discharge":92,"name":"Norand","type":"River"}},{"type":"Feature","geometry":{"type":"LineString","coordinates":[[-19.6275,29.5784],[-19.714,29.6434],[-19.7151,29.7515],[-19.7246,29.8471],[-19.6481,29.9054],[-19.6229,29.9525],[-19.6199,30.0058]]},"properties":{"id":1445,"source":15319,"mouth":14664,"parent":1445,"basin":1445,"widthFactor":0.672,"sourceWidth":0.04,"discharge":61,"name":"Daroy","type":"River"}},{"type":"Feature","geometry":{"type":"LineString","coordinates":[[-20.6212,30.0197],[-20.682,30.1249],[-20.8001,30.1535],[-20.8378,30.2327],[-20.9254,30.2324]]},"properties":{"id":1446,"source":14331,"mouth":13990,"parent":360,"basin":360,"widthFactor":0.56,"sourceWidth":0.05,"discharge":45,"name":"Ivreneuxy","type":"Fork"}},{"type":"Feature","geometry":{"type":"LineString","coordinates":[[-7.6186,20.3661],[-7.5661,20.4486],[-7.609,20.5363],[-7.5171,20.6009],[-7.5062,20.7127],[-7.5028,20.8032],[-7.5224,20.8916]]},"properties":{"id":1447,"source":37976,"mouth":37267,"parent":1447,"basin":1447,"widthFactor":0.672,"sourceWidth":0.06,"discharge":71,"name":"Tayayayli","type":"River"}},{"type":"Feature","geometry":{"type":"LineString","coordinates":[[16.5782,13.6127],[16.5767,13.4229],[16.5093,13.3139],[16.4902,13.1972],[16.4375,13.0543],[16.3509,12.8841]]},"properties":{"id":1450,"source":49369,"mouth":49683,"parent":1450,"basin":1450,"widthFactor":0.672,"sourceWidth":0.06,"discharge":150,"name":"Lena","type":"River"}},{"type":"Feature","geometry":{"type":"LineString","coordinates":[[23.4878,16.6547],[23.5777,16.5896],[23.5835,16.4788],[23.5183,16.4013],[23.4175,16.4104],[23.3452,16.3845],[23.284,16.3382]]},"properties":{"id":1451,"source":46631,"mouth":47121,"parent":1451,"basin":1451,"widthFactor":0.672,"sourceWidth":0.09,"discharge":111,"name":"Gylis","type":"River"}},{"type":"Feature","geometry":{"type":"LineString","coordinates":[[-8.5587,28.9096],[-8.5484,28.9727],[-8.4869,28.955],[-8.4496,29.0144],[-8.3864,28.9837]]},"properties":{"id":1452,"source":17079,"mouth":17080,"parent":1650,"basin":1650,"widthFactor":0.56,"sourceWidth":0.04,"discharge":40,"name":"Buyrumante","type":"Fork"}},{"type":"Feature","geometry":{"type":"LineString","coordinates":[[-6.5178,16.2073],[-6.5952,16.2054],[-6.6116,16.1298],[-6.67,16.1067],[-6.6403,16.0514],[-6.6855,15.9779],[-6.7096,15.8951]]},"properties":{"id":1453,"source":47263,"mouth":47497,"parent":1453,"basin":1453,"widthFactor":0.672,"sourceWidth":0.07,"discharge":71,"name":"Senalbarrio","type":"River"}},{"type":"Feature","geometry":{"type":"LineString","coordinates":[[9.8336,32.3518],[9.9044,32.4627],[9.9953,32.5492],[10.1044,32.4971],[10.1891,32.6061],[10.1982,32.7711],[10.245,32.9045],[10.124,33.0015]]},"properties":{"id":1454,"source":9586,"mouth":8511,"parent":1454,"basin":1454,"widthFactor":0.672,"sourceWidth":0.04,"discharge":142,"name":"Whitford","type":"River"}},{"type":"Feature","geometry":{"type":"LineString","coordinates":[[2.6556,34.8288],[2.7224,34.8993],[2.6963,34.9927],[2.6405,34.9827],[2.6518,35.0382],[2.6759,35.16],[2.7221,35.2753]]},"properties":{"id":1455,"source":5664,"mouth":5203,"parent":1455,"basin":1455,"widthFactor":0.672,"sourceWidth":0.06,"discharge":122,"name":"Bozesbe","type":"River"}},{"type":"Feature","geometry":{"type":"LineString","coordinates":[[25.9731,25.0356],[26.0895,24.9706],[26.1324,24.8444],[26.1824,24.8169],[26.1391,24.7798],[26.1115,24.6771],[26.1066,24.5709]]},"properties":{"id":1456,"source":26885,"mouth":27518,"parent":1456,"basin":1456,"widthFactor":0.672,"sourceWidth":0.05,"discharge":53,"name":"Kihul","type":"River"}},{"type":"Feature","geometry":{"type":"LineString","coordinates":[[-22.2243,36.0154],[-22.1476,35.9979],[-22.1444,35.9193],[-22.0865,35.8634],[-22.121,35.7907],[-22.1523,35.7397],[-22.1621,35.6807]]},"properties":{"id":1457,"source":3901,"mouth":4074,"parent":1457,"basin":1457,"widthFactor":0.672,"sourceWidth":0.06,"discharge":73,"name":"Bupiviknes","type":"River"}},{"type":"Feature","geometry":{"type":"LineString","coordinates":[[2.4303,34.7532],[2.4164,34.8759],[2.4944,34.9717],[2.5548,35.0481],[2.6518,35.0382]]},"properties":{"id":1458,"source":5662,"mouth":5424,"parent":1455,"basin":1455,"widthFactor":0.56,"sourceWidth":0.05,"discharge":52,"name":"Yaleli","type":"Fork"}},{"type":"Feature","geometry":{"type":"LineString","coordinates":[[-8.0401,40.6084],[-8.1211,40.6407],[-8.1238,40.7279],[-8.1598,40.7823],[-8.1042,40.8163],[-8.114,40.8883],[-8.1458,40.9535]]},"properties":{"id":1459,"source":635,"mouth":555,"parent":1459,"basin":1459,"widthFactor":0.672,"sourceWidth":0.05,"discharge":123,"name":"Uujarvi","type":"River"}},{"type":"Feature","geometry":{"type":"LineString","coordinates":[[-13.7408,21.1411],[-13.6789,21.1808],[-13.6302,21.1258],[-13.548,21.1068],[-13.5341,21.0235],[-13.4934,20.9692],[-13.437,20.9317]]},"properties":{"id":1460,"source":36138,"mouth":36142,"parent":1728,"basin":1728,"widthFactor":0.56,"sourceWidth":0.05,"discharge":76,"name":"Keribey","type":"River"}},{"type":"Feature","geometry":{"type":"LineString","coordinates":[[-5.5839,28.6504],[-5.6475,28.6418],[-5.649,28.7059],[-5.7221,28.7441],[-5.7122,28.8259]]},"properties":{"id":1461,"source":17773,"mouth":17438,"parent":616,"basin":616,"widthFactor":0.56,"sourceWidth":0.04,"discharge":48,"name":"Bayrazse","type":"Fork"}},{"type":"Feature","geometry":{"type":"LineString","coordinates":[[-21.9186,16.8402],[-22.0158,16.8254],[-22.0545,16.7351],[-22.1088,16.731],[-22.1564,16.7045],[-22.1861,16.7157],[-22.2157,16.704],[-22.293,16.6577],[-22.3564,16.5935]]},"properties":{"id":1462,"source":46186,"mouth":46435,"parent":1462,"basin":1462,"widthFactor":0.672,"sourceWidth":0.04,"discharge":217,"name":"Watchton","type":"River"}},{"type":"Feature","geometry":{"type":"LineString","coordinates":[[-23.4586,25.8976],[-23.4985,25.8028],[-23.5993,25.7819],[-23.7064,25.7851],[-23.77,25.8713],[-23.846,25.8542],[-23.8523,25.7767],[-23.9064,25.7396],[-23.9447,25.6863]]},"properties":{"id":1463,"source":24656,"mouth":24985,"parent":1463,"basin":1463,"widthFactor":0.672,"sourceWidth":0.06,"discharge":104,"name":"Morrevan","type":"River"}},{"type":"Feature","geometry":{"type":"LineString","coordinates":[[-12.4826,15.8707],[-12.5233,15.7908],[-12.4687,15.7196],[-12.4454,15.6391],[-12.362,15.6307],[-12.3229,15.5586],[-12.2654,15.5002]]},"properties":{"id":1464,"source":47917,"mouth":48106,"parent":1464,"basin":1464,"widthFactor":0.672,"sourceWidth":0.05,"discharge":85,"name":"Deduzeliko","type":"River"}},{"type":"Feature","geometry":{"type":"LineString","coordinates":[[-5.3763,16.9019],[-5.4604,16.9595],[-5.5552,16.922],[-5.6178,16.891],[-5.6548,16.9502],[-5.6634,17.0295],[-5.649,17.108]]},"properties":{"id":1465,"source":46042,"mouth":46040,"parent":1465,"basin":1465,"widthFactor":0.672,"sourceWidth":0.05,"discharge":68,"name":"Dubey","type":"River"}},{"type":"Feature","geometry":{"type":"LineString","coordinates":[[11.8262,31.0256],[11.9125,31.037],[11.9362,31.1207],[11.9155,31.1942],[11.8735,31.2579]]},"properties":{"id":1466,"source":12346,"mouth":12030,"parent":1466,"basin":1466,"widthFactor":0.672,"sourceWidth":0.06,"discharge":48,"name":"Thatcke","type":"River"}},{"type":"Feature","geometry":{"type":"LineString","coordinates":[[-6.313,42.7105],[-6.3046,42.8139],[-6.3843,42.8802],[-6.4305,42.9702],[-6.5307,42.9835],[-6.6094,42.9984],[-6.6891,42.9902]]},"properties":{"id":1469,"source":268,"mouth":239,"parent":1469,"basin":1469,"widthFactor":0.672,"sourceWidth":0.05,"discharge":91,"name":"Jiopiolala","type":"River"}},{"type":"Feature","geometry":{"type":"LineString","coordinates":[[-5.8404,26.7759],[-5.72,26.825],[-5.6658,26.9432],[-5.5984,26.9878],[-5.5466,27.0498]]},"properties":{"id":1470,"source":22471,"mouth":22104,"parent":1470,"basin":1470,"widthFactor":0.672,"sourceWidth":0.04,"discharge":38,"name":"Tengri","type":"River"}},{"type":"Feature","geometry":{"type":"LineString","coordinates":[[3.6976,19.442],[3.5254,19.3798],[3.4981,19.2465],[3.5474,19.1833],[3.5761,19.0103],[3.5479,18.8516],[3.6761,18.7005],[3.7067,18.5547],[3.6761,18.3414],[3.6459,18.3075]]},"properties":{"id":1471,"source":40464,"mouth":42984,"parent":1471,"basin":1471,"widthFactor":0.672,"sourceWidth":0.04,"discharge":250,"name":"Abersychaber","type":"River"}},{"type":"Feature","geometry":{"type":"LineString","coordinates":[[20.4676,17.958],[20.528,17.9038],[20.5475,17.8251],[20.5811,17.7099],[20.4815,17.6429],[20.3959,17.5962],[20.3294,17.5249]]},"properties":{"id":1472,"source":44127,"mouth":44748,"parent":1472,"basin":1472,"widthFactor":0.672,"sourceWidth":1,"discharge":4916,"name":"Argipsa","type":"River"}},{"type":"Feature","geometry":{"type":"LineString","coordinates":[[2.458,22.639],[2.5364,22.6156],[2.5834,22.6825],[2.607,22.7611],[2.6073,22.8431]]},"properties":{"id":1473,"source":32291,"mouth":31885,"parent":987,"basin":987,"widthFactor":0.56,"sourceWidth":0.05,"discharge":78,"name":"Fhlaireann","type":"Fork"}},{"type":"Feature","geometry":{"type":"LineString","coordinates":[[27.3055,26.1892],[27.4077,26.189],[27.4652,26.2734],[27.4702,26.3535],[27.4519,26.4316]]},"properties":{"id":1474,"source":24232,"mouth":23847,"parent":1474,"basin":1474,"widthFactor":0.672,"sourceWidth":0.05,"discharge":47,"name":"Grantes","type":"River"}},{"type":"Feature","geometry":{"type":"LineString","coordinates":[[-12.8839,19.4262],[-12.917,19.529],[-13.0188,19.5653],[-13.1044,19.6144],[-13.1992,19.6418]]},"properties":{"id":1475,"source":40349,"mouth":39997,"parent":1728,"basin":1728,"widthFactor":0.56,"sourceWidth":0.05,"discharge":51,"name":"Kelentayay","type":"River"}},{"type":"Feature","geometry":{"type":"LineString","coordinates":[[-22.164,36.5456],[-22.1787,36.5983],[-22.2157,36.558],[-22.3295,36.5659],[-22.4425,36.5504]]},"properties":{"id":1476,"source":3084,"mouth":3083,"parent":1476,"basin":1476,"widthFactor":0.672,"sourceWidth":0.05,"discharge":70,"name":"Holhei","type":"River"}},{"type":"Feature","geometry":{"type":"LineString","coordinates":[[-16.7126,29.0291],[-16.7906,29.0645],[-16.7872,29.15],[-16.7639,29.2209],[-16.7198,29.281]]},"properties":{"id":1477,"source":16694,"mouth":16364,"parent":1477,"basin":1477,"widthFactor":0.672,"sourceWidth":0.06,"discharge":56,"name":"Treilleuses","type":"River"}},{"type":"Feature","geometry":{"type":"LineString","coordinates":[[23.8356,16.3688],[23.7326,16.3441],[23.6916,16.2465],[23.6153,16.2274],[23.5481,16.1867]]},"properties":{"id":1478,"source":47125,"mouth":47349,"parent":1478,"basin":1478,"widthFactor":0.672,"sourceWidth":0.04,"discharge":46,"name":"Myrgiphos","type":"River"}},{"type":"Feature","geometry":{"type":"LineString","coordinates":[[-25.4201,15.3414],[-25.5219,15.3391],[-25.577,15.2535],[-25.6538,15.2541],[-25.7272,15.2315]]},"properties":{"id":1479,"source":48371,"mouth":48481,"parent":1479,"basin":1479,"widthFactor":0.672,"sourceWidth":0.06,"discharge":50,"name":"Victralerbe","type":"River"}},{"type":"Feature","geometry":{"type":"LineString","coordinates":[[-7.0412,41.9594],[-7.0968,42.0161],[-7.1665,41.9781],[-7.2333,42.0222],[-7.31,42.045]]},"properties":{"id":1480,"source":345,"mouth":344,"parent":1480,"basin":1480,"widthFactor":0.672,"sourceWidth":0.04,"discharge":75,"name":"Saalakinen","type":"River"}},{"type":"Feature","geometry":{"type":"LineString","coordinates":[[14.8971,12.5006],[14.8326,12.5246],[14.8066,12.461],[14.7437,12.4163],[14.6971,12.3548]]},"properties":{"id":1482,"source":49961,"mouth":49960,"parent":1482,"basin":1482,"widthFactor":0.672,"sourceWidth":0.04,"discharge":45,"name":"Izakara","type":"River"}},{"type":"Feature","geometry":{"type":"LineString","coordinates":[[-12.3275,37.343],[-12.2937,37.4213],[-12.3539,37.4817],[-12.3985,37.5518],[-12.4802,37.5357],[-12.5276,37.5196],[-12.5629,37.4841]]},"properties":{"id":1483,"source":2116,"mouth":1933,"parent":1483,"basin":1483,"widthFactor":0.672,"sourceWidth":0.05,"discharge":67,"name":"Kupunjo","type":"River"}},{"type":"Feature","geometry":{"type":"LineString","coordinates":[[8.053,33.4538],[8.0696,33.5332],[7.9989,33.5733],[7.8964,33.5442],[7.8028,33.4935]]},"properties":{"id":1484,"source":7588,"mouth":7377,"parent":1484,"basin":1484,"widthFactor":0.672,"sourceWidth":0.1,"discharge":107,"name":"Aray","type":"River"}},{"type":"Feature","geometry":{"type":"LineString","coordinates":[[-20.5571,31.1126],[-20.4713,31.1126],[-20.4389,31.192],[-20.3529,31.2363],[-20.2801,31.3]]},"properties":{"id":1485,"source":12117,"mouth":11783,"parent":1485,"basin":1485,"widthFactor":0.672,"sourceWidth":0.06,"discharge":65,"name":"Quzoretre","type":"River"}},{"type":"Feature","geometry":{"type":"LineString","coordinates":[[-4.9228,21.8984],[-4.9024,21.9698],[-4.8285,21.962],[-4.7579,21.9559],[-4.6932,21.9271]]},"properties":{"id":1486,"source":33871,"mouth":33870,"parent":1486,"basin":1486,"widthFactor":0.672,"sourceWidth":0.07,"discharge":96,"name":"Ayli","type":"River"}},{"type":"Feature","geometry":{"type":"LineString","coordinates":[[18.9956,16.5897],[19.0125,16.5111],[19.0927,16.5041],[19.1329,16.4337],[19.2128,16.4482],[19.302,16.4334],[19.3922,16.4415]]},"properties":{"id":1487,"source":46835,"mouth":46839,"parent":1487,"basin":1487,"widthFactor":0.672,"sourceWidth":0.05,"discharge":54,"name":"Cleotondos","type":"River"}},{"type":"Feature","geometry":{"type":"LineString","coordinates":[[-4.5147,16.1571],[-4.4338,16.1839],[-4.3788,16.1188],[-4.339,16.0193],[-4.3927,15.9266],[-4.4108,15.8806],[-4.4061,15.8315]]},"properties":{"id":1488,"source":47519,"mouth":47760,"parent":1488,"basin":1488,"widthFactor":0.672,"sourceWidth":0.05,"discharge":67,"name":"Yelgekibay","type":"River"}},{"type":"Feature","geometry":{"type":"LineString","coordinates":[[-25.6593,15.4629],[-25.638,15.4051],[-25.699,15.3964],[-25.7659,15.3963],[-25.7669,15.3295],[-25.7577,15.2762],[-25.7272,15.2315]]},"properties":{"id":1489,"source":48234,"mouth":48369,"parent":1489,"basin":1489,"widthFactor":0.672,"sourceWidth":0.05,"discharge":66,"name":"Sirdum","type":"River"}},{"type":"Feature","geometry":{"type":"LineString","coordinates":[[-7.0106,39.8683],[-6.8997,39.831],[-6.7981,39.8888],[-6.736,39.8703],[-6.6714,39.875]]},"properties":{"id":1490,"source":905,"mouth":863,"parent":1490,"basin":1490,"widthFactor":0.672,"sourceWidth":0.05,"discharge":61,"name":"Lepsara","type":"River"}},{"type":"Feature","geometry":{"type":"LineString","coordinates":[[21.0513,28.3335],[21.1689,28.289],[21.2838,28.3402],[21.3326,28.3254],[21.3828,28.3339]]},"properties":{"id":1491,"source":18597,"mouth":18598,"parent":1491,"basin":1491,"widthFactor":0.672,"sourceWidth":0.04,"discharge":48,"name":"Piclifract","type":"River"}},{"type":"Feature","geometry":{"type":"LineString","coordinates":[[-9.925,38.0625],[-9.9788,38.0904],[-9.9925,38.0315],[-10.0484,38.0221],[-10.0958,37.9908]]},"properties":{"id":1492,"source":1494,"mouth":1557,"parent":1492,"basin":1492,"widthFactor":0.672,"sourceWidth":0.07,"discharge":69,"name":"Jarvi","type":"River"}},{"type":"Feature","geometry":{"type":"LineString","coordinates":[[-7.5406,37.4296],[-7.6,37.3684],[-7.6789,37.4009],[-7.7221,37.4409],[-7.7463,37.4946]]},"properties":{"id":1493,"source":2157,"mouth":2155,"parent":1493,"basin":1493,"widthFactor":0.672,"sourceWidth":0.08,"discharge":76,"name":"Palsia","type":"River"}},{"type":"Feature","geometry":{"type":"LineString","coordinates":[[11.1684,30.6364],[11.2063,30.556],[11.2951,30.5566],[11.3466,30.5318],[11.4037,30.5298]]},"properties":{"id":1494,"source":13273,"mouth":13275,"parent":1494,"basin":1494,"widthFactor":0.672,"sourceWidth":0.05,"discharge":50,"name":"Agelworthin","type":"River"}},{"type":"Feature","geometry":{"type":"LineString","coordinates":[[-5.7136,39.0747],[-5.6937,39.0162],[-5.6404,39.0474],[-5.574,39.1044],[-5.5251,39.177]]},"properties":{"id":1495,"source":1159,"mouth":1160,"parent":1495,"basin":1495,"widthFactor":0.672,"sourceWidth":0.06,"discharge":56,"name":"Varvanike","type":"River"}},{"type":"Feature","geometry":{"type":"LineString","coordinates":[[-5.2113,20.2495],[-5.1156,20.2365],[-5.0558,20.3121],[-5.0227,20.3879],[-5.0123,20.4699]]},"properties":{"id":1496,"source":38329,"mouth":38330,"parent":1496,"basin":1496,"widthFactor":0.672,"sourceWidth":0.05,"discharge":53,"name":"Erin","type":"River"}},{"type":"Feature","geometry":{"type":"LineString","coordinates":[[1.018,18.5346],[1.0352,18.429],[1.13,18.3792],[1.227,18.3756],[1.2816,18.4557],[1.3367,18.45],[1.3893,18.4672]]},"properties":{"id":1497,"source":42624,"mouth":42960,"parent":1497,"basin":1497,"widthFactor":0.672,"sourceWidth":0.05,"discharge":109,"name":"Kartopkor","type":"River"}},{"type":"Feature","geometry":{"type":"LineString","coordinates":[[24.1226,16.5013],[24.2052,16.5524],[24.204,16.6495],[24.2753,16.746],[24.3264,16.8546]]},"properties":{"id":1498,"source":46878,"mouth":46636,"parent":1498,"basin":1498,"widthFactor":0.672,"sourceWidth":0.04,"discharge":50,"name":"Malaigost","type":"River"}},{"type":"Feature","geometry":{"type":"LineString","coordinates":[[23.294,23.2935],[23.2355,23.2281],[23.2715,23.1481],[23.3224,23.1132],[23.3825,23.0998]]},"properties":{"id":1499,"source":30515,"mouth":30898,"parent":1499,"basin":1499,"widthFactor":0.672,"sourceWidth":0.05,"discharge":59,"name":"Clifton","type":"River"}},{"type":"Feature","geometry":{"type":"LineString","coordinates":[[9.1131,32.7921],[9.096,32.8597],[9.0275,32.8466],[8.9448,32.8655],[8.8601,32.861]]},"properties":{"id":1500,"source":8750,"mouth":8500,"parent":1619,"basin":1649,"widthFactor":0.56,"sourceWidth":0.05,"discharge":69,"name":"Castnesbury","type":"Fork"}},{"type":"Feature","geometry":{"type":"LineString","coordinates":[[15.4381,10.3382],[15.4497,10.2692],[15.5195,10.2761],[15.5818,10.3185],[15.6281,10.3779]]},"properties":{"id":1502,"source":50836,"mouth":50837,"parent":1502,"basin":1502,"widthFactor":0.672,"sourceWidth":0.05,"discharge":56,"name":"Gerdi","type":"River"}},{"type":"Feature","geometry":{"type":"LineString","coordinates":[[-5.9236,42.537],[-5.8411,42.5108],[-5.7849,42.5767],[-5.7296,42.6026],[-5.6882,42.6474]]},"properties":{"id":1503,"source":287,"mouth":288,"parent":1503,"basin":1503,"widthFactor":0.672,"sourceWidth":0.07,"discharge":58,"name":"Poratti","type":"River"}},{"type":"Feature","geometry":{"type":"LineString","coordinates":[[-4.7601,16.7159],[-4.6896,16.7316],[-4.6965,16.8034],[-4.7246,16.8425],[-4.7678,16.8637]]},"properties":{"id":1504,"source":46542,"mouth":46304,"parent":1504,"basin":1504,"widthFactor":0.672,"sourceWidth":0.05,"discharge":62,"name":"Baykayala","type":"River"}},{"type":"Feature","geometry":{"type":"LineString","coordinates":[[22.2124,27.8267],[22.2321,27.8654],[22.2693,27.8879],[22.2693,27.8762],[22.2693,27.8879],[22.3102,27.9639],[22.3296,28.048],[22.299,28.1186],[22.2492,28.1771]]},"properties":{"id":1508,"source":19726,"mouth":19354,"parent":1508,"basin":1508,"widthFactor":0.672,"sourceWidth":0.07,"discharge":337,"name":"Kingtonce","type":"River"}},{"type":"Feature","geometry":{"type":"LineString","coordinates":[[-8.1185,19.9239],[-8.2233,19.9146],[-8.3233,19.8818],[-8.3417,19.9057],[-8.3716,19.9091],[-8.3986,19.9626],[-8.4462,19.9263],[-8.5329,19.9243],[-8.6161,19.9]]},"properties":{"id":1510,"source":39014,"mouth":39007,"parent":1510,"basin":1510,"widthFactor":0.672,"sourceWidth":0.06,"discharge":195,"name":"Ortenkor","type":"River"}},{"type":"Feature","geometry":{"type":"LineString","coordinates":[[-12.0065,16.1537],[-11.9512,16.1799],[-11.9314,16.2378],[-11.8289,16.2451],[-11.831,16.3478],[-11.771,16.3623],[-11.7257,16.4042]]},"properties":{"id":1550,"source":47455,"mouth":46985,"parent":1550,"basin":1550,"widthFactor":0.672,"sourceWidth":0.43,"discharge":428,"name":"Ereli","type":"River"}},{"type":"Feature","geometry":{"type":"LineString","coordinates":[[-3.9038,36.9677],[-3.9014,37.1274],[-3.8488,37.3081],[-3.7933,37.3875],[-3.8268,37.528],[-3.765,37.6801],[-3.7009,37.8307]]},"properties":{"id":1564,"source":2674,"mouth":1857,"parent":1564,"basin":1564,"widthFactor":0.672,"sourceWidth":1,"discharge":1130,"name":"Napolapi","type":"River"}},{"type":"Feature","geometry":{"type":"LineString","coordinates":[[-21.9813,20.3284],[-22.0393,20.3464],[-22.043,20.2858],[-22.1118,20.2475],[-22.0951,20.1706],[-22.0704,20.0745],[-22.1353,19.9994],[-22.1798,19.9945],[-22.221,20.0119]]},"properties":{"id":1618,"source":38219,"mouth":38911,"parent":1635,"basin":1635,"widthFactor":0.56,"sourceWidth":0.08,"discharge":75,"name":"Rolipicalle","type":"River"}},{"type":"Feature","geometry":{"type":"LineString","coordinates":[[8.8457,32.9833],[8.8555,33.067],[8.8184,33.1425],[8.8829,33.1893],[8.8074,33.2147],[8.7394,33.241],[8.794,33.2893],[8.8808,33.3237],[8.9739,33.33]]},"properties":{"id":1619,"source":8496,"mouth":8031,"parent":1649,"basin":1649,"widthFactor":0.56,"sourceWidth":1,"discharge":1624,"name":"Bretford","type":"River"}},{"type":"Feature","geometry":{"type":"LineString","coordinates":[[22.7037,27.5623],[22.7791,27.607],[22.8506,27.5561],[22.9233,27.5102],[22.9108,27.4251]]},"properties":{"id":1621,"source":20468,"mouth":20469,"parent":751,"basin":751,"widthFactor":0.56,"sourceWidth":0.05,"discharge":47,"name":"Bihulces","type":"River"}},{"type":"Feature","geometry":{"type":"LineString","coordinates":[[8.7706,33.47],[8.6954,33.5466],[8.7113,33.6527],[8.7595,33.6945],[8.7974,33.6431],[8.8701,33.6557],[8.8983,33.5876],[8.9283,33.5487],[8.9725,33.5274]]},"properties":{"id":1625,"source":7593,"mouth":7387,"parent":1649,"basin":1649,"widthFactor":0.56,"sourceWidth":0.05,"discharge":88,"name":"Seaveley","type":"River"}},{"type":"Feature","geometry":{"type":"LineString","coordinates":[[22.4104,16.6528],[22.519,16.6634],[22.5941,16.5845],[22.6628,16.5757],[22.6597,16.5065],[22.7357,16.457],[22.8218,16.4281]]},"properties":{"id":1628,"source":46623,"mouth":46864,"parent":1628,"basin":1628,"widthFactor":0.672,"sourceWidth":0.06,"discharge":59,"name":"Bythume","type":"River"}},{"type":"Feature","geometry":{"type":"LineString","coordinates":[[-23.6758,18.6971],[-23.74,18.7299],[-23.715,18.7975],[-23.7002,18.8698],[-23.6634,18.9338]]},"properties":{"id":1631,"source":42099,"mouth":41732,"parent":1635,"basin":1635,"widthFactor":0.56,"sourceWidth":0.05,"discharge":44,"name":"Graco","type":"River"}},{"type":"Feature","geometry":{"type":"LineString","coordinates":[[-25.8238,27.2095],[-25.9455,27.2276],[-26.0434,27.1531],[-26.1391,27.1306],[-26.2267,27.0861]]},"properties":{"id":1632,"source":21241,"mouth":21239,"parent":1632,"basin":1632,"widthFactor":0.672,"sourceWidth":0.06,"discharge":47,"name":"Chapelle","type":"River"}},{"type":"Feature","geometry":{"type":"LineString","coordinates":[[11.0244,27.0952],[10.9236,27.121],[10.8445,27.0536],[10.8041,27.0549],[10.7699,27.0335]]},"properties":{"id":1633,"source":21805,"mouth":21803,"parent":1633,"basin":1633,"widthFactor":0.672,"sourceWidth":0.05,"discharge":47,"name":"Yepemer Te","type":"River"}},{"type":"Feature","geometry":{"type":"LineString","coordinates":[[10.4881,26.4101],[10.4152,26.453],[10.3489,26.4006],[10.2728,26.4002],[10.2006,26.3767]]},"properties":{"id":1634,"source":23301,"mouth":23300,"parent":1634,"basin":1634,"widthFactor":0.672,"sourceWidth":0.04,"discharge":44,"name":"Sunsu","type":"River"}},{"type":"Feature","geometry":{"type":"LineString","coordinates":[[-23.6634,18.9338],[-23.8342,18.9104],[-24.0054,18.952],[-24.104,18.8348],[-24.2121,18.8147],[-24.313,18.9367]]},"properties":{"id":1635,"source":41370,"mouth":41727,"parent":1635,"basin":1635,"widthFactor":0.672,"sourceWidth":1,"discharge":2716,"name":"Monterentano","type":"River"}},{"type":"Feature","geometry":{"type":"LineString","coordinates":[[-16.926,35.9155],[-16.9757,35.836],[-16.9298,35.7543],[-16.9625,35.7264],[-16.9757,35.6855]]},"properties":{"id":1636,"source":3918,"mouth":4087,"parent":1636,"basin":1636,"widthFactor":0.672,"sourceWidth":0.06,"discharge":55,"name":"Gopastad","type":"River"}},{"type":"Feature","geometry":{"type":"LineString","coordinates":[[-6.3035,26.7912],[-6.4671,26.8973],[-6.5857,26.8457],[-6.7077,26.7582],[-6.757,26.608],[-6.8627,26.598]]},"properties":{"id":1637,"source":22468,"mouth":22843,"parent":1637,"basin":1637,"widthFactor":0.672,"sourceWidth":0.05,"discharge":104,"name":"Yani","type":"River"}},{"type":"Feature","geometry":{"type":"LineString","coordinates":[[23.5318,27.0307],[23.5834,27.0726],[23.6237,27.0197],[23.7323,27.0004],[23.7868,26.9045],[23.884,26.8866],[23.9538,26.9566],[24.032,26.9469],[24.1097,26.9599]]},"properties":{"id":1638,"source":21900,"mouth":21905,"parent":1315,"basin":1315,"widthFactor":0.56,"sourceWidth":0.06,"discharge":97,"name":"Sorough","type":"Fork"}},{"type":"Feature","geometry":{"type":"LineString","coordinates":[[16.1773,13.8522],[16.2281,13.8722],[16.184,13.9043],[16.2473,14.0048],[16.2179,14.1199],[16.2804,14.1412],[16.2605,14.2041],[16.2769,14.3],[16.2706,14.3972]]},"properties":{"id":1641,"source":49277,"mouth":49024,"parent":1641,"basin":1641,"widthFactor":0.672,"sourceWidth":0.05,"discharge":134,"name":"Munturtzua","type":"River"}},{"type":"Feature","geometry":{"type":"LineString","coordinates":[[-25.2225,16.0069],[-25.2328,16.0865],[-25.3119,16.0997],[-25.3198,16.1753],[-25.3952,16.1857]]},"properties":{"id":1642,"source":47627,"mouth":47379,"parent":1331,"basin":1331,"widthFactor":0.56,"sourceWidth":0.04,"discharge":38,"name":"Coviova","type":"River"}},{"type":"Feature","geometry":{"type":"LineString","coordinates":[[13.9608,28.1829],[13.8447,28.2048],[13.7503,28.1336],[13.6718,28.1392],[13.6436,28.0657],[13.5697,28.0773],[13.4958,28.0657]]},"properties":{"id":1644,"source":18899,"mouth":19282,"parent":1644,"basin":1644,"widthFactor":0.672,"sourceWidth":0.05,"discharge":77,"name":"Forevenrith","type":"River"}},{"type":"Feature","geometry":{"type":"LineString","coordinates":[[-25.2158,27.2076],[-25.2702,27.2919],[-25.2292,27.3835],[-25.2244,27.4636],[-25.1469,27.4844]]},"properties":{"id":1645,"source":21245,"mouth":20891,"parent":1072,"basin":1072,"widthFactor":0.56,"sourceWidth":0.05,"discharge":56,"name":"Monneauchatay","type":"River"}},{"type":"Feature","geometry":{"type":"LineString","coordinates":[[12.0706,30.6168],[12.1429,30.6476],[12.1912,30.5857],[12.2722,30.5384],[12.2716,30.4447],[12.3154,30.3866],[12.3811,30.4179],[12.4397,30.4588],[12.4826,30.5159]]},"properties":{"id":1646,"source":13283,"mouth":13597,"parent":1646,"basin":1646,"widthFactor":0.672,"sourceWidth":0.06,"discharge":92,"name":"Cleoke","type":"River"}},{"type":"Feature","geometry":{"type":"LineString","coordinates":[[-6.2934,42.973],[-6.3338,43.0593],[-6.4288,43.0672],[-6.4757,43.1704],[-6.5843,43.2029],[-6.6371,43.1992],[-6.6833,43.1733]]},"properties":{"id":1647,"source":242,"mouth":225,"parent":1647,"basin":1647,"widthFactor":0.672,"sourceWidth":0.05,"discharge":75,"name":"Viohtina","type":"River"}},{"type":"Feature","geometry":{"type":"LineString","coordinates":[[9.0562,33.5446],[8.9854,33.6058],[9.0079,33.8429],[9.0419,34.0065],[9.0328,34.0978],[8.9605,34.2283],[8.9199,34.322]]},"properties":{"id":1649,"source":7597,"mouth":6607,"parent":1649,"basin":1649,"widthFactor":0.672,"sourceWidth":1,"discharge":2083,"name":"Dulakepe","type":"River"}},{"type":"Feature","geometry":{"type":"LineString","coordinates":[[-8.5209,29.1739],[-8.5271,29.0878],[-8.4501,29.0487],[-8.4518,28.9834],[-8.3864,28.9837],[-8.3171,29.0146],[-8.2601,29.0649]]},"properties":{"id":1650,"source":16427,"mouth":16761,"parent":1650,"basin":1650,"widthFactor":0.672,"sourceWidth":0.05,"discharge":86,"name":"Buyvar","type":"River"}},{"type":"Feature","geometry":{"type":"LineString","coordinates":[[13.1595,28.4683],[13.2234,28.534],[13.1939,28.6208],[13.1033,28.6782],[13.0021,28.6423],[12.9359,28.6253],[12.8791,28.5873]]},"properties":{"id":1651,"source":18212,"mouth":17872,"parent":1651,"basin":1651,"widthFactor":0.672,"sourceWidth":0.07,"discharge":106,"name":"Kirmouth","type":"River"}},{"type":"Feature","geometry":{"type":"LineString","coordinates":[[-8.3008,21.8391],[-8.2337,21.8737],[-8.1865,21.8147],[-8.175,21.7523],[-8.1138,21.7693],[-8.0501,21.7877],[-7.9965,21.8267]]},"properties":{"id":1652,"source":34236,"mouth":34238,"parent":1652,"basin":1652,"widthFactor":0.672,"sourceWidth":0.04,"discharge":66,"name":"Enerli","type":"River"}},{"type":"Feature","geometry":{"type":"LineString","coordinates":[[-5.4409,28.2383],[-5.4004,28.1269],[-5.2907,28.0815],[-5.2173,28.0938],[-5.1515,28.1284]]},"properties":{"id":1653,"source":18794,"mouth":19164,"parent":1653,"basin":1653,"widthFactor":0.672,"sourceWidth":0.05,"discharge":59,"name":"Buydi","type":"River"}},{"type":"Feature","geometry":{"type":"LineString","coordinates":[[6.9264,23.7849],[6.8764,23.8427],[6.922,23.904],[6.8779,23.9444],[6.9273,23.9781]]},"properties":{"id":1654,"source":29441,"mouth":29155,"parent":2118,"basin":2118,"widthFactor":0.56,"sourceWidth":0.04,"discharge":51,"name":"Camsay","type":"River"}},{"type":"Feature","geometry":{"type":"LineString","coordinates":[[-9.0419,32.0501],[-8.9826,32.1231],[-9.0179,32.2103],[-9.0195,32.2985],[-9.0997,32.3355],[-9.1559,32.3836],[-9.2241,32.412]]},"properties":{"id":1655,"source":10025,"mouth":9412,"parent":1655,"basin":1655,"widthFactor":0.672,"sourceWidth":0.05,"discharge":71,"name":"Dozolu","type":"River"}},{"type":"Feature","geometry":{"type":"LineString","coordinates":[[-12.4668,37.0547],[-12.4168,37.1024],[-12.4625,37.1542],[-12.4139,37.2043],[-12.4591,37.2575],[-12.4894,37.3247],[-12.539,37.3794]]},"properties":{"id":1656,"source":2448,"mouth":2278,"parent":1656,"basin":1656,"widthFactor":0.672,"sourceWidth":0.04,"discharge":91,"name":"Keuhala","type":"River"}},{"type":"Feature","geometry":{"type":"LineString","coordinates":[[-19.6706,36.7951],[-19.7319,36.7502],[-19.7007,36.6809],[-19.7506,36.677],[-19.7103,36.6474],[-19.7647,36.5689],[-19.7988,36.4796]]},"properties":{"id":1657,"source":2732,"mouth":2914,"parent":1657,"basin":1657,"widthFactor":0.672,"sourceWidth":0.06,"discharge":120,"name":"Mormahver","type":"River"}},{"type":"Feature","geometry":{"type":"LineString","coordinates":[[27.1595,24.9658],[27.0795,24.9637],[27.0586,24.8865],[27.0583,24.816],[27.0811,24.7492]]},"properties":{"id":1658,"source":26893,"mouth":27212,"parent":1658,"basin":1658,"widthFactor":0.672,"sourceWidth":0.05,"discharge":59,"name":"Redcham","type":"River"}},{"type":"Feature","geometry":{"type":"LineString","coordinates":[[0.0421,22.4444],[-0.0187,22.4208],[0.0096,22.3622],[-0.027,22.324],[-0.0435,22.2737]]},"properties":{"id":1660,"source":32693,"mouth":32691,"parent":1660,"basin":1660,"widthFactor":0.672,"sourceWidth":0.06,"discharge":90,"name":"Top Yur","type":"River"}},{"type":"Feature","geometry":{"type":"LineString","coordinates":[[9.6863,20.0272],[9.7039,19.9675],[9.7595,19.9956],[9.7996,20.0284],[9.8212,20.0755]]},"properties":{"id":1661,"source":39119,"mouth":39120,"parent":1661,"basin":1661,"widthFactor":0.672,"sourceWidth":0.06,"discharge":56,"name":"Llanver","type":"River"}},{"type":"Feature","geometry":{"type":"LineString","coordinates":[[-11.0043,33.852],[-11.0333,33.7746],[-10.9698,33.7215],[-11.017,33.6646],[-11.044,33.5958]]},"properties":{"id":1663,"source":7085,"mouth":7087,"parent":1663,"basin":1663,"widthFactor":0.672,"sourceWidth":0.08,"discharge":73,"name":"Pulava","type":"River"}},{"type":"Feature","geometry":{"type":"LineString","coordinates":[[9.2447,33.8386],[9.332,33.8073],[9.4007,33.8697],[9.4904,33.9091],[9.5681,33.9687]]},"properties":{"id":1664,"source":7187,"mouth":7008,"parent":1664,"basin":1664,"widthFactor":0.672,"sourceWidth":0.04,"discharge":57,"name":"Chipsea","type":"River"}},{"type":"Feature","geometry":{"type":"LineString","coordinates":[[25.5578,26.0348],[25.5283,26.0997],[25.4607,26.0769],[25.4403,26.1196],[25.4019,26.1472]]},"properties":{"id":1666,"source":24595,"mouth":24219,"parent":1666,"basin":1666,"widthFactor":0.672,"sourceWidth":0.05,"discharge":39,"name":"Penrith","type":"River"}},{"type":"Feature","geometry":{"type":"LineString","coordinates":[[5.3567,19.3631],[5.3124,19.3175],[5.3634,19.2794],[5.3815,19.1723],[5.4222,19.0715]]},"properties":{"id":1667,"source":40476,"mouth":40850,"parent":1667,"basin":1667,"widthFactor":0.672,"sourceWidth":0.06,"discharge":55,"name":"Inverbegwi","type":"River"}},{"type":"Feature","geometry":{"type":"LineString","coordinates":[[-5.6729,16.4922],[-5.6721,16.4304],[-5.6117,16.4434],[-5.5576,16.423],[-5.4997,16.4257]]},"properties":{"id":1668,"source":46777,"mouth":46780,"parent":1668,"basin":1668,"widthFactor":0.672,"sourceWidth":0.05,"discharge":55,"name":"Buyruk","type":"River"}},{"type":"Feature","geometry":{"type":"LineString","coordinates":[[-23.9169,35.7978],[-23.9117,35.7364],[-23.9729,35.7438],[-24.0533,35.7543],[-24.1274,35.7873]]},"properties":{"id":1669,"source":4060,"mouth":4061,"parent":1669,"basin":1669,"widthFactor":0.672,"sourceWidth":0.06,"discharge":112,"name":"Cleau","type":"River"}},{"type":"Feature","geometry":{"type":"LineString","coordinates":[[-20.4834,36.5389],[-20.5344,36.5711],[-20.5523,36.5135],[-20.5949,36.4443],[-20.6159,36.3658]]},"properties":{"id":1670,"source":3102,"mouth":3101,"parent":1670,"basin":1670,"widthFactor":0.672,"sourceWidth":0.05,"discharge":82,"name":"Kjelve","type":"River"}},{"type":"Feature","geometry":{"type":"LineString","coordinates":[[24.6001,26.4178],[24.6915,26.4071],[24.7431,26.4833],[24.8043,26.457],[24.8709,26.4536]]},"properties":{"id":1671,"source":23413,"mouth":23022,"parent":1671,"basin":1671,"widthFactor":0.672,"sourceWidth":0.05,"discharge":85,"name":"Darton","type":"River"}},{"type":"Feature","geometry":{"type":"LineString","coordinates":[[-25.8578,26.9819],[-25.9397,27.0683],[-26.0587,27.0665],[-26.1307,27.0461],[-26.1927,27.0044]]},"properties":{"id":1672,"source":21588,"mouth":21240,"parent":1672,"basin":1672,"widthFactor":0.672,"sourceWidth":0.06,"discharge":54,"name":"Sulles","type":"River"}},{"type":"Feature","geometry":{"type":"LineString","coordinates":[[-6.1279,37.6786],[-6.1575,37.7498],[-6.2336,37.7375],[-6.2568,37.8058],[-6.3006,37.8632]]},"properties":{"id":1675,"source":1833,"mouth":1695,"parent":1675,"basin":1675,"widthFactor":0.672,"sourceWidth":0.05,"discharge":58,"name":"Kiuta","type":"River"}},{"type":"Feature","geometry":{"type":"LineString","coordinates":[[-5.4199,16.6987],[-5.4341,16.6025],[-5.3591,16.5405],[-5.3286,16.5259],[-5.2959,16.5347]]},"properties":{"id":1676,"source":46535,"mouth":46781,"parent":1676,"basin":1676,"widthFactor":0.672,"sourceWidth":0.05,"discharge":59,"name":"Poyayrasu","type":"River"}},{"type":"Feature","geometry":{"type":"LineString","coordinates":[[23.305,27.59],[23.3307,27.6605],[23.2663,27.699],[23.2089,27.723],[23.1467,27.7239]]},"properties":{"id":1677,"source":20472,"mouth":20103,"parent":1677,"basin":1677,"widthFactor":0.672,"sourceWidth":0.04,"discharge":45,"name":"Betford","type":"River"}},{"type":"Feature","geometry":{"type":"LineString","coordinates":[[20.869,16.6471],[20.7666,16.6427],[20.7126,16.5558],[20.6372,16.5517],[20.5666,16.5247]]},"properties":{"id":1678,"source":46612,"mouth":46845,"parent":1678,"basin":1678,"widthFactor":0.672,"sourceWidth":0.06,"discharge":60,"name":"Stympha","type":"River"}},{"type":"Feature","geometry":{"type":"LineString","coordinates":[[14.7047,31.2264],[14.6771,31.2889],[14.6138,31.2627],[14.5786,31.3039],[14.5292,31.3263]]},"properties":{"id":1679,"source":12052,"mouth":12050,"parent":1679,"basin":1679,"widthFactor":0.672,"sourceWidth":0.05,"discharge":51,"name":"Stapton","type":"River"}},{"type":"Feature","geometry":{"type":"LineString","coordinates":[[7.2258,24.2229],[7.193,24.2917],[7.1187,24.2745],[7.0455,24.2712],[6.9771,24.2449]]},"properties":{"id":1680,"source":28591,"mouth":28313,"parent":1680,"basin":1680,"widthFactor":0.672,"sourceWidth":0.05,"discharge":54,"name":"Brosachsgob","type":"River"}},{"type":"Feature","geometry":{"type":"LineString","coordinates":[[-7.1043,13.3024],[-7.1022,13.2513],[-7.1378,13.288],[-7.1878,13.3027],[-7.2263,13.3378]]},"properties":{"id":1681,"source":49497,"mouth":49498,"parent":1681,"basin":1681,"widthFactor":0.672,"sourceWidth":0.05,"discharge":42,"name":"Idesbarron","type":"River"}},{"type":"Feature","geometry":{"type":"LineString","coordinates":[[-23.8772,36.1622],[-23.8236,36.1675],[-23.859,36.208],[-23.8666,36.2643],[-23.8963,36.3127]]},"properties":{"id":1682,"source":3705,"mouth":3499,"parent":1682,"basin":1682,"widthFactor":0.672,"sourceWidth":0.06,"discharge":65,"name":"Hrafrost","type":"River"}},{"type":"Feature","geometry":{"type":"LineString","coordinates":[[-4.9276,16.5448],[-5.0037,16.5245],[-5.0041,16.4458],[-5.0206,16.3882],[-5.0137,16.3287]]},"properties":{"id":1683,"source":46785,"mouth":47036,"parent":1683,"basin":1683,"widthFactor":0.672,"sourceWidth":0.06,"discharge":65,"name":"Koba","type":"River"}},{"type":"Feature","geometry":{"type":"LineString","coordinates":[[14.1321,31.9191],[14.1934,31.9677],[14.1618,32.0391],[14.1117,32.0818],[14.0498,32.1041]]},"properties":{"id":1684,"source":10486,"mouth":10204,"parent":1684,"basin":1684,"widthFactor":0.672,"sourceWidth":0.05,"discharge":59,"name":"Bington","type":"River"}},{"type":"Feature","geometry":{"type":"LineString","coordinates":[[-19.0023,31.6275],[-18.987,31.6904],[-18.9257,31.6696],[-18.8721,31.6769],[-18.8205,31.661]]},"properties":{"id":1685,"source":10850,"mouth":10851,"parent":1685,"basin":1685,"widthFactor":0.672,"sourceWidth":0.05,"discharge":43,"name":"Tourte","type":"River"}},{"type":"Feature","geometry":{"type":"LineString","coordinates":[[-27.5179,12.4514],[-27.5419,12.509],[-27.5944,12.4753],[-27.6326,12.5204],[-27.6853,12.547]]},"properties":{"id":1686,"source":49919,"mouth":49916,"parent":1686,"basin":1686,"widthFactor":0.672,"sourceWidth":0.04,"discharge":47,"name":"Tremorum","type":"River"}},{"type":"Feature","geometry":{"type":"LineString","coordinates":[[-12.4476,20.6649],[-12.3533,20.7545],[-12.2974,20.872],[-12.2173,20.9095],[-12.2759,20.9757],[-12.3276,21.0184],[-12.3931,21.0331]]},"properties":{"id":1728,"source":37221,"mouth":36518,"parent":1728,"basin":1728,"widthFactor":0.672,"sourceWidth":1,"discharge":3355,"name":"Kayburdulu","type":"River"}},{"type":"Feature","geometry":{"type":"LineString","coordinates":[[23.7973,26.6659],[23.8902,26.5898],[24.0092,26.6057],[24.0924,26.5812],[24.1489,26.6468]]},"properties":{"id":1842,"source":23014,"mouth":23015,"parent":1315,"basin":1315,"widthFactor":0.56,"sourceWidth":0.06,"discharge":64,"name":"Draxning","type":"Fork"}},{"type":"Feature","geometry":{"type":"LineString","coordinates":[[-1.862,34.9975],[-1.8104,34.9453],[-1.751,34.9884],[-1.7223,34.9416],[-1.6936,34.9884]]},"properties":{"id":1845,"source":5408,"mouth":5189,"parent":326,"basin":326,"widthFactor":0.56,"sourceWidth":0.04,"discharge":40,"name":"Sungurbur","type":"Fork"}},{"type":"Feature","geometry":{"type":"LineString","coordinates":[[-3.2584,37.5993],[-3.1415,37.5846],[-3.0522,37.6614],[-2.998,37.6529],[-3.0154,37.7049],[-2.9424,37.7301],[-2.88,37.7757]]},"properties":{"id":1846,"source":2021,"mouth":1864,"parent":1846,"basin":1846,"widthFactor":0.672,"sourceWidth":0.05,"discharge":55,"name":"Kalamokinen","type":"River"}},{"type":"Feature","geometry":{"type":"LineString","coordinates":[[10.4589,30.9151],[10.5365,30.8855],[10.5905,30.9486],[10.5942,31.019],[10.6646,31.0232],[10.72,30.9781],[10.7737,31.0251],[10.7841,31.1239],[10.7718,31.2225]]},"properties":{"id":1847,"source":12645,"mouth":12335,"parent":1847,"basin":1847,"widthFactor":0.672,"sourceWidth":0.05,"discharge":92,"name":"Tetneskirk","type":"River"}},{"type":"Feature","geometry":{"type":"LineString","coordinates":[[0.5966,18.5857],[0.5272,18.5418],[0.4736,18.4686],[0.3325,18.581],[0.2115,18.7373],[0.1483,18.5422],[0.0521,18.3424]]},"properties":{"id":1849,"source":42621,"mouth":42615,"parent":1849,"basin":1849,"widthFactor":0.672,"sourceWidth":0.06,"discharge":152,"name":"Korlerdu","type":"River"}},{"type":"Feature","geometry":{"type":"LineString","coordinates":[[0.5219,18.1033],[0.4542,18.1371],[0.4076,18.0775],[0.3184,18.1213],[0.2325,18.0713],[0.1574,18.0797],[0.0832,18.0651]]},"properties":{"id":1850,"source":43651,"mouth":43648,"parent":1850,"basin":1850,"widthFactor":0.672,"sourceWidth":0.06,"discharge":85,"name":"Keki Te","type":"River"}},{"type":"Feature","geometry":{"type":"LineString","coordinates":[[-11.6482,37.3158],[-11.5618,37.3645],[-11.5568,37.4635],[-11.5758,37.5555],[-11.5056,37.6179],[-11.4338,37.641],[-11.3583,37.6414]]},"properties":{"id":1851,"source":2285,"mouth":1779,"parent":1851,"basin":1851,"widthFactor":0.672,"sourceWidth":0.04,"discharge":76,"name":"Mauludaskue","type":"River"}},{"type":"Feature","geometry":{"type":"LineString","coordinates":[[10.6216,26.1328],[10.6788,26.0676],[10.7612,26.0946],[10.8092,26.0456],[10.8612,26.0903],[10.9276,26.0651],[10.9985,26.0625]]},"properties":{"id":1852,"source":24105,"mouth":24494,"parent":1852,"basin":1852,"widthFactor":0.672,"sourceWidth":0.05,"discharge":95,"name":"Alprakbe","type":"River"}},{"type":"Feature","geometry":{"type":"LineString","coordinates":[[15.6563,14.0391],[15.6429,13.9577],[15.5616,13.9435],[15.539,13.8827],[15.4793,13.9081],[15.3967,13.9034],[15.3185,13.8761]]},"properties":{"id":1853,"source":49094,"mouth":49179,"parent":1853,"basin":1853,"widthFactor":0.672,"sourceWidth":0.07,"discharge":74,"name":"Dugao","type":"River"}},{"type":"Feature","geometry":{"type":"LineString","coordinates":[[-15.0124,32.7653],[-15.1158,32.8059],[-15.2123,32.751],[-15.2786,32.7899],[-15.3535,32.8069]]},"properties":{"id":1854,"source":8579,"mouth":8578,"parent":1854,"basin":1854,"widthFactor":0.672,"sourceWidth":0.05,"discharge":53,"name":"Bifjor","type":"River"}},{"type":"Feature","geometry":{"type":"LineString","coordinates":[[-25.8296,27.7387],[-25.7175,27.7779],[-25.6708,27.8869],[-25.6053,27.8815],[-25.5421,27.8994]]},"properties":{"id":1855,"source":19784,"mouth":19415,"parent":1855,"basin":1855,"widthFactor":0.672,"sourceWidth":0.08,"discharge":88,"name":"Messierelles","type":"River"}},{"type":"Feature","geometry":{"type":"LineString","coordinates":[[13.4642,25.6251],[13.3698,25.6306],[13.3188,25.551],[13.2286,25.5753],[13.1351,25.5763]]},"properties":{"id":1856,"source":25524,"mouth":25523,"parent":1856,"basin":1856,"widthFactor":0.672,"sourceWidth":0.04,"discharge":47,"name":"Boyaylibe","type":"River"}},{"type":"Feature","geometry":{"type":"LineString","coordinates":[[-22.7415,35.5803],[-22.661,35.5051],[-22.552,35.521],[-22.4916,35.4957],[-22.4262,35.4933]]},"properties":{"id":1857,"source":4455,"mouth":4456,"parent":1857,"basin":1857,"widthFactor":0.672,"sourceWidth":0.05,"discharge":42,"name":"Hoforsvog","type":"River"}},{"type":"Feature","geometry":{"type":"LineString","coordinates":[[20.1791,32.1194],[20.2988,32.0688],[20.4207,32.1137],[20.4878,32.0956],[20.5571,32.1008]]},"properties":{"id":1858,"source":10253,"mouth":10254,"parent":1858,"basin":1858,"widthFactor":0.672,"sourceWidth":0.05,"discharge":40,"name":"Gatford","type":"River"}},{"type":"Feature","geometry":{"type":"LineString","coordinates":[[21.156,28.6131],[21.2225,28.5465],[21.313,28.5725],[21.3873,28.536],[21.4689,28.5218]]},"properties":{"id":1859,"source":17920,"mouth":17923,"parent":1859,"basin":1859,"widthFactor":0.672,"sourceWidth":0.07,"discharge":81,"name":"Thaxning","type":"River"}},{"type":"Feature","geometry":{"type":"LineString","coordinates":[[-1.6194,24.1622],[-1.5628,24.2333],[-1.6012,24.3156],[-1.595,24.3963],[-1.6122,24.4753]]},"properties":{"id":1860,"source":28524,"mouth":28246,"parent":1860,"basin":1860,"widthFactor":0.672,"sourceWidth":0.05,"discharge":65,"name":"Alkansekin","type":"River"}},{"type":"Feature","geometry":{"type":"LineString","coordinates":[[-25.2129,20.7065],[-25.2061,20.634],[-25.277,20.6171],[-25.3359,20.5969],[-25.3981,20.5999]]},"properties":{"id":1862,"source":37116,"mouth":37473,"parent":1862,"basin":1862,"widthFactor":0.672,"sourceWidth":0.04,"discharge":40,"name":"Spermia","type":"River"}},{"type":"Feature","geometry":{"type":"LineString","coordinates":[[-14.3397,35.3862],[-14.2048,35.4316],[-14.1292,35.5521],[-14.0756,35.5632],[-14.0316,35.5956]]},"properties":{"id":1864,"source":4685,"mouth":4492,"parent":1864,"basin":1864,"widthFactor":0.672,"sourceWidth":0.07,"discharge":56,"name":"Bjorvivoya","type":"River"}},{"type":"Feature","geometry":{"type":"LineString","coordinates":[[-19.0267,37.0538],[-18.9624,37.0084],[-18.9018,37.0586],[-18.8576,37.0133],[-18.7999,36.9873]]},"properties":{"id":1865,"source":2413,"mouth":2415,"parent":1865,"basin":1865,"widthFactor":0.672,"sourceWidth":0.05,"discharge":46,"name":"Ulvsreyri","type":"River"}},{"type":"Feature","geometry":{"type":"LineString","coordinates":[[-8.5606,33.1956],[-8.5069,33.2905],[-8.5486,33.3912],[-8.5765,33.4777],[-8.6256,33.5542]]},"properties":{"id":1866,"source":7910,"mouth":7690,"parent":1866,"basin":1866,"widthFactor":0.672,"sourceWidth":0.05,"discharge":55,"name":"Koulakosmuk","type":"River"}},{"type":"Feature","geometry":{"type":"LineString","coordinates":[[3.4641,22.4602],[3.4413,22.5469],[3.3531,22.5639],[3.3285,22.5978],[3.2895,22.6131]]},"properties":{"id":1867,"source":32720,"mouth":32299,"parent":1867,"basin":1867,"widthFactor":0.672,"sourceWidth":0.08,"discharge":69,"name":"Boris","type":"River"}},{"type":"Feature","geometry":{"type":"LineString","coordinates":[[-4.5071,21.0512],[-4.5072,21.1132],[-4.4463,21.1014],[-4.3502,21.0792],[-4.2621,21.035]]},"properties":{"id":1868,"source":36584,"mouth":36218,"parent":1868,"basin":1868,"widthFactor":0.672,"sourceWidth":0.05,"discharge":59,"name":"Deli","type":"River"}},{"type":"Feature","geometry":{"type":"LineString","coordinates":[[-9.4499,16.1848],[-9.4823,16.2594],[-9.5633,16.2517],[-9.646,16.2199],[-9.7174,16.1676]]},"properties":{"id":1869,"source":47243,"mouth":47242,"parent":1869,"basin":1869,"widthFactor":0.672,"sourceWidth":0.04,"discharge":47,"name":"Valliba","type":"River"}},{"type":"Feature","geometry":{"type":"LineString","coordinates":[[-8.3046,40.5892],[-8.2961,40.6829],[-8.374,40.7355],[-8.3325,40.8209],[-8.3132,40.9139]]},"properties":{"id":1870,"source":633,"mouth":590,"parent":1870,"basin":1870,"widthFactor":0.672,"sourceWidth":0.05,"discharge":63,"name":"Tottikylo","type":"River"}},{"type":"Feature","geometry":{"type":"LineString","coordinates":[[6.6752,31.6237],[6.644,31.7054],[6.5565,31.7097],[6.5289,31.7664],[6.4824,31.8092]]},"properties":{"id":1874,"source":11013,"mouth":11011,"parent":1874,"basin":1874,"widthFactor":0.672,"sourceWidth":0.05,"discharge":58,"name":"Balbepe","type":"River"}},{"type":"Feature","geometry":{"type":"LineString","coordinates":[[8.3649,27.4978],[8.3208,27.4503],[8.3721,27.4108],[8.4511,27.3564],[8.541,27.3228]]},"properties":{"id":1875,"source":20721,"mouth":20722,"parent":1875,"basin":1875,"widthFactor":0.672,"sourceWidth":0.07,"discharge":87,"name":"Asbepe","type":"River"}},{"type":"Feature","geometry":{"type":"LineString","coordinates":[[-4.9371,22.3813],[-4.9209,22.4605],[-4.9917,22.4998],[-5.0652,22.4863],[-5.1309,22.4506]]},"properties":{"id":1877,"source":32241,"mouth":32653,"parent":1877,"basin":1877,"widthFactor":0.672,"sourceWidth":0.04,"discharge":39,"name":"Anar Teki","type":"River"}},{"type":"Feature","geometry":{"type":"LineString","coordinates":[[-8.4467,33.3673],[-8.4374,33.4408],[-8.5084,33.4624],[-8.5598,33.5175],[-8.6256,33.5542]]},"properties":{"id":1878,"source":7692,"mouth":7486,"parent":1878,"basin":1878,"widthFactor":0.672,"sourceWidth":0.04,"discharge":54,"name":"Rasabo","type":"River"}},{"type":"Feature","geometry":{"type":"LineString","coordinates":[[-12.8686,16.955],[-12.9207,17.0123],[-12.8772,17.0764],[-12.8166,17.1486],[-12.7399,17.2036]]},"properties":{"id":1879,"source":45987,"mouth":45710,"parent":1879,"basin":1879,"widthFactor":0.672,"sourceWidth":0.04,"discharge":48,"name":"Bozeslaray","type":"River"}},{"type":"Feature","geometry":{"type":"LineString","coordinates":[[-8.6113,15.121],[-8.6875,15.072],[-8.6773,14.9819],[-8.7779,14.9538],[-8.8696,14.904]]},"properties":{"id":1880,"source":48614,"mouth":48676,"parent":1880,"basin":1880,"widthFactor":0.672,"sourceWidth":0.05,"discharge":65,"name":"Vallas","type":"River"}},{"type":"Feature","geometry":{"type":"LineString","coordinates":[[-8.5285,30.9864],[-8.464,30.992],[-8.4754,31.0557],[-8.4272,31.1112],[-8.3989,31.179]]},"properties":{"id":1881,"source":12520,"mouth":12201,"parent":1881,"basin":1881,"widthFactor":0.672,"sourceWidth":0.05,"discharge":42,"name":"Aboyay","type":"River"}},{"type":"Feature","geometry":{"type":"LineString","coordinates":[[-22.7721,16.845],[-22.8341,16.8429],[-22.8204,16.7824],[-22.8625,16.7297],[-22.884,16.6657]]},"properties":{"id":1882,"source":45917,"mouth":46175,"parent":1882,"basin":1882,"widthFactor":0.672,"sourceWidth":0.04,"discharge":40,"name":"Cornolipon","type":"River"}},{"type":"Feature","geometry":{"type":"LineString","coordinates":[[-20.6623,31.3234],[-20.757,31.3355],[-20.8145,31.2594],[-20.8937,31.2876],[-20.9776,31.2928]]},"properties":{"id":1883,"source":11464,"mouth":11779,"parent":1883,"basin":1883,"widthFactor":0.672,"sourceWidth":0.06,"discharge":65,"name":"Migny","type":"River"}},{"type":"Feature","geometry":{"type":"LineString","coordinates":[[-5.0783,26.7309],[-5.0147,26.7676],[-4.9687,26.7104],[-4.9136,26.7112],[-4.9376,26.6616],[-4.8814,26.6196],[-4.8147,26.598]]},"properties":{"id":1884,"source":22476,"mouth":22856,"parent":1884,"basin":1884,"widthFactor":0.672,"sourceWidth":0.07,"discharge":88,"name":"Yoltaynuz","type":"River"}},{"type":"Feature","geometry":{"type":"LineString","coordinates":[[-4.2004,16.1241],[-4.2506,16.0147],[-4.2052,15.9032],[-4.2268,15.8434],[-4.2253,15.7798]]},"properties":{"id":1885,"source":47521,"mouth":47762,"parent":1885,"basin":1885,"widthFactor":0.672,"sourceWidth":0.05,"discharge":59,"name":"Topkoy","type":"River"}},{"type":"Feature","geometry":{"type":"LineString","coordinates":[[-4.9371,15.559],[-4.8657,15.5566],[-4.8558,15.6273],[-4.7494,15.6828],[-4.6558,15.7578]]},"properties":{"id":1886,"source":48159,"mouth":48157,"parent":1886,"basin":1886,"widthFactor":0.672,"sourceWidth":0.04,"discharge":49,"name":"Elibemir","type":"River"}},{"type":"Feature","geometry":{"type":"LineString","coordinates":[[-3.954,22.1002],[-3.9646,22.0438],[-3.9086,22.0562],[-3.877,21.9754],[-3.8249,21.9061]]},"properties":{"id":1888,"source":33476,"mouth":33478,"parent":1888,"basin":1888,"widthFactor":0.672,"sourceWidth":0.04,"discharge":52,"name":"Poynak","type":"River"}},{"type":"Feature","geometry":{"type":"LineString","coordinates":[[-4.9338,15.766],[-4.8829,15.7184],[-4.8324,15.7665],[-4.7558,15.7858],[-4.6884,15.8267]]},"properties":{"id":1889,"source":47974,"mouth":47976,"parent":1889,"basin":1889,"widthFactor":0.672,"sourceWidth":0.05,"discharge":71,"name":"Alprak","type":"River"}},{"type":"Feature","geometry":{"type":"LineString","coordinates":[[-5.3165,11.8232],[-5.2659,11.8737],[-5.3108,11.9293],[-5.2988,12.0063],[-5.3103,12.0833]]},"properties":{"id":1890,"source":50301,"mouth":50230,"parent":1890,"basin":1890,"widthFactor":0.672,"sourceWidth":0.05,"discharge":80,"name":"Bainoscabue","type":"River"}},{"type":"Feature","geometry":{"type":"LineString","coordinates":[[25.9104,27.1559],[25.8735,27.0948],[25.9305,27.0517],[25.895,26.984],[25.8817,26.9088]]},"properties":{"id":1891,"source":21569,"mouth":21924,"parent":1891,"basin":1891,"widthFactor":0.672,"sourceWidth":0.04,"discharge":47,"name":"Sonegover","type":"River"}},{"type":"Feature","geometry":{"type":"LineString","coordinates":[[9.8054,34.9459],[9.755,34.9341],[9.7824,34.9779],[9.7664,35.03],[9.7738,35.0841]]},"properties":{"id":1892,"source":5464,"mouth":5463,"parent":1892,"basin":1892,"widthFactor":0.672,"sourceWidth":0.05,"discharge":54,"name":"Mamerston","type":"River"}},{"type":"Feature","geometry":{"type":"LineString","coordinates":[[12.6069,21.4853],[12.6822,21.4541],[12.7351,21.5159],[12.807,21.526],[12.872,21.5585]]},"properties":{"id":1893,"source":35573,"mouth":35181,"parent":1893,"basin":1893,"widthFactor":0.672,"sourceWidth":0.05,"discharge":54,"name":"Trefesnaid","type":"River"}},{"type":"Feature","geometry":{"type":"LineString","coordinates":[[28.3742,26.4068],[28.435,26.3729],[28.4723,26.4316],[28.5334,26.465],[28.5799,26.5167]]},"properties":{"id":1894,"source":23453,"mouth":23452,"parent":1894,"basin":1894,"widthFactor":0.672,"sourceWidth":0.05,"discharge":75,"name":"Yeovilworth","type":"River"}},{"type":"Feature","geometry":{"type":"LineString","coordinates":[[6.0112,18.5819],[6.0062,18.5174],[6.071,18.5183],[6.1192,18.5315],[6.1561,18.5652]]},"properties":{"id":1895,"source":42664,"mouth":42665,"parent":1895,"basin":1895,"widthFactor":0.672,"sourceWidth":0.04,"discharge":54,"name":"Kirk","type":"River"}},{"type":"Feature","geometry":{"type":"LineString","coordinates":[[28.513,26.1964],[28.5791,26.1903],[28.5828,26.2567],[28.6414,26.2897],[28.6852,26.3408]]},"properties":{"id":1896,"source":23863,"mouth":23862,"parent":1896,"basin":1896,"widthFactor":0.672,"sourceWidth":0.06,"discharge":69,"name":"Berley","type":"River"}},{"type":"Feature","geometry":{"type":"LineString","coordinates":[[4.718,30.4939],[4.6996,30.5668],[4.641,30.6139],[4.5716,30.673],[4.5281,30.5929],[4.4261,30.6316],[4.3391,30.6976]]},"properties":{"id":1929,"source":13534,"mouth":13225,"parent":1929,"basin":1929,"widthFactor":0.672,"sourceWidth":0.85,"discharge":875,"name":"Kekeseseno","type":"River"}},{"type":"Feature","geometry":{"type":"LineString","coordinates":[[-7.9779,36.9892],[-7.8793,37.0409],[-7.8573,37.1499],[-7.8673,37.2147],[-7.932,37.2034],[-7.9674,37.288],[-7.9114,37.3607],[-7.9112,37.3872],[-7.9315,37.4042]]},"properties":{"id":2115,"source":2640,"mouth":2154,"parent":2115,"basin":2115,"widthFactor":0.672,"sourceWidth":0.04,"discharge":118,"name":"Paasenki","type":"River"}},{"type":"Feature","geometry":{"type":"LineString","coordinates":[[23.8542,27.361],[23.8763,27.2447],[23.9772,27.1827],[24.0754,27.2075],[24.1111,27.3022],[24.1499,27.371],[24.1671,27.448]]},"properties":{"id":2116,"source":21199,"mouth":21201,"parent":2116,"basin":2116,"widthFactor":0.672,"sourceWidth":0.06,"discharge":81,"name":"Watlerego","type":"River"}},{"type":"Feature","geometry":{"type":"LineString","coordinates":[[10.1943,20.511],[10.1463,20.5387],[10.1455,20.4833],[10.0813,20.4176],[10.1082,20.3298]]},"properties":{"id":2117,"source":37719,"mouth":38079,"parent":554,"basin":554,"widthFactor":0.56,"sourceWidth":0.06,"discharge":49,"name":"Inny","type":"River"}},{"type":"Feature","geometry":{"type":"LineString","coordinates":[[6.8508,23.8466],[6.8008,23.899],[6.8465,23.9551],[6.8997,23.9215],[6.9273,23.9781],[6.9579,24.0518],[6.9661,24.1311]]},"properties":{"id":2118,"source":29154,"mouth":28866,"parent":2118,"basin":2118,"widthFactor":0.672,"sourceWidth":0.06,"discharge":135,"name":"Aberg","type":"River"}},{"type":"Feature","geometry":{"type":"LineString","coordinates":[[-20.1318,14.3599],[-20.0217,14.3417],[-19.938,14.4154],[-19.9356,14.4752],[-19.8777,14.4594],[-19.808,14.4602],[-19.7419,14.4383]]},"properties":{"id":2119,"source":48895,"mouth":48836,"parent":2119,"basin":2119,"widthFactor":0.672,"sourceWidth":0.05,"discharge":73,"name":"Alinxames","type":"River"}},{"type":"Feature","geometry":{"type":"LineString","coordinates":[[21.1857,28.9397],[21.2472,28.8712],[21.3364,28.8943],[21.4316,28.869],[21.5302,28.867]]},"properties":{"id":2120,"source":17270,"mouth":17271,"parent":2120,"basin":2120,"widthFactor":0.672,"sourceWidth":0.05,"discharge":54,"name":"Folivehoke","type":"River"}},{"type":"Feature","geometry":{"type":"LineString","coordinates":[[-19.8189,36.7736],[-19.8459,36.7231],[-19.7888,36.7182],[-19.781,36.648],[-19.7103,36.6474]]},"properties":{"id":2121,"source":2731,"mouth":2913,"parent":1657,"basin":1657,"widthFactor":0.56,"sourceWidth":0.05,"discharge":49,"name":"Dallan","type":"Fork"}},{"type":"Feature","geometry":{"type":"LineString","coordinates":[[-6.0346,43.4324],[-6.0374,43.4921],[-6.0939,43.4726],[-6.1809,43.4756],[-6.2145,43.5558],[-6.2082,43.627],[-6.1796,43.6925]]},"properties":{"id":2122,"source":200,"mouth":176,"parent":2122,"basin":2122,"widthFactor":0.672,"sourceWidth":0.05,"discharge":128,"name":"Jungsund","type":"River"}},{"type":"Feature","geometry":{"type":"LineString","coordinates":[[-6.8039,26.8385],[-6.9059,26.8465],[-6.9699,26.7668],[-7.0263,26.7475],[-7.0708,26.708]]},"properties":{"id":2125,"source":22096,"mouth":22462,"parent":2125,"basin":2125,"widthFactor":0.672,"sourceWidth":0.09,"discharge":79,"name":"Ayte","type":"River"}},{"type":"Feature","geometry":{"type":"LineString","coordinates":[[24.879,25.3555],[24.835,25.2412],[24.8866,25.1303],[24.9105,25.0757],[24.9536,25.0347]]},"properties":{"id":2126,"source":26235,"mouth":26544,"parent":2126,"basin":2126,"widthFactor":0.672,"sourceWidth":0.06,"discharge":65,"name":"Watham","type":"River"}},{"type":"Feature","geometry":{"type":"LineString","coordinates":[[11.9778,19.867],[11.9336,19.9079],[11.9056,19.8546],[11.8289,19.8593],[11.7544,19.8407]]},"properties":{"id":2127,"source":39465,"mouth":39463,"parent":2127,"basin":2127,"widthFactor":0.672,"sourceWidth":0.06,"discharge":46,"name":"Aridiwg","type":"River"}},{"type":"Feature","geometry":{"type":"LineString","coordinates":[[-12.396,16.9325],[-12.3363,16.9374],[-12.3577,16.9932],[-12.3297,17.0734],[-12.3247,17.1582]]},"properties":{"id":2128,"source":45990,"mouth":45991,"parent":2128,"basin":2128,"widthFactor":0.672,"sourceWidth":0.05,"discharge":63,"name":"Erla","type":"River"}},{"type":"Feature","geometry":{"type":"LineString","coordinates":[[-13.404,16.8799],[-13.4546,16.8317],[-13.4097,16.7781],[-13.3402,16.7442],[-13.2638,16.7327]]},"properties":{"id":2129,"source":46240,"mouth":46243,"parent":2129,"basin":2129,"widthFactor":0.672,"sourceWidth":0.06,"discharge":69,"name":"Yada","type":"River"}},{"type":"Feature","geometry":{"type":"LineString","coordinates":[[9.5887,34.3746],[9.5854,34.3105],[9.6494,34.3143],[9.7058,34.2572],[9.7762,34.2187]]},"properties":{"id":2131,"source":6391,"mouth":6393,"parent":2131,"basin":2131,"widthFactor":0.672,"sourceWidth":0.04,"discharge":41,"name":"Pickingdon","type":"River"}},{"type":"Feature","geometry":{"type":"LineString","coordinates":[[17.8962,31.8307],[17.8497,31.8742],[17.8125,31.8225],[17.7512,31.8588],[17.6814,31.8732]]},"properties":{"id":2132,"source":10808,"mouth":10806,"parent":2132,"basin":2132,"widthFactor":0.672,"sourceWidth":0.06,"discharge":58,"name":"Carton","type":"River"}},{"type":"Feature","geometry":{"type":"LineString","coordinates":[[16.4519,31.4406],[16.5226,31.4979],[16.5031,31.5869],[16.5762,31.6231],[16.6361,31.6786]]},"properties":{"id":2133,"source":11418,"mouth":11096,"parent":2133,"basin":2133,"widthFactor":0.672,"sourceWidth":0.06,"discharge":57,"name":"Ormshoney","type":"River"}},{"type":"Feature","geometry":{"type":"LineString","coordinates":[[5.7854,18.8855],[5.7097,18.9212],[5.65,18.8625],[5.6018,18.8759],[5.5529,18.8659]]},"properties":{"id":2134,"source":41944,"mouth":41578,"parent":2134,"basin":2134,"widthFactor":0.672,"sourceWidth":0.08,"discharge":63,"name":"Treran","type":"River"}},{"type":"Feature","geometry":{"type":"LineString","coordinates":[[21.4436,16.6676],[21.3735,16.6281],[21.3909,16.5496],[21.3584,16.5038],[21.3474,16.4487]]},"properties":{"id":2135,"source":46616,"mouth":46852,"parent":2135,"basin":2135,"widthFactor":0.672,"sourceWidth":0.05,"discharge":50,"name":"Delpsos","type":"River"}},{"type":"Feature","geometry":{"type":"LineString","coordinates":[[-9.0122,18.2774],[-9.0078,18.3374],[-8.951,18.3175],[-8.9021,18.3169],[-8.8591,18.2936]]},"properties":{"id":2136,"source":43267,"mouth":42912,"parent":2136,"basin":2136,"widthFactor":0.672,"sourceWidth":0.05,"discharge":55,"name":"Korler","type":"River"}},{"type":"Feature","geometry":{"type":"LineString","coordinates":[[-20.026,14.3207],[-19.9579,14.2778],[-19.8969,14.3303],[-19.8127,14.3747],[-19.7419,14.4383]]},"properties":{"id":2137,"source":48898,"mouth":48897,"parent":2137,"basin":2137,"widthFactor":0.672,"sourceWidth":0.05,"discharge":68,"name":"Linharaxo","type":"River"}},{"type":"Feature","geometry":{"type":"LineString","coordinates":[[4.696,32.8963],[4.6783,32.8259],[4.7458,32.7988],[4.7632,32.6998],[4.8032,32.6076]]},"properties":{"id":2138,"source":8467,"mouth":8718,"parent":2138,"basin":2138,"widthFactor":0.672,"sourceWidth":0.05,"discharge":58,"name":"Akarerteli","type":"River"}},{"type":"Feature","geometry":{"type":"LineString","coordinates":[[-25.5071,23.6979],[-25.5796,23.7453],[-25.5641,23.8304],[-25.515,23.8849],[-25.4512,23.9212]]},"properties":{"id":2139,"source":29260,"mouth":28972,"parent":2139,"basin":2139,"widthFactor":0.672,"sourceWidth":0.04,"discharge":53,"name":"Trimouy","type":"River"}},{"type":"Feature","geometry":{"type":"LineString","coordinates":[[23.6969,27.7062],[23.6997,27.787],[23.7777,27.8085],[23.7844,27.8658],[23.8365,27.841],[23.9012,27.8407],[23.9619,27.863]]},"properties":{"id":2140,"source":20108,"mouth":19742,"parent":2140,"basin":2140,"widthFactor":0.672,"sourceWidth":0.05,"discharge":88,"name":"Extedgeho","type":"River"}},{"type":"Feature","geometry":{"type":"LineString","coordinates":[[11.6162,22.6342],[11.5546,22.5396],[11.4425,22.5261],[11.3838,22.5599],[11.3401,22.6117]]},"properties":{"id":2141,"source":32366,"mouth":32364,"parent":2141,"basin":2141,"widthFactor":0.672,"sourceWidth":0.08,"discharge":112,"name":"Insan","type":"River"}},{"type":"Feature","geometry":{"type":"LineString","coordinates":[[-25.7454,23.2547],[-25.81,23.2912],[-25.8569,23.2337],[-25.8849,23.1499],[-25.8899,23.0616]]},"properties":{"id":2142,"source":30178,"mouth":30177,"parent":2142,"basin":2142,"widthFactor":0.672,"sourceWidth":0.05,"discharge":46,"name":"Madonvilles","type":"River"}},{"type":"Feature","geometry":{"type":"LineString","coordinates":[[-3.9181,37.5653],[-3.9082,37.623],[-3.966,37.6131],[-4.0283,37.6465],[-4.098,37.6576]]},"properties":{"id":2143,"source":1858,"mouth":1855,"parent":2143,"basin":2143,"widthFactor":0.672,"sourceWidth":0.05,"discharge":62,"name":"Kajarvinina","type":"River"}},{"type":"Feature","geometry":{"type":"LineString","coordinates":[[-4.3817,10.5873],[-4.4122,10.5338],[-4.3535,10.5151],[-4.3199,10.434],[-4.2659,10.3645]]},"properties":{"id":2144,"source":50743,"mouth":50779,"parent":2144,"basin":2144,"widthFactor":0.672,"sourceWidth":0.05,"discharge":68,"name":"Hucame","type":"River"}},{"type":"Feature","geometry":{"type":"LineString","coordinates":[[15.7563,32.1084],[15.7129,32.0313],[15.6247,32.0386],[15.5862,32.0963],[15.5692,32.1634]]},"properties":{"id":2145,"source":10222,"mouth":10221,"parent":2145,"basin":2145,"widthFactor":0.672,"sourceWidth":0.05,"discharge":53,"name":"Mouryme","type":"River"}},{"type":"Feature","geometry":{"type":"LineString","coordinates":[[23.7959,25.1351],[23.7314,25.1569],[23.7523,25.2216],[23.7624,25.295],[23.7949,25.3617]]},"properties":{"id":2146,"source":26530,"mouth":26529,"parent":2146,"basin":2146,"widthFactor":0.672,"sourceWidth":0.05,"discharge":46,"name":"Gatreton","type":"River"}},{"type":"Feature","geometry":{"type":"LineString","coordinates":[[10.711,18.7569],[10.6865,18.6554],[10.755,18.5767],[10.8072,18.5393],[10.8694,18.5231]]},"properties":{"id":2147,"source":42334,"mouth":42689,"parent":2147,"basin":2147,"widthFactor":0.672,"sourceWidth":0.04,"discharge":47,"name":"Invernes","type":"River"}},{"type":"Feature","geometry":{"type":"LineString","coordinates":[[-3.9995,11.0745],[-3.9664,11.025],[-4.0234,11.0076],[-4.0658,10.9561],[-4.1234,10.9225]]},"properties":{"id":2148,"source":50610,"mouth":50611,"parent":2148,"basin":2148,"widthFactor":0.672,"sourceWidth":0.05,"discharge":54,"name":"Malher","type":"River"}},{"type":"Feature","geometry":{"type":"LineString","coordinates":[[-21.2632,25.4984],[-21.1959,25.4155],[-21.2221,25.312],[-21.2889,25.2679],[-21.3656,25.245]]},"properties":{"id":2149,"source":25670,"mouth":25983,"parent":2149,"basin":2149,"widthFactor":0.672,"sourceWidth":0.05,"discharge":43,"name":"Gerbeillant","type":"River"}},{"type":"Feature","geometry":{"type":"LineString","coordinates":[[-6.4642,43.5027],[-6.4492,43.3839],[-6.5259,43.2919],[-6.6058,43.3051],[-6.6785,43.3406]]},"properties":{"id":2150,"source":197,"mouth":212,"parent":2150,"basin":2150,"widthFactor":0.672,"sourceWidth":0.04,"discharge":56,"name":"Kouruupuna","type":"River"}},{"type":"Feature","geometry":{"type":"LineString","coordinates":[[-24.6905,35.4809],[-24.7393,35.435],[-24.7843,35.4847],[-24.8524,35.5647],[-24.901,35.6578]]},"properties":{"id":2151,"source":4436,"mouth":4435,"parent":2151,"basin":2151,"widthFactor":0.672,"sourceWidth":0.05,"discharge":63,"name":"Villy","type":"River"}},{"type":"Feature","geometry":{"type":"LineString","coordinates":[[15.9553,32.3408],[15.9987,32.2976],[16.0314,32.3494],[16.0748,32.4283],[16.0964,32.5158]]},"properties":{"id":2152,"source":9625,"mouth":9626,"parent":2152,"basin":2152,"widthFactor":0.672,"sourceWidth":0.05,"discharge":45,"name":"Caltash","type":"River"}},{"type":"Feature","geometry":{"type":"LineString","coordinates":[[1.3462,32.0592],[1.3774,32.1336],[1.3156,32.1854],[1.2897,32.2409],[1.2448,32.2825]]},"properties":{"id":2153,"source":10108,"mouth":9809,"parent":2153,"basin":2153,"widthFactor":0.672,"sourceWidth":0.05,"discharge":50,"name":"Aneli","type":"River"}},{"type":"Feature","geometry":{"type":"LineString","coordinates":[[-1.3864,29.6224],[-1.424,29.5756],[-1.4591,29.6243],[-1.4928,29.6938],[-1.5041,29.7701]]},"properties":{"id":2154,"source":15440,"mouth":15439,"parent":2154,"basin":2154,"widthFactor":0.672,"sourceWidth":0.05,"discharge":50,"name":"Ayay","type":"River"}},{"type":"Feature","geometry":{"type":"LineString","coordinates":[[-25.4177,28.5486],[-25.3659,28.5957],[-25.4095,28.6504],[-25.3902,28.7099],[-25.3942,28.7724]]},"properties":{"id":2155,"source":17642,"mouth":17641,"parent":2155,"basin":2155,"widthFactor":0.672,"sourceWidth":0.06,"discharge":58,"name":"Bellant","type":"River"}},{"type":"Feature","geometry":{"type":"LineString","coordinates":[[6.4685,32.4249],[6.4405,32.4836],[6.3843,32.4508],[6.3213,32.4644],[6.2575,32.4546]]},"properties":{"id":2156,"source":9555,"mouth":9264,"parent":2156,"basin":2156,"widthFactor":0.672,"sourceWidth":0.05,"discharge":58,"name":"Urepekeri","type":"River"}}]}