Id,Burg,Province,Province Full Name,State,State Full Name,Culture,Religion,Group,Population,X,Y,Latitude,Longitude,Elevation (m),Temperature,Temperature likeness,Capital,Port,Citadel,Walls,Plaza,Temple,Shanty Town,Emblem,Preview link
1,Kupold,Munsbach,Munsbach Earldom,Malscken,Grand Duchy of Malscken,Shwazen,Shwazen Religion,capital,2325,353.9,486.67,21.83,-11.87,25,18°C,Barcelona (Spain),capital,port,citadel,walls,,,,{t1:or;charges:[{charge:wolfRampant;t:gules;p:e;t2:sable;t3:gules;size:1.5}];shield:swiss},https://watabou.github.io/city-generator/?name=Kupold&population=2325&size=18&seed=2563131000001&river=1&coast=1&farms=0&citadel=1&urban_castle=0&hub=1&plaza=0&greens=0&temple=0&walls=1&shantytown=0&style=natural&sea=0.94
2,Chan,Corvilter,Corvilter Parish,Puines,Puinian Theocracy,Luari,Luari Doctrine,capital,868,207.95,372.85,27.27,-18.85,1369,5°C,Harbin (China),capital,,citadel,walls,,,,{t1:gules;division:{division:perPile;t:argent;line:straight};charges:[{charge:billet;t:or;p:be;divided:counter;size:0.5}];shield:french},https://watabou.github.io/city-generator/?name=Chan&population=868&size=12&seed=2563131000002&river=0&coast=0&farms=1&citadel=1&urban_castle=1&hub=0&plaza=0&greens=0&temple=0&walls=1&shantytown=0&style=natural
3,Treaberl,Aberporth,Aberporth Parish,Aberleith,Thearchy of Aberleith,Keltan,Treaberlese Pantheon,capital,653,780.44,511.28,20.66,8.54,256,16°C,Dubrovnik (Croatia),capital,,citadel,walls,plaza,,,{t1:azure;charges:[{charge:camel;t:or;p:e;t2:or;size:1.5}];shield:oval},https://watabou.github.io/city-generator/?name=Treaberl&population=653&size=11&seed=2563131000003&river=0&coast=0&farms=1&citadel=1&urban_castle=0&hub=0&plaza=1&greens=1&temple=0&walls=1&shantytown=0&style=natural
4,Abercta,Abercta,Abercta County,Abergia,Kingdom of Abergia,Keltan,Tamanian Heresy,capital,2090,899.33,557.82,18.43,14.22,576,16°C,Dubrovnik (Croatia),capital,port,citadel,walls,,,,{t1:purpure;division:{division:perCross;t:or;line:dentilly};charges:[{charge:goutte;t:argent;p:j;size:0.6};{charge:ramsHorn;t:gules;p:l;size:0.6};{charge:dragonPassant;t:gules;p:m;size:0.6};{charge:ouroboros;t:argent;p:o;size:0.6}];shield:oval},https://watabou.github.io/city-generator/?name=Abercta&population=2090&size=17&seed=2563131000004&river=0&coast=1&farms=1&citadel=1&urban_castle=1&hub=1&plaza=0&greens=0&temple=0&walls=1&shantytown=0&style=natural
5,Hitch,Draxtedia,Draxtedia County,Sagelia,Grand Duchy of Sagelia,Angshire,Bramburghism,capital,1468,1007.04,296.98,30.9,19.38,625,8°C,Prague (Czechia),capital,,citadel,walls,plaza,,shanty town,{t1:argent;charges:[{charge:fleurDeLis;t:gules;p:kn;size:0.7}];shield:wedged},https://watabou.github.io/city-generator/?name=Hitch&population=1468&size=15&seed=2563131000005&river=0&coast=0&farms=1&citadel=1&urban_castle=0&hub=0&plaza=1&greens=1&temple=0&walls=1&shantytown=1&style=natural
6,Serte,Serte,Serte County,Aciasecia,Principality of Aciasecia,Tallian,Faith of Fateaux,capital,18121,260.86,491.5,21.6,-16.32,169,17°C,Lisbon (Portugal),capital,port,citadel,walls,plaza,,,{t1:purpure;charges:[{charge:caravel;t:or;p:e;t2:or;t3:or;size:1.5}];shield:horsehead},https://watabou.github.io/city-generator/?name=Serte&population=18121&size=39&seed=2563131000006&river=0&coast=1&farms=1&citadel=1&urban_castle=1&hub=0&plaza=1&greens=1&temple=0&walls=1&shantytown=0&style=natural&sea=1.18
7,Altbuse,Altbuse,Altbuse Parish,Orporpor,Orporpor Theocracy,Angshire,Bramburghism,capital,1105,1006.12,373.14,27.26,19.33,64,14°C,Washington (D.C.),capital,port,citadel,walls,,,shanty town,{t1:or;ordinaries:[{ordinary:cross;t:azure;line:straight}];charges:[{charge:bridge2;t:or;p:behdf;size:0.3}];shield:wedged},https://watabou.github.io/city-generator/?name=Altbuse&population=1105&size=14&seed=2563131000007&river=0&coast=1&farms=1&citadel=1&urban_castle=0&hub=1&plaza=0&greens=0&temple=0&walls=1&shantytown=1&style=natural&sea=0.33
8,Otlingen,Pfafringen,Pfafringen County,Tutachinia,Duchy of Tutachinia,Shwazen,Shwazen Religion,capital,14671,388.24,381.38,26.87,-10.23,225,13°C,Milan (Italy),capital,,citadel,walls,plaza,temple,shanty town,{t1:bendySinister-sable-or-small;charges:[{charge:lambPassantReguardant;t:argent;p:e;t2:argent;size:1.5}];shield:swiss},https://watabou.github.io/city-generator/?name=Otlingen&population=14671&size=36&seed=2563131000008&river=0&coast=0&farms=1&citadel=1&urban_castle=1&hub=0&plaza=1&greens=1&temple=1&walls=1&shantytown=1&style=natural
9,Selstadt,Selstadt,Selstadt Parish,Fischrenia,Bishopric of Fischrenia,Shwazen,Shwazen Religion,capital,1203,277.39,404.71,25.75,-15.53,64,15°C,Rome (Italy),capital,port,citadel,walls,plaza,temple,shanty town,{t1:purpure;ordinaries:[{ordinary:chevron;t:argent}];shield:swiss},https://watabou.github.io/city-generator/?name=Selstadt&population=1203&size=14&seed=2563131000009&river=0&coast=1&farms=0&citadel=1&urban_castle=0&hub=1&plaza=1&greens=1&temple=1&walls=1&shantytown=1&style=natural&sea=1.98
10,Turanva,Kurania,Kurania Parish,Turanmaa,Turanmaan Theocracy,Soumi,Turanv Religion,capital,402,352.78,292.78,31.1,-11.92,256,10°C,London (England),capital,,citadel,walls,,,,{t1:argent;ordinaries:[{ordinary:bendSinister;t:azure;line:straight}];charges:[{charge:boat2;t:argent;p:lem;size:0.5}];shield:pavise},https://watabou.github.io/city-generator/?name=Turanva&population=402&size=9&seed=2563131000010&river=0&coast=0&farms=0&citadel=1&urban_castle=1&hub=0&plaza=0&greens=0&temple=0&walls=1&shantytown=0&style=natural
11,Combrecheb,Montcria,Montcria Deanery,Chuelia,Diocese of Chuelia,Luari,Faith of Fateaux,capital,5742,164.73,477.42,22.28,-20.92,324,15°C,Rome (Italy),capital,,citadel,walls,plaza,temple,shanty town,{t1:azure;division:{division:perBendSinister;t:bendySinister-argent-purpure;line:straight};ordinaries:[{ordinary:bordure;t:or}];shield:french},https://watabou.github.io/city-generator/?name=Combrecheb&population=5742&size=25&seed=2563131000011&river=0&coast=0&farms=1&citadel=1&urban_castle=0&hub=0&plaza=1&greens=1&temple=1&walls=1&shantytown=1&style=natural
12,Alasay,Sazeli,Sazeli Barony,Boy,Boyan Khaganate,Turchian,Kocapism,capital,1578,595.69,331.16,29.27,-0.3,16,13°C,Milan (Italy),capital,port,citadel,walls,,,,{t1:or;division:{division:perPile;t:azure;line:straight};ordinaries:[{ordinary:pilesInPoint;t:sable}];shield:round},https://watabou.github.io/city-generator/?name=Alasay&population=1578&size=15&seed=2563131000012&river=0&coast=1&farms=1&citadel=1&urban_castle=1&hub=1&plaza=0&greens=0&temple=0&walls=1&shantytown=0&style=natural&sea=1.31
13,Serelnay,Combrechienia,Combrechienia County,Sounevandilia,Duchy of Sounevandilia,Luari,Faith of Fateaux,capital,1489,52.05,485.86,21.87,-26.31,144,17°C,Lisbon (Portugal),capital,,citadel,walls,plaza,temple,,{t1:gules;ordinaries:[{ordinary:bordure;t:argent}];charges:[{charge:heart;t:azure;p:ABCDEFGHIJKL;t2:azure;t3:or;size:0.18};{charge:wyvern;t:or;p:e;size:1.1}];shield:french},https://watabou.github.io/city-generator/?name=Serelnay&population=1489&size=15&seed=2563131000013&river=0&coast=0&farms=1&citadel=1&urban_castle=0&hub=0&plaza=1&greens=1&temple=1&walls=1&shantytown=0&style=natural
14,Yerinte,Umanyurt,Umanyurt Parish,Yerinte,Imamah of Yerinte,Turchian,Yerinish Creed,capital,15479,504.9,528.47,19.83,-4.65,4,19°C,Marrakesh (Morocco),capital,port,citadel,walls,plaza,,,{t1:sable;charges:[{charge:portcullis;t:argent;p:abcpqh;t2:argent;size:0.5}];shield:round},https://watabou.github.io/city-generator/?name=Yerinte&population=15479&size=37&seed=2563131000014&river=0&coast=1&farms=1&citadel=1&urban_castle=1&hub=1&plaza=1&greens=1&temple=0&walls=1&shantytown=0&style=natural&sea=1.96
15,Edi,Derenkor,Derenkor County,Alprakeli,Alprakelian Horde,Turchian,Kocapism,capital,11315,380.16,548.73,18.87,-10.61,289,17°C,Lisbon (Portugal),capital,,citadel,walls,plaza,,,{t1:azure;division:{division:perFess;t:chequy-or-gules;line:rayonne};charges:[{charge:crossBottony;t:argent;p:k;size:0.7};{charge:rustre;t:azure;p:n;size:0.7}];shield:round},https://watabou.github.io/city-generator/?name=Edi&population=11315&size=32&seed=2563131000015&river=0&coast=0&farms=1&citadel=1&urban_castle=0&hub=0&plaza=1&greens=1&temple=0&walls=1&shantytown=0&style=natural
16,Tamanos,Helcosia,Helcosia County,Peina,Principality of Peina,Elladan,Tamanian Heresy,capital,3397,1056.11,560.01,18.33,21.72,361,18°C,Barcelona (Spain),capital,port,citadel,walls,plaza,,,{t1:argent;ordinaries:[{ordinary:terrace;t:gules;line:rayonne}];charges:[{charge:roundel;t:sable;p:bdf;size:0.5}];shield:boeotian},https://watabou.github.io/city-generator/?name=Tamanos&population=3397&size=21&seed=2563131000016&river=0&coast=1&farms=1&citadel=1&urban_castle=1&hub=0&plaza=1&greens=1&temple=0&walls=1&shantytown=0&style=natural
17,Sazkay,Sazkay,Sazkay Earldom,Sazkyurt,Beylik of Sazkyurt,Turchian,Kocapism,capital,3857,324.12,592.08,16.79,-13.29,4,21°C,Tegucigalpa (Honduras),capital,port,citadel,walls,,,,{t1:argent;division:{division:perSaltire;t:azure};ordinaries:[{ordinary:chevronReversed;t:vert;divided:counter}];shield:round},https://watabou.github.io/city-generator/?name=Sazkay&population=3857&size=22&seed=2563131000017&river=0&coast=1&farms=1&citadel=1&urban_castle=0&hub=0&plaza=0&greens=0&temple=0&walls=1&shantytown=0&style=natural&sea=1.59
18,Stran,Leinia,Leinia Earldom,Lauda,Grand Duchy of Lauda,Norse,Kocapism,capital,643,268.07,219.23,34.62,-15.98,81,9°C,Copenhagen (Denmark),capital,port,citadel,walls,plaza,,,{t1:argent;ordinaries:[{ordinary:quarter;t:azure}];shield:heater},https://watabou.github.io/city-generator/?name=Stran&population=643&size=11&seed=2563131000018&river=1&coast=1&farms=0&citadel=1&urban_castle=1&hub=0&plaza=1&greens=1&temple=0&walls=1&shantytown=0&style=natural&sea=0.78
19,Linbury,Linbury,Linbury County,Stansburia,Stansburian Empire,Angshire,Bramburghism,capital,1856,894.57,337.21,28.98,14,25,13°C,Milan (Italy),capital,port,citadel,walls,,,,{t1:gules;division:{division:perFess;t:argent;line:straight};charges:[{charge:lamb;t:or;p:k;t2:or;size:0.7;sinister:1};{charge:crossHummetty;t:azure;p:n;size:0.7}];shield:wedged},https://watabou.github.io/city-generator/?name=Linbury&population=1856&size=16&seed=2563131000019&river=0&coast=1&farms=1&citadel=1&urban_castle=0&hub=0&plaza=0&greens=0&temple=0&walls=1&shantytown=0&style=natural&sea=1.54
20,Asbekekin,Asbekekin,Asbekekin Earldom,Sazkyurt,Beylik of Sazkyurt,Turchian,Kocapism,town,1010,328.14,523.34,20.08,-13.1,16,19°C,Marrakesh (Morocco),,,,,,,,{t1:argent;division:{division:perBend;t:sable;line:wavy};charges:[{charge:bell;t:gules;p:l;t2:gules;size:0.7};{charge:drakkar;t:argent;p:m;size:0.7}];shield:round},https://watabou.github.io/city-generator/?name=Asbekekin&population=1010&size=13&seed=2563131000020&river=0&coast=0&farms=1&citadel=0&urban_castle=0&hub=0&plaza=0&greens=0&temple=0&walls=0&shantytown=0&style=natural
21,Newbigrara,Kirbuteria,Kirbuteria Earldom,Sagelia,Grand Duchy of Sagelia,Angshire,Bramburghism,town,3766,1032.72,275.6,31.92,20.61,16,11°C,Antwerp (Belgium),,port,,,,,,{t1:argent;charges:[{charge:harp;t:azure;p:e;t2:azure;size:1.5}];shield:wedged},https://watabou.github.io/city-generator/?name=Newbigrara&population=3766&size=21&seed=2563131000021&river=0&coast=1&farms=1&citadel=0&urban_castle=0&hub=0&plaza=0&greens=0&temple=0&walls=0&shantytown=0&style=natural&sea=0.97
22,Allos,New Sazkay,New Sazkay Colony,Sazkyurt,Beylik of Sazkyurt,Astellian,Kocapism,town,7503,416.03,623.29,15.3,-8.9,16,21°C,Tegucigalpa (Honduras),,,,,,,,{t1:or;charges:[{charge:deerHeadCaboshed;t:azure;p:e;t2:azure;size:1.5}];shield:spanish},https://watabou.github.io/city-generator/?name=Allos&population=7503&size=28&seed=2563131000022&river=1&coast=0&farms=1&citadel=0&urban_castle=0&hub=0&plaza=0&greens=0&temple=0&walls=0&shantytown=0&style=natural
23,Ponta,Soniatania,Soniatania Land,Aciasecia,Principality of Aciasecia,Tallian,Faith of Fateaux,town,967,258.68,470.3,22.62,-16.42,324,15°C,Rome (Italy),,,,,,,,{t1:sable;ordinaries:[{ordinary:bendSinister;t:argent;line:straight}];charges:[{charge:boarHeadErased;t:purpure;p:lem;t2:purpure;t3:or;size:0.5}];shield:horsehead},https://watabou.github.io/city-generator/?name=Ponta&population=967&size=13&seed=2563131000023&river=0&coast=0&farms=1&citadel=0&urban_castle=0&hub=0&plaza=0&greens=0&temple=0&walls=0&shantytown=0&style=natural
24,Hochenschw,Enheim,Enheim Clan,Malscken,Grand Duchy of Malscken,Shwazen,Shwazen Religion,town,738,386.78,428.98,24.59,-10.3,400,13°C,Milan (Italy),,,,,,,,{t1:argent;ordinaries:[{ordinary:chief;t:azure;line:straight}];charges:[{charge:hourglass;t:argent;p:abc;t2:sable;t3:vert;size:0.5}];shield:swiss},https://watabou.github.io/city-generator/?name=Hochenschw&population=738&size=12&seed=2563131000024&river=1&coast=0&farms=1&citadel=0&urban_castle=0&hub=0&plaza=0&greens=0&temple=0&walls=0&shantytown=0&style=natural
25,Zubnobori,Binghambe,Binghambe Parish,Orporpor,Orporpor Theocracy,Slovan,Bramburghism,town,657,970.36,354.86,28.13,17.62,169,13°C,Milan (Italy),,,,walls,,,,{t1:sable;charges:[{charge:scythe;t:or;p:e;t2:or;size:1.5}];shield:polish},https://watabou.github.io/city-generator/?name=Zubnobori&population=657&size=11&seed=2563131000025&river=0&coast=0&farms=0&citadel=0&urban_castle=0&hub=0&plaza=0&greens=0&temple=0&walls=1&shantytown=0&style=natural
26,Sezesezia,Sezesezia,Sezesezia County,Aciasecia,Principality of Aciasecia,Tallian,Faith of Fateaux,town,10103,244.2,441.38,24,-17.12,1089,9°C,Copenhagen (Denmark),,,,,,,,{t1:purpure;division:{division:perFess;t:or;line:rayonne};charges:[{charge:fusil;t:argent;p:k;size:0.7};{charge:martenCourant;t:gules;p:n;size:0.7}];shield:horsehead},https://watabou.github.io/city-generator/?name=Sezesezia&population=10103&size=31&seed=2563131000026&river=0&coast=0&farms=1&citadel=0&urban_castle=0&hub=0&plaza=0&greens=0&temple=0&walls=0&shantytown=0&style=natural
27,Yaztoprak,Ayvarkeli,Ayvarkeli County,Boy,Boyan Khaganate,Turchian,Kocapism,city,542,685.12,242.32,33.51,3.98,121,9°C,Copenhagen (Denmark),,,citadel,walls,,,,{t1:or;division:{division:perFess;t:purpure;line:arched};ordinaries:[{ordinary:gyron;t:azure}];shield:round},https://watabou.github.io/city-generator/?name=Yaztoprak&population=542&size=10&seed=2563131000027&river=0&coast=0&farms=1&citadel=1&urban_castle=0&hub=0&plaza=0&greens=0&temple=0&walls=1&shantytown=0&style=natural
28,Gayayasi,Gayayasi,Gayayasi Territory,Sazkyurt,Beylik of Sazkyurt,Turchian,Kocapism,town,2309,301.68,490.74,21.64,-14.37,1444,9°C,Copenhagen (Denmark),,,,,,,,{t1:gules;division:{division:perBend;t:or;line:straight};ordinaries:[{ordinary:pall;t:argent}];shield:round},https://watabou.github.io/city-generator/?name=Gayayasi&population=2309&size=18&seed=2563131000028&river=0&coast=0&farms=1&citadel=0&urban_castle=0&hub=0&plaza=0&greens=0&temple=0&walls=0&shantytown=0&style=natural
29,Kilkleigh,Hitchia,Hitchia Area,Sagelia,Grand Duchy of Sagelia,Angshire,Bramburghism,town,1023,990.31,229.16,34.14,18.58,25,10°C,London (England),,port,,,,,,{t1:gules;charges:[{charge:fleurDeLis;t:or;p:beh;size:0.5}];shield:wedged},https://watabou.github.io/city-generator/?name=Kilkleigh&population=1023&size=13&seed=2563131000029&river=0&coast=1&farms=1&citadel=0&urban_castle=0&hub=0&plaza=0&greens=0&temple=0&walls=0&shantytown=0&style=natural&sea=0.33
30,Secilbenzon,Secilbenzon,Secilbenzon Margrave,Alprakeli,Alprakelian Horde,Astellian,Kocapism,city,1842,396.89,602.89,16.28,-9.81,25,21°C,Tegucigalpa (Honduras),,,,,,,,{t1:argent;ordinaries:[{ordinary:pale;t:azure;line:embattled}];charges:[{charge:lochaberAxe;t:azure;p:y;t2:sable;size:0.5}];shield:spanish},https://watabou.github.io/city-generator/?name=Secilbenzon&population=1842&size=16&seed=2563131000030&river=0&coast=0&farms=1&citadel=0&urban_castle=0&hub=0&plaza=0&greens=0&temple=0&walls=0&shantytown=0&style=natural
31,Wingengen,Belternia,Belternia County,Tutachinia,Duchy of Tutachinia,Shwazen,Shwazen Religion,town,561,368.44,385.82,26.65,-11.17,121,13°C,Milan (Italy),,,,walls,,,,{t1:vert;charges:[{charge:axe;t:or;p:jlh;t2:or;size:0.7}];shield:swiss},https://watabou.github.io/city-generator/?name=Wingengen&population=561&size=11&seed=2563131000031&river=0&coast=0&farms=0&citadel=0&urban_castle=0&hub=0&plaza=0&greens=0&temple=0&walls=1&shantytown=0&style=natural
32,Er Yurke,Yasyurt,Yasyurt Earldom,Sazkyurt,Beylik of Sazkyurt,Turchian,Kocapism,city,2898,300.39,503.03,21.05,-14.43,729,13°C,Milan (Italy),,,,walls,,temple,,{t1:argent;ordinaries:[{ordinary:pile;t:gules}];charges:[{charge:fleurDeLis;t:argent;p:b;size:0.5}];shield:round},https://watabou.github.io/city-generator/?name=Er+Yurke&population=2898&size=19&seed=2563131000032&river=0&coast=0&farms=1&citadel=0&urban_castle=0&hub=0&plaza=0&greens=0&temple=1&walls=1&shantytown=0&style=natural
33,Clifnal,Bosheadia,Bosheadia Parish,Orporpor,Orporpor Theocracy,Angshire,Bramburghism,town,4957,1083.72,383.53,26.76,23.05,16,14°C,Washington (D.C.),,,,walls,,,,{t1:argent;charges:[{charge:bridge2;t:purpure;p:e;size:1.5}];shield:wedged},https://watabou.github.io/city-generator/?name=Clifnal&population=4957&size=24&seed=2563131000033&river=0&coast=0&farms=1&citadel=0&urban_castle=0&hub=0&plaza=0&greens=0&temple=0&walls=1&shantytown=0&style=natural
34,Vellena,Vellena,Vellena Captaincy,Aciasecia,Principality of Aciasecia,Tallian,Faith of Fateaux,city,2639,125.37,554.97,18.57,-22.8,169,19°C,Marrakesh (Morocco),,,,walls,,,,{t1:purpure;charges:[{charge:arrow;t:or;p:jln;t2:or;t3:or;size:0.7}];shield:horsehead},https://watabou.github.io/city-generator/?name=Vellena&population=2639&size=19&seed=2563131000034&river=0&coast=0&farms=1&citadel=0&urban_castle=0&hub=0&plaza=0&greens=0&temple=0&walls=1&shantytown=0&style=natural
35,Oviivijarku,Jung,Jung Region,Boy,Boyan Khaganate,Soumi,Kocapism,town,5972,509.53,163.63,37.28,-4.42,9,8°C,Prague (Czechia),,port,,,,,,{t1:azure;ordinaries:[{ordinary:pile;t:argent}];charges:[{charge:lanceHead;t:azure;p:b;size:0.5}];shield:pavise},https://watabou.github.io/city-generator/?name=Oviivijarku&population=5972&size=25&seed=2563131000035&river=0&coast=1&farms=1&citadel=0&urban_castle=0&hub=0&plaza=0&greens=0&temple=0&walls=0&shantytown=0&style=natural&sea=0.88
36,Aslanenyol,Kesenbyurt,Kesenbyurt Barony,Boy,Boyan Khaganate,Turchian,Kocapism,town,7116,672.93,414.99,25.26,3.39,225,14°C,Washington (D.C.),,,,,,,,{t1:or;ordinaries:[{ordinary:pileInBend;t:azure}];charges:[{charge:lionHeadCaboshed;t:purpure;p:cg;t2:purpure;size:0.7}];shield:round},https://watabou.github.io/city-generator/?name=Aslanenyol&population=7116&size=27&seed=2563131000036&river=1&coast=0&farms=1&citadel=0&urban_castle=0&hub=0&plaza=0&greens=0&temple=0&walls=0&shantytown=0&style=natural
37,Lochijodurum,Aberporth,Aberporth Parish,Aberleith,Thearchy of Aberleith,Keltan,Treaberlese Pantheon,town,4996,791.04,493.52,21.51,9.04,729,13°C,Milan (Italy),,,,walls,,,,{t1:argent;charges:[{charge:comet;t:sable;p:bhdf;size:0.5}];shield:oval},https://watabou.github.io/city-generator/?name=Lochijodurum&population=4996&size=24&seed=2563131000037&river=0&coast=0&farms=1&citadel=0&urban_castle=0&hub=0&plaza=0&greens=0&temple=0&walls=1&shantytown=0&style=natural
38,Bane,Derenkor,Derenkor County,Alprakeli,Alprakelian Horde,Turchian,Kocapism,village,1894,376.17,518.07,20.33,-10.8,169,17°C,Lisbon (Portugal),,,citadel,,,,,{t1:azure;division:{division:perFess;t:argent;line:dovetailedIndented};charges:[{charge:crossCarolingian;t:or;p:k;size:0.7};{charge:frog;t:purpure;p:n;size:0.7}];shield:round},https://watabou.github.io/village-generator/?pop=1894&name=Bane&seed=2563131000038&width=1600&height=780&style=default&tags=dead+end%2Cno+square%2Cdense
39,Boykut,Kaltaylyurt,Kaltaylyurt Area,Sazkyurt,Beylik of Sazkyurt,Turchian,Kocapism,town,4170,299.12,528.73,19.82,-14.49,1156,11°C,Antwerp (Belgium),,,,walls,,,,{t1:argent;division:{division:perPale;t:gules;line:nowy};charges:[{charge:archer;t:azure;p:p;t2:azure;t3:azure;size:0.7};{charge:fusil;t:or;p:q;size:0.7}];shield:round},https://watabou.github.io/city-generator/?name=Boykut&population=4170&size=22&seed=2563131000039&river=0&coast=0&farms=1&citadel=0&urban_castle=0&hub=0&plaza=0&greens=0&temple=0&walls=1&shantytown=0&style=natural
40,Yazsuyol,Yasyurt,Yasyurt Earldom,Sazkyurt,Beylik of Sazkyurt,Turchian,Kocapism,town,7142,295.3,515.92,20.43,-14.67,1089,11°C,Antwerp (Belgium),,,,,,,,{t1:argent;charges:[{charge:castle;t:sable;p:e;t2:vert;size:1.5}];shield:round},https://watabou.github.io/city-generator/?name=Yazsuyol&population=7142&size=27&seed=2563131000040&river=0&coast=0&farms=1&citadel=0&urban_castle=0&hub=0&plaza=0&greens=0&temple=0&walls=0&shantytown=0&style=natural
41,Mitlewent,Louth,Louth Territory,Orporpor,Orporpor Theocracy,Angshire,Bramburghism,town,7371,1030.9,393.94,26.27,20.52,400,12°C,Paris (France),,,,walls,,,,{t1:or;charges:[{charge:key;t:purpure;p:e;size:1.5}];shield:wedged},https://watabou.github.io/city-generator/?name=Mitlewent&population=7371&size=28&seed=2563131000041&river=0&coast=0&farms=1&citadel=0&urban_castle=0&hub=0&plaza=0&greens=0&temple=0&walls=1&shantytown=0&style=natural
42,Inverduron,Agosindyria,Agosindyria Land,Abergia,Kingdom of Abergia,Keltan,Bramburghism,town,6756,908.3,480.68,22.12,14.65,225,16°C,Dubrovnik (Croatia),,,,,plaza,,,{t1:sable;ordinaries:[{ordinary:bend;t:argent;line:arched}];charges:[{charge:lozengeFaceted;t:sable;p:joe;size:0.5}];shield:oval},https://watabou.github.io/city-generator/?name=Inverduron&population=6756&size=27&seed=2563131000042&river=0&coast=0&farms=1&citadel=0&urban_castle=0&hub=0&plaza=1&greens=1&temple=0&walls=0&shantytown=0&style=natural
43,Mackingley,Crafland,Crafland Parish,Orporpor,Orporpor Theocracy,Angshire,Bramburghism,town,2531,1180.43,352,28.27,27.67,16,14°C,Washington (D.C.),,port,,,,,,{t1:or;charges:[{charge:anchor;t:sable;p:e;size:1.5}];shield:wedged},https://watabou.github.io/city-generator/?name=Mackingley&population=2531&size=18&seed=2563131000043&river=0&coast=1&farms=1&citadel=0&urban_castle=0&hub=0&plaza=0&greens=0&temple=0&walls=0&shantytown=0&style=natural&sea=1.66
44,Schwewald,Oteria,Oteria Barony,Malscken,Grand Duchy of Malscken,Shwazen,Shwazen Religion,town,853,377.32,469.7,22.64,-10.75,9,17°C,Lisbon (Portugal),,,,,,,,{t1:sable;charges:[{charge:crossVoided;t:or;p:e;size:1.5}];shield:swiss},https://watabou.github.io/city-generator/?name=Schwewald&population=853&size=12&seed=2563131000044&river=0&coast=0&farms=1&citadel=0&urban_castle=0&hub=0&plaza=0&greens=0&temple=0&walls=0&shantytown=0&style=natural
45,Chlatulais,Aberporth,Aberporth Parish,Aberleith,Thearchy of Aberleith,Keltan,Treaberlese Pantheon,village,2538,775.4,489.69,21.69,8.3,1156,10°C,London (England),,,,,,,,{t1:or;charges:[{charge:swan;t:gules;p:e;t2:purpure;t3:gules;size:1.5}];shield:oval},https://watabou.github.io/village-generator/?pop=2538&name=Chlatulais&seed=2563131000045&width=1600&height=780&style=default&tags=dead+end%2Cno+square%2Cdense
46,Chipton,Cleoleshole,Cleoleshole Parish,Orporpor,Orporpor Theocracy,Angshire,Bramburghism,town,3111,1015.73,396.47,26.15,19.79,9,15°C,Rome (Italy),,,,,,,,{t1:purpure;charges:[{charge:swanErased;t:argent;p:jln;t2:argent;t3:argent;size:0.7}];shield:wedged},https://watabou.github.io/city-generator/?name=Chipton&population=3111&size=20&seed=2563131000046&river=1&coast=0&farms=1&citadel=0&urban_castle=0&hub=0&plaza=0&greens=0&temple=0&walls=0&shantytown=0&style=natural
47,Albrighin,Olingia,Olingia Territory,Stansburia,Stansburian Empire,Angshire,Bramburghism,village,1508,853.29,291.88,31.15,12.02,9,12°C,Paris (France),,,,,,,,{t1:argent;division:{division:perCross;t:azure;line:straight};charges:[{charge:drakkar;t:sable;p:j;t2:sable;t3:sable;size:0.6};{charge:saw;t:argent;p:l;size:0.6};{charge:fusil;t:argent;p:m;size:0.6};{charge:centaur;t:azure;p:o;size:0.6}];shield:wedged},https://watabou.github.io/village-generator/?pop=1508&name=Albrighin&seed=2563131000047&width=1600&height=780&style=default&tags=isolated%2Cno+square%2Cdense
48,Grambedondo,Kirbuteria,Kirbuteria Earldom,Sagelia,Grand Duchy of Sagelia,Angshire,Bramburghism,town,8428,1010.13,270.02,32.19,19.53,529,8°C,Prague (Czechia),,,,,,,,{t1:argent;charges:[{charge:mitre;t:vert;p:jlh;t2:azure;t3:vert;size:0.7}];shield:wedged},https://watabou.github.io/city-generator/?name=Grambedondo&population=8428&size=29&seed=2563131000048&river=1&coast=0&farms=1&citadel=0&urban_castle=0&hub=0&plaza=0&greens=0&temple=0&walls=0&shantytown=0&style=natural
49,Lantaimancheb,Lantaimancheb,Lantaimancheb Deanery,Chuelia,Diocese of Chuelia,Luari,Faith of Fateaux,town,1639,127.32,473.72,22.45,-22.71,225,16°C,Dubrovnik (Croatia),,,,,,,,{t1:azure;ordinaries:[{ordinary:chevronReversed;t:argent}];charges:[{charge:fleurDeLis;t:argent;p:b;size:0.5}];shield:french},https://watabou.github.io/city-generator/?name=Lantaimancheb&population=1639&size=16&seed=2563131000049&river=1&coast=0&farms=1&citadel=0&urban_castle=0&hub=1&plaza=0&greens=0&temple=0&walls=0&shantytown=0&style=natural
50,Torrinosoce,Yeli,Yeli Parish,Yerinte,Imamah of Yerinte,Astellian,Yerinish Creed,town,1129,428.27,578.11,17.46,-8.31,1089,13°C,Milan (Italy),,,,,,,,{t1:argent;charges:[{charge:fly;t:gules;p:abcpqh;t2:gules;t3:gules;size:0.5}];shield:spanish},https://watabou.github.io/city-generator/?name=Torrinosoce&population=1129&size=14&seed=2563131000050&river=0&coast=0&farms=1&citadel=0&urban_castle=0&hub=0&plaza=0&greens=0&temple=0&walls=0&shantytown=0&style=natural
51,Viciconiame,Celleria,Celleria County,Aciasecia,Principality of Aciasecia,Tallian,Faith of Fateaux,town,529,159.96,537.78,19.39,-21.15,121,18°C,Barcelona (Spain),,,,,,,,{t1:or;charges:[{charge:scaleImbalanced;t:gules;p:e;t2:gules;size:1.5}];shield:horsehead},https://watabou.github.io/city-generator/?name=Viciconiame&population=529&size=10&seed=2563131000051&river=0&coast=0&farms=1&citadel=0&urban_castle=0&hub=0&plaza=0&greens=0&temple=0&walls=0&shantytown=0&style=natural
52,Kirviegunum,Ining,Ining Territory,Aberleith,Thearchy of Aberleith,Keltan,Treaberlese Pantheon,village,1424,678.53,528.76,19.82,3.66,9,19°C,Marrakesh (Morocco),,,,,,,,{t1:argent;ordinaries:[{ordinary:terrace;t:azure;line:indented}];charges:[{charge:castle2;t:sable;p:bdf;t2:sable;t3:sable;size:0.5}];shield:oval},https://watabou.github.io/village-generator/?pop=1424&name=Kirviegunum&seed=2563131000052&width=1400&height=683&style=default&tags=highway%2Cno+square%2Cdense
53,Trisenau,Utnau,Utnau Parish,Puines,Puinian Theocracy,Shwazen,Shwazen Religion,town,1787,274.56,299.08,30.8,-15.66,100,11°C,Antwerp (Belgium),,port,citadel,,,,,{t1:argent;charges:[{charge:talbotSejant;t:purpure;p:e;t2:purpure;t3:azure;size:1.5}];shield:swiss},https://watabou.github.io/city-generator/?name=Trisenau&population=1787&size=16&seed=2563131000053&river=0&coast=1&farms=0&citadel=1&urban_castle=0&hub=0&plaza=0&greens=0&temple=0&walls=0&shantytown=0&style=natural&sea=0.93
54,Lochilerell,Areruria,Areruria County,Abergia,Kingdom of Abergia,Keltan,Bramburghism,city,931,851.71,565.73,18.05,11.95,49,20°C,Alexandria (Egypt),,port,citadel,walls,,,,{t1:gules;division:{division:perPile;t:argent;line:embattled};charges:[{charge:anchor;t:or;p:e;size:0.7}];shield:oval},https://watabou.github.io/city-generator/?name=Lochilerell&population=931&size=13&seed=2563131000054&river=0&coast=1&farms=1&citadel=1&urban_castle=1&hub=0&plaza=0&greens=0&temple=0&walls=1&shantytown=0&style=natural&sea=0.97
55,Toprak,Toprak,Toprak Earldom,Sazkyurt,Beylik of Sazkyurt,Turchian,Kocapism,city,1339,311.52,596.3,16.59,-13.9,400,18°C,Barcelona (Spain),,,citadel,walls,,,,{t1:argent;charges:[{charge:cowStatant;t:gules;p:e;t2:gules;t3:gules;size:1.5}];shield:round},https://watabou.github.io/city-generator/?name=Toprak&population=1339&size=15&seed=2563131000055&river=0&coast=0&farms=1&citadel=1&urban_castle=0&hub=0&plaza=0&greens=0&temple=0&walls=1&shantytown=0&style=natural
56,Paisa,Paisa,Paisa Land,Boy,Boyan Khaganate,Soumi,Kocapism,town,593,459.7,226.78,34.26,-6.81,100,9°C,Copenhagen (Denmark),,,,,,,,{t1:purpure;charges:[{charge:horseshoe;t:or;p:e;size:1.5}];shield:pavise},https://watabou.github.io/city-generator/?name=Paisa&population=593&size=11&seed=2563131000056&river=1&coast=0&farms=0&citadel=0&urban_castle=0&hub=0&plaza=0&greens=0&temple=0&walls=0&shantytown=0&style=natural
57,Knutsdon,North,North Earldom,Stansburia,Stansburian Empire,Angshire,Kocapism,city,1095,816.28,293.89,31.05,10.25,25,12°C,Paris (France),,port,,,,,,{t1:argent;ordinaries:[{ordinary:chief;t:azure;line:straight}];charges:[{charge:sunInSplendour;t:sable;p:emoz;size:0.5}];shield:wedged},https://watabou.github.io/city-generator/?name=Knutsdon&population=1095&size=13&seed=2563131000057&river=0&coast=1&farms=1&citadel=0&urban_castle=0&hub=1&plaza=0&greens=0&temple=0&walls=0&shantytown=0&style=natural
58,Louvillemur,Lantaimancheb,Lantaimancheb Deanery,Chuelia,Diocese of Chuelia,Luari,Faith of Fateaux,village,524,130.94,459.21,23.15,-22.54,25,17°C,Lisbon (Portugal),,,,walls,,,,{t1:argent;division:{division:gyronny;t:purpure};charges:[{charge:scorpion;t:sable;p:e;divided:counter;size:1.5}];shield:french},https://watabou.github.io/village-generator/?pop=524&name=Louvillemur&seed=2563131000058&width=1000&height=488&style=default&tags=isolated%2Cfarmland%2Cno+square%2Cpalisade%2Cdense
59,Kilksey,Showland,Showland Parish,Orporpor,Orporpor Theocracy,Angshire,Bramburghism,village,778,1127.6,403.78,25.8,25.14,49,15°C,Rome (Italy),,,,,,,,{t1:or;ordinaries:[{ordinary:pilesInPoint;t:purpure}];charges:[{charge:lozengeFaceted;t:sable;p:e;size:1.5}];shield:wedged},https://watabou.github.io/village-generator/?pop=778&name=Kilksey&seed=2563131000059&width=1000&height=488&style=default&tags=river%2Chighway%2Cno+square%2Cdense
60,Poyers,Fonces,Fonces Land,Puines,Puinian Theocracy,Luari,Luari Doctrine,town,1946,271.94,348.04,28.46,-15.79,729,8°C,Prague (Czechia),,port,,,,,,{t1:vert;division:{division:perFess;t:or;line:straight};ordinaries:[{ordinary:pile;t:argent;divided:division}];shield:french},https://watabou.github.io/city-generator/?name=Poyers&population=1946&size=17&seed=2563131000060&river=0&coast=1&farms=1&citadel=0&urban_castle=0&hub=0&plaza=0&greens=0&temple=0&walls=0&shantytown=0&style=natural&sea=0.07
61,Eschbruck,Tusachinia,Tusachinia Seneschalty,Tutachinia,Duchy of Tutachinia,Shwazen,Shwazen Religion,town,3267,382.65,364.31,27.68,-10.49,36,14°C,Washington (D.C.),,port,,,,,,{t1:argent;charges:[{charge:helmetGreat;t:gules;p:e;size:1.5}];shield:swiss},https://watabou.github.io/city-generator/?name=Eschbruck&population=3267&size=20&seed=2563131000061&river=1&coast=1&farms=1&citadel=0&urban_castle=0&hub=1&plaza=0&greens=0&temple=0&walls=0&shantytown=0&style=natural&sea=1.58
62,Koulamaski,New Turanmaa,New Turanmaa Colony,Turanmaa,Turanmaan Theocracy,Soumi,Kocapism,village,4717,344.66,164.44,37.24,-12.31,25,8°C,Prague (Czechia),,,,,,,,{t1:or;division:{division:perFess;t:semy_of_triangle-gules-argent;line:straight};charges:[{charge:crossLatin;t:azure;p:giz;divided:field;size:0.4};{charge:boat;t:azure;p:e;divided:division;size:1.5}];shield:pavise},https://watabou.github.io/village-generator/?pop=4717&name=Koulamaski&seed=2563131000062&width=1600&height=780&style=default&tags=dead+end%2Cfarmland%2Cno+square%2Cdense
63,Altapa,Sivrek,Sivrek Shire,Boy,Boyan Khaganate,Turchian,Kocapism,town,2117,678.57,230.17,34.1,3.66,289,8°C,Prague (Czechia),,,,,,,,{t1:azure;division:{division:perPale;t:argent;line:firTrees};charges:[{charge:shield;t:or;p:p;t2:or;size:0.7};{charge:cavalier;t:gules;p:q;size:0.7}];shield:round},https://watabou.github.io/city-generator/?name=Altapa&population=2117&size=17&seed=2563131000063&river=0&coast=0&farms=1&citadel=0&urban_castle=0&hub=0&plaza=0&greens=0&temple=0&walls=0&shantytown=0&style=natural
64,Grotronero,Grotatia,Grotatia Land,Aciasecia,Principality of Aciasecia,Tallian,Faith of Fateaux,town,4854,218.33,511.94,20.62,-18.35,961,12°C,Paris (France),,,,,,,,{t1:purpure;charges:[{charge:lionRampant;t:or;p:e;t2:or;t3:argent;size:1.5}];shield:horsehead},https://watabou.github.io/city-generator/?name=Grotronero&population=4854&size=24&seed=2563131000064&river=0&coast=0&farms=0&citadel=0&urban_castle=0&hub=0&plaza=0&greens=0&temple=0&walls=0&shantytown=0&style=natural
65,Sayansuyol,Umanyurt,Umanyurt Parish,Yerinte,Imamah of Yerinte,Turchian,Yerinish Creed,town,789,495.88,537.5,19.4,-5.08,16,19°C,Marrakesh (Morocco),,,,,,,,{t1:sable;ordinaries:[{ordinary:cross;t:argent;line:straight}];charges:[{charge:banner;t:gules;p:beh;t2:gules;size:0.3}];shield:round},https://watabou.github.io/city-generator/?name=Sayansuyol&population=789&size=12&seed=2563131000065&river=0&coast=0&farms=1&citadel=0&urban_castle=0&hub=0&plaza=0&greens=0&temple=0&walls=0&shantytown=0&style=natural
66,Casttile,Celleparno,Celleparno County,Aciasecia,Principality of Aciasecia,Tallian,Faith of Fateaux,village,5689,148.77,582.88,17.23,-21.68,169,19°C,Marrakesh (Morocco),,,,walls,,,,{t1:purpure;ordinaries:[{ordinary:bordure;t:or}];charges:[{charge:billet;t:gules;p:ABCDEFGHIJKL;t2:gules;size:0.18};{charge:cavalier;t:argent;p:e;size:1.1}];shield:horsehead},https://watabou.github.io/village-generator/?pop=5689&name=Casttile&seed=2563131000066&width=1600&height=780&style=default&tags=river%2Cisolated%2Cfarmland%2Cno+square%2Cpalisade%2Cdense
67,Deki,Yayaztopyurt,Yayaztopyurt County,Boy,Boyan Khaganate,Turchian,Kocapism,town,552,603.06,467.58,22.75,0.05,169,16°C,Dubrovnik (Croatia),,,,,,,,{t1:sable;division:{division:perChevronReversed;t:argent;line:straight};charges:[{charge:inescutcheon;t:or;p:dfh;divided:counter;size:0.5}];shield:round},https://watabou.github.io/city-generator/?name=Deki&population=552&size=10&seed=2563131000067&river=0&coast=0&farms=1&citadel=0&urban_castle=0&hub=0&plaza=0&greens=0&temple=0&walls=0&shantytown=0&style=natural
68,Epelensuko,New Ayayruzun,New Ayayruzun Colony,Yerinte,Imamah of Yerinte,Turchian,Kocapism,village,6580,592.86,566.59,18.01,-0.44,36,20°C,Alexandria (Egypt),,,,,,,,{t1:argent;charges:[{charge:plaice;t:purpure;p:jln;t2:purpure;size:0.7}];shield:round},https://watabou.github.io/village-generator/?pop=6580&name=Epelensuko&seed=2563131000068&width=1600&height=780&style=default&tags=highway%2Cno+square%2Cdense
69,Totrinch,Redchamia,Redchamia Parish,Orporpor,Orporpor Theocracy,Angshire,Bramburghism,town,3370,1084.01,422.84,24.88,23.06,81,15°C,Rome (Italy),,,,,,,,{t1:argent;charges:[{charge:bridge;t:azure;p:jln;size:0.7}];shield:wedged},https://watabou.github.io/city-generator/?name=Totrinch&population=3370&size=21&seed=2563131000069&river=0&coast=0&farms=1&citadel=0&urban_castle=0&hub=0&plaza=0&greens=0&temple=0&walls=0&shantytown=0&style=natural
70,Uxbronere,Uxbronere,Uxbronere County,Stansburia,Stansburian Empire,Angshire,Bramburghism,city,7594,913.55,359.02,27.94,14.9,625,10°C,London (England),,,,,,,,{t1:gules;division:{division:perBendSinister;t:argent;line:straight};ordinaries:[{ordinary:chief;t:or;line:straight;divided:field}];shield:wedged},https://watabou.github.io/city-generator/?name=Uxbronere&population=7594&size=28&seed=2563131000070&river=0&coast=0&farms=1&citadel=0&urban_castle=0&hub=1&plaza=0&greens=0&temple=0&walls=0&shantytown=0&style=natural
71,Piervillerais,Aunesardon,Aunesardon Parish,Puines,Puinian Theocracy,Luari,Luari Doctrine,town,3783,172.78,323.9,29.61,-20.53,64,13°C,Milan (Italy),,,,,,,,{t1:azure;ordinaries:[{ordinary:pale;t:argent;line:straight}];charges:[{charge:hindStatant;t:purpure;p:beh;t2:or;size:0.5;sinister:1}];shield:french},https://watabou.github.io/city-generator/?name=Piervillerais&population=3783&size=21&seed=2563131000071&river=1&coast=0&farms=1&citadel=0&urban_castle=0&hub=0&plaza=0&greens=0&temple=0&walls=0&shantytown=0&style=natural
72,Exning,Kirbuteria,Kirbuteria Earldom,Sagelia,Grand Duchy of Sagelia,Angshire,Bramburghism,town,499,1029.28,284.48,31.5,20.44,121,11°C,Antwerp (Belgium),,,citadel,,,,,{t1:semy_of_crossHummetty-argent-sable;division:{division:perFess;t:vert;line:straight};charges:[{charge:bell;t:gules;p:k;t2:gules;size:0.7};{charge:caravel;t:or;p:n;size:0.7}];shield:wedged},https://watabou.github.io/city-generator/?name=Exning&population=499&size=10&seed=2563131000072&river=1&coast=0&farms=1&citadel=1&urban_castle=1&hub=0&plaza=0&greens=0&temple=0&walls=0&shantytown=0&style=natural
73,Invenek,Invenek,Invenek Parish,Aberleith,Thearchy of Aberleith,Keltan,Treaberlese Pantheon,town,1112,670.66,558.01,18.42,3.28,4,20°C,Alexandria (Egypt),,port,,,,,,{t1:sable;ordinaries:[{ordinary:chief;t:argent;line:barby}];charges:[{charge:inescutcheon;t:sable;p:abc;size:0.5}];shield:oval},https://watabou.github.io/city-generator/?name=Invenek&population=1112&size=14&seed=2563131000073&river=0&coast=1&farms=1&citadel=0&urban_castle=0&hub=0&plaza=0&greens=0&temple=0&walls=0&shantytown=0&style=natural&sea=0.86
74,Ayayruzun,Ayayruzun,Ayayruzun Parish,Yerinte,Imamah of Yerinte,Turchian,Yerinish Creed,town,755,470.61,567.73,17.96,-6.29,36,20°C,Alexandria (Egypt),,,,,,,,{t1:sable;division:{division:perPale;t:or;line:rayonne};charges:[{charge:key;t:argent;p:p;size:0.7};{charge:attire;t:azure;p:q;size:0.7}];shield:round},https://watabou.github.io/city-generator/?name=Ayayruzun&population=755&size=12&seed=2563131000074&river=0&coast=0&farms=1&citadel=0&urban_castle=0&hub=0&plaza=0&greens=0&temple=0&walls=0&shantytown=0&style=natural
75,Draxningley,Mitherslia,Mitherslia Parish,Orporpor,Orporpor Theocracy,Angshire,Bramburghism,town,2913,1036.52,427.65,24.65,20.79,4,16°C,Dubrovnik (Croatia),,port,,,,,,{t1:sable;charges:[{charge:anchor;t:or;p:e;size:1.5}];shield:wedged},https://watabou.github.io/city-generator/?name=Draxningley&population=2913&size=19&seed=2563131000075&river=0&coast=1&farms=1&citadel=0&urban_castle=0&hub=0&plaza=0&greens=0&temple=0&walls=0&shantytown=0&style=natural&sea=0.6
76,Dutodute,Tresiumia,Tresiumia County,Sazkyurt,Beylik of Sazkyurt,Romian,Erugus Deities,town,4732,65.48,623.33,15.3,-25.67,49,21°C,Tegucigalpa (Honduras),,port,,walls,plaza,,,{t1:argent;ordinaries:[{ordinary:cross;t:gules;line:straight}];charges:[{charge:anchor;t:argent;p:behdf;size:0.3}];shield:roman},https://watabou.github.io/city-generator/?name=Dutodute&population=4732&size=23&seed=2563131000076&river=0&coast=1&farms=1&citadel=0&urban_castle=0&hub=0&plaza=1&greens=1&temple=0&walls=1&shantytown=0&style=natural&sea=1.27
77,Mongordenti,Olicargan,Olicargan County,Abergia,Kingdom of Abergia,Keltan,Tamanian Heresy,town,610,922.18,577.68,17.48,15.32,36,20°C,Alexandria (Egypt),,,citadel,,,,,{t1:gules;division:{division:perPale;t:argent;line:bevilled};charges:[{charge:snail;t:or;p:p;t2:or;size:0.7};{charge:lizard;t:purpure;p:q;size:0.7}];shield:oval},https://watabou.github.io/city-generator/?name=Mongordenti&population=610&size=11&seed=2563131000077&river=1&coast=0&farms=1&citadel=1&urban_castle=0&hub=0&plaza=0&greens=0&temple=0&walls=0&shantytown=0&style=natural
78,Cambrigh,Altnesterby,Altnesterby Territory,Orporpor,Orporpor Theocracy,Angshire,Bramburghism,town,3839,1157.64,370.63,27.38,26.58,16,14°C,Washington (D.C.),,port,,,,,,{t1:gules;charges:[{charge:crossedBones;t:argent;p:e;size:1.5}];shield:wedged},https://watabou.github.io/city-generator/?name=Cambrigh&population=3839&size=22&seed=2563131000078&river=0&coast=1&farms=1&citadel=0&urban_castle=0&hub=0&plaza=0&greens=0&temple=0&walls=0&shantytown=0&style=natural&sea=1.65
79,Sicos,Dios,Dios County,Abergia,Kingdom of Abergia,Elladan,Tamanian Heresy,town,879,975.26,601.9,16.32,17.86,9,21°C,Tegucigalpa (Honduras),,,,walls,,,,{t1:azure;division:{division:perPale;t:argent;line:straight};charges:[{charge:mace;t:or;p:jo;t2:or;divided:counter;size:0.7}];shield:boeotian},https://watabou.github.io/city-generator/?name=Sicos&population=879&size=12&seed=2563131000079&river=0&coast=0&farms=1&citadel=0&urban_castle=0&hub=0&plaza=0&greens=0&temple=0&walls=1&shantytown=0&style=natural
80,Sinach,Hagendorf,Hagendorf Parish,Fischrenia,Bishopric of Fischrenia,Shwazen,Shwazen Religion,city,4964,263.73,424.68,24.8,-16.18,576,12°C,Paris (France),,,,walls,,,,{t1:gules;charges:[{charge:lute;t:argent;p:e;t2:argent;size:1.5}];shield:swiss},https://watabou.github.io/city-generator/?name=Sinach&population=4964&size=24&seed=2563131000080&river=0&coast=0&farms=1&citadel=0&urban_castle=0&hub=0&plaza=0&greens=0&temple=0&walls=1&shantytown=0&style=natural
81,Kirchal,Selstadt,Selstadt Parish,Fischrenia,Bishopric of Fischrenia,Shwazen,Shwazen Religion,town,1034,283.23,422.71,24.89,-15.25,1024,9°C,Copenhagen (Denmark),,,citadel,,,,,{t1:or;charges:[{charge:heron;t:sable;p:e;t2:sable;size:1.5}];shield:swiss},https://watabou.github.io/city-generator/?name=Kirchal&population=1034&size=13&seed=2563131000081&river=0&coast=0&farms=1&citadel=1&urban_castle=0&hub=0&plaza=0&greens=0&temple=0&walls=0&shantytown=0&style=natural
82,Lapagaies,Pegera,Pegera Earldom,Peina,Principality of Peina,Elladan,Tamanian Heresy,town,811,1011.33,551.29,18.74,19.58,484,16°C,Dubrovnik (Croatia),,,,,,,,{t1:argent;charges:[{charge:wyvernWithWingsDisplayed;t:vert;p:e;t2:vert;t3:vert;size:1.5}];shield:boeotian},https://watabou.github.io/city-generator/?name=Lapagaies&population=811&size=12&seed=2563131000082&river=0&coast=0&farms=1&citadel=0&urban_castle=0&hub=0&plaza=0&greens=0&temple=0&walls=0&shantytown=0&style=natural
83,Borougham,Bucheap,Bucheap Parish,Orporpor,Orporpor Theocracy,Angshire,Bramburghism,town,779,988.84,370.56,27.38,18.51,324,12°C,Paris (France),,,,,,,,{t1:or;ordinaries:[{ordinary:pall;t:vert}];charges:[{charge:serpent;t:or;p:jleh;t2:or;size:0.5}];shield:wedged},https://watabou.github.io/city-generator/?name=Borougham&population=779&size=12&seed=2563131000083&river=0&coast=0&farms=1&citadel=0&urban_castle=0&hub=0&plaza=0&greens=0&temple=0&walls=0&shantytown=0&style=natural
84,Bolmond,Berton,Berton County,Stansburia,Stansburian Empire,Angshire,Kocapism,town,1930,778.61,294.54,31.02,8.45,36,12°C,Paris (France),,,,,,,,{t1:purpure;division:{division:perSaltire;t:argent};charges:[{charge:rustre;t:or;p:b;size:0.5};{charge:flamberge;t:gules;p:d;size:0.5};{charge:bridge2;t:gules;p:f;size:0.5};{charge:swan;t:or;p:h;size:0.5}];shield:wedged},https://watabou.github.io/city-generator/?name=Bolmond&population=1930&size=17&seed=2563131000084&river=0&coast=0&farms=1&citadel=0&urban_castle=0&hub=0&plaza=0&greens=0&temple=0&walls=0&shantytown=0&style=natural
85,Manoce,Manoce,Manoce Deanery,Chuelia,Diocese of Chuelia,Tallian,Faith of Fateaux,town,820,134,486.56,21.84,-22.39,900,12°C,Paris (France),,,,walls,,,,{t1:argent;ordinaries:[{ordinary:saltireParted;t:purpure;line:potenty}];charges:[{charge:maces;t:azure;p:jln;t2:azure;size:0.7}];shield:horsehead},https://watabou.github.io/city-generator/?name=Manoce&population=820&size=12&seed=2563131000085&river=0&coast=0&farms=1&citadel=0&urban_castle=0&hub=0&plaza=0&greens=0&temple=0&walls=1&shantytown=0&style=natural
86,Bascano,Castinia,Castinia Territory,Sazkyurt,Beylik of Sazkyurt,Tallian,Faith of Fateaux,town,1104,198.15,558.67,18.39,-19.32,1089,13°C,Milan (Italy),,,,,,,,{t1:azure;division:{division:perCross;t:vairAncien-sable-argent;line:straight};charges:[{charge:bridge;t:or;p:e;divided:counter;size:1.5}];shield:horsehead},https://watabou.github.io/city-generator/?name=Bascano&population=1104&size=14&seed=2563131000086&river=0&coast=0&farms=1&citadel=0&urban_castle=0&hub=0&plaza=0&greens=0&temple=0&walls=0&shantytown=0&style=natural
87,Angen,Bouaigaiglos,Bouaigaiglos Parish,Aberleith,Thearchy of Aberleith,Keltan,Treaberlese Pantheon,village,825,790.85,534.7,19.54,9.03,225,18°C,Barcelona (Spain),,,,,,,,{t1:sable;ordinaries:[{ordinary:pileInBend;t:argent}];charges:[{charge:crossPotent;t:purpure;p:eo;size:0.5}];shield:oval},https://watabou.github.io/village-generator/?pop=825&name=Angen&seed=2563131000087&width=1000&height=488&style=default&tags=highway%2Cno+square%2Cdense
88,Mortempierte,Sannessas,Sannessas Parish,Puines,Puinian Theocracy,Luari,Luari Doctrine,town,4947,81.36,394.03,26.26,-24.91,16,15°C,Rome (Italy),,,,,,,,{t1:azure;ordinaries:[{ordinary:terrace;t:or;line:straight}];charges:[{charge:cavalier;t:argent;p:e;t2:argent;t3:argent;size:1.5}];shield:french},https://watabou.github.io/city-generator/?name=Mortempierte&population=4947&size=24&seed=2563131000088&river=0&coast=0&farms=1&citadel=0&urban_castle=0&hub=0&plaza=0&greens=0&temple=0&walls=0&shantytown=0&style=natural
89,Snubalen,Enesetia,Enesetia Territory,Lauda,Grand Duchy of Lauda,Norse,Kocapism,town,1713,314.48,229.5,34.13,-13.76,169,9°C,Copenhagen (Denmark),,,,walls,,,,{t1:or;charges:[{charge:millstone;t:purpure;p:def;size:0.5}];shield:heater},https://watabou.github.io/city-generator/?name=Snubalen&population=1713&size=16&seed=2563131000089&river=1&coast=0&farms=1&citadel=0&urban_castle=0&hub=1&plaza=0&greens=0&temple=0&walls=1&shantytown=0&style=natural
90,Modfordbury,Redchamia,Redchamia Parish,Orporpor,Orporpor Theocracy,Angshire,Bramburghism,town,2273,1088.09,411.2,25.44,23.25,169,14°C,Washington (D.C.),,,,walls,,,,{t1:vert;division:{division:perCross;t:argent;line:straight};charges:[{charge:bridge;t:or;p:e;divided:counter;size:1.5}];shield:wedged},https://watabou.github.io/city-generator/?name=Modfordbury&population=2273&size=18&seed=2563131000090&river=0&coast=0&farms=1&citadel=0&urban_castle=0&hub=0&plaza=0&greens=0&temple=0&walls=1&shantytown=0&style=natural
91,Umankay,Ayurt,Ayurt County,Boy,Boyan Khaganate,Turchian,Kocapism,village,610,687.84,350.34,28.35,4.11,25,14°C,Washington (D.C.),,,,,,,,{t1:or;division:{division:chevronny;t:gules};charges:[{charge:crossSaltire;t:vert;p:beh;divided:counter;size:0.5}];shield:round},https://watabou.github.io/village-generator/?pop=610&name=Umankay&seed=2563131000091&width=1000&height=488&style=default&tags=estuary%2Cdead+end%2Cno+square%2Cdense
92,Pickerby,Bokehamia,Bokehamia Barony,Sagelia,Grand Duchy of Sagelia,Angshire,Bramburghism,city,906,1046.57,349.11,28.41,21.27,16,13°C,Milan (Italy),,,,walls,,,,{t1:sable;charges:[{charge:crossMaltese;t:argent;p:jln;size:0.7}];shield:wedged},https://watabou.github.io/city-generator/?name=Pickerby&population=906&size=13&seed=2563131000092&river=0&coast=0&farms=1&citadel=0&urban_castle=0&hub=0&plaza=0&greens=0&temple=0&walls=1&shantytown=0&style=natural
93,Homblanarre,Barmia,Barmia Parish,Yerinte,Imamah of Yerinte,Astellian,Yerinish Creed,city,6345,435.26,611.05,15.89,-7.98,256,19°C,Marrakesh (Morocco),,port,,walls,,,,{t1:vert;charges:[{charge:scaleImbalanced;t:argent;p:e;t2:argent;size:1.5}];shield:spanish},https://watabou.github.io/city-generator/?name=Homblanarre&population=6345&size=26&seed=2563131000093&river=0&coast=1&farms=1&citadel=0&urban_castle=0&hub=0&plaza=0&greens=0&temple=0&walls=1&shantytown=0&style=natural&sea=1.65
94,Ynuzbey,Soniatania,Soniatania Land,Aciasecia,Principality of Aciasecia,Turchian,Kocapism,town,12820,284.96,510.73,20.68,-15.17,1369,9°C,Copenhagen (Denmark),,,,,,,,{t1:argent;ordinaries:[{ordinary:fess;t:azure;line:straight}];charges:[{charge:salmon;t:or;p:e;t2:vert;size:0.7}];shield:round},https://watabou.github.io/city-generator/?name=Ynuzbey&population=12820&size=34&seed=2563131000094&river=0&coast=0&farms=1&citadel=0&urban_castle=0&hub=0&plaza=0&greens=0&temple=0&walls=0&shantytown=0&style=natural
95,Alpse,Erselenyurt,Erselenyurt Territory,Yerinte,Imamah of Yerinte,Turchian,Yerinish Creed,village,3456,477.64,573.5,17.68,-5.95,25,20°C,Alexandria (Egypt),,,citadel,,,,,{t1:sable;ordinaries:[{ordinary:saltire;t:argent;line:engrailed}];charges:[{charge:trefle;t:sable;p:e;size:0.7}];shield:round},https://watabou.github.io/village-generator/?pop=3456&name=Alpse&seed=2563131000095&width=1600&height=780&style=default&tags=isolated%2Cno+square%2Cdense
96,Dunsham,Bucheap,Bucheap Parish,Orporpor,Orporpor Theocracy,Angshire,Bramburghism,village,3278,984.15,369,27.46,18.28,324,12°C,Paris (France),,,,,,,,{t1:gules;charges:[{charge:escallop;t:argent;p:e;size:1.5}];shield:wedged},https://watabou.github.io/village-generator/?pop=3278&name=Dunsham&seed=2563131000096&width=1600&height=780&style=default&tags=river%2Chighway%2Cno+square%2Cdense
97,Brocciania,Conterra,Conterra County,Aciasecia,Principality of Aciasecia,Tallian,Faith of Fateaux,town,3784,215.38,508.58,20.79,-18.5,729,13°C,Milan (Italy),,port,,,,,,{t1:argent;ordinaries:[{ordinary:bendletSinister;t:vert;line:rayonne}];charges:[{charge:caravel;t:azure;p:a;t2:azure;t3:azure;size:0.5}];shield:horsehead},https://watabou.github.io/city-generator/?name=Brocciania&population=3784&size=21&seed=2563131000097&river=1&coast=1&farms=1&citadel=0&urban_castle=0&hub=0&plaza=0&greens=0&temple=0&walls=0&shantytown=0&style=natural
98,Yvartesen,Yalbe,Yalbe Parish,Yerinte,Imamah of Yerinte,Turchian,Yerinish Creed,city,1504,442.65,539.29,19.32,-7.62,36,19°C,Marrakesh (Morocco),,port,citadel,walls,,,shanty town,{t1:argent;charges:[{charge:lymphad;t:vert;p:e;t2:sable;t3:purpure;size:1.5}];shield:round},https://watabou.github.io/city-generator/?name=Yvartesen&population=1504&size=15&seed=2563131000098&river=0&coast=1&farms=1&citadel=1&urban_castle=1&hub=0&plaza=0&greens=0&temple=0&walls=1&shantytown=1&style=natural&sea=0.94
99,Carham,Crafland,Crafland Parish,Orporpor,Orporpor Theocracy,Angshire,Bramburghism,village,2137,1178.2,349.94,28.37,27.57,16,14°C,Washington (D.C.),,,,,,,,{t1:purpure;charges:[{charge:key;t:or;p:e;size:1.5}];shield:wedged},https://watabou.github.io/village-generator/?pop=2137&name=Carham&seed=2563131000099&width=1600&height=780&style=default&tags=isolated%2Cno+square%2Cdense
100,Dokuzbey,Tusachinia,Tusachinia Seneschalty,Tutachinia,Duchy of Tutachinia,Turchian,Kocapism,town,861,413.96,366.98,27.56,-9,49,14°C,Washington (D.C.),,,,,,,,{t1:argent;ordinaries:[{ordinary:piles;t:vert}];charges:[{charge:bell;t:gules;p:e;t2:gules;size:1.5}];shield:round},https://watabou.github.io/city-generator/?name=Dokuzbey&population=861&size=12&seed=2563131000100&river=1&coast=0&farms=1&citadel=0&urban_castle=0&hub=0&plaza=0&greens=0&temple=0&walls=0&shantytown=0&style=natural
101,Sarpraklu,Yalbe,Yalbe Parish,Yerinte,Imamah of Yerinte,Turchian,Yerinish Creed,town,1476,440.74,524.08,20.04,-7.71,100,18°C,Barcelona (Spain),,,,walls,,,,{t1:or;division:{division:perChevron;t:azure;line:straight};charges:[{charge:tower;t:gules;p:jlh;t2:gules;divided:counter;size:0.7}];shield:round},https://watabou.github.io/city-generator/?name=Sarpraklu&population=1476&size=15&seed=2563131000101&river=0&coast=0&farms=1&citadel=0&urban_castle=0&hub=0&plaza=0&greens=0&temple=0&walls=1&shantytown=0&style=natural
102,Theorgelerar,Bhrunos,Bhrunos Region,Aberleith,Thearchy of Aberleith,Keltan,Treaberlese Pantheon,town,1101,719.35,553.23,18.65,5.61,16,19°C,Marrakesh (Morocco),,port,,,,,,{t1:sable;charges:[{charge:crossBurgundy;t:argent;p:e;size:1.5}];shield:oval},https://watabou.github.io/city-generator/?name=Theorgelerar&population=1101&size=14&seed=2563131000102&river=0&coast=1&farms=1&citadel=0&urban_castle=0&hub=0&plaza=0&greens=0&temple=0&walls=0&shantytown=0&style=natural&sea=0.93
103,Beyruk,Sarp Oksun,Sarp Oksun County,Sazkyurt,Beylik of Sazkyurt,Turchian,Kocapism,town,3159,330.73,605.33,16.16,-12.98,9,21°C,Tegucigalpa (Honduras),,port,,,,,,{t1:sable;division:{division:perSaltire;t:purpure};charges:[{charge:lymphad;t:argent;p:bhdf;t2:argent;t3:argent;divided:counter;size:0.5}];shield:round},https://watabou.github.io/city-generator/?name=Beyruk&population=3159&size=20&seed=2563131000103&river=0&coast=1&farms=1&citadel=0&urban_castle=0&hub=0&plaza=0&greens=0&temple=0&walls=0&shantytown=0&style=natural&sea=0.85
104,Yeri,Yeri,Yeri Territory,Alprakeli,Alprakelian Horde,Turchian,Kocapism,town,1891,330.41,543.09,19.14,-12.99,4,19°C,Marrakesh (Morocco),,,,,,,,{t1:argent;division:{division:perChevron;t:masoned-or-sable;line:straight};charges:[{charge:salmon;t:azure;p:dfbh;t2:azure;divided:counter;size:0.5}];shield:round},https://watabou.github.io/city-generator/?name=Yeri&population=1891&size=17&seed=2563131000104&river=1&coast=0&farms=1&citadel=0&urban_castle=0&hub=0&plaza=0&greens=0&temple=0&walls=0&shantytown=0&style=natural
105,Valdeset,Myrinogia,Myrinogia Parish,Puines,Puinian Theocracy,Norse,Stamsan Pantheon,town,3283,153.47,180.1,36.49,-21.46,36,8°C,Prague (Czechia),,,,,,,,{t1:gules;division:{division:perPale;t:or;line:archedReversed};charges:[{charge:dragonPassant;t:argent;p:p;t2:argent;t3:argent;size:0.7};{charge:castle;t:purpure;p:q;size:0.7}];shield:heater},https://watabou.github.io/city-generator/?name=Valdeset&population=3283&size=20&seed=2563131000105&river=0&coast=0&farms=1&citadel=0&urban_castle=0&hub=0&plaza=0&greens=0&temple=0&walls=0&shantytown=0&style=natural
106,Sazkaynak,Bintelyurt,Bintelyurt Parish,Turanmaa,Turanmaan Theocracy,Turchian,Turanv Religion,town,811,416.37,266.47,32.36,-8.88,16,11°C,Antwerp (Belgium),,port,,,,,,{t1:or;division:{division:perPale;t:purpure;line:straight};charges:[{charge:heart;t:azure;p:jl;divided:counter;size:0.7}];shield:round},https://watabou.github.io/city-generator/?name=Sazkaynak&population=811&size=12&seed=2563131000106&river=0&coast=1&farms=1&citadel=0&urban_castle=0&hub=0&plaza=0&greens=0&temple=0&walls=0&shantytown=0&style=natural&sea=0.18
107,Boyrakar,Kut,Kut County,Abergia,Kingdom of Abergia,Turchian,Bramburghism,town,1461,893.51,432.21,24.44,13.95,4,16°C,Dubrovnik (Croatia),,port,citadel,,,,,{t1:purpure;charges:[{charge:bell;t:argent;p:e;t2:or;size:1.5}];shield:round},https://watabou.github.io/city-generator/?name=Boyrakar&population=1461&size=15&seed=2563131000107&river=0&coast=1&farms=1&citadel=1&urban_castle=0&hub=0&plaza=0&greens=0&temple=0&walls=0&shantytown=0&style=natural&sea=1.06
108,Boyli,New Secilbenzon,New Secilbenzon Colony,Alprakeli,Alprakelian Horde,Turchian,Kocapism,city,3794,377.56,513.45,20.55,-10.74,324,16°C,Dubrovnik (Croatia),,,citadel,,,,,{t1:argent;charges:[{charge:lionPassantGuardant;t:sable;p:e;t2:sable;t3:vert;size:1.5}];shield:round},https://watabou.github.io/city-generator/?name=Boyli&population=3794&size=21&seed=2563131000108&river=0&coast=0&farms=1&citadel=1&urban_castle=1&hub=0&plaza=0&greens=0&temple=0&walls=0&shantytown=0&style=natural
109,Abergwicodu,Bouaigaiglos,Bouaigaiglos Parish,Aberleith,Thearchy of Aberleith,Keltan,Treaberlese Pantheon,town,814,814.55,519.64,20.26,10.17,4,18°C,Barcelona (Spain),,port,,,,,,{t1:sable;charges:[{charge:eagle;t:argent;p:e;t2:argent;t3:argent;size:1.5}];shield:oval},https://watabou.github.io/city-generator/?name=Abergwicodu&population=814&size=12&seed=2563131000109&river=1&coast=1&farms=1&citadel=0&urban_castle=0&hub=1&plaza=0&greens=0&temple=0&walls=0&shantytown=0&style=natural&sea=1.79
110,Dines,Sannessas,Sannessas Parish,Puines,Puinian Theocracy,Luari,Luari Doctrine,village,810,71.23,364.77,27.66,-25.39,9,14°C,Washington (D.C.),,,,,,,,{t1:azure;ordinaries:[{ordinary:pale;t:argent;line:enclavy}];charges:[{charge:scrollClosed;t:argent;p:y;t2:argent;size:0.5}];shield:french},https://watabou.github.io/village-generator/?pop=810&name=Dines&seed=2563131000110&width=1000&height=488&style=default&tags=dead+end%2Cno+square%2Cdense
111,Charvillenest,Charvillenest,Charvillenest Clan,Puines,Puinian Theocracy,Luari,Luari Doctrine,town,5242,157.64,347.52,28.49,-21.26,49,13°C,Milan (Italy),,,,,,,,{t1:azure;charges:[{charge:laurelWreath;t:argent;p:e;t2:argent;size:1.5}];shield:french},https://watabou.github.io/city-generator/?name=Charvillenest&population=5242&size=24&seed=2563131000111&river=1&coast=0&farms=1&citadel=0&urban_castle=0&hub=0&plaza=0&greens=0&temple=0&walls=0&shantytown=0&style=natural
112,Covilseates,Altnesterby,Altnesterby Territory,Orporpor,Orporpor Theocracy,Angshire,Bramburghism,town,1084,1199.42,392.04,26.36,28.58,16,15°C,Rome (Italy),,port,,,,,,{t1:sable;charges:[{charge:camel;t:argent;p:e;t2:argent;size:1.5}];shield:wedged},https://watabou.github.io/city-generator/?name=Covilseates&population=1084&size=13&seed=2563131000112&river=0&coast=1&farms=1&citadel=0&urban_castle=0&hub=0&plaza=0&greens=0&temple=0&walls=0&shantytown=0&style=natural&sea=0.07
113,Kepeniz,North,North Earldom,Stansburia,Stansburian Empire,Turchian,Bramburghism,town,7091,834.38,324.45,29.59,11.12,16,13°C,Milan (Italy),,,citadel,walls,,,,{t1:or;charges:[{charge:horseshoe;t:azure;p:jln;size:0.7}];shield:round},https://watabou.github.io/city-generator/?name=Kepeniz&population=7091&size=27&seed=2563131000113&river=0&coast=0&farms=1&citadel=1&urban_castle=0&hub=0&plaza=0&greens=0&temple=0&walls=1&shantytown=0&style=natural
114,Salanoguz,Erbey,Erbey Barony,Boy,Boyan Khaganate,Turchian,Kocapism,town,1148,493.63,349.49,28.39,-5.18,16,14°C,Washington (D.C.),,port,,,,,,{t1:gules;charges:[{charge:crossCeltic2;t:argent;p:e;size:1.5}];shield:round},https://watabou.github.io/city-generator/?name=Salanoguz&population=1148&size=14&seed=2563131000114&river=1&coast=1&farms=1&citadel=0&urban_castle=0&hub=0&plaza=0&greens=0&temple=0&walls=0&shantytown=0&style=natural&sea=0.11
115,Raithe,Araberfania,Araberfania Parish,Aberleith,Thearchy of Aberleith,Keltan,Treaberlese Pantheon,town,2966,837.18,507.51,20.84,11.25,9,18°C,Barcelona (Spain),,port,,,,,,{t1:gules;division:{division:perCross;t:argent;line:straight};ordinaries:[{ordinary:cross;t:or;line:embattledGhibellin;divided:counter}];shield:oval},https://watabou.github.io/city-generator/?name=Raithe&population=2966&size=20&seed=2563131000115&river=1&coast=1&farms=1&citadel=0&urban_castle=0&hub=1&plaza=0&greens=0&temple=0&walls=0&shantytown=0&style=natural&sea=1.26
116,Ylala,New Turanmaa,New Turanmaa Colony,Turanmaa,Turanmaan Theocracy,Soumi,Kocapism,town,967,400.34,171.98,36.88,-9.65,169,7°C,Montreal (Canada),,,,,plaza,,,{t1:argent;charges:[{charge:crossLatin;t:gules;p:e;size:1.5}];shield:pavise},https://watabou.github.io/city-generator/?name=Ylala&population=967&size=13&seed=2563131000116&river=0&coast=0&farms=1&citadel=0&urban_castle=0&hub=0&plaza=1&greens=1&temple=0&walls=0&shantytown=0&style=natural
117,Ikabygd,Myrinogia,Myrinogia Parish,Puines,Puinian Theocracy,Norse,Stamsan Pantheon,city,1208,174.74,164.12,37.25,-20.44,4,8°C,Prague (Czechia),,port,citadel,walls,plaza,temple,shanty town,{t1:semy_of_heart-vert-or;ordinaries:[{ordinary:bordure;t:argent}];charges:[{charge:mascle;t:gules;p:ABCDEFGHIJKL;t2:gules;t3:argent;size:0.18};{charge:crocodile;t:argent;p:e;size:1.1}];shield:heater},https://watabou.github.io/city-generator/?name=Ikabygd&population=1208&size=14&seed=2563131000117&river=0&coast=1&farms=1&citadel=1&urban_castle=0&hub=0&plaza=1&greens=1&temple=1&walls=1&shantytown=1&style=natural&sea=0.1
118,Birham,Waresto,Waresto County,Stansburia,Stansburian Empire,Angshire,Bramburghism,town,5958,981.76,254.16,32.95,18.17,36,11°C,Antwerp (Belgium),,,,,,,,{t1:argent;division:{division:perFess;t:azure;line:straight};charges:[{charge:mascle;t:sable;p:e;divided:counter;size:1.5}];shield:wedged},https://watabou.github.io/city-generator/?name=Birham&population=5958&size=25&seed=2563131000118&river=0&coast=0&farms=1&citadel=0&urban_castle=0&hub=0&plaza=0&greens=0&temple=0&walls=0&shantytown=0&style=natural
119,Inverleigh,Enevyurt,Enevyurt Parish,Yerinte,Imamah of Yerinte,Keltan,Kocapism,town,3837,636.63,524,20.05,1.66,64,19°C,Marrakesh (Morocco),,port,,,,,,{t1:or;charges:[{charge:lymphad;t:gules;p:e;t2:azure;t3:purpure;size:1.5}];shield:oval},https://watabou.github.io/city-generator/?name=Inverleigh&population=3837&size=22&seed=2563131000119&river=0&coast=1&farms=0&citadel=0&urban_castle=0&hub=0&plaza=0&greens=0&temple=0&walls=0&shantytown=0&style=natural&sea=1.66
120,Teimeltenswe,Lauch,Lauch Landgrave,Tutachinia,Duchy of Tutachinia,Shwazen,Shwazen Religion,city,906,390.04,400.71,25.94,-10.14,729,10°C,London (England),,port,,walls,,,,{t1:purpure;ordinaries:[{ordinary:fessDoubleCotissed;t:argent;line:straight}];charges:[{charge:badgerStatant;t:vert;p:def;t2:vert;size:0.4}];shield:swiss},https://watabou.github.io/city-generator/?name=Teimeltenswe&population=906&size=13&seed=2563131000120&river=0&coast=1&farms=0&citadel=0&urban_castle=0&hub=0&plaza=0&greens=0&temple=0&walls=1&shantytown=0&style=natural&sea=1.65
121,Mindano,Castinia,Castinia Territory,Sazkyurt,Beylik of Sazkyurt,Tallian,Faith of Fateaux,town,2653,183.41,575.29,17.6,-20.03,36,20°C,Alexandria (Egypt),,port,,,,,,{t1:ermine-argent-gules;division:{division:perPale;t:sable;line:straight};ordinaries:[{ordinary:pale;t:purpure;line:straight}];shield:horsehead},https://watabou.github.io/city-generator/?name=Mindano&population=2653&size=19&seed=2563131000121&river=1&coast=1&farms=1&citadel=0&urban_castle=0&hub=0&plaza=0&greens=0&temple=0&walls=0&shantytown=0&style=natural&sea=1.86
122,Burham,Dury,Dury Earldom,Sagelia,Grand Duchy of Sagelia,Angshire,Bramburghism,town,4828,1042.94,305.23,30.51,21.09,144,11°C,Antwerp (Belgium),,,,,,,,{t1:gules;ordinaries:[{ordinary:canton;t:argent}];charges:[{charge:eagle;t:purpure;p:y;t2:argent;t3:purpure;size:0.5}];shield:wedged},https://watabou.github.io/city-generator/?name=Burham&population=4828&size=23&seed=2563131000122&river=0&coast=0&farms=1&citadel=0&urban_castle=0&hub=0&plaza=0&greens=0&temple=0&walls=0&shantytown=0&style=natural
123,Thetfordge,North,North Earldom,Stansburia,Stansburian Empire,Angshire,Kocapism,village,5631,818.82,266.59,32.35,10.37,16,11°C,Antwerp (Belgium),,,,,,,,{t1:gules;ordinaries:[{ordinary:bendlet;t:argent;line:wavy}];charges:[{charge:mulletPierced;t:gules;p:joe;size:0.3}];shield:wedged},https://watabou.github.io/village-generator/?pop=5631&name=Thetfordge&seed=2563131000123&width=1600&height=780&style=default&tags=river%2Cisolated%2Cno+square%2Cdense
124,Iubhlaberce,Cambhijo,Cambhijo County,Abergia,Kingdom of Abergia,Keltan,Bramburghism,town,2373,862.8,494.89,21.44,12.48,81,17°C,Lisbon (Portugal),,,,,,,,{t1:gules;ordinaries:[{ordinary:bordure;t:or}];charges:[{charge:heron;t:sable;p:ABCDEFGHIJKL;t2:argent;size:0.18}];shield:oval},https://watabou.github.io/city-generator/?name=Iubhlaberce&population=2373&size=18&seed=2563131000124&river=0&coast=0&farms=1&citadel=0&urban_castle=0&hub=0&plaza=0&greens=0&temple=0&walls=0&shantytown=0&style=natural
125,Schom,Enheim,Enheim Clan,Malscken,Grand Duchy of Malscken,Shwazen,Shwazen Religion,village,886,424.28,405.04,25.74,-8.5,4,15°C,Rome (Italy),,,,,,,,{t1:sable;charges:[{charge:wolfPassant;t:or;p:e;t2:or;t3:argent;size:1.5}];shield:swiss},https://watabou.github.io/village-generator/?pop=886&name=Schom&seed=2563131000125&width=1000&height=488&style=default&tags=dead+end%2Cno+square%2Cdense
126,Uzunkayruk,Erlyurt,Erlyurt Barony,Boy,Boyan Khaganate,Turchian,Kocapism,town,7498,659.74,337.89,28.95,2.76,625,9°C,Copenhagen (Denmark),,,,,,,,{t1:argent;charges:[{charge:lionHeadCaboshed;t:azure;p:kn;t2:azure;size:0.7}];shield:round},https://watabou.github.io/city-generator/?name=Uzunkayruk&population=7498&size=28&seed=2563131000126&river=1&coast=0&farms=1&citadel=0&urban_castle=0&hub=0&plaza=0&greens=0&temple=0&walls=0&shantytown=0&style=natural
127,Icearneta,Amphia,Amphia Shire,Peina,Principality of Peina,Elladan,Tamanian Heresy,town,10626,1052.74,598.86,16.47,21.56,4,21°C,Tegucigalpa (Honduras),,port,,walls,,,,{t1:argent;ordinaries:[{ordinary:point;t:purpure}];charges:[{charge:fountain;t:azure;p:bdf;size:0.5}];shield:boeotian},https://watabou.github.io/city-generator/?name=Icearneta&population=10626&size=32&seed=2563131000127&river=1&coast=1&farms=1&citadel=0&urban_castle=0&hub=1&plaza=0&greens=0&temple=0&walls=1&shantytown=0&style=natural&sea=1.22
128,Karkvera,New Sasjarvia,New Sasjarvia Colony,Turanmaa,Turanmaan Theocracy,Soumi,Kocapism,town,5678,351.03,214.78,34.83,-12.01,49,9°C,Copenhagen (Denmark),,port,,,,,,{t1:or;charges:[{charge:rapier;t:gules;p:jln;t2:azure;size:0.7}];shield:pavise},https://watabou.github.io/city-generator/?name=Karkvera&population=5678&size=25&seed=2563131000128&river=1&coast=1&farms=1&citadel=0&urban_castle=0&hub=0&plaza=0&greens=0&temple=0&walls=0&shantytown=0&style=natural&sea=1.24
129,Foroughwark,Dury,Dury Earldom,Sagelia,Grand Duchy of Sagelia,Angshire,Bramburghism,town,21367,1053.42,304.21,30.56,21.6,9,12°C,Paris (France),,port,,walls,,,,{t1:gules;charges:[{charge:ramPassant;t:or;p:abc;t2:or;t3:or;size:0.5}];shield:wedged},https://watabou.github.io/city-generator/?name=Foroughwark&population=21367&size=41&seed=2563131000129&river=0&coast=1&farms=1&citadel=0&urban_castle=0&hub=0&plaza=0&greens=0&temple=0&walls=1&shantytown=0&style=natural&sea=0.43
130,Teton,Winetonbia,Winetonbia Land,Orporpor,Orporpor Theocracy,Angshire,Tamanian Heresy,town,1936,1073.81,484.46,21.94,22.57,729,13°C,Milan (Italy),,,,,,,,{t1:or;division:{division:perFess;t:sable;line:straight};charges:[{charge:key;t:gules;p:e;divided:field;size:1.5};{charge:key;t:argent;p:e;divided:division;size:1.5}];shield:wedged},https://watabou.github.io/city-generator/?name=Teton&population=1936&size=17&seed=2563131000130&river=0&coast=0&farms=1&citadel=0&urban_castle=0&hub=0&plaza=0&greens=0&temple=0&walls=0&shantytown=0&style=natural
131,Calton,North,North Earldom,Stansburia,Stansburian Empire,Angshire,Bramburghism,village,792,834.42,317.97,29.9,11.12,9,13°C,Milan (Italy),,,,,,,,{t1:or;ordinaries:[{ordinary:pale;t:azure;line:straight}];charges:[{charge:mascle;t:or;p:kn;size:0.7}];shield:wedged},https://watabou.github.io/village-generator/?pop=792&name=Calton&seed=2563131000131&width=1000&height=488&style=default&tags=highway%2Cno+square%2Cdense
132,Adasiler,New Ayayruzun,New Ayayruzun Colony,Yerinte,Imamah of Yerinte,Turchian,Kocapism,city,6262,607.24,556.58,18.49,0.25,9,20°C,Alexandria (Egypt),,,,walls,,,,{t1:azure;division:{division:perCross;t:argent;line:straight};charges:[{charge:axe;t:or;p:jo;t2:or;divided:counter;size:0.7}];shield:round},https://watabou.github.io/city-generator/?name=Adasiler&population=6262&size=26&seed=2563131000132&river=0&coast=0&farms=1&citadel=0&urban_castle=0&hub=0&plaza=0&greens=0&temple=0&walls=1&shantytown=0&style=natural
133,Algepepeli,Yalbe,Yalbe Parish,Yerinte,Imamah of Yerinte,Turchian,Yerinish Creed,village,840,437.39,523.18,20.09,-7.88,100,18°C,Barcelona (Spain),,,,,,,,{t1:sable;ordinaries:[{ordinary:bordure;t:or}];charges:[{charge:lozenge;t:vert;p:ABCDEFGHIJKL;t2:vert;size:0.18};{charge:inescutcheon;t:or;p:e;size:1.1}];shield:round},https://watabou.github.io/village-generator/?pop=840&name=Algepepeli&seed=2563131000133&width=1000&height=488&style=default&tags=dead+end%2Cno+square%2Cdense
134,Sarp Oksun,Sarp Oksun,Sarp Oksun County,Sazkyurt,Beylik of Sazkyurt,Turchian,Kocapism,town,2607,349.11,592.54,16.77,-12.1,4,21°C,Tegucigalpa (Honduras),,port,,,,,,{t1:palyBendy-argent-gules;ordinaries:[{ordinary:chevron;t:azure}];shield:round},https://watabou.github.io/city-generator/?name=Sarp+Oksun&population=2607&size=19&seed=2563131000134&river=0&coast=1&farms=1&citadel=0&urban_castle=0&hub=0&plaza=0&greens=0&temple=0&walls=0&shantytown=0&style=natural&sea=1.96
135,Dutulia,Rorumia,Rorumia County,Aciasecia,Principality of Aciasecia,Romian,Faith of Fateaux,town,7152,92.42,577.77,17.48,-24.38,49,20°C,Alexandria (Egypt),,,citadel,,,,,{t1:purpure;ordinaries:[{ordinary:chief;t:argent;line:seaWaves}];charges:[{charge:annulet;t:gules;p:abc;size:0.5}];shield:roman},https://watabou.github.io/city-generator/?name=Dutulia&population=7152&size=27&seed=2563131000135&river=0&coast=0&farms=1&citadel=1&urban_castle=0&hub=0&plaza=0&greens=0&temple=0&walls=0&shantytown=0&style=natural
136,Urra,Urra,Urra Colony,Abergia,Kingdom of Abergia,Euskati,Euskati Ancestors,town,1016,921.52,737.31,9.85,15.29,36,22°C,Guangzhou (China),,port,,,plaza,,,{t1:argent;division:{division:perChevron;t:gules;line:straight};ordinaries:[{ordinary:fess;t:azure;line:straight;divided:counter}];shield:oldFrench},https://watabou.github.io/city-generator/?name=Urra&population=1016&size=13&seed=2563131000136&river=0&coast=1&farms=1&citadel=0&urban_castle=0&hub=0&plaza=1&greens=1&temple=0&walls=0&shantytown=0&style=natural&sea=1.53
137,Cergonorino,Giupolia,Giupolia Territory,Chuelia,Diocese of Chuelia,Tallian,Faith of Fateaux,village,490,147.42,516.7,20.4,-21.75,196,17°C,Lisbon (Portugal),,,,,,,,{t1:counterVair-argent-purpure;charges:[{charge:buckle;t:sable;p:e;size:1.5}];shield:horsehead},https://watabou.github.io/village-generator/?pop=490&name=Cergonorino&seed=2563131000137&width=800&height=390&style=default&tags=dead+end%2Cuncultivated%2Cno+square%2Cdense
138,Temblerajof,Barmia,Barmia Parish,Yerinte,Imamah of Yerinte,Astellian,Yerinish Creed,village,4829,449.46,609.24,15.97,-7.3,576,17°C,Lisbon (Portugal),,,,,,,,{t1:azure;division:{division:perPile;t:argent;line:engrailed};charges:[{charge:stagLodgedRegardant;t:or;p:abceh;t2:or;t3:or;size:0.4}];shield:spanish},https://watabou.github.io/village-generator/?pop=4829&name=Temblerajof&seed=2563131000138&width=1600&height=780&style=default&tags=dead+end%2Cno+square%2Cdense
139,Aulles,Marquilles,Marquilles Parish,Puines,Puinian Theocracy,Luari,Luari Doctrine,town,5756,105.65,400.22,25.97,-23.75,4,15°C,Rome (Italy),,,,walls,,,,{t1:azure;charges:[{charge:lionRampant;t:argent;p:e;t2:argent;t3:argent;size:1.5}];shield:french},https://watabou.github.io/city-generator/?name=Aulles&population=5756&size=25&seed=2563131000139&river=0&coast=0&farms=1&citadel=0&urban_castle=0&hub=0&plaza=0&greens=0&temple=0&walls=1&shantytown=0&style=natural
140,Toprak,Soniatania,Soniatania Land,Aciasecia,Principality of Aciasecia,Turchian,Kocapism,town,1962,277.3,507.5,20.84,-15.53,49,18°C,Barcelona (Spain),,,,,,,,{t1:argent;ordinaries:[{ordinary:bordure;t:gules}];charges:[{charge:lozengeFaceted;t:argent;p:ABCDEFGHIJKL;size:0.18};{charge:crossAvellane;t:vert;p:e;size:1.1}];shield:round},https://watabou.github.io/city-generator/?name=Toprak&population=1962&size=17&seed=2563131000140&river=0&coast=0&farms=1&citadel=0&urban_castle=0&hub=0&plaza=0&greens=0&temple=0&walls=0&shantytown=0&style=natural
141,Casco,Kaltaylyurt,Kaltaylyurt Area,Sazkyurt,Beylik of Sazkyurt,Tallian,Kocapism,town,10155,288.22,563.48,18.16,-15.01,1024,13°C,Milan (Italy),,,,,,,,{t1:azure;charges:[{charge:crossFormee;t:argent;p:e;size:1.5}];shield:horsehead},https://watabou.github.io/city-generator/?name=Casco&population=10155&size=31&seed=2563131000141&river=0&coast=0&farms=1&citadel=0&urban_castle=0&hub=0&plaza=0&greens=0&temple=0&walls=0&shantytown=0&style=natural
142,Vetri,Casca,Casca County,Aciasecia,Principality of Aciasecia,Tallian,Faith of Fateaux,town,710,107.3,526.54,19.93,-23.67,16,19°C,Marrakesh (Morocco),,,,,,,,{t1:or;charges:[{charge:anchor;t:purpure;p:e;size:1.5}];shield:horsehead},https://watabou.github.io/city-generator/?name=Vetri&population=710&size=11&seed=2563131000142&river=0&coast=0&farms=1&citadel=0&urban_castle=0&hub=0&plaza=0&greens=0&temple=0&walls=0&shantytown=0&style=natural
143,Sernu,Buykuteli,Buykuteli County,Alprakeli,Alprakelian Horde,Turchian,Kocapism,city,8679,383.01,586.29,17.07,-10.48,16,20°C,Alexandria (Egypt),,port,citadel,walls,plaza,temple,shanty town,{t1:or;division:{division:perFess;t:purpure;line:straight};charges:[{charge:mascle;t:sable;p:giz;divided:field;size:0.4};{charge:oak;t:argent;p:e;divided:division;size:1.5}];shield:round},https://watabou.github.io/city-generator/?name=Sernu&population=8679&size=29&seed=2563131000143&river=0&coast=1&farms=1&citadel=1&urban_castle=0&hub=0&plaza=1&greens=1&temple=1&walls=1&shantytown=1&style=natural&sea=1.24
144,Capra,Capra,Capra County,Aciasecia,Principality of Aciasecia,Tallian,Faith of Fateaux,town,863,150.78,566.4,18.02,-21.59,400,17°C,Lisbon (Portugal),,,,,,,,{t1:vert;charges:[{charge:key;t:or;p:jln;size:0.7}];shield:horsehead},https://watabou.github.io/city-generator/?name=Capra&population=863&size=12&seed=2563131000144&river=0&coast=0&farms=1&citadel=0&urban_castle=0&hub=0&plaza=0&greens=0&temple=0&walls=0&shantytown=0&style=natural
145,Rurusanide,Jung,Jung Region,Boy,Boyan Khaganate,Soumi,Kocapism,village,660,535.62,152.44,37.81,-3.18,4,8°C,Prague (Czechia),,port,,,,,,{t1:argent;ordinaries:[{ordinary:bendSinister;t:sable;line:potentySinister}];charges:[{charge:drakkar;t:or;p:e;t2:or;t3:or;size:0.7}];shield:pavise},https://watabou.github.io/village-generator/?pop=660&name=Rurusanide&seed=2563131000145&width=1000&height=488&style=default&tags=coast%2Chighway%2Cno+square%2Cdense
146,Capranelferi,Conterra,Conterra County,Aciasecia,Principality of Aciasecia,Tallian,Faith of Fateaux,town,3511,193.82,498.93,21.25,-19.53,576,14°C,Washington (D.C.),,,,,,,,{t1:gules;charges:[{charge:helmetGreat;t:argent;p:e;size:1.5}];shield:horsehead},https://watabou.github.io/city-generator/?name=Capranelferi&population=3511&size=21&seed=2563131000146&river=0&coast=0&farms=0&citadel=0&urban_castle=0&hub=0&plaza=0&greens=0&temple=0&walls=0&shantytown=0&style=natural
147,Alokovaya,Yeneri,Yeneri Seneschalty,Boy,Boyan Khaganate,Turchian,Kocapism,town,1516,583.5,266.1,32.38,-0.89,289,9°C,Copenhagen (Denmark),,port,,,,,,{t1:counterVair-purpure-argent;division:{division:perBend;t:grillage-gules-or-smaller;line:straight};charges:[{charge:roundel2;t:vert;p:l;size:0.7};{charge:crossedBones;t:sable;p:m;size:0.7}];shield:round},https://watabou.github.io/city-generator/?name=Alokovaya&population=1516&size=15&seed=2563131000147&river=1&coast=1&farms=1&citadel=0&urban_castle=0&hub=0&plaza=0&greens=0&temple=0&walls=0&shantytown=0&style=natural
148,Alprak,Alprak,Alprak Area,Yerinte,Imamah of Yerinte,Turchian,Yerinish Creed,town,925,522.88,465.98,22.82,-3.79,4,17°C,Lisbon (Portugal),,,,,,,,{t1:sable;charges:[{charge:grenade;t:or;p:jln;t2:or;size:0.7}];shield:round},https://watabou.github.io/city-generator/?name=Alprak&population=925&size=13&seed=2563131000148&river=0&coast=0&farms=0&citadel=0&urban_castle=0&hub=0&plaza=0&greens=0&temple=0&walls=0&shantytown=0&style=natural
149,Aberkinverda,Areruria,Areruria County,Abergia,Kingdom of Abergia,Keltan,Bramburghism,town,3707,854.42,552.28,18.7,12.08,25,19°C,Marrakesh (Morocco),,,,,,,,{t1:argent;division:{division:perSaltire;t:gules};charges:[{charge:sun;t:azure;p:ABCDEFGHIJKL;size:0.18};{charge:roundel2;t:azure;p:e;size:1.5}];shield:oval},https://watabou.github.io/city-generator/?name=Aberkinverda&population=3707&size=21&seed=2563131000149&river=1&coast=0&farms=1&citadel=0&urban_castle=0&hub=0&plaza=0&greens=0&temple=0&walls=0&shantytown=0&style=natural
150,Baldu,Baldu,Baldu Region,Boy,Boyan Khaganate,Turchian,Kocapism,town,701,676.27,189.11,36.06,3.55,9,9°C,Copenhagen (Denmark),,port,,walls,,,,{t1:or;charges:[{charge:lymphad;t:purpure;p:e;t2:purpure;t3:purpure;size:1.5}];shield:round},https://watabou.github.io/city-generator/?name=Baldu&population=701&size=11&seed=2563131000150&river=0&coast=1&farms=1&citadel=0&urban_castle=0&hub=0&plaza=0&greens=0&temple=0&walls=1&shantytown=0&style=natural&sea=0.6
151,Godfordbute,Halnia,Halnia County,Stansburia,Stansburian Empire,Angshire,Bramburghism,town,4810,918.99,358.88,27.94,15.16,676,10°C,London (England),,,,walls,,,,{t1:argent;ordinaries:[{ordinary:piles;t:gules}];charges:[{charge:buckle;t:azure;p:abcpqh;size:0.5}];shield:wedged},https://watabou.github.io/city-generator/?name=Godfordbute&population=4810&size=23&seed=2563131000151&river=0&coast=0&farms=1&citadel=0&urban_castle=0&hub=0&plaza=0&greens=0&temple=0&walls=1&shantytown=0&style=natural
152,Guildmin,Cocheapton,Cocheapton Parish,Orporpor,Orporpor Theocracy,Angshire,Bramburghism,town,3328,1077.12,418.76,25.08,22.73,16,16°C,Dubrovnik (Croatia),,,,,,,,{t1:azure;charges:[{charge:helmet;t:argent;p:e;size:1.5}];shield:wedged},https://watabou.github.io/city-generator/?name=Guildmin&population=3328&size=20&seed=2563131000152&river=0&coast=0&farms=1&citadel=0&urban_castle=0&hub=0&plaza=0&greens=0&temple=0&walls=0&shantytown=0&style=natural
153,Tarroriniora,Giupolia,Giupolia Territory,Chuelia,Diocese of Chuelia,Tallian,Faith of Fateaux,village,2515,131.92,517.1,20.38,-22.49,49,18°C,Barcelona (Spain),,,,,,,,{t1:lozengy-or-purpure-small;charges:[{charge:dragonPassant;t:azure;p:e;t2:sable;t3:sable;size:1.5}];shield:horsehead},https://watabou.github.io/village-generator/?pop=2515&name=Tarroriniora&seed=2563131000153&width=1600&height=780&style=default&tags=dead+end%2Cno+square%2Cdense
154,Gyriantioch,Gyriantioch,Gyriantioch Earldom,Peina,Principality of Peina,Elladan,Tamanian Heresy,town,496,1076.55,607.69,16.05,22.7,9,21°C,Tegucigalpa (Honduras),,,,walls,plaza,,,{t1:azure;charges:[{charge:roundel;t:argent;p:jln;size:0.7}];shield:boeotian},https://watabou.github.io/city-generator/?name=Gyriantioch&population=496&size=10&seed=2563131000154&river=0&coast=0&farms=1&citadel=0&urban_castle=0&hub=0&plaza=1&greens=1&temple=0&walls=1&shantytown=0&style=natural
155,Abertleven,Abertleven,Abertleven Parish,Aberleith,Thearchy of Aberleith,Keltan,Treaberlese Pantheon,town,320,809.8,463.44,22.94,9.94,64,17°C,Lisbon (Portugal),,,,,,,,{t1:gules;ordinaries:[{ordinary:bendlet;t:or;line:enclavy}];charges:[{charge:billet;t:gules;p:joe;size:0.3}];shield:oval},https://watabou.github.io/city-generator/?name=Abertleven&population=320&size=9&seed=2563131000155&river=0&coast=0&farms=0&citadel=0&urban_castle=0&hub=0&plaza=0&greens=0&temple=0&walls=0&shantytown=0&style=natural
156,Cerskyfiga,Olicargan,Olicargan County,Abergia,Kingdom of Abergia,Keltan,Tamanian Heresy,town,459,945.93,574.7,17.62,16.45,441,17°C,Lisbon (Portugal),,,,,,,,{t1:chequy-argent-vert;division:{division:perPale;t:purpure;line:straight};shield:oval},https://watabou.github.io/city-generator/?name=Cerskyfiga&population=459&size=10&seed=2563131000156&river=0&coast=0&farms=0&citadel=0&urban_castle=0&hub=0&plaza=0&greens=0&temple=0&walls=0&shantytown=0&style=natural
157,Degorrio,Degorrio,Degorrio County,Abergia,Kingdom of Abergia,Euskati,Bramburghism,city,988,909.55,673.76,12.89,14.71,4,22°C,Guangzhou (China),,port,,,,temple,,{t1:or;charges:[{charge:bowWithThreeArrows;t:azure;p:e;t2:vert;t3:azure;size:1.5}];shield:oldFrench},https://watabou.github.io/city-generator/?name=Degorrio&population=988&size=13&seed=2563131000157&river=0&coast=1&farms=1&citadel=0&urban_castle=0&hub=0&plaza=0&greens=0&temple=1&walls=0&shantytown=0&style=natural&sea=0.6
158,Aber,Aberporth,Aberporth Parish,Aberleith,Thearchy of Aberleith,Keltan,Treaberlese Pantheon,town,5847,777.65,488.23,21.76,8.4,576,14°C,Washington (D.C.),,,,,,,,{t1:gules;ordinaries:[{ordinary:bendlet;t:or;line:straight}];charges:[{charge:plough;t:vert;p:joe;t2:vert;size:0.3}];shield:oval},https://watabou.github.io/city-generator/?name=Aber&population=5847&size=25&seed=2563131000158&river=0&coast=0&farms=1&citadel=0&urban_castle=0&hub=0&plaza=0&greens=0&temple=0&walls=0&shantytown=0&style=natural
159,Aynakse,Aynakse,Aynakse Colony,Stansburia,Stansburian Empire,Turchian,Bramburghism,village,3131,839.07,387.1,26.59,11.34,169,14°C,Washington (D.C.),,,,,,,,{t1:azure;ordinaries:[{ordinary:pileInBendSinister;t:or}];charges:[{charge:crossDouble;t:azure;p:e;size:0.5}];shield:round},https://watabou.github.io/village-generator/?pop=3131&name=Aynakse&seed=2563131000159&width=1600&height=780&style=default&tags=isolated%2Cuncultivated%2Cno+square%2Cdense
160,Psychmona,Totestable,Totestable Region,Peina,Principality of Peina,Elladan,Tamanian Heresy,town,851,1033.89,526.24,19.94,20.66,225,18°C,Barcelona (Spain),,,,,,,,{t1:vert;division:{division:perFess;t:argent;line:straight};charges:[{charge:boat;t:or;p:k;t2:or;size:0.7};{charge:lambPassantReguardant;t:gules;p:n;size:0.7}];shield:boeotian},https://watabou.github.io/city-generator/?name=Psychmona&population=851&size=12&seed=2563131000160&river=0&coast=0&farms=1&citadel=0&urban_castle=0&hub=0&plaza=0&greens=0&temple=0&walls=0&shantytown=0&style=natural
161,Collerano,Sezesezia,Sezesezia County,Aciasecia,Principality of Aciasecia,Tallian,Faith of Fateaux,town,11455,218.34,451.64,23.51,-18.35,484,13°C,Milan (Italy),,port,,,,,,{t1:argent;division:{division:perSaltire;t:gules};charges:[{charge:billet;t:purpure;p:bhdf;divided:counter;size:0.5}];shield:horsehead},https://watabou.github.io/city-generator/?name=Collerano&population=11455&size=33&seed=2563131000161&river=0&coast=1&farms=1&citadel=0&urban_castle=0&hub=0&plaza=0&greens=0&temple=0&walls=0&shantytown=0&style=natural&sea=1.13
162,Kilkham,Kilkham,Kilkham County,Stansburia,Stansburian Empire,Angshire,Bramburghism,city,3230,918.46,249.56,33.17,15.14,9,10°C,London (England),,port,,,,,,{t1:argent;ordinaries:[{ordinary:pallReversed;t:gules}];charges:[{charge:lymphad;t:argent;p:bemo;t2:azure;t3:argent;size:0.5}];shield:wedged},https://watabou.github.io/city-generator/?name=Kilkham&population=3230&size=20&seed=2563131000162&river=0&coast=1&farms=1&citadel=0&urban_castle=0&hub=0&plaza=0&greens=0&temple=0&walls=0&shantytown=0&style=natural&sea=1.63
163,Mantium,Marvionia,Marvionia Clan,Aciasecia,Principality of Aciasecia,Romian,Faith of Fateaux,town,3923,138.55,595.74,16.62,-22.17,16,21°C,Tegucigalpa (Honduras),,port,citadel,,plaza,,,{t1:gules;charges:[{charge:armillarySphere;t:argent;p:e;size:1.5}];shield:roman},https://watabou.github.io/city-generator/?name=Mantium&population=3923&size=22&seed=2563131000163&river=0&coast=1&farms=1&citadel=1&urban_castle=0&hub=0&plaza=1&greens=1&temple=0&walls=0&shantytown=0&style=natural&sea=0.47
164,Chiptonbu,Kirbuteria,Kirbuteria Earldom,Sagelia,Grand Duchy of Sagelia,Angshire,Bramburghism,village,5240,1042.84,282.42,31.6,21.09,49,11°C,Antwerp (Belgium),,,,,,,,{t1:or;ordinaries:[{ordinary:bend;t:purpure;line:straight}];charges:[{charge:shears;t:or;p:e;size:0.7}];shield:wedged},https://watabou.github.io/village-generator/?pop=5240&name=Chiptonbu&seed=2563131000164&width=1600&height=780&style=default&tags=dead+end%2Cno+square%2Cdense
165,Hiruedazuza,Moncocendi,Moncocendi Parish,Yerinte,Imamah of Yerinte,Astellian,Yerinish Creed,town,4858,448.92,574.76,17.62,-7.32,576,16°C,Dubrovnik (Croatia),,,,,,,,{t1:gules;charges:[{charge:apple;t:argent;p:e;t2:argent;size:1.5}];shield:spanish},https://watabou.github.io/city-generator/?name=Hiruedazuza&population=4858&size=24&seed=2563131000165&river=0&coast=0&farms=1&citadel=0&urban_castle=0&hub=0&plaza=0&greens=0&temple=0&walls=0&shantytown=0&style=natural
166,Erlertepe,Moncocendi,Moncocendi Parish,Yerinte,Imamah of Yerinte,Turchian,Yerinish Creed,village,951,475.73,592.12,16.79,-6.04,441,18°C,Barcelona (Spain),,,,,,,,{t1:sable;division:{division:perFess;t:argent;line:straight};ordinaries:[{ordinary:pale;t:or;line:flechy;divided:counter}];shield:round},https://watabou.github.io/village-generator/?pop=951&name=Erlertepe&seed=2563131000166&width=1000&height=488&style=default&tags=highway%2Cno+square%2Cdense
167,Esepedi,Kalteli,Kalteli Islands,Sazkyurt,Beylik of Sazkyurt,Turchian,Kocapism,village,6852,341.69,580.21,17.36,-12.45,16,20°C,Alexandria (Egypt),,port,,,,,,{t1:gules;division:{division:perCross;t:or;line:straight};shield:round},https://watabou.github.io/village-generator/?pop=6852&name=Esepedi&seed=2563131000167&width=1600&height=780&style=default&tags=coast%2Cdead+end%2Cfarmland%2Cno+square%2Cdense
168,Quvilly,Aunesardon,Aunesardon Parish,Puines,Puinian Theocracy,Luari,Luari Doctrine,village,1234,182.2,302.9,30.62,-20.08,121,11°C,Antwerp (Belgium),,,citadel,,,,,{t1:gules;charges:[{charge:tower;t:argent;p:def;t2:argent;size:0.5}];shield:french},https://watabou.github.io/village-generator/?pop=1234&name=Quvilly&seed=2563131000168&width=1400&height=683&style=default&tags=dead+end%2Cuncultivated%2Cno+square%2Cdense
169,Erkesenkor,Elieli,Elieli County,Boy,Boyan Khaganate,Turchian,Kocapism,town,776,553.4,287.77,31.34,-2.33,400,9°C,Copenhagen (Denmark),,,,,,,,{t1:or;charges:[{charge:angel;t:vert;p:e;t2:vert;size:1.5}];shield:round},https://watabou.github.io/city-generator/?name=Erkesenkor&population=776&size=12&seed=2563131000169&river=0&coast=0&farms=1&citadel=0&urban_castle=0&hub=0&plaza=0&greens=0&temple=0&walls=0&shantytown=0&style=natural
170,Solnes,Enesetia,Enesetia Territory,Lauda,Grand Duchy of Lauda,Norse,Stamsan Pantheon,town,5330,304.72,279.88,31.72,-14.22,49,11°C,Antwerp (Belgium),,port,,,,,,{t1:or;division:{division:perBend;t:azure;line:indented};charges:[{charge:fusil;t:gules;p:l;size:0.7};{charge:scissors2;t:argent;p:m;size:0.7}];shield:heater},https://watabou.github.io/city-generator/?name=Solnes&population=5330&size=24&seed=2563131000170&river=0&coast=1&farms=1&citadel=0&urban_castle=0&hub=0&plaza=0&greens=0&temple=0&walls=0&shantytown=0&style=natural
171,Suran,Tengryurt,Tengryurt County,Stansburia,Stansburian Empire,Turchian,Kocapism,city,1543,758.56,370.16,27.4,7.49,324,12°C,Paris (France),,port,citadel,,,,,{t1:vert;charges:[{charge:talbotSejant;t:or;p:e;t2:argent;t3:argent;size:1.5}];shield:round},https://watabou.github.io/city-generator/?name=Suran&population=1543&size=15&seed=2563131000171&river=0&coast=1&farms=1&citadel=1&urban_castle=0&hub=0&plaza=0&greens=0&temple=0&walls=0&shantytown=0&style=natural
172,Pegera,Pegera,Pegera Earldom,Peina,Principality of Peina,Elladan,Tamanian Heresy,city,1416,1025.33,565.15,18.08,20.25,49,20°C,Alexandria (Egypt),,port,citadel,walls,,,,{t1:argent;ordinaries:[{ordinary:bordure;t:azure}];shield:boeotian},https://watabou.github.io/city-generator/?name=Pegera&population=1416&size=15&seed=2563131000172&river=0&coast=1&farms=1&citadel=1&urban_castle=1&hub=0&plaza=0&greens=0&temple=0&walls=1&shantytown=0&style=natural&sea=0.4
173,Bhrunos,Bhrunos,Bhrunos Region,Aberleith,Thearchy of Aberleith,Keltan,Treaberlese Pantheon,village,5812,699.45,541.24,19.22,4.66,49,19°C,Marrakesh (Morocco),,,,,plaza,,,{t1:argent;charges:[{charge:anchor;t:azure;p:e;size:1.5}];shield:oval},https://watabou.github.io/village-generator/?pop=5812&name=Bhrunos&seed=2563131000173&width=1600&height=780&style=default&tags=dead+end%2Cdense
174,Weillen,Tufin,Tufin Parish,Fischrenia,Bishopric of Fischrenia,Shwazen,Shwazen Religion,town,918,299.57,366.68,27.57,-14.47,256,12°C,Paris (France),,,,walls,,,,{t1:gules;charges:[{charge:key;t:argent;p:e;size:1.5}];shield:swiss},https://watabou.github.io/city-generator/?name=Weillen&population=918&size=13&seed=2563131000174&river=0&coast=0&farms=0&citadel=0&urban_castle=0&hub=0&plaza=0&greens=0&temple=0&walls=1&shantytown=0&style=natural
175,Citrametoli,Conterra,Conterra County,Aciasecia,Principality of Aciasecia,Tallian,Faith of Fateaux,town,3875,202.25,505.96,20.91,-19.12,841,13°C,Milan (Italy),,,,walls,,,,{t1:purpure;charges:[{charge:saw;t:argent;p:kn;t2:argent;size:0.7}];shield:horsehead},https://watabou.github.io/city-generator/?name=Citrametoli&population=3875&size=22&seed=2563131000175&river=0&coast=0&farms=1&citadel=0&urban_castle=0&hub=0&plaza=0&greens=0&temple=0&walls=1&shantytown=0&style=natural
176,Kiurive,New Turanmaa,New Turanmaa Colony,Turanmaa,Turanmaan Theocracy,Soumi,Kocapism,village,6023,368.2,181.47,36.42,-11.19,169,8°C,Prague (Czechia),,,,,,,,{t1:sable;ordinaries:[{ordinary:chief;t:or;line:dovetailed}];charges:[{charge:column;t:sable;p:abc;size:0.5}];shield:pavise},https://watabou.github.io/village-generator/?pop=6023&name=Kiurive&seed=2563131000176&width=1600&height=780&style=default&tags=highway%2Cno+square%2Cdense
177,Atardekiko,Eriyurt,Eriyurt Shire,Boy,Boyan Khaganate,Turchian,Kocapism,town,5152,743.14,372.33,27.3,6.75,625,10°C,London (England),,,,,,,,{t1:pally-or-azure;ordinaries:[{ordinary:chevronReversed;t:sable}];shield:round},https://watabou.github.io/city-generator/?name=Atardekiko&population=5152&size=24&seed=2563131000177&river=0&coast=0&farms=1&citadel=0&urban_castle=0&hub=0&plaza=0&greens=0&temple=0&walls=0&shantytown=0&style=natural
178,Alok,Derinbey,Derinbey Clan,Boy,Boyan Khaganate,Turchian,Kocapism,town,245,494.56,390.5,26.43,-5.14,49,15°C,Rome (Italy),,,citadel,,,,,{t1:or;charges:[{charge:heart;t:sable;p:e;size:1.5}];shield:round},https://watabou.github.io/city-generator/?name=Alok&population=245&size=8&seed=2563131000178&river=0&coast=0&farms=0&citadel=1&urban_castle=1&hub=0&plaza=0&greens=0&temple=0&walls=0&shantytown=0&style=natural
179,Tuusnas,Jung,Jung Region,Boy,Boyan Khaganate,Soumi,Kocapism,town,2613,516.76,173.36,36.81,-4.08,9,8°C,Prague (Czechia),,port,,,,,,{t1:gules;charges:[{charge:mullet;t:or;p:abcpqh;size:0.5}];shield:pavise},https://watabou.github.io/city-generator/?name=Tuusnas&population=2613&size=19&seed=2563131000179&river=0&coast=1&farms=1&citadel=0&urban_castle=0&hub=0&plaza=0&greens=0&temple=0&walls=0&shantytown=0&style=natural&sea=1.7
180,Sonte,Sezesezia,Sezesezia County,Aciasecia,Principality of Aciasecia,Tallian,Faith of Fateaux,town,4406,238.43,426.19,24.72,-17.39,1024,9°C,Copenhagen (Denmark),,,,,,,,{t1:purpure;ordinaries:[{ordinary:terrace;t:argent;line:dancetty}];charges:[{charge:crossCarolingian;t:argent;p:bdf;size:0.5}];shield:horsehead},https://watabou.github.io/city-generator/?name=Sonte&population=4406&size=23&seed=2563131000180&river=0&coast=0&farms=0&citadel=0&urban_castle=0&hub=0&plaza=0&greens=0&temple=0&walls=0&shantytown=0&style=natural
181,Monch,Tufin,Tufin Parish,Fischrenia,Bishopric of Fischrenia,Shwazen,Shwazen Religion,town,3056,302.42,363.4,27.73,-14.33,64,14°C,Washington (D.C.),,,,,,,,{t1:gules;ordinaries:[{ordinary:mount;t:argent;line:nebuly}];charges:[{charge:snail;t:or;p:def;t2:or;size:0.5}];shield:swiss},https://watabou.github.io/city-generator/?name=Monch&population=3056&size=20&seed=2563131000181&river=0&coast=0&farms=0&citadel=0&urban_castle=0&hub=0&plaza=0&greens=0&temple=0&walls=0&shantytown=0&style=natural
182,Diva,Chortilia,Chortilia Parish,Aberleith,Thearchy of Aberleith,Keltan,Treaberlese Pantheon,town,1057,705.87,448.84,23.64,4.97,225,15°C,Rome (Italy),,port,,,,,,{t1:or;charges:[{charge:dragonRampant;t:gules;p:e;t2:gules;t3:gules;size:1.5}];shield:oval},https://watabou.github.io/city-generator/?name=Diva&population=1057&size=13&seed=2563131000182&river=0&coast=1&farms=1&citadel=0&urban_castle=0&hub=0&plaza=0&greens=0&temple=0&walls=0&shantytown=0&style=natural
183,Erbey,Erbey,Erbey Barony,Boy,Boyan Khaganate,Turchian,Kocapism,city,5123,485.09,329.61,29.34,-5.59,25,13°C,Milan (Italy),,port,citadel,walls,plaza,,shanty town,{t1:or;ordinaries:[{ordinary:cross;t:purpure;line:barby}];charges:[{charge:triangle;t:purpure;p:acgi;size:0.5}];shield:round},https://watabou.github.io/city-generator/?name=Erbey&population=5123&size=24&seed=2563131000183&river=0&coast=1&farms=1&citadel=1&urban_castle=0&hub=0&plaza=1&greens=1&temple=0&walls=1&shantytown=1&style=natural&sea=0.2
184,Aplesey,Binghambe,Binghambe Parish,Orporpor,Orporpor Theocracy,Angshire,Bramburghism,town,5357,976.74,367.48,27.53,17.93,400,11°C,Antwerp (Belgium),,,,,,,,{t1:or;division:{division:perPale;t:vert;line:wavy};charges:[{charge:armEmbowedHoldingSabre;t:gules;p:p;t2:gules;t3:azure;size:0.7};{charge:sword;t:argent;p:q;size:0.7}];shield:wedged},https://watabou.github.io/city-generator/?name=Aplesey&population=5357&size=24&seed=2563131000184&river=0&coast=0&farms=1&citadel=0&urban_castle=0&hub=1&plaza=0&greens=0&temple=0&walls=0&shantytown=0&style=natural
185,Aydi,Kesenbyurt,Kesenbyurt Barony,Boy,Boyan Khaganate,Turchian,Kocapism,town,4410,664.92,447.55,23.7,3.01,625,12°C,Paris (France),,,,,,,,{t1:or;division:{division:perFess;t:vert;line:straight};charges:[{charge:anvil;t:purpure;p:k;size:0.7};{charge:chain;t:argent;p:n;size:0.7}];shield:round},https://watabou.github.io/city-generator/?name=Aydi&population=4410&size=23&seed=2563131000185&river=0&coast=0&farms=1&citadel=0&urban_castle=0&hub=0&plaza=0&greens=0&temple=0&walls=0&shantytown=0&style=natural
186,Chamouvilles,Aunesardon,Aunesardon Parish,Puines,Puinian Theocracy,Luari,Luari Doctrine,town,3326,163.02,328.02,29.42,-21,81,12°C,Paris (France),,,,,,,,{t1:or;charges:[{charge:crossPatriarchal;t:azure;p:e;size:1.5}];shield:french},https://watabou.github.io/city-generator/?name=Chamouvilles&population=3326&size=20&seed=2563131000186&river=0&coast=0&farms=1&citadel=0&urban_castle=0&hub=0&plaza=0&greens=0&temple=0&walls=0&shantytown=0&style=natural
187,Erduzer,Enizdyurt,Enizdyurt Earldom,Malscken,Grand Duchy of Malscken,Turchian,Kocapism,town,3275,408.83,447.6,23.7,-9.24,36,16°C,Dubrovnik (Croatia),,,,,,,,{t1:gules;division:{division:perFess;t:or;line:embattled};charges:[{charge:crown;t:argent;p:kn;t2:argent;size:0.7}];shield:round},https://watabou.github.io/city-generator/?name=Erduzer&population=3275&size=20&seed=2563131000187&river=0&coast=0&farms=1&citadel=0&urban_castle=0&hub=0&plaza=0&greens=0&temple=0&walls=0&shantytown=0&style=natural
188,Pacapa,Skylbieia,Skylbieia Land,Peina,Principality of Peina,Elladan,Tamanian Heresy,town,3125,1110.62,603.66,16.24,24.33,9,21°C,Tegucigalpa (Honduras),,port,,walls,,,,{t1:argent;division:{division:chevronny;t:gules};charges:[{charge:drakkar;t:azure;p:e;t2:azure;t3:azure;divided:counter;size:1.5}];shield:boeotian},https://watabou.github.io/city-generator/?name=Pacapa&population=3125&size=20&seed=2563131000188&river=0&coast=1&farms=1&citadel=0&urban_castle=0&hub=0&plaza=0&greens=0&temple=0&walls=1&shantytown=0&style=natural&sea=0.19
190,Bolneytes,Bosteria,Bosteria Parish,Orporpor,Orporpor Theocracy,Angshire,Bramburghism,village,528,1100.44,366.26,27.59,23.85,25,14°C,Washington (D.C.),,,,,,,,{t1:argent;charges:[{charge:chain;t:sable;p:e;size:1.5}];shield:wedged},https://watabou.github.io/village-generator/?pop=528&name=Bolneytes&seed=2563131000190&width=1000&height=488&style=default&tags=dead+end%2Cno+square%2Cdense
191,Puises,Corvilter,Corvilter Parish,Puines,Puinian Theocracy,Luari,Luari Doctrine,village,3330,180.98,365.6,27.62,-20.14,625,10°C,London (England),,,,,,,,{t1:ermine-argent-sable-small;charges:[{charge:wyvern;t:azure;p:e;t2:azure;t3:azure;size:1.5}];shield:french},https://watabou.github.io/village-generator/?pop=3330&name=Puises&seed=2563131000191&width=1600&height=780&style=default&tags=dead+end%2Cno+square%2Cdense
192,Shorough,Mitherslia,Mitherslia Parish,Orporpor,Orporpor Theocracy,Angshire,Bramburghism,village,1176,1030.65,426.06,24.73,20.51,9,16°C,Dubrovnik (Croatia),,port,,,,,,{t1:or;division:{division:perCross;t:purpure;line:engrailed};ordinaries:[{ordinary:bar;t:vert;line:straight;divided:counter}];shield:wedged},https://watabou.github.io/village-generator/?pop=1176&name=Shorough&seed=2563131000192&width=1400&height=683&style=default&tags=coast%2Chighway%2Cno+square%2Cdense
193,Boztoprak,Erbey,Erbey Barony,Boy,Boyan Khaganate,Turchian,Kocapism,town,686,474.17,319,29.85,-6.12,64,13°C,Milan (Italy),,port,,,,,,{t1:ermine-or-vert;division:{division:perPale;t:gules;line:straight};charges:[{charge:plaice;t:azure;p:e;t2:azure;divided:field;size:1.5};{charge:tower;t:argent;p:e;divided:division;size:1.5}];shield:round},https://watabou.github.io/city-generator/?name=Boztoprak&population=686&size=11&seed=2563131000193&river=0&coast=1&farms=1&citadel=0&urban_castle=0&hub=0&plaza=0&greens=0&temple=0&walls=0&shantytown=0&style=natural&sea=0.23
194,Volomanev,Stalia,Stalia Seneschalty,Stansburia,Stansburian Empire,Slovan,Bramburghism,town,5757,959.94,302.08,30.66,17.12,529,9°C,Copenhagen (Denmark),,,citadel,walls,,,,{t1:argent;ordinaries:[{ordinary:chevron;t:gules}];charges:[{charge:head;t:or;p:h;t2:vert;size:0.5}];shield:polish},https://watabou.github.io/city-generator/?name=Volomanev&population=5757&size=25&seed=2563131000194&river=0&coast=0&farms=1&citadel=1&urban_castle=1&hub=0&plaza=0&greens=0&temple=0&walls=1&shantytown=0&style=natural
195,Neugy,Neugy,Neugy Region,Aciasecia,Principality of Aciasecia,Luari,Faith of Fateaux,town,8032,199.12,451.59,23.51,-19.27,9,16°C,Dubrovnik (Croatia),,port,citadel,,,,,{t1:gules;division:{division:perChevronReversed;t:argent;line:enclavy};charges:[{charge:mace;t:or;p:dfh;t2:or;size:0.5}];shield:french},https://watabou.github.io/city-generator/?name=Neugy&population=8032&size=28&seed=2563131000195&river=0&coast=1&farms=1&citadel=1&urban_castle=0&hub=0&plaza=0&greens=0&temple=0&walls=0&shantytown=0&style=natural&sea=0.55
196,Torreruesa,Heruesia,Heruesia County,Sazkyurt,Beylik of Sazkyurt,Astellian,Astellian Beliefs,town,4498,466.72,692.38,12,-6.47,9,22°C,Guangzhou (China),,port,citadel,,,,,{t1:azure;ordinaries:[{ordinary:terrace;t:argent;line:arched}];charges:[{charge:key;t:argent;p:bdf;size:0.5}];shield:spanish},https://watabou.github.io/city-generator/?name=Torreruesa&population=4498&size=23&seed=2563131000196&river=0&coast=1&farms=1&citadel=1&urban_castle=1&hub=0&plaza=0&greens=0&temple=0&walls=0&shantytown=0&style=natural&sea=0.16
197,Mithersto,Oluyurt,Oluyurt County,Stansburia,Stansburian Empire,Angshire,Kocapism,town,771,781,278.46,31.79,8.56,289,9°C,Copenhagen (Denmark),,,citadel,,,,,{t1:gules;division:{division:perFess;t:or;line:straight};charges:[{charge:scissors2;t:argent;p:kn;divided:counter;size:0.7}];shield:wedged},https://watabou.github.io/city-generator/?name=Mithersto&population=771&size=12&seed=2563131000197&river=0&coast=0&farms=1&citadel=1&urban_castle=0&hub=0&plaza=0&greens=0&temple=0&walls=0&shantytown=0&style=natural
198,Cambrovil,Dury,Dury Earldom,Sagelia,Grand Duchy of Sagelia,Angshire,Bramburghism,village,500,1042.47,317.71,29.91,21.07,81,12°C,Paris (France),,,,walls,,,,{t1:vairEnPointe-argent-gules;charges:[{charge:crossClechy;t:purpure;p:e;size:1.5}];shield:wedged},https://watabou.github.io/village-generator/?pop=500&name=Cambrovil&seed=2563131000198&width=800&height=390&style=default&tags=highway%2Cuncultivated%2Cno+square%2Cpalisade%2Cdense
199,Mondenzaraci,Rociaticia,Rociaticia County,Sazkyurt,Beylik of Sazkyurt,Tallian,Kocapism,town,495,263.1,578.31,17.45,-16.21,4,20°C,Alexandria (Egypt),,,,,plaza,,,{t1:purpure;ordinaries:[{ordinary:pileInBendSinister;t:argent}];charges:[{charge:crossOccitan;t:purpure;p:em;size:0.5}];shield:horsehead},https://watabou.github.io/city-generator/?name=Mondenzaraci&population=495&size=10&seed=2563131000199&river=0&coast=0&farms=1&citadel=0&urban_castle=0&hub=0&plaza=1&greens=1&temple=0&walls=0&shantytown=0&style=natural
200,Ondolitaja,Sereli,Sereli Land,Alprakeli,Alprakelian Horde,Astellian,Kocapism,town,2124,407.4,578.47,17.44,-9.31,729,15°C,Rome (Italy),,,,,,,,{t1:or;charges:[{charge:horseshoe;t:gules;p:e;size:1.5}];shield:spanish},https://watabou.github.io/city-generator/?name=Ondolitaja&population=2124&size=17&seed=2563131000200&river=1&coast=0&farms=1&citadel=0&urban_castle=0&hub=1&plaza=0&greens=0&temple=0&walls=0&shantytown=0&style=natural
201,Bogu,Paisa,Paisa Land,Boy,Boyan Khaganate,Turchian,Kocapism,town,13453,514.78,284.54,31.5,-4.17,169,11°C,Antwerp (Belgium),,,,,plaza,,,{t1:purpure;ordinaries:[{ordinary:crossParted;t:argent;line:straight}];charges:[{charge:lionPassant;t:gules;p:e;t2:gules;t3:argent;size:1.5}];shield:round},https://watabou.github.io/city-generator/?name=Bogu&population=13453&size=35&seed=2563131000201&river=0&coast=0&farms=1&citadel=0&urban_castle=0&hub=0&plaza=1&greens=1&temple=0&walls=0&shantytown=0&style=natural
202,Aberleith,Braberctare,Braberctare Parish,Aberleith,Thearchy of Aberleith,Keltan,Treaberlese Pantheon,town,4134,743.5,474.78,22.4,6.77,225,16°C,Dubrovnik (Croatia),,,,,,,,{t1:argent;division:{division:perPile;t:gules;line:straight};charges:[{charge:sabre;t:purpure;p:abc;t2:purpure;divided:counter;size:0.4}];shield:oval},https://watabou.github.io/city-generator/?name=Aberleith&population=4134&size=22&seed=2563131000202&river=0&coast=0&farms=1&citadel=0&urban_castle=0&hub=0&plaza=0&greens=0&temple=0&walls=0&shantytown=0&style=natural
203,Vulak,Jung,Jung Region,Boy,Boyan Khaganate,Turchian,Kocapism,town,2249,645.62,152.53,37.81,2.09,9,8°C,Prague (Czechia),,port,,,plaza,,,{t1:argent;ordinaries:[{ordinary:pale;t:purpure;line:straight}];charges:[{charge:spiral;t:or;p:beh;size:0.5}];shield:round},https://watabou.github.io/city-generator/?name=Vulak&population=2249&size=18&seed=2563131000203&river=0&coast=1&farms=0&citadel=0&urban_castle=0&hub=0&plaza=1&greens=1&temple=0&walls=0&shantytown=0&style=natural&sea=1.24
204,Ocressoy,Aunesardon,Aunesardon Parish,Puines,Puinian Theocracy,Luari,Luari Doctrine,village,834,168.82,310.33,30.26,-20.72,16,12°C,Paris (France),,,citadel,,,,,{t1:azure;ordinaries:[{ordinary:bordure;t:or}];charges:[{charge:eagle;t:or;p:e;t2:or;t3:or;size:1.1}];shield:french},https://watabou.github.io/village-generator/?pop=834&name=Ocressoy&seed=2563131000204&width=1000&height=488&style=default&tags=dead+end%2Cno+square%2Cdense
205,Montef,Redchamia,Redchamia Parish,Orporpor,Orporpor Theocracy,Angshire,Bramburghism,town,1790,1098.78,422.85,24.88,23.77,36,16°C,Dubrovnik (Croatia),,port,,walls,,,,{t1:purpure;charges:[{charge:crossTriquetra;t:argent;p:jln;size:0.7}];shield:wedged},https://watabou.github.io/city-generator/?name=Montef&population=1790&size=16&seed=2563131000205&river=0&coast=1&farms=1&citadel=0&urban_castle=0&hub=0&plaza=0&greens=0&temple=0&walls=1&shantytown=0&style=natural&sea=1.72
206,Anovadabe,Erbey,Erbey Barony,Boy,Boyan Khaganate,Turchian,Kocapism,village,4914,459.38,315.73,30.01,-6.82,16,12°C,Paris (France),,,,,,,,{t1:argent;charges:[{charge:trianglePierced;t:sable;p:abcdefgzi;size:0.3}];shield:round},https://watabou.github.io/village-generator/?pop=4914&name=Anovadabe&seed=2563131000206&width=1600&height=780&style=default&tags=isolated%2Cfarmland%2Cno+square%2Cdense
207,Monta,Vellena,Vellena Captaincy,Aciasecia,Principality of Aciasecia,Tallian,Faith of Fateaux,town,6351,108.98,549.52,18.83,-23.59,16,19°C,Marrakesh (Morocco),,port,,,,,,{t1:purpure;charges:[{charge:drakkar;t:argent;p:e;t2:argent;t3:argent;size:1.5}];shield:horsehead},https://watabou.github.io/city-generator/?name=Monta&population=6351&size=26&seed=2563131000207&river=0&coast=1&farms=1&citadel=0&urban_castle=0&hub=1&plaza=0&greens=0&temple=0&walls=0&shantytown=0&style=natural&sea=0.36
208,Sabewedhek,Invenek,Invenek Parish,Aberleith,Thearchy of Aberleith,Keltan,Treaberlese Pantheon,town,1372,677.08,547.71,18.91,3.59,4,19°C,Marrakesh (Morocco),,,,,,,,{t1:or;charges:[{charge:crossFourchy;t:gules;p:e;size:1.5}];shield:oval},https://watabou.github.io/city-generator/?name=Sabewedhek&population=1372&size=15&seed=2563131000208&river=1&coast=0&farms=1&citadel=0&urban_castle=0&hub=0&plaza=0&greens=0&temple=0&walls=0&shantytown=0&style=natural
209,Bilterinka,Alese,Alese County,Boy,Boyan Khaganate,Turchian,Kocapism,town,5293,662.57,244.39,33.42,2.9,144,9°C,Copenhagen (Denmark),,,,,,,,{t1:palyBendy-argent-azure;division:{division:perCross;t:gules;line:straight};charges:[{charge:maces;t:vert;p:j;t2:vert;size:0.6};{charge:fly;t:argent;p:l;size:0.6};{charge:hand;t:argent;p:m;size:0.6};{charge:lizard;t:azure;p:o;size:0.6}];shield:round},https://watabou.github.io/city-generator/?name=Bilterinka&population=5293&size=24&seed=2563131000209&river=1&coast=0&farms=1&citadel=0&urban_castle=0&hub=0&plaza=0&greens=0&temple=0&walls=0&shantytown=0&style=natural
210,Akardeme,Erlyurt,Erlyurt Barony,Boy,Boyan Khaganate,Turchian,Kocapism,town,5426,668.45,302.58,30.63,3.18,400,9°C,Copenhagen (Denmark),,,,,,,,{t1:or;charges:[{charge:bullHeadCaboshed;t:sable;p:jlh;t2:sable;size:0.7}];shield:round},https://watabou.github.io/city-generator/?name=Akardeme&population=5426&size=25&seed=2563131000210&river=0&coast=0&farms=1&citadel=0&urban_castle=0&hub=0&plaza=0&greens=0&temple=0&walls=0&shantytown=0&style=natural
211,Tarluno,Castinia,Castinia Territory,Sazkyurt,Beylik of Sazkyurt,Tallian,Faith of Fateaux,village,629,190.17,565.78,18.05,-19.7,529,17°C,Lisbon (Portugal),,,,,,,,{t1:azure;ordinaries:[{ordinary:chief;t:or;line:arched}];shield:horsehead},https://watabou.github.io/village-generator/?pop=629&name=Tarluno&seed=2563131000211&width=1000&height=488&style=default&tags=dead+end%2Cno+square%2Cdense
212,Akaybar,Galu,Galu Territory,Boy,Boyan Khaganate,Turchian,Kocapism,village,509,625.11,277.34,31.84,1.11,441,8°C,Prague (Czechia),,,,walls,,,,{t1:or;charges:[{charge:bearRampant;t:sable;p:e;t2:sable;t3:sable;size:1.5}];shield:round},https://watabou.github.io/village-generator/?pop=509&name=Akaybar&seed=2563131000212&width=1000&height=488&style=default&tags=dead+end%2Cno+square%2Cpalisade%2Cdense
213,Uxblelis,Cleoleshole,Cleoleshole Parish,Orporpor,Orporpor Theocracy,Angshire,Bramburghism,town,6586,1015.41,408.6,25.57,19.78,121,14°C,Washington (D.C.),,,,walls,,,,{t1:or;division:{division:perCross;t:azure;line:straight};ordinaries:[{ordinary:pileInBendSinister;t:purpure}];charges:[{charge:anchor;t:purpure;p:ai;size:0.7}];shield:wedged},https://watabou.github.io/city-generator/?name=Uxblelis&population=6586&size=26&seed=2563131000213&river=0&coast=0&farms=1&citadel=0&urban_castle=0&hub=0&plaza=0&greens=0&temple=0&walls=1&shantytown=0&style=natural
214,Rhithenera,Amphia,Amphia Shire,Peina,Principality of Peina,Elladan,Tamanian Heresy,city,592,1070.78,597.15,16.55,22.43,81,20°C,Alexandria (Egypt),,port,citadel,,,,,{t1:semy_of_annulet-or-gules;ordinaries:[{ordinary:pale;t:sable;line:straight}];charges:[{charge:pique;t:or;p:e;size:0.7}];shield:boeotian},https://watabou.github.io/city-generator/?name=Rhithenera&population=592&size=11&seed=2563131000214&river=0&coast=1&farms=1&citadel=1&urban_castle=1&hub=0&plaza=0&greens=0&temple=0&walls=0&shantytown=0&style=natural
215,Palattara,Palattara,Palattara Territory,Aciasecia,Principality of Aciasecia,Tallian,Faith of Fateaux,town,7942,130.24,524.18,20.04,-22.57,36,19°C,Marrakesh (Morocco),,,,,,,,{t1:gules;charges:[{charge:fasces;t:or;p:e;t2:or;t3:argent;size:1.5}];shield:horsehead},https://watabou.github.io/city-generator/?name=Palattara&population=7942&size=28&seed=2563131000215&river=0&coast=0&farms=1&citadel=0&urban_castle=0&hub=0&plaza=0&greens=0&temple=0&walls=0&shantytown=0&style=natural
216,Wigin,Skiptonbury,Skiptonbury Parish,Orporpor,Orporpor Theocracy,Angshire,Bramburghism,town,18510,1059.73,391.21,26.4,21.9,484,12°C,Paris (France),,port,,,plaza,,,{t1:argent;charges:[{charge:anchor;t:gules;p:e;size:1.5}];shield:wedged},https://watabou.github.io/city-generator/?name=Wigin&population=18510&size=39&seed=2563131000216&river=0&coast=1&farms=1&citadel=0&urban_castle=0&hub=0&plaza=1&greens=1&temple=0&walls=0&shantytown=0&style=natural&sea=1.31
217,Marling,Louth,Louth Territory,Orporpor,Orporpor Theocracy,Angshire,Bramburghism,town,1837,1023.28,386.78,26.61,20.15,81,14°C,Washington (D.C.),,,,,,,,{t1:or;charges:[{charge:scythe2;t:azure;p:e;size:1.5}];shield:wedged},https://watabou.github.io/city-generator/?name=Marling&population=1837&size=16&seed=2563131000217&river=0&coast=0&farms=1&citadel=0&urban_castle=0&hub=0&plaza=0&greens=0&temple=0&walls=0&shantytown=0&style=natural
218,Bouvillon,Bolinadusia,Bolinadusia Deanery,Chuelia,Diocese of Chuelia,Luari,Faith of Fateaux,town,645,109.84,474.26,22.43,-23.55,25,17°C,Lisbon (Portugal),,,,,,,,{t1:azure;charges:[{charge:deerHeadCaboshed;t:argent;p:e;t2:argent;size:1.5}];shield:french},https://watabou.github.io/city-generator/?name=Bouvillon&population=645&size=11&seed=2563131000218&river=0&coast=0&farms=1&citadel=0&urban_castle=0&hub=0&plaza=0&greens=0&temple=0&walls=0&shantytown=0&style=natural
219,Inveroris,Bouaigaiglos,Bouaigaiglos Parish,Aberleith,Thearchy of Aberleith,Keltan,Treaberlese Pantheon,village,6996,788.56,542.3,19.17,8.93,121,18°C,Barcelona (Spain),,,,,,,,{t1:gules;charges:[{charge:anchor;t:argent;p:e;size:1.5}];shield:oval},https://watabou.github.io/village-generator/?pop=6996&name=Inveroris&seed=2563131000219&width=1600&height=780&style=default&tags=isolated%2Cno+square%2Cdense
220,Arigannach,Braberctare,Braberctare Parish,Aberleith,Thearchy of Aberleith,Keltan,Treaberlese Pantheon,town,747,745.18,466.98,22.77,6.85,81,16°C,Dubrovnik (Croatia),,port,,,,,,{t1:semy_of_crescent-or-vert;division:{division:perCross;t:gules;line:straight};ordinaries:[{ordinary:bend;t:sable;line:straight}];shield:oval},https://watabou.github.io/city-generator/?name=Arigannach&population=747&size=12&seed=2563131000220&river=1&coast=1&farms=1&citadel=0&urban_castle=0&hub=1&plaza=0&greens=0&temple=0&walls=0&shantytown=0&style=natural
221,Olneyme,Winetonbia,Winetonbia Land,Orporpor,Orporpor Theocracy,Angshire,Bramburghism,town,862,1084.29,460.56,23.08,23.07,256,15°C,Rome (Italy),,port,,,,,,{t1:sable;ordinaries:[{ordinary:chevronReversed;t:argent}];charges:[{charge:anchor;t:argent;p:b;size:0.5}];shield:wedged},https://watabou.github.io/city-generator/?name=Olneyme&population=862&size=12&seed=2563131000221&river=0&coast=1&farms=1&citadel=0&urban_castle=0&hub=0&plaza=0&greens=0&temple=0&walls=0&shantytown=0&style=natural&sea=1.78
222,Aniyoltake,Kumkaroke,Kumkaroke Region,Boy,Boyan Khaganate,Turchian,Kocapism,town,2426,719.82,299.76,30.77,5.64,121,11°C,Antwerp (Belgium),,port,,,,,,{t1:potentInPale-gules-argent;ordinaries:[{ordinary:chief;t:or;line:straight}];charges:[{charge:lymphad;t:gules;p:abc;t2:gules;t3:gules;size:0.5}];shield:round},https://watabou.github.io/city-generator/?name=Aniyoltake&population=2426&size=18&seed=2563131000222&river=1&coast=1&farms=1&citadel=0&urban_castle=0&hub=0&plaza=0&greens=0&temple=0&walls=0&shantytown=0&style=natural
223,Menzio,Giupolia,Giupolia Territory,Chuelia,Diocese of Chuelia,Tallian,Faith of Fateaux,village,858,153.32,516.55,20.4,-21.47,289,16°C,Dubrovnik (Croatia),,,,,,,,{t1:sable;division:{division:perCross;t:argent;line:straight};charges:[{charge:anvil;t:or;p:jlmo;divided:counter;size:0.6}];shield:horsehead},https://watabou.github.io/village-generator/?pop=858&name=Menzio&seed=2563131000223&width=1000&height=488&style=default&tags=highway%2Cfarmland%2Cno+square%2Cdense
224,Karlsrutach,Belternia,Belternia County,Tutachinia,Duchy of Tutachinia,Shwazen,Shwazen Religion,town,3710,374.32,367.88,27.51,-10.89,324,12°C,Paris (France),,,,,,,,{t1:or;charges:[{charge:crossHummetty;t:purpure;p:e;size:1.5}];shield:swiss},https://watabou.github.io/city-generator/?name=Karlsrutach&population=3710&size=21&seed=2563131000224&river=0&coast=0&farms=1&citadel=0&urban_castle=0&hub=0&plaza=0&greens=0&temple=0&walls=0&shantytown=0&style=natural
225,Kalkan,Elieli,Elieli County,Boy,Boyan Khaganate,Turchian,Kocapism,town,911,544.65,287.92,31.33,-2.74,529,9°C,Copenhagen (Denmark),,,,,,,,{t1:or;division:{division:perPale;t:azure;line:potentyDexter};charges:[{charge:drawingCompass;t:sable;p:p;size:0.7};{charge:crossPattee;t:or;p:q;size:0.7}];shield:round},https://watabou.github.io/city-generator/?name=Kalkan&population=911&size=13&seed=2563131000225&river=0&coast=0&farms=1&citadel=0&urban_castle=0&hub=0&plaza=0&greens=0&temple=0&walls=0&shantytown=0&style=natural
226,Valbalunoli,Manoce,Manoce Deanery,Chuelia,Diocese of Chuelia,Tallian,Faith of Fateaux,town,1869,139.98,486.75,21.83,-22.1,729,13°C,Milan (Italy),,,,,,,,{t1:gules;ordinaries:[{ordinary:bordure;t:argent}];charges:[{charge:mullet;t:gules;p:ABCDEFGHIJKL;t2:or;size:0.18;reversed:1};{charge:pincers;t:or;p:e;size:1.1}];shield:horsehead},https://watabou.github.io/city-generator/?name=Valbalunoli&population=1869&size=16&seed=2563131000226&river=1&coast=0&farms=1&citadel=0&urban_castle=0&hub=0&plaza=0&greens=0&temple=0&walls=0&shantytown=0&style=natural
227,Utnau,Utnau,Utnau Parish,Puines,Puinian Theocracy,Shwazen,Shwazen Religion,town,3688,273.04,307.7,30.39,-15.74,25,12°C,Paris (France),,,,,,,,{t1:gules;charges:[{charge:oak;t:or;p:e;t2:or;t3:or;size:1.5}];shield:swiss},https://watabou.github.io/city-generator/?name=Utnau&population=3688&size=21&seed=2563131000227&river=0&coast=0&farms=0&citadel=0&urban_castle=0&hub=0&plaza=0&greens=0&temple=0&walls=0&shantytown=0&style=natural
228,Epola,Kurania,Kurania Parish,Turanmaa,Turanmaan Theocracy,Soumi,Turanv Religion,town,3196,370.29,291.81,31.15,-11.09,361,10°C,London (England),,,,walls,,,,{t1:argent;charges:[{charge:crossMaltese;t:sable;p:jln;size:0.7}];shield:pavise},https://watabou.github.io/city-generator/?name=Epola&population=3196&size=20&seed=2563131000228&river=0&coast=0&farms=1&citadel=0&urban_castle=0&hub=0&plaza=0&greens=0&temple=0&walls=1&shantytown=0&style=natural
229,Dalcesindo,Draxtedia,Draxtedia County,Sagelia,Grand Duchy of Sagelia,Angshire,Bramburghism,village,7124,1028.99,319.93,29.8,20.43,1156,5°C,Harbin (China),,,,,,,,{t1:argent;division:{division:perCross;t:purpure;line:straight};charges:[{charge:bridge;t:gules;p:jo;divided:counter;size:0.7}];shield:wedged},https://watabou.github.io/village-generator/?pop=7124&name=Dalcesindo&seed=2563131000229&width=1600&height=780&style=snow&tags=dead+end%2Cno+square%2Cdense
230,Alpse,Enevyurt,Enevyurt Parish,Yerinte,Imamah of Yerinte,Turchian,Kocapism,city,4564,622.28,530.57,19.73,0.97,36,19°C,Marrakesh (Morocco),,port,citadel,walls,plaza,temple,shanty town,{t1:argent;charges:[{charge:angel;t:gules;p:e;t2:gules;size:1.5}];shield:round},https://watabou.github.io/city-generator/?name=Alpse&population=4564&size=23&seed=2563131000230&river=0&coast=1&farms=1&citadel=1&urban_castle=1&hub=0&plaza=1&greens=1&temple=1&walls=1&shantytown=1&style=natural&sea=0.45
231,Yepe,Yaninok,Yaninok Dependency,Yerinte,Imamah of Yerinte,Turchian,Yerinish Creed,village,523,487.25,607.62,16.05,-5.49,16,21°C,Tegucigalpa (Honduras),,,,,,,,{t1:sable;charges:[{charge:crossPotent;t:or;p:e;size:1.5}];shield:round},https://watabou.github.io/village-generator/?pop=523&name=Yepe&seed=2563131000231&width=1000&height=488&style=default&tags=isolated%2Cuncultivated%2Cno+square%2Cdense
232,Galu,Galu,Galu Territory,Boy,Boyan Khaganate,Turchian,Kocapism,town,6192,575.3,232.25,34,-1.28,49,10°C,London (England),,port,,,,,,{t1:scaly-or-sable;division:{division:perPale;t:gules;line:straight};ordinaries:[{ordinary:bordure;t:purpure}];shield:round},https://watabou.github.io/city-generator/?name=Galu&population=6192&size=26&seed=2563131000232&river=0&coast=1&farms=1&citadel=0&urban_castle=0&hub=0&plaza=0&greens=0&temple=0&walls=0&shantytown=0&style=natural&sea=0.03
233,Witham,Berton,Berton County,Stansburia,Stansburian Empire,Angshire,Kocapism,town,14363,799.41,309.24,30.32,9.44,196,11°C,Antwerp (Belgium),,port,,,,,,{t1:purpure;charges:[{charge:hedgehog;t:argent;p:beh;t2:argent;t3:or;size:0.5;sinister:1}];shield:wedged},https://watabou.github.io/city-generator/?name=Witham&population=14363&size=35&seed=2563131000233&river=1&coast=1&farms=1&citadel=0&urban_castle=0&hub=1&plaza=0&greens=0&temple=0&walls=0&shantytown=0&style=natural
234,Mheaber,Mheaber,Mheaber Territory,Aberleith,Thearchy of Aberleith,Keltan,Treaberlese Pantheon,town,3962,686.51,470.79,22.59,4.04,676,13°C,Milan (Italy),,port,,,,,,{t1:purpure;charges:[{charge:drakkar;t:or;p:e;t2:or;t3:argent;size:1.5}];shield:oval},https://watabou.github.io/city-generator/?name=Mheaber&population=3962&size=22&seed=2563131000234&river=0&coast=1&farms=0&citadel=0&urban_castle=0&hub=0&plaza=0&greens=0&temple=0&walls=0&shantytown=0&style=natural
235,Kaltaynuz,Oluyurt,Oluyurt County,Stansburia,Stansburian Empire,Turchian,Kocapism,town,1220,757,278.1,31.8,7.42,225,10°C,London (England),,,,,,,,{t1:chequy-or-gules;division:{division:perPale;t:sable;line:straight};shield:round},https://watabou.github.io/city-generator/?name=Kaltaynuz&population=1220&size=14&seed=2563131000235&river=0&coast=0&farms=1&citadel=0&urban_castle=0&hub=0&plaza=0&greens=0&temple=0&walls=0&shantytown=0&style=natural
236,Brasmouth,Portster,Portster County,Sagelia,Grand Duchy of Sagelia,Angshire,Bramburghism,town,5084,1003.59,255.74,32.87,19.21,196,10°C,London (England),,,,,,,,{t1:argent;charges:[{charge:hedgehog;t:gules;p:jlh;t2:gules;t3:gules;size:0.7}];shield:wedged},https://watabou.github.io/city-generator/?name=Brasmouth&population=5084&size=24&seed=2563131000236&river=1&coast=0&farms=1&citadel=0&urban_castle=0&hub=1&plaza=0&greens=0&temple=0&walls=0&shantytown=0&style=natural
237,Binghambe,Binghambe,Binghambe Parish,Orporpor,Orporpor Theocracy,Angshire,Bramburghism,town,503,968.38,365.47,27.63,17.53,361,12°C,Paris (France),,,,,,,,{t1:argent;ordinaries:[{ordinary:chief;t:vert;line:straight}];shield:wedged},https://watabou.github.io/city-generator/?name=Binghambe&population=503&size=10&seed=2563131000237&river=0&coast=0&farms=1&citadel=0&urban_castle=0&hub=0&plaza=0&greens=0&temple=0&walls=0&shantytown=0&style=natural
238,Valhusvik,Myrinogia,Myrinogia Parish,Puines,Puinian Theocracy,Norse,Stamsan Pantheon,village,799,173.84,176.5,36.66,-20.48,36,8°C,Prague (Czechia),,,,walls,,,,{t1:gules;division:{division:perCross;t:or;line:straight};charges:[{charge:fusil;t:argent;p:jl;divided:counter;size:0.7}];shield:heater},https://watabou.github.io/village-generator/?pop=799&name=Valhusvik&seed=2563131000238&width=1000&height=488&style=default&tags=highway%2Cno+square%2Cpalisade%2Cdense
239,Gatzi,Errerangia,Errerangia Territory,Abergia,Kingdom of Abergia,Euskati,Tamanian Heresy,town,785,924.14,658,13.64,15.41,25,21°C,Tegucigalpa (Honduras),,,,,,,,{t1:argent;ordinaries:[{ordinary:bendlet;t:gules;line:firTrees}];charges:[{charge:shears;t:argent;p:joe;size:0.3}];shield:oldFrench},https://watabou.github.io/city-generator/?name=Gatzi&population=785&size=12&seed=2563131000239&river=0&coast=0&farms=1&citadel=0&urban_castle=0&hub=0&plaza=0&greens=0&temple=0&walls=0&shantytown=0&style=natural
240,Darigny,Timancheauzo,Timancheauzo County,Sounevandilia,Duchy of Sounevandilia,Luari,Faith of Fateaux,town,7797,75.95,453.05,23.44,-25.17,4,16°C,Dubrovnik (Croatia),,port,citadel,,,,,{t1:gules;ordinaries:[{ordinary:pale;t:argent;line:straight}];charges:[{charge:lionRampant;t:azure;p:beh;t2:argent;t3:argent;size:0.5}];shield:french},https://watabou.github.io/city-generator/?name=Darigny&population=7797&size=28&seed=2563131000240&river=1&coast=1&farms=0&citadel=1&urban_castle=1&hub=0&plaza=0&greens=0&temple=0&walls=0&shantytown=0&style=natural&sea=0.23
241,Schonau,Schonau,Schonau Land,Tutachinia,Duchy of Tutachinia,Shwazen,Old Shwazen Shamanism,town,1003,361.08,401.48,25.91,-11.53,4,15°C,Rome (Italy),,port,,,,,,{t1:argent;division:{division:perBend;t:gules;line:wavy};charges:[{charge:plaice;t:purpure;p:l;t2:purpure;size:0.7};{charge:bowWithThreeArrows;t:or;p:m;size:0.7}];shield:swiss},https://watabou.github.io/city-generator/?name=Schonau&population=1003&size=13&seed=2563131000241&river=0&coast=1&farms=1&citadel=0&urban_castle=0&hub=0&plaza=0&greens=0&temple=0&walls=0&shantytown=0&style=natural&sea=1.68
242,Yunta,Alvis,Alvis Dependency,Sazkyurt,Beylik of Sazkyurt,Astellian,Kocapism,town,4052,515.43,709.68,11.17,-4.14,9,22°C,Guangzhou (China),,,,,,,,{t1:sable;charges:[{charge:drakkar;t:argent;p:e;t2:argent;t3:argent;size:1.5}];shield:spanish},https://watabou.github.io/city-generator/?name=Yunta&population=4052&size=22&seed=2563131000242&river=0&coast=0&farms=1&citadel=0&urban_castle=0&hub=0&plaza=0&greens=0&temple=0&walls=0&shantytown=0&style=natural
243,Keliyol,Galu,Galu Territory,Boy,Boyan Khaganate,Turchian,Kocapism,town,818,600.3,276.88,31.86,-0.08,400,8°C,Prague (Czechia),,,,,,,,{t1:or;charges:[{charge:tree;t:sable;p:e;size:1.5}];shield:round},https://watabou.github.io/city-generator/?name=Keliyol&population=818&size=12&seed=2563131000243&river=1&coast=0&farms=1&citadel=0&urban_castle=0&hub=0&plaza=0&greens=0&temple=0&walls=0&shantytown=0&style=natural
244,Clifordbu,Linbury,Linbury County,Stansburia,Stansburian Empire,Angshire,Bramburghism,town,4364,904.78,346.46,28.54,14.49,16,13°C,Milan (Italy),,,,,,,,{t1:or;charges:[{charge:hourglass;t:sable;p:abc;t2:sable;t3:sable;size:0.5}];shield:wedged},https://watabou.github.io/city-generator/?name=Clifordbu&population=4364&size=23&seed=2563131000244&river=1&coast=0&farms=1&citadel=0&urban_castle=0&hub=1&plaza=0&greens=0&temple=0&walls=0&shantytown=0&style=natural
245,Amphizicea,Degaicarnia,Degaicarnia Shire,Peina,Principality of Peina,Elladan,Tamanian Heresy,town,10573,1005.77,599.01,16.46,19.32,9,21°C,Tegucigalpa (Honduras),,port,,,,,,{t1:gemelles-argent-azure;division:{division:perPale;t:gules;line:straight};ordinaries:[{ordinary:point;t:sable}];shield:boeotian},https://watabou.github.io/city-generator/?name=Amphizicea&population=10573&size=32&seed=2563131000245&river=0&coast=1&farms=1&citadel=0&urban_castle=0&hub=0&plaza=0&greens=0&temple=0&walls=0&shantytown=0&style=natural&sea=1.85
246,Hofjor,New Sasjarvia,New Sasjarvia Colony,Turanmaa,Turanmaan Theocracy,Norse,Turanv Religion,town,560,324.66,222.49,34.46,-13.27,324,8°C,Prague (Czechia),,,,,,,,{t1:pappellony2-argent-sable;ordinaries:[{ordinary:point;t:gules}];charges:[{charge:lanceWithBanner;t:azure;p:e;t2:purpure;t3:azure;size:1.5}];shield:heater},https://watabou.github.io/city-generator/?name=Hofjor&population=560&size=11&seed=2563131000246&river=0&coast=0&farms=1&citadel=0&urban_castle=0&hub=0&plaza=0&greens=0&temple=0&walls=0&shantytown=0&style=natural
247,Aber,New Yayaztopyurt,New Yayaztopyurt Colony,Boy,Boyan Khaganate,Keltan,Kocapism,village,592,646.77,472.11,22.53,2.14,16,17°C,Lisbon (Portugal),,,,,,,,{t1:purpure;charges:[{charge:crosier;t:argent;p:jeo;size:0.5}];shield:oval},https://watabou.github.io/village-generator/?pop=592&name=Aber&seed=2563131000247&width=1000&height=488&style=default&tags=highway%2Cno+square%2Cdense
248,Canagnicelvi,Rorumia,Rorumia County,Aciasecia,Principality of Aciasecia,Tallian,Faith of Fateaux,town,1571,96.78,563.35,18.17,-24.17,324,18°C,Barcelona (Spain),,port,,,,,,{t1:sable;charges:[{charge:anchor;t:or;p:e;size:1.5}];shield:horsehead},https://watabou.github.io/city-generator/?name=Canagnicelvi&population=1571&size=15&seed=2563131000248&river=0&coast=1&farms=1&citadel=0&urban_castle=0&hub=0&plaza=0&greens=0&temple=0&walls=0&shantytown=0&style=natural&sea=0.84
249,Kama,New Ayayruzun,New Ayayruzun Colony,Yerinte,Imamah of Yerinte,Turchian,Kocapism,town,840,594.79,572.44,17.73,-0.34,25,20°C,Alexandria (Egypt),,port,,,,,,{t1:potent-argent-gules;division:{division:chevronny;t:vert};shield:round},https://watabou.github.io/city-generator/?name=Kama&population=840&size=12&seed=2563131000249&river=0&coast=1&farms=1&citadel=0&urban_castle=0&hub=0&plaza=0&greens=0&temple=0&walls=0&shantytown=0&style=natural&sea=1.14
250,Sarprakdi,Sarprakdi,Sarprakdi Seneschalty,Boy,Boyan Khaganate,Turchian,Kocapism,city,978,465.28,365.67,27.62,-6.54,121,13°C,Milan (Italy),,,citadel,,,,,{t1:sable;charges:[{charge:mullet8;t:argent;p:e;size:1.5}];shield:round},https://watabou.github.io/city-generator/?name=Sarprakdi&population=978&size=13&seed=2563131000250&river=1&coast=0&farms=1&citadel=1&urban_castle=1&hub=0&plaza=0&greens=0&temple=0&walls=0&shantytown=0&style=natural
251,Aberfraw,Areruria,Areruria County,Abergia,Kingdom of Abergia,Keltan,Bramburghism,town,576,867.64,579.02,17.42,12.71,36,20°C,Alexandria (Egypt),,,,,,,,{t1:gules;ordinaries:[{ordinary:chevron;t:argent}];shield:oval},https://watabou.github.io/city-generator/?name=Aberfraw&population=576&size=11&seed=2563131000251&river=0&coast=0&farms=1&citadel=0&urban_castle=0&hub=0&plaza=0&greens=0&temple=0&walls=0&shantytown=0&style=natural
252,Steindorfen,Trillen,Trillen Parish,Puines,Puinian Theocracy,Shwazen,Shwazen Religion,town,3206,284.32,325.14,29.56,-15.2,100,12°C,Paris (France),,,citadel,,,,,{t1:azure;ordinaries:[{ordinary:chevron;t:or}];charges:[{charge:crossCercelee;t:argent;p:e;size:1.5}];shield:swiss},https://watabou.github.io/city-generator/?name=Steindorfen&population=3206&size=20&seed=2563131000252&river=0&coast=0&farms=1&citadel=1&urban_castle=1&hub=0&plaza=0&greens=0&temple=0&walls=0&shantytown=0&style=natural
253,Kolu,Yeneri,Yeneri Seneschalty,Boy,Boyan Khaganate,Turchian,Kocapism,town,859,566.31,236.1,33.81,-1.71,121,9°C,Copenhagen (Denmark),,,,,,,,{t1:or;ordinaries:[{ordinary:pale;t:gules;line:dentilly}];charges:[{charge:dove;t:argent;p:y;t2:argent;size:0.5}];shield:round},https://watabou.github.io/city-generator/?name=Kolu&population=859&size=12&seed=2563131000253&river=0&coast=0&farms=1&citadel=0&urban_castle=0&hub=0&plaza=0&greens=0&temple=0&walls=0&shantytown=0&style=natural
254,Senverber,Abertleven,Abertleven Parish,Aberleith,Thearchy of Aberleith,Keltan,Treaberlese Pantheon,village,2603,817.06,474.91,22.4,10.29,784,12°C,Paris (France),,,,,,,,{t1:sable;charges:[{charge:key;t:argent;p:e;size:1.5}];shield:oval},https://watabou.github.io/village-generator/?pop=2603&name=Senverber&seed=2563131000254&width=1600&height=780&style=default&tags=highway%2Cno+square%2Cdense
255,Tengri,Abeynak,Abeynak Shire,Boy,Boyan Khaganate,Turchian,Kocapism,village,2820,522.22,198.42,35.61,-3.82,36,9°C,Copenhagen (Denmark),,,,,,,,{t1:sable;ordinaries:[{ordinary:pall;t:argent}];charges:[{charge:lionHeadCaboshed;t:purpure;p:jlh;t2:purpure;size:0.5}];shield:round},https://watabou.github.io/village-generator/?pop=2820&name=Tengri&seed=2563131000255&width=1600&height=780&style=default&tags=highway%2Cno+square%2Cdense
256,Jozierais,Sannessas,Sannessas Parish,Puines,Puinian Theocracy,Luari,Luari Doctrine,town,1260,76.54,363.47,27.72,-25.14,25,14°C,Washington (D.C.),,port,,walls,,,,{t1:or;ordinaries:[{ordinary:chief;t:gules;line:straight}];shield:french},https://watabou.github.io/city-generator/?name=Jozierais&population=1260&size=14&seed=2563131000256&river=0&coast=1&farms=1&citadel=0&urban_castle=0&hub=0&plaza=0&greens=0&temple=0&walls=1&shantytown=0&style=natural&sea=1.32
257,Matrix,Celleparno,Celleparno County,Aciasecia,Principality of Aciasecia,Romian,Faith of Fateaux,town,1291,140.05,593.82,16.71,-22.1,9,21°C,Tegucigalpa (Honduras),,port,,,,,,{t1:gules;charges:[{charge:pillar;t:argent;p:jln;size:0.7}];shield:roman},https://watabou.github.io/city-generator/?name=Matrix&population=1291&size=14&seed=2563131000257&river=1&coast=1&farms=1&citadel=0&urban_castle=0&hub=0&plaza=0&greens=0&temple=0&walls=0&shantytown=0&style=natural&sea=1.09
258,Wather,Berton,Berton County,Stansburia,Stansburian Empire,Angshire,Kocapism,town,9258,794.22,286.09,31.42,9.2,49,12°C,Paris (France),,,,walls,,,,{t1:argent;charges:[{charge:wolfPassant;t:purpure;p:e;t2:gules;t3:purpure;size:1.5}];shield:wedged},https://watabou.github.io/city-generator/?name=Wather&population=9258&size=30&seed=2563131000258&river=1&coast=0&farms=1&citadel=0&urban_castle=0&hub=0&plaza=0&greens=0&temple=0&walls=1&shantytown=0&style=natural
259,Totestable,Totestable,Totestable Region,Peina,Principality of Peina,Angshire,Tamanian Heresy,town,4938,1010.73,477.25,22.28,19.55,961,11°C,Antwerp (Belgium),,,,,,,,{t1:vert;division:{division:perPile;t:argent;line:wavy};charges:[{charge:mallet;t:or;p:be;t2:or;size:0.5}];shield:wedged},https://watabou.github.io/city-generator/?name=Totestable&population=4938&size=24&seed=2563131000259&river=0&coast=0&farms=1&citadel=0&urban_castle=0&hub=0&plaza=0&greens=0&temple=0&walls=0&shantytown=0&style=natural
260,Balldengen,Tusachinia,Tusachinia Seneschalty,Tutachinia,Duchy of Tutachinia,Shwazen,Shwazen Religion,town,3748,399.53,346.95,28.51,-9.69,400,10°C,London (England),,,,walls,,,,{t1:or;division:{division:perPale;t:gules;line:engrailed};charges:[{charge:mullet6;t:purpure;p:ABCDEFGHIJKL;t2:purpure;t3:purpure;size:0.18};{charge:bowWithThreeArrows;t:purpure;p:e;size:1.5}];shield:swiss},https://watabou.github.io/city-generator/?name=Balldengen&population=3748&size=21&seed=2563131000260&river=0&coast=0&farms=1&citadel=0&urban_castle=0&hub=0&plaza=0&greens=0&temple=0&walls=1&shantytown=0&style=natural
261,Preswestho,Bokehamia,Bokehamia Barony,Sagelia,Grand Duchy of Sagelia,Angshire,Bramburghism,town,3309,1043.32,331.6,29.25,21.11,81,12°C,Paris (France),,,,,,,,{t1:sable;ordinaries:[{ordinary:pale;t:or;line:invecked}];charges:[{charge:fleurDeLis;t:sable;p:beh;size:0.5}];shield:wedged},https://watabou.github.io/city-generator/?name=Preswestho&population=3309&size=20&seed=2563131000261&river=0&coast=0&farms=1&citadel=0&urban_castle=0&hub=0&plaza=0&greens=0&temple=0&walls=0&shantytown=0&style=natural
262,Aynak,New Secilbenzon,New Secilbenzon Colony,Alprakeli,Alprakelian Horde,Turchian,Kocapism,town,558,372.41,504.78,20.97,-10.98,16,18°C,Barcelona (Spain),,,,walls,,,,{t1:argent;ordinaries:[{ordinary:bordure;t:purpure}];shield:round},https://watabou.github.io/city-generator/?name=Aynak&population=558&size=11&seed=2563131000262&river=0&coast=0&farms=0&citadel=0&urban_castle=0&hub=0&plaza=0&greens=0&temple=0&walls=1&shantytown=0&style=natural
263,Marno,Bolinadusia,Bolinadusia Deanery,Chuelia,Diocese of Chuelia,Tallian,Faith of Fateaux,town,2315,128.61,512.56,20.6,-22.65,9,18°C,Barcelona (Spain),,,,,,,,{t1:or;ordinaries:[{ordinary:chevron;t:gules}];charges:[{charge:crossLatin;t:argent;p:ach;size:0.5}];shield:horsehead},https://watabou.github.io/city-generator/?name=Marno&population=2315&size=18&seed=2563131000263&river=1&coast=0&farms=1&citadel=0&urban_castle=0&hub=0&plaza=0&greens=0&temple=0&walls=0&shantytown=0&style=natural
264,Sulzkirchwei,Sezesezia,Sezesezia County,Fischrenia,Bishopric of Fischrenia,Shwazen,Shwazen Religion,town,5445,270.04,444.93,23.83,-15.88,729,11°C,Antwerp (Belgium),,port,,,,,,{t1:argent;charges:[{charge:plaice;t:sable;p:e;t2:sable;size:1.5}];shield:swiss},https://watabou.github.io/city-generator/?name=Sulzkirchwei&population=5445&size=25&seed=2563131000264&river=0&coast=1&farms=1&citadel=0&urban_castle=0&hub=0&plaza=0&greens=0&temple=0&walls=0&shantytown=0&style=natural
265,Ekinok,Yayaztopyurt,Yayaztopyurt County,Boy,Boyan Khaganate,Turchian,Kocapism,town,3597,605.65,478.07,22.24,0.17,25,17°C,Lisbon (Portugal),,port,,,,,,{t1:or;charges:[{charge:anchor;t:vert;p:def;size:0.5}];shield:round},https://watabou.github.io/city-generator/?name=Ekinok&population=3597&size=21&seed=2563131000265&river=0&coast=1&farms=1&citadel=0&urban_castle=0&hub=0&plaza=0&greens=0&temple=0&walls=0&shantytown=0&style=natural&sea=1.64
266,Kocadi,Koca,Koca Parish,Yerinte,Imamah of Yerinte,Turchian,Yerinish Creed,village,809,465.64,505.94,20.91,-6.52,121,17°C,Lisbon (Portugal),,,,,,,,{t1:sable;charges:[{charge:bookClosed;t:or;p:abc;t2:or;t3:or;size:0.5}];shield:round},https://watabou.github.io/village-generator/?pop=809&name=Kocadi&seed=2563131000266&width=1000&height=488&style=default&tags=dead+end%2Cno+square%2Cdense
267,Chartinvilles,Aunesardon,Aunesardon Parish,Puines,Puinian Theocracy,Luari,Luari Doctrine,town,4938,163.94,313.64,30.11,-20.96,9,12°C,Paris (France),,,,walls,,,,{t1:argent;ordinaries:[{ordinary:orle;t:gules}];shield:french},https://watabou.github.io/city-generator/?name=Chartinvilles&population=4938&size=24&seed=2563131000267&river=1&coast=0&farms=1&citadel=0&urban_castle=0&hub=0&plaza=0&greens=0&temple=0&walls=1&shantytown=0&style=natural
268,Villepieds,Marquilles,Marquilles Parish,Puines,Puinian Theocracy,Luari,Luari Doctrine,town,1341,123.69,394.49,26.24,-22.88,9,15°C,Rome (Italy),,port,,,,,,{t1:or;ordinaries:[{ordinary:saltireParted;t:vert;line:straight}];charges:[{charge:crossHummetty;t:purpure;p:e;size:1.5}];shield:french},https://watabou.github.io/city-generator/?name=Villepieds&population=1341&size=15&seed=2563131000268&river=0&coast=1&farms=1&citadel=0&urban_castle=0&hub=0&plaza=0&greens=0&temple=0&walls=0&shantytown=0&style=natural&sea=1.1
269,Alinvermay,Agosindyria,Agosindyria Land,Abergia,Kingdom of Abergia,Keltan,Bramburghism,town,1029,914.76,491.97,21.58,14.96,900,12°C,Paris (France),,,,,,,,{t1:or;charges:[{charge:castle2;t:purpure;p:e;t2:purpure;t3:purpure;size:1.5}];shield:oval},https://watabou.github.io/city-generator/?name=Alinvermay&population=1029&size=13&seed=2563131000269&river=0&coast=0&farms=1&citadel=0&urban_castle=0&hub=0&plaza=0&greens=0&temple=0&walls=0&shantytown=0&style=natural
270,Nobles,Nobles,Nobles Land,Yerinte,Imamah of Yerinte,Astellian,Kocapism,town,563,535.85,712.8,11.02,-3.16,4,22°C,Guangzhou (China),,port,,,,,,{t1:gules;ordinaries:[{ordinary:chevron;t:argent}];charges:[{charge:roundel2;t:azure;p:ach;size:0.5}];shield:spanish},https://watabou.github.io/city-generator/?name=Nobles&population=563&size=11&seed=2563131000270&river=0&coast=1&farms=0&citadel=0&urban_castle=0&hub=0&plaza=0&greens=0&temple=0&walls=0&shantytown=0&style=natural&sea=1.52
271,Bonaraberg,Bonaraberg,Bonaraberg Parish,Aberleith,Thearchy of Aberleith,Keltan,Treaberlese Pantheon,town,1018,682.12,505.82,20.92,3.83,49,18°C,Barcelona (Spain),,,,,,,,{t1:azure;ordinaries:[{ordinary:pale;t:argent;line:firTrees}];charges:[{charge:bowWithThreeArrows;t:azure;p:e;t2:argent;t3:azure;size:0.7}];shield:oval},https://watabou.github.io/city-generator/?name=Bonaraberg&population=1018&size=13&seed=2563131000271&river=0&coast=0&farms=1&citadel=0&urban_castle=0&hub=0&plaza=0&greens=0&temple=0&walls=0&shantytown=0&style=natural
272,Manar,New Sazkay,New Sazkay Colony,Sazkyurt,Beylik of Sazkyurt,Astellian,Kocapism,town,333,429.3,631.53,14.91,-8.26,25,21°C,Tegucigalpa (Honduras),,port,,,,,,{t1:purpure;ordinaries:[{ordinary:fess;t:argent;line:arched}];charges:[{charge:saw;t:gules;p:def;t2:gules;size:0.5}];shield:spanish},https://watabou.github.io/city-generator/?name=Manar&population=333&size=9&seed=2563131000272&river=0&coast=1&farms=0&citadel=0&urban_castle=0&hub=0&plaza=0&greens=0&temple=0&walls=0&shantytown=0&style=natural&sea=1.76
273,Tungranta,Macumia,Macumia County,Sazkyurt,Beylik of Sazkyurt,Romian,Erugus Deities,town,1872,68.44,601.58,16.34,-25.53,100,20°C,Alexandria (Egypt),,,,,,,,{t1:purpure;charges:[{charge:drakkar;t:or;p:e;t2:or;t3:argent;size:1.5}];shield:roman},https://watabou.github.io/city-generator/?name=Tungranta&population=1872&size=16&seed=2563131000273&river=0&coast=0&farms=0&citadel=0&urban_castle=0&hub=0&plaza=0&greens=0&temple=0&walls=0&shantytown=0&style=natural
274,Ylimiolanta,Kurania,Kurania Parish,Turanmaa,Turanmaan Theocracy,Soumi,Turanv Religion,village,3793,360.23,310.24,30.27,-11.57,400,9°C,Copenhagen (Denmark),,,citadel,,,,,{t1:argent;charges:[{charge:ramHeadErased;t:azure;p:e;t2:azure;t3:azure;size:1.5}];shield:pavise},https://watabou.github.io/village-generator/?pop=3793&name=Ylimiolanta&seed=2563131000274&width=1600&height=780&style=default&tags=confluence%2Cdead+end%2Cfarmland%2Cno+square%2Cdense
275,Walterleigh,Bucheap,Bucheap Parish,Orporpor,Orporpor Theocracy,Angshire,Bramburghism,town,642,977.8,372,27.32,17.98,841,9°C,Copenhagen (Denmark),,,,,,,,{t1:or;division:{division:perPile;t:gules;line:archedReversed};charges:[{charge:lochaberAxe;t:vert;p:abc;t2:vert;size:0.4}];shield:wedged},https://watabou.github.io/city-generator/?name=Walterleigh&population=642&size=11&seed=2563131000275&river=1&coast=0&farms=1&citadel=0&urban_castle=0&hub=0&plaza=0&greens=0&temple=0&walls=0&shantytown=0&style=natural
276,Pipodes,Hubrosia,Hubrosia Islands,Peina,Principality of Peina,Elladan,Tamanian Heresy,town,659,1025.6,610.53,15.91,20.27,4,21°C,Tegucigalpa (Honduras),,port,,,,,,{t1:gules;ordinaries:[{ordinary:bendletSinister;t:argent;line:raguly}];charges:[{charge:anchor;t:gules;p:lem;size:0.3}];shield:boeotian},https://watabou.github.io/city-generator/?name=Pipodes&population=659&size=11&seed=2563131000276&river=0&coast=1&farms=1&citadel=0&urban_castle=0&hub=0&plaza=0&greens=0&temple=0&walls=0&shantytown=0&style=natural&sea=0.48
277,Muvaaraveru,Jung,Jung Region,Boy,Boyan Khaganate,Soumi,Kocapism,town,2893,513.24,174.76,36.74,-4.25,4,8°C,Prague (Czechia),,,,,,,,{t1:sable;division:{division:perPale;t:argent;line:straight};charges:[{charge:ramHeadErased;t:or;p:e;t2:or;t3:or;divided:field;size:1.5};{charge:raven;t:gules;p:e;divided:division;size:1.5}];shield:pavise},https://watabou.github.io/city-generator/?name=Muvaaraveru&population=2893&size=19&seed=2563131000277&river=0&coast=0&farms=1&citadel=0&urban_castle=0&hub=0&plaza=0&greens=0&temple=0&walls=0&shantytown=0&style=natural
278,Boyru,Oluyurt,Oluyurt County,Stansburia,Stansburian Empire,Turchian,Kocapism,town,823,768.42,252.6,33.02,7.96,49,11°C,Antwerp (Belgium),,,citadel,,,,,{t1:argent;division:{division:perPale;t:fretty-or-purpure;line:straight};charges:[{charge:attire;t:vert;p:pq;divided:field;size:0.7};{charge:crossSaltire;t:gules;p:jo;divided:division;size:0.7}];shield:round},https://watabou.github.io/city-generator/?name=Boyru&population=823&size=12&seed=2563131000278&river=0&coast=0&farms=1&citadel=1&urban_castle=1&hub=0&plaza=0&greens=0&temple=0&walls=0&shantytown=0&style=natural
279,Ertente,Yramka,Yramka Dependency,Stansburia,Stansburian Empire,Turchian,Kocapism,village,1168,786.66,338.68,28.91,8.83,196,12°C,Paris (France),,port,,,,,,{t1:argent;division:{division:perFess;t:azure;line:straight};charges:[{charge:mullet;t:sable;p:e;divided:field;size:1.5};{charge:inescutcheon;t:or;p:e;divided:division;size:1.5}];shield:round},https://watabou.github.io/village-generator/?pop=1168&name=Ertente&seed=2563131000279&width=1400&height=683&style=default&tags=coast%2Chighway%2Cno+square%2Cdense
280,Anneautiers,Orquileresia,Orquileresia Parish,Puines,Puinian Theocracy,Luari,Luari Doctrine,town,1230,224.16,306.01,30.47,-18.08,9,12°C,Paris (France),,,,,,,,{t1:argent;charges:[{charge:bowWithThreeArrows;t:sable;p:e;t2:sable;t3:sable;size:1.5}];shield:french},https://watabou.github.io/city-generator/?name=Anneautiers&population=1230&size=14&seed=2563131000280&river=0&coast=0&farms=1&citadel=0&urban_castle=0&hub=0&plaza=0&greens=0&temple=0&walls=0&shantytown=0&style=natural
281,Berleigh,Wineterscom,Wineterscom County,Stansburia,Stansburian Empire,Angshire,Bramburghism,town,6374,937.56,265.36,32.41,16.05,4,11°C,Antwerp (Belgium),,,,,,,,{t1:or;division:{division:gyronny;t:gules};charges:[{charge:skull;t:sable;p:e;size:1.5}];shield:wedged},https://watabou.github.io/city-generator/?name=Berleigh&population=6374&size=26&seed=2563131000281&river=1&coast=0&farms=1&citadel=0&urban_castle=0&hub=0&plaza=0&greens=0&temple=0&walls=0&shantytown=0&style=natural
282,Azozesbey,Azozesbey,Azozesbey Parish,Yerinte,Imamah of Yerinte,Turchian,Yerinish Creed,city,4848,460.56,547.7,18.92,-6.77,169,18°C,Barcelona (Spain),,,citadel,walls,,,,{t1:vert;charges:[{charge:laurelWreath;t:or;p:e;t2:or;size:1.5}];shield:round},https://watabou.github.io/city-generator/?name=Azozesbey&population=4848&size=24&seed=2563131000282&river=1&coast=0&farms=1&citadel=1&urban_castle=1&hub=1&plaza=0&greens=0&temple=0&walls=1&shantytown=0&style=natural
283,Ormskirk,Wincland,Wincland County,Stansburia,Stansburian Empire,Angshire,Bramburghism,city,1507,906.6,245.76,33.35,14.57,4,10°C,London (England),,port,citadel,,,,,{t1:or;charges:[{charge:arrowsSheaf;t:gules;p:e;t2:gules;t3:gules;size:1.5;reversed:1}];shield:wedged},https://watabou.github.io/city-generator/?name=Ormskirk&population=1507&size=15&seed=2563131000283&river=0&coast=1&farms=0&citadel=1&urban_castle=0&hub=0&plaza=0&greens=0&temple=0&walls=0&shantytown=0&style=natural&sea=1.29
284,Ienweilerken,Bazyoleli,Bazyoleli Territory,Tutachinia,Duchy of Tutachinia,Shwazen,Shwazen Religion,town,5376,345.28,388.8,26.51,-12.28,4,15°C,Rome (Italy),,,,,,,,{t1:purpure;charges:[{charge:laurelWreath;t:or;p:e;t2:or;size:1.5}];shield:swiss},https://watabou.github.io/city-generator/?name=Ienweilerken&population=5376&size=24&seed=2563131000284&river=0&coast=0&farms=1&citadel=0&urban_castle=0&hub=0&plaza=0&greens=0&temple=0&walls=0&shantytown=0&style=natural
285,Mhearigleddu,Maberleithia,Maberleithia Parish,Aberleith,Thearchy of Aberleith,Keltan,Treaberlese Pantheon,town,3414,702.34,493.05,21.53,4.8,81,17°C,Lisbon (Portugal),,,,,,,,{t1:argent;charges:[{charge:castle2;t:vert;p:e;t2:vert;t3:vert;size:1.5}];shield:oval},https://watabou.github.io/city-generator/?name=Mhearigleddu&population=3414&size=21&seed=2563131000285&river=0&coast=0&farms=1&citadel=0&urban_castle=0&hub=0&plaza=0&greens=0&temple=0&walls=0&shantytown=0&style=natural
286,Infi,New Yayaztopyurt,New Yayaztopyurt Colony,Boy,Boyan Khaganate,Keltan,Kocapism,village,6137,672.94,472.38,22.52,3.39,9,17°C,Lisbon (Portugal),,,,,,,,{t1:gules;charges:[{charge:crossArrowed;t:argent;p:e;size:1.5}];shield:oval},https://watabou.github.io/village-generator/?pop=6137&name=Infi&seed=2563131000286&width=1600&height=780&style=default&tags=estuary%2Cisolated%2Cno+square%2Cdense
287,Buyvar,Bozesbyurt,Bozesbyurt Area,Alprakeli,Alprakelian Horde,Turchian,Kocapism,town,1339,412.2,496.24,21.38,-9.08,441,15°C,Rome (Italy),,,,,,,,{t1:vert;charges:[{charge:crossBottony;t:or;p:e;size:1.5}];shield:round},https://watabou.github.io/city-generator/?name=Buyvar&population=1339&size=15&seed=2563131000287&river=0&coast=0&farms=1&citadel=0&urban_castle=0&hub=0&plaza=0&greens=0&temple=0&walls=0&shantytown=0&style=natural
288,Margylasos,Chios,Chios Shire,Peina,Principality of Peina,Elladan,Tamanian Heresy,town,4041,1038.5,602.56,16.29,20.88,4,21°C,Tegucigalpa (Honduras),,,,,,,,{t1:purpure;division:{division:perPile;t:argent;line:dancetty};charges:[{charge:roundel2;t:or;p:abc;size:0.4}];shield:boeotian},https://watabou.github.io/city-generator/?name=Margylasos&population=4041&size=22&seed=2563131000288&river=0&coast=0&farms=1&citadel=0&urban_castle=0&hub=0&plaza=0&greens=0&temple=0&walls=0&shantytown=0&style=natural
289,Deribe,Sazeli,Sazeli Barony,Boy,Boyan Khaganate,Turchian,Kocapism,town,3345,606.05,325.83,29.52,0.19,100,12°C,Paris (France),,port,,walls,,,,{t1:argent;ordinaries:[{ordinary:bordure;t:purpure}];shield:round},https://watabou.github.io/city-generator/?name=Deribe&population=3345&size=20&seed=2563131000289&river=1&coast=1&farms=1&citadel=0&urban_castle=0&hub=0&plaza=0&greens=0&temple=0&walls=1&shantytown=0&style=natural
290,Silkeamala,Sasjarvia,Sasjarvia Parish,Turanmaa,Turanmaan Theocracy,Soumi,Turanv Religion,town,6832,359.75,260.53,32.64,-11.59,100,10°C,London (England),,,,,plaza,,,{t1:gules;charges:[{charge:bell;t:argent;p:jln;t2:argent;size:0.7}];shield:pavise},https://watabou.github.io/city-generator/?name=Silkeamala&population=6832&size=27&seed=2563131000290&river=0&coast=0&farms=1&citadel=0&urban_castle=0&hub=0&plaza=1&greens=1&temple=0&walls=0&shantytown=0&style=natural
291,Nosbury,Showland,Showland Parish,Orporpor,Orporpor Theocracy,Angshire,Bramburghism,town,3829,1137.21,405.33,25.72,25.6,81,14°C,Washington (D.C.),,,,,,,,{t1:sable;ordinaries:[{ordinary:label;t:or}];charges:[{charge:pear;t:argent;p:pqn;t2:argent;size:0.5}];shield:wedged},https://watabou.github.io/city-generator/?name=Nosbury&population=3829&size=22&seed=2563131000291&river=0&coast=0&farms=1&citadel=0&urban_castle=0&hub=0&plaza=0&greens=0&temple=0&walls=0&shantytown=0&style=natural
292,Nehamn,Nehamn,Nehamn Earldom,Lauda,Grand Duchy of Lauda,Norse,Kocapism,town,2864,303.16,196.51,35.71,-14.3,16,9°C,Copenhagen (Denmark),,port,,,,,,{t1:or;division:{division:perPale;t:maily-purpure-argent;line:straight};charges:[{charge:lozengeFaceted;t:azure;p:jl;divided:field;size:0.7};{charge:crossPatonce;t:azure;p:pq;divided:division;size:0.7}];shield:heater},https://watabou.github.io/city-generator/?name=Nehamn&population=2864&size=19&seed=2563131000292&river=0&coast=1&farms=1&citadel=0&urban_castle=0&hub=0&plaza=0&greens=0&temple=0&walls=0&shantytown=0&style=natural&sea=0.67
293,Whitfordmin,Mitherslia,Mitherslia Parish,Orporpor,Orporpor Theocracy,Angshire,Bramburghism,town,2552,1032.23,439.41,24.09,20.58,169,15°C,Rome (Italy),,,,,,,,{t1:argent;charges:[{charge:wolfHeadErased;t:gules;p:e;t2:vert;size:1.5}];shield:wedged},https://watabou.github.io/city-generator/?name=Whitfordmin&population=2552&size=18&seed=2563131000293&river=0&coast=0&farms=1&citadel=0&urban_castle=0&hub=0&plaza=0&greens=0&temple=0&walls=0&shantytown=0&style=natural
294,Thegaicos,Totestable,Totestable Region,Peina,Principality of Peina,Elladan,Tamanian Heresy,village,3424,1015.42,541.33,19.22,19.78,16,19°C,Marrakesh (Morocco),,,,,,,,{t1:or;ordinaries:[{ordinary:bend;t:gules;line:archedReversed}];charges:[{charge:hook;t:or;p:joe;size:0.5}];shield:boeotian},https://watabou.github.io/village-generator/?pop=3424&name=Thegaicos&seed=2563131000294&width=1600&height=780&style=default&tags=confluence%2Cdead+end%2Cuncultivated%2Cno+square%2Cdense
295,Martuelaro,Degorrio,Degorrio County,Abergia,Kingdom of Abergia,Euskati,Tamanian Heresy,town,3073,917.74,674.79,12.84,15.11,49,22°C,Guangzhou (China),,,,,,,,{t1:gules;division:{division:perPale;t:or;line:straight};charges:[{charge:triangle;t:argent;p:p;size:0.7};{charge:bookOpen;t:sable;p:q;size:0.7}];shield:oldFrench},https://watabou.github.io/city-generator/?name=Martuelaro&population=3073&size=20&seed=2563131000295&river=0&coast=0&farms=1&citadel=0&urban_castle=0&hub=0&plaza=0&greens=0&temple=0&walls=0&shantytown=0&style=natural
296,Boydekinka,Erselenyurt,Erselenyurt Territory,Yerinte,Imamah of Yerinte,Turchian,Yerinish Creed,village,8513,481,576.86,17.52,-5.79,36,20°C,Alexandria (Egypt),,,,,,,,{t1:sable;charges:[{charge:cossack;t:argent;p:e;t2:argent;t3:argent;size:1.5}];shield:round},https://watabou.github.io/village-generator/?pop=8513&name=Boydekinka&seed=2563131000296&width=1600&height=780&style=default&tags=dead+end%2Cno+square%2Cdense
297,Kumdeseli,Galokseki,Galokseki Earldom,Sazkyurt,Beylik of Sazkyurt,Turchian,Kocapism,town,2046,312.94,519.21,20.28,-13.83,16,18°C,Barcelona (Spain),,,,,,,,{t1:argent;charges:[{charge:pique;t:sable;p:e;size:1.5}];shield:round},https://watabou.github.io/city-generator/?name=Kumdeseli&population=2046&size=17&seed=2563131000297&river=0&coast=0&farms=1&citadel=0&urban_castle=0&hub=0&plaza=0&greens=0&temple=0&walls=0&shantytown=0&style=natural
298,Rottenzen,Belternia,Belternia County,Tutachinia,Duchy of Tutachinia,Shwazen,Shwazen Religion,town,427,371.32,362.6,27.76,-11.04,256,12°C,Paris (France),,,,walls,,,,{t1:purpure;ordinaries:[{ordinary:pale;t:argent;line:straight}];charges:[{charge:heron;t:argent;p:y;t2:argent;size:0.5}];shield:swiss},https://watabou.github.io/city-generator/?name=Rottenzen&population=427&size=10&seed=2563131000298&river=1&coast=0&farms=0&citadel=0&urban_castle=0&hub=0&plaza=0&greens=0&temple=0&walls=1&shantytown=0&style=natural
299,Ofenburg,Haudenster,Haudenster Earldom,Malscken,Grand Duchy of Malscken,Shwazen,Shwazen Religion,town,576,396.5,457.99,23.2,-9.83,289,15°C,Rome (Italy),,,,,,,,{t1:chequy-azure-argent;ordinaries:[{ordinary:chief;t:or;line:straight}];shield:swiss},https://watabou.github.io/city-generator/?name=Ofenburg&population=576&size=11&seed=2563131000299&river=1&coast=0&farms=1&citadel=0&urban_castle=0&hub=0&plaza=0&greens=0&temple=0&walls=0&shantytown=0&style=natural
300,Nigenionos,Helcosia,Helcosia County,Peina,Principality of Peina,Elladan,Tamanian Heresy,town,4025,1046.37,537.74,19.39,21.26,676,15°C,Rome (Italy),,,,,,,,{t1:gules;division:{division:perChevron;t:argent;line:straight};charges:[{charge:mullet;t:or;p:jlh;divided:counter;size:0.7}];shield:boeotian},https://watabou.github.io/city-generator/?name=Nigenionos&population=4025&size=22&seed=2563131000300&river=0&coast=0&farms=1&citadel=0&urban_castle=0&hub=0&plaza=0&greens=0&temple=0&walls=0&shantytown=0&style=natural
301,Celleria,Celleria,Celleria County,Aciasecia,Principality of Aciasecia,Tallian,Faith of Fateaux,city,655,159.82,532.45,19.64,-21.15,121,18°C,Barcelona (Spain),,port,,walls,,temple,shanty town,{t1:sable;ordinaries:[{ordinary:pall;t:argent}];charges:[{charge:mullet;t:purpure;p:jleh;size:0.5}];shield:horsehead},https://watabou.github.io/city-generator/?name=Celleria&population=655&size=11&seed=2563131000301&river=0&coast=1&farms=0&citadel=0&urban_castle=0&hub=0&plaza=0&greens=0&temple=1&walls=1&shantytown=1&style=natural
302,Cerrososa,Secilbenzon,Secilbenzon Margrave,Alprakeli,Alprakelian Horde,Astellian,Kocapism,town,6946,406.2,596.59,16.58,-9.37,625,17°C,Lisbon (Portugal),,,,,,,,{t1:vert;ordinaries:[{ordinary:orle;t:argent}];charges:[{charge:billet;t:argent;p:jleh;size:0.5}];shield:spanish},https://watabou.github.io/city-generator/?name=Cerrososa&population=6946&size=27&seed=2563131000302&river=0&coast=0&farms=1&citadel=0&urban_castle=0&hub=0&plaza=0&greens=0&temple=0&walls=0&shantytown=0&style=natural
303,Dunstoneton,Crafland,Crafland Parish,Orporpor,Orporpor Theocracy,Angshire,Bramburghism,town,1360,1171.48,356.22,28.07,27.24,16,14°C,Washington (D.C.),,port,,,,,,{t1:or;division:{division:perPile;t:lozengy-gules-argent;line:straight};charges:[{charge:crossVoided;t:vert;p:e;divided:counter;size:0.7}];shield:wedged},https://watabou.github.io/city-generator/?name=Dunstoneton&population=1360&size=15&seed=2563131000303&river=0&coast=1&farms=1&citadel=0&urban_castle=0&hub=0&plaza=0&greens=0&temple=0&walls=0&shantytown=0&style=natural&sea=1.87
304,Sullambrieau,Bouerge,Bouerge Parish,Puines,Puinian Theocracy,Luari,Luari Doctrine,town,915,146.8,395.95,26.17,-21.78,16,15°C,Rome (Italy),,,citadel,,,,,{t1:azure;charges:[{charge:crossHummetty;t:or;p:e;size:1.5}];shield:french},https://watabou.github.io/city-generator/?name=Sullambrieau&population=915&size=13&seed=2563131000304&river=0&coast=0&farms=1&citadel=1&urban_castle=1&hub=0&plaza=0&greens=0&temple=0&walls=0&shantytown=0&style=natural
305,Thetham,Bosteria,Bosteria Parish,Orporpor,Orporpor Theocracy,Angshire,Bramburghism,village,4536,1086.19,363.89,27.7,23.16,16,14°C,Washington (D.C.),,port,,,,,,{t1:or;ordinaries:[{ordinary:chief;t:azure;line:straight}];shield:wedged},https://watabou.github.io/village-generator/?pop=4536&name=Thetham&seed=2563131000305&width=1600&height=780&style=default&tags=estuary%2Chighway%2Cno+square%2Cdense
306,Openden,Strausia,Strausia Territory,Lauda,Grand Duchy of Lauda,Norse,Stamsan Pantheon,town,10359,200.91,160.46,37.43,-19.19,16,8°C,Prague (Czechia),,,,,plaza,,,{t1:or;ordinaries:[{ordinary:cross;t:purpure;line:straight}];charges:[{charge:ladybird;t:argent;p:beh;t2:argent;t3:argent;size:0.3}];shield:heater},https://watabou.github.io/city-generator/?name=Openden&population=10359&size=31&seed=2563131000306&river=0&coast=0&farms=1&citadel=0&urban_castle=0&hub=0&plaza=1&greens=1&temple=0&walls=0&shantytown=0&style=natural
307,Midford,Portster,Portster County,Sagelia,Grand Duchy of Sagelia,Angshire,Bramburghism,town,7508,997.72,239.14,33.67,18.93,100,9°C,Copenhagen (Denmark),,,,,,,,{t1:argent;division:{division:perPale;t:sable;line:straight};charges:[{charge:rapier;t:vert;p:pq;t2:vert;divided:field;size:0.7};{charge:boat2;t:argent;p:jl;divided:division;size:0.7}];shield:wedged},https://watabou.github.io/city-generator/?name=Midford&population=7508&size=28&seed=2563131000307&river=1&coast=0&farms=1&citadel=0&urban_castle=0&hub=0&plaza=0&greens=0&temple=0&walls=0&shantytown=0&style=natural
308,Trearon,Bonaraberg,Bonaraberg Parish,Aberleith,Thearchy of Aberleith,Keltan,Treaberlese Pantheon,village,1159,679.64,518.19,20.33,3.71,4,18°C,Barcelona (Spain),,port,,,,,,{t1:argent;ordinaries:[{ordinary:cross;t:azure;line:straight}];charges:[{charge:caravel;t:argent;p:behdf;t2:argent;t3:azure;size:0.3}];shield:oval},https://watabou.github.io/village-generator/?pop=1159&name=Trearon&seed=2563131000308&width=1400&height=683&style=default&tags=coast%2Chighway%2Cno+square%2Cdense
309,Camboio,Araberfania,Araberfania Parish,Aberleith,Thearchy of Aberleith,Keltan,Treaberlese Pantheon,village,3229,843.28,509.37,20.75,11.54,16,18°C,Barcelona (Spain),,,,,,,,{t1:sable;ordinaries:[{ordinary:bar;t:argent;line:straight}];charges:[{charge:crossPatriarchal;t:gules;p:def;size:0.3}];shield:oval},https://watabou.github.io/village-generator/?pop=3229&name=Camboio&seed=2563131000309&width=1600&height=780&style=default&tags=estuary%2Chighway%2Cno+square%2Cdense
310,Kobati,Bintelyurt,Bintelyurt Parish,Turanmaa,Turanmaan Theocracy,Turchian,Turanv Religion,town,1257,415.78,276.9,31.86,-8.91,324,9°C,Copenhagen (Denmark),,port,,,,,,{t1:argent;division:{division:perPale;t:azure;line:straight};charges:[{charge:spiral;t:purpure;p:e;divided:counter;size:1.5}];shield:round},https://watabou.github.io/city-generator/?name=Kobati&population=1257&size=14&seed=2563131000310&river=1&coast=1&farms=1&citadel=0&urban_castle=0&hub=0&plaza=0&greens=0&temple=0&walls=0&shantytown=0&style=natural
311,Elyatar,Yramka,Yramka Dependency,Stansburia,Stansburian Empire,Turchian,Kocapism,town,2452,807.44,334.29,29.12,9.83,324,11°C,Antwerp (Belgium),,,,,,,,{t1:masoned-or-purpure;ordinaries:[{ordinary:gyron;t:vert}];shield:round},https://watabou.github.io/city-generator/?name=Elyatar&population=2452&size=18&seed=2563131000311&river=0&coast=0&farms=1&citadel=0&urban_castle=0&hub=0&plaza=0&greens=0&temple=0&walls=0&shantytown=0&style=natural
312,Yarnu,Kut,Kut County,Abergia,Kingdom of Abergia,Turchian,Bramburghism,town,1674,910.22,439.24,24.1,14.75,25,16°C,Dubrovnik (Croatia),,port,,,,,,{t1:sable;division:{division:perCross;t:argent;line:straight};charges:[{charge:caravel;t:or;p:e;t2:or;t3:or;divided:counter;size:1.5}];shield:round},https://watabou.github.io/city-generator/?name=Yarnu&population=1674&size=16&seed=2563131000312&river=0&coast=1&farms=1&citadel=0&urban_castle=0&hub=0&plaza=0&greens=0&temple=0&walls=0&shantytown=0&style=natural&sea=1.3
313,Maldock,Maldock,Maldock County,Stansburia,Stansburian Empire,Angshire,Bramburghism,town,1287,920.2,292.58,31.11,15.22,100,11°C,Antwerp (Belgium),,,,walls,,,,{t1:azure;ordinaries:[{ordinary:bendSinister;t:argent;line:straight}];charges:[{charge:drakkar;t:sable;p:lem;t2:sable;t3:argent;size:0.5}];shield:wedged},https://watabou.github.io/city-generator/?name=Maldock&population=1287&size=14&seed=2563131000313&river=0&coast=0&farms=1&citadel=0&urban_castle=0&hub=0&plaza=0&greens=0&temple=0&walls=1&shantytown=0&style=natural
314,Palheus,New Toprak,New Toprak Colony,Sazkyurt,Beylik of Sazkyurt,Portuzian,Pontosism,town,685,169.01,646.55,14.19,-20.71,4,21°C,Tegucigalpa (Honduras),,port,,,,,,{t1:vert;ordinaries:[{ordinary:cross;t:or;line:straight}];shield:renaissance},https://watabou.github.io/city-generator/?name=Palheus&population=685&size=11&seed=2563131000314&river=0&coast=1&farms=1&citadel=0&urban_castle=0&hub=0&plaza=0&greens=0&temple=0&walls=0&shantytown=0&style=natural&sea=1.03
315,Morada,New Sazkay,New Sazkay Colony,Sazkyurt,Beylik of Sazkyurt,Astellian,Astellian Beliefs,town,794,457.38,672.73,12.94,-6.92,36,22°C,Guangzhou (China),,,,,,,,{t1:vert;division:{division:perPale;t:vairEnPointe-azure-argent-smaller;line:straight};charges:[{charge:bowWithArrow;t:or;p:p;t2:or;t3:or;size:0.7};{charge:scalesHanging;t:or;p:q;size:0.7}];shield:spanish},https://watabou.github.io/city-generator/?name=Morada&population=794&size=12&seed=2563131000315&river=0&coast=0&farms=1&citadel=0&urban_castle=0&hub=0&plaza=0&greens=0&temple=0&walls=0&shantytown=0&style=natural
316,Cenver,Olicargan,Olicargan County,Abergia,Kingdom of Abergia,Keltan,Tamanian Heresy,village,5268,923.19,571.99,17.75,15.37,324,18°C,Barcelona (Spain),,,citadel,,,,,{t1:argent;charges:[{charge:heron;t:gules;p:e;t2:gules;size:1.5}];shield:oval},https://watabou.github.io/village-generator/?pop=5268&name=Cenver&seed=2563131000316&width=1600&height=780&style=default&tags=highway%2Cfarmland%2Cno+square%2Cdense
317,Yalekinse,Yeneri,Yeneri Seneschalty,Boy,Boyan Khaganate,Turchian,Kocapism,village,8592,563.5,263.73,32.49,-1.84,9,11°C,Antwerp (Belgium),,,,,,,,{t1:purpure;division:{division:perFess;t:or;line:engrailed};shield:round},https://watabou.github.io/village-generator/?pop=8592&name=Yalekinse&seed=2563131000317&width=1600&height=780&style=default&tags=isolated%2Cno+square%2Cdense
318,Bilkut,Ayaneli,Ayaneli County,Boy,Boyan Khaganate,Turchian,Kocapism,village,953,598.08,433.66,24.37,-0.19,16,16°C,Dubrovnik (Croatia),,,,,,,,{t1:gules;ordinaries:[{ordinary:gore;t:argent}];shield:round},https://watabou.github.io/village-generator/?pop=953&name=Bilkut&seed=2563131000318&width=1000&height=488&style=default&tags=river%2Cisolated%2Cno+square%2Cdense
319,Info,Kut,Kut County,Abergia,Kingdom of Abergia,Keltan,Bramburghism,town,222,921.12,435.36,24.29,15.27,324,14°C,Washington (D.C.),,,,,,,,{t1:gules;charges:[{charge:lionHeadErased;t:argent;p:jlh;t2:argent;size:0.7}];shield:oval},https://watabou.github.io/city-generator/?name=Info&population=222&size=8&seed=2563131000319&river=0&coast=0&farms=0&citadel=0&urban_castle=0&hub=0&plaza=0&greens=0&temple=0&walls=0&shantytown=0&style=natural
320,Aberviere,Invermainia,Invermainia County,Abergia,Kingdom of Abergia,Keltan,Bramburghism,town,4235,870.36,517.04,20.38,12.84,529,15°C,Rome (Italy),,,,,,,,{t1:azure;ordinaries:[{ordinary:bordure;t:or}];shield:oval},https://watabou.github.io/city-generator/?name=Aberviere&population=4235&size=22&seed=2563131000320&river=0&coast=0&farms=1&citadel=0&urban_castle=0&hub=0&plaza=0&greens=0&temple=0&walls=0&shantytown=0&style=natural
321,Rocqualia,Conterra,Conterra County,Aciasecia,Principality of Aciasecia,Tallian,Faith of Fateaux,city,866,191.22,498.18,21.28,-19.65,324,16°C,Dubrovnik (Croatia),,,,,,,,{t1:purpure;charges:[{charge:snake;t:argent;p:e;t2:argent;size:1.5}];shield:horsehead},https://watabou.github.io/city-generator/?name=Rocqualia&population=866&size=12&seed=2563131000321&river=0&coast=0&farms=1&citadel=0&urban_castle=0&hub=0&plaza=0&greens=0&temple=0&walls=0&shantytown=0&style=natural
322,Montcraynes,Montcraynes,Montcraynes Margrave,Sounevandilia,Duchy of Sounevandilia,Luari,Faith of Fateaux,city,5124,56.68,476.91,22.3,-26.09,64,17°C,Lisbon (Portugal),,,citadel,walls,plaza,temple,shanty town,{t1:or;division:{division:perChevron;t:azure;line:straight};charges:[{charge:bridge;t:sable;p:dfbh;divided:counter;size:0.5}];shield:french},https://watabou.github.io/city-generator/?name=Montcraynes&population=5124&size=24&seed=2563131000322&river=0&coast=0&farms=1&citadel=1&urban_castle=1&hub=0&plaza=1&greens=1&temple=1&walls=1&shantytown=1&style=natural
323,Alkaboy,Dodurbyurt,Dodurbyurt County,Sazkyurt,Beylik of Sazkyurt,Turchian,Kocapism,city,3019,330.59,530.65,19.73,-12.98,196,18°C,Barcelona (Spain),,,citadel,walls,,temple,,{t1:azure;ordinaries:[{ordinary:fessDoubleCotissed;t:argent;line:straight}];charges:[{charge:falcon;t:azure;p:e;t2:azure;t3:azure;size:0.7}];shield:round},https://watabou.github.io/city-generator/?name=Alkaboy&population=3019&size=20&seed=2563131000323&river=0&coast=0&farms=1&citadel=1&urban_castle=0&hub=0&plaza=0&greens=0&temple=1&walls=1&shantytown=0&style=natural
324,Cepesen,Kut,Kut County,Abergia,Kingdom of Abergia,Turchian,Bramburghism,town,1541,916.18,432.24,24.44,15.03,169,15°C,Rome (Italy),,,,,,,,{t1:purpure;charges:[{charge:lozengePloye;t:argent;p:e;size:1.5}];shield:round},https://watabou.github.io/city-generator/?name=Cepesen&population=1541&size=15&seed=2563131000324&river=1&coast=0&farms=1&citadel=0&urban_castle=0&hub=0&plaza=0&greens=0&temple=0&walls=0&shantytown=0&style=natural
325,Perstable,Maldock,Maldock County,Stansburia,Stansburian Empire,Angshire,Bramburghism,town,3161,907.01,313.5,30.11,14.59,289,10°C,London (England),,port,,,,,,{t1:argent;charges:[{charge:dolphin;t:azure;p:e;t2:azure;size:1.5}];shield:wedged},https://watabou.github.io/city-generator/?name=Perstable&population=3161&size=20&seed=2563131000325&river=1&coast=1&farms=1&citadel=0&urban_castle=0&hub=0&plaza=0&greens=0&temple=0&walls=0&shantytown=0&style=natural
326,Berton,Berton,Berton County,Stansburia,Stansburian Empire,Angshire,Kocapism,city,6326,787.38,292.93,31.1,8.87,64,12°C,Paris (France),,,,walls,,,,{t1:gules;ordinaries:[{ordinary:bordure;t:or}];charges:[{charge:goutte;t:gules;p:ABCDEFGHIJKL;size:0.18};{charge:crown;t:or;p:e;size:1.1}];shield:wedged},https://watabou.github.io/city-generator/?name=Berton&population=6326&size=26&seed=2563131000326&river=1&coast=0&farms=1&citadel=0&urban_castle=0&hub=0&plaza=0&greens=0&temple=0&walls=1&shantytown=0&style=natural
327,Hvamsund,Hvamsund,Hvamsund Area,Puines,Puinian Theocracy,Norse,Stamsan Pantheon,town,1657,151.11,188.19,36.1,-21.57,16,9°C,Copenhagen (Denmark),,,,,,,,{t1:argent;ordinaries:[{ordinary:bendSinister;t:azure;line:wavy}];charges:[{charge:key;t:argent;p:e;size:0.7}];shield:heater},https://watabou.github.io/city-generator/?name=Hvamsund&population=1657&size=16&seed=2563131000327&river=0&coast=0&farms=1&citadel=0&urban_castle=0&hub=0&plaza=0&greens=0&temple=0&walls=0&shantytown=0&style=natural
328,Portswest,Linbury,Linbury County,Stansburia,Stansburian Empire,Angshire,Bramburghism,village,575,898.72,313.4,30.12,14.2,289,10°C,London (England),,,,,,,,{t1:azure;division:{division:perCross;t:argent;line:straight};shield:wedged},https://watabou.github.io/village-generator/?pop=575&name=Portswest&seed=2563131000328&width=1000&height=488&style=default&tags=highway%2Cno+square%2Cdense
329,Bolvi,Sezesezia,Sezesezia County,Aciasecia,Principality of Aciasecia,Tallian,Faith of Fateaux,village,569,245.44,460.98,23.06,-17.06,361,15°C,Rome (Italy),,,,,,,,{t1:azure;division:{division:perCross;t:argent;line:potentySinister};charges:[{charge:angel;t:or;p:jl;t2:or;size:0.7}];shield:horsehead},https://watabou.github.io/village-generator/?pop=569&name=Bolvi&seed=2563131000329&width=1000&height=488&style=default&tags=dead+end%2Cno+square%2Cdense
330,Kordu,Eriyurt,Eriyurt Shire,Boy,Boyan Khaganate,Turchian,Kocapism,town,711,734.51,379.08,26.98,6.34,81,13°C,Milan (Italy),,port,,walls,,,,{t1:or;division:{division:perPale;t:gules;line:invecked};charges:[{charge:rustre;t:azure;p:ABCDEFGHIJKL;t2:azure;t3:purpure;size:0.18};{charge:lionHeadCaboshed;t:purpure;p:e;size:1.5}];shield:round},https://watabou.github.io/city-generator/?name=Kordu&population=711&size=11&seed=2563131000330&river=0&coast=1&farms=1&citadel=0&urban_castle=0&hub=1&plaza=0&greens=0&temple=0&walls=1&shantytown=0&style=natural&sea=0.86
331,Todttenlin,Schopenbach,Schopenbach Territory,Malscken,Grand Duchy of Malscken,Shwazen,Shwazen Religion,town,1136,287.86,466.4,22.8,-15.03,100,16°C,Dubrovnik (Croatia),,,,,,,,{t1:gules;charges:[{charge:wolfRampant;t:argent;p:e;t2:argent;t3:argent;size:1.5}];shield:swiss},https://watabou.github.io/city-generator/?name=Todttenlin&population=1136&size=14&seed=2563131000331&river=0&coast=0&farms=1&citadel=0&urban_castle=0&hub=0&plaza=0&greens=0&temple=0&walls=0&shantytown=0&style=natural
333,Yaltayla,Yayaztopyurt,Yayaztopyurt County,Boy,Boyan Khaganate,Turchian,Kocapism,city,12462,614.2,484.39,21.94,0.58,9,17°C,Lisbon (Portugal),,port,,walls,,,,{t1:azure;charges:[{charge:anchor;t:argent;p:e;size:1.5}];shield:round},https://watabou.github.io/city-generator/?name=Yaltayla&population=12462&size=34&seed=2563131000333&river=0&coast=1&farms=1&citadel=0&urban_castle=0&hub=0&plaza=0&greens=0&temple=0&walls=1&shantytown=0&style=natural&sea=1.48
334,Koba,Sarprakdi,Sarprakdi Seneschalty,Boy,Boyan Khaganate,Turchian,Kocapism,town,4013,472.58,346.42,28.54,-6.19,324,11°C,Antwerp (Belgium),,,,,,,,{t1:masoned-argent-purpure-small;charges:[{charge:sabre;t:gules;p:e;t2:gules;size:1.5}];shield:round},https://watabou.github.io/city-generator/?name=Koba&population=4013&size=22&seed=2563131000334&river=0&coast=0&farms=1&citadel=0&urban_castle=0&hub=0&plaza=0&greens=0&temple=0&walls=0&shantytown=0&style=natural
335,Pospo,Giupolia,Giupolia Territory,Chuelia,Diocese of Chuelia,Tallian,Faith of Fateaux,town,896,152,519.81,20.25,-21.53,64,18°C,Barcelona (Spain),,,,walls,,,,{t1:gules;division:{division:perChevron;t:argent;line:straight};charges:[{charge:lionRampant;t:or;p:bdefh;t2:or;t3:or;divided:counter;size:0.4}];shield:horsehead},https://watabou.github.io/city-generator/?name=Pospo&population=896&size=13&seed=2563131000335&river=0&coast=0&farms=1&citadel=0&urban_castle=0&hub=0&plaza=0&greens=0&temple=0&walls=1&shantytown=0&style=natural
336,Milcara,Heruesia,Heruesia County,Sazkyurt,Beylik of Sazkyurt,Astellian,Astellian Beliefs,village,576,467.72,708.22,11.24,-6.42,4,22°C,Guangzhou (China),,,,,,,,{t1:purpure;charges:[{charge:inescutcheon;t:argent;p:jln;size:0.7};{charge:grapeBunch2;t:gules;p:jln;size:0.35}];shield:spanish},https://watabou.github.io/village-generator/?pop=576&name=Milcara&seed=2563131000336&width=1000&height=488&style=default&tags=isolated%2Cno+square%2Cdense
337,Klovs,Klovs,Klovs County,Boy,Boyan Khaganate,Soumi,Kocapism,city,4983,458.94,174.44,36.76,-6.84,25,8°C,Prague (Czechia),,port,,,,,,{t1:argent;charges:[{charge:caravel;t:sable;p:e;t2:sable;t3:vert;size:1.5}];shield:pavise},https://watabou.github.io/city-generator/?name=Klovs&population=4983&size=24&seed=2563131000337&river=0&coast=1&farms=1&citadel=0&urban_castle=0&hub=0&plaza=0&greens=0&temple=0&walls=0&shantytown=0&style=natural&sea=1.05
338,Imbros,Degaicarnia,Degaicarnia Shire,Peina,Principality of Peina,Elladan,Tamanian Heresy,town,620,1003.96,578.46,17.44,19.23,49,20°C,Alexandria (Egypt),,,,,,,,{t1:azure;charges:[{charge:roundel;t:or;p:abcdefgzi;size:0.3}];shield:boeotian},https://watabou.github.io/city-generator/?name=Imbros&population=620&size=11&seed=2563131000338&river=1&coast=0&farms=1&citadel=0&urban_castle=0&hub=0&plaza=0&greens=0&temple=0&walls=0&shantytown=0&style=natural
339,Poyvarlake,Bozesbyurt,Bozesbyurt Area,Yerinte,Imamah of Yerinte,Turchian,Kocapism,town,2816,418.66,493.57,21.5,-8.77,169,17°C,Lisbon (Portugal),,,,walls,,,,{t1:or;ordinaries:[{ordinary:cross;t:azure;line:wavy}];charges:[{charge:centaur;t:argent;p:beh;t2:azure;t3:argent;size:0.3}];shield:round},https://watabou.github.io/city-generator/?name=Poyvarlake&population=2816&size=19&seed=2563131000339&river=0&coast=0&farms=1&citadel=0&urban_castle=0&hub=0&plaza=0&greens=0&temple=0&walls=1&shantytown=0&style=natural
340,Fatesfield,Hitchia,Hitchia County,Peina,Principality of Peina,Angshire,Tamanian Heresy,town,9574,1004.76,501.2,21.14,19.27,961,12°C,Paris (France),,,,,plaza,,,{t1:gules;ordinaries:[{ordinary:chevron;t:argent}];charges:[{charge:grapeBunch;t:azure;p:ach;t2:azure;t3:or;size:0.5}];shield:wedged},https://watabou.github.io/city-generator/?name=Fatesfield&population=9574&size=30&seed=2563131000340&river=0&coast=0&farms=1&citadel=0&urban_castle=0&hub=0&plaza=1&greens=1&temple=0&walls=0&shantytown=0&style=natural
341,Dunsterford,Searesham,Searesham Parish,Orporpor,Orporpor Theocracy,Angshire,Bramburghism,town,7339,1122.29,376.21,27.11,24.89,49,14°C,Washington (D.C.),,,,,,,,{t1:argent;ordinaries:[{ordinary:chevronReversed;t:gules}];shield:wedged},https://watabou.github.io/city-generator/?name=Dunsterford&population=7339&size=28&seed=2563131000341&river=0&coast=0&farms=1&citadel=0&urban_castle=0&hub=1&plaza=0&greens=0&temple=0&walls=0&shantytown=0&style=natural
342,Timancheauzo,Timancheauzo,Timancheauzo County,Sounevandilia,Duchy of Sounevandilia,Luari,Faith of Fateaux,city,1504,61.55,454.62,23.37,-25.86,4,16°C,Dubrovnik (Croatia),,port,citadel,walls,,,,{t1:azure;division:{division:perPale;t:or;line:straight};charges:[{charge:badgerStatant;t:argent;p:p;t2:argent;size:0.7};{charge:crossHummetty;t:gules;p:q;size:0.7}];shield:french},https://watabou.github.io/city-generator/?name=Timancheauzo&population=1504&size=15&seed=2563131000342&river=0&coast=1&farms=1&citadel=1&urban_castle=1&hub=0&plaza=0&greens=0&temple=0&walls=1&shantytown=0&style=natural
343,Dovakardu,New Ayayruzun,New Ayayruzun Colony,Yerinte,Imamah of Yerinte,Turchian,Kocapism,town,5703,602.1,553.5,18.64,0,25,19°C,Marrakesh (Morocco),,,,walls,,,,{t1:sable;charges:[{charge:crosier;t:argent;p:jln;size:0.7}];shield:round},https://watabou.github.io/city-generator/?name=Dovakardu&population=5703&size=25&seed=2563131000343&river=0&coast=0&farms=1&citadel=0&urban_castle=0&hub=0&plaza=0&greens=0&temple=0&walls=1&shantytown=0&style=natural
344,Abeynak,Abeynak,Abeynak Shire,Boy,Boyan Khaganate,Turchian,Kocapism,town,3190,507.27,199.86,35.54,-4.53,81,8°C,Prague (Czechia),,,,,,,,{t1:azure;division:{division:perBend;t:argent;line:straight};charges:[{charge:sickle;t:or;p:l;t2:or;size:0.7};{charge:heron;t:gules;p:m;size:0.7}];shield:round},https://watabou.github.io/city-generator/?name=Abeynak&population=3190&size=20&seed=2563131000344&river=1&coast=0&farms=1&citadel=0&urban_castle=0&hub=0&plaza=0&greens=0&temple=0&walls=0&shantytown=0&style=natural
345,Colina,Celleparno,Celleparno County,Aciasecia,Principality of Aciasecia,Romian,Faith of Fateaux,town,651,136.55,595.43,16.63,-22.27,9,21°C,Tegucigalpa (Honduras),,port,,,,,,{t1:gules;charges:[{charge:trowel;t:argent;p:e;t2:argent;size:1.5}];shield:roman},https://watabou.github.io/city-generator/?name=Colina&population=651&size=11&seed=2563131000345&river=0&coast=1&farms=1&citadel=0&urban_castle=0&hub=0&plaza=0&greens=0&temple=0&walls=0&shantytown=0&style=natural&sea=0.09
346,Lovakapemi,Askia,Askia County,Boy,Boyan Khaganate,Soumi,Kocapism,city,2688,475.37,145.35,38.15,-6.06,196,6°C,Stockholm (Sweden),,port,citadel,walls,,temple,,{t1:argent;division:{division:perPale;t:palyBendy-sable-or;line:nowyReversed};charges:[{charge:roundel;t:azure;p:p;size:0.7};{charge:talbotSejant;t:azure;p:q;size:0.7}];shield:pavise},https://watabou.github.io/city-generator/?name=Lovakapemi&population=2688&size=19&seed=2563131000346&river=0&coast=1&farms=0&citadel=1&urban_castle=1&hub=0&plaza=0&greens=0&temple=1&walls=1&shantytown=0&style=natural&sea=1.04
347,Vogoshichi,Draxtedia,Draxtedia County,Sagelia,Grand Duchy of Sagelia,Slovan,Bramburghism,town,9118,994.25,315.61,30.01,18.77,100,12°C,Paris (France),,,,,,,,{t1:argent;ordinaries:[{ordinary:bend;t:azure;line:rayonne}];charges:[{charge:crossMaltese;t:argent;p:joe;size:0.5}];shield:polish},https://watabou.github.io/city-generator/?name=Vogoshichi&population=9118&size=30&seed=2563131000347&river=1&coast=0&farms=1&citadel=0&urban_castle=0&hub=0&plaza=0&greens=0&temple=0&walls=0&shantytown=0&style=natural
348,Vantignelly,Fonces,Fonces Land,Puines,Puinian Theocracy,Luari,Luari Doctrine,town,527,189.92,385.94,26.65,-19.71,961,9°C,Copenhagen (Denmark),,,,,,,,{t1:azure;charges:[{charge:billet;t:argent;p:jln;size:0.7}];shield:french},https://watabou.github.io/city-generator/?name=Vantignelly&population=527&size=10&seed=2563131000348&river=0&coast=0&farms=0&citadel=0&urban_castle=0&hub=0&plaza=0&greens=0&temple=0&walls=0&shantytown=0&style=natural
349,Dampiergis,Sannessas,Sannessas Parish,Puines,Puinian Theocracy,Luari,Luari Doctrine,town,6559,54,370.59,27.38,-26.22,16,14°C,Washington (D.C.),,,,,plaza,,,{t1:gules;ordinaries:[{ordinary:gore;t:or}];charges:[{charge:triangle;t:argent;p:kn;size:0.7}];shield:french},https://watabou.github.io/city-generator/?name=Dampiergis&population=6559&size=26&seed=2563131000349&river=0&coast=0&farms=1&citadel=0&urban_castle=0&hub=0&plaza=1&greens=1&temple=0&walls=0&shantytown=0&style=natural
350,Skiptonbury,Skiptonbury,Skiptonbury Parish,Orporpor,Orporpor Theocracy,Angshire,Bramburghism,city,1714,1060.94,392.34,26.34,21.96,484,12°C,Paris (France),,port,citadel,walls,plaza,,,{t1:or;charges:[{charge:caravel;t:azure;p:e;t2:azure;t3:azure;size:1.5}];shield:wedged},https://watabou.github.io/city-generator/?name=Skiptonbury&population=1714&size=16&seed=2563131000350&river=0&coast=1&farms=0&citadel=1&urban_castle=1&hub=0&plaza=1&greens=1&temple=0&walls=1&shantytown=0&style=natural&sea=1.39
351,Setivias,Hertegia,Hertegia Margrave,Alprakeli,Alprakelian Horde,Astellian,Kocapism,town,765,408.52,611.42,15.87,-9.26,576,17°C,Lisbon (Portugal),,,,,,,,{t1:argent;ordinaries:[{ordinary:pale;t:sable;line:straight}];charges:[{charge:cowHorns;t:argent;p:kn;size:0.7}];shield:spanish},https://watabou.github.io/city-generator/?name=Setivias&population=765&size=12&seed=2563131000351&river=0&coast=0&farms=1&citadel=0&urban_castle=0&hub=0&plaza=0&greens=0&temple=0&walls=0&shantytown=0&style=natural
352,Solias,Buykuteli,Buykuteli County,Alprakeli,Alprakelian Horde,Astellian,Kocapism,town,1791,394.05,580.9,17.33,-9.95,1156,12°C,Paris (France),,,,,,,,{t1:or;division:{division:perFess;t:azure;line:wavy};charges:[{charge:grenade;t:sable;p:k;t2:sable;size:0.7};{charge:bearPassant;t:argent;p:n;size:0.7}];shield:spanish},https://watabou.github.io/city-generator/?name=Solias&population=1791&size=16&seed=2563131000352&river=0&coast=0&farms=1&citadel=0&urban_castle=0&hub=0&plaza=0&greens=0&temple=0&walls=0&shantytown=0&style=natural
353,Yazteliko,Bozesbyurt,Bozesbyurt Area,Yerinte,Imamah of Yerinte,Turchian,Kocapism,town,798,419.68,469.15,22.67,-8.72,361,15°C,Rome (Italy),,,,,,,,{t1:sable;ordinaries:[{ordinary:pallReversed;t:or}];charges:[{charge:horseshoe;t:gules;p:bemo;size:0.5}];shield:round},https://watabou.github.io/city-generator/?name=Yazteliko&population=798&size=12&seed=2563131000353&river=0&coast=0&farms=1&citadel=0&urban_castle=0&hub=0&plaza=0&greens=0&temple=0&walls=0&shantytown=0&style=natural
354,Horstad,Haudenster,Haudenster Earldom,Malscken,Grand Duchy of Malscken,Shwazen,Shwazen Religion,town,1859,395.82,462.99,22.97,-9.86,676,13°C,Milan (Italy),,,citadel,,,,,{t1:or;ordinaries:[{ordinary:pileInBend;t:gules}];charges:[{charge:scalesHanging;t:argent;p:eo;size:0.5}];shield:swiss},https://watabou.github.io/city-generator/?name=Horstad&population=1859&size=16&seed=2563131000354&river=0&coast=0&farms=1&citadel=1&urban_castle=1&hub=0&plaza=0&greens=0&temple=0&walls=0&shantytown=0&style=natural
355,Sasterwihl,Oteria,Oteria Barony,Malscken,Grand Duchy of Malscken,Shwazen,Shwazen Religion,village,596,382.64,468.62,22.7,-10.49,9,17°C,Lisbon (Portugal),,,,,,,,{t1:argent;ordinaries:[{ordinary:pileInBend;t:azure}];charges:[{charge:lochaberAxe;t:argent;p:eo;t2:argent;size:0.5}];shield:swiss},https://watabou.github.io/village-generator/?pop=596&name=Sasterwihl&seed=2563131000355&width=1000&height=488&style=default&tags=highway%2Cfarmland%2Cno+square%2Cdense
356,Silja,Raritavori,Raritavori Parish,Turanmaa,Turanmaan Theocracy,Soumi,Kocapism,town,7283,414.12,175.39,36.71,-8.99,256,6°C,Stockholm (Sweden),,port,,,plaza,,,{t1:argent;charges:[{charge:parrot;t:purpure;p:e;t2:purpure;size:1.5}];shield:pavise},https://watabou.github.io/city-generator/?name=Silja&population=7283&size=27&seed=2563131000356&river=0&coast=1&farms=1&citadel=0&urban_castle=0&hub=0&plaza=1&greens=1&temple=0&walls=0&shantytown=0&style=natural&sea=1.25
357,Dungay,Southeria,Southeria Earldom,Stansburia,Stansburian Empire,Angshire,Kocapism,city,3720,792.62,240.74,33.59,9.12,9,10°C,London (England),,port,citadel,walls,plaza,,,{t1:gules;charges:[{charge:drakkar;t:or;p:e;t2:or;t3:or;size:1.5}];shield:wedged},https://watabou.github.io/city-generator/?name=Dungay&population=3720&size=21&seed=2563131000357&river=0&coast=1&farms=1&citadel=1&urban_castle=0&hub=1&plaza=1&greens=1&temple=0&walls=1&shantytown=0&style=natural&sea=1.74
358,Erdura,Aslanseli,Aslanseli Barony,Boy,Boyan Khaganate,Turchian,Kocapism,town,6017,569.13,450.51,23.56,-1.57,9,16°C,Dubrovnik (Croatia),,,,,,,,{t1:purpure;division:{division:perCross;t:or;line:straight};shield:round},https://watabou.github.io/city-generator/?name=Erdura&population=6017&size=26&seed=2563131000358&river=0&coast=0&farms=1&citadel=0&urban_castle=0&hub=0&plaza=0&greens=0&temple=0&walls=0&shantytown=0&style=natural
359,Kindal,North,North Earldom,Stansburia,Stansburian Empire,Angshire,Bramburghism,village,884,830.93,301.98,30.66,10.95,16,12°C,Paris (France),,,,,,,,{t1:argent;division:{division:perCross;t:gules;line:bevilled};charges:[{charge:armEmbowedHoldingSabre;t:vert;p:e;t2:sable;t3:vert;size:1.5}];shield:wedged},https://watabou.github.io/village-generator/?pop=884&name=Kindal&seed=2563131000359&width=1000&height=488&style=default&tags=highway%2Cno+square%2Cdense
360,Laufenwei,Hagendorf,Hagendorf Parish,Fischrenia,Bishopric of Fischrenia,Shwazen,Shwazen Religion,town,2224,269.8,436.82,24.22,-15.89,361,14°C,Washington (D.C.),,,,,,,,{t1:gules;ordinaries:[{ordinary:saltireParted;t:or;line:embattled}];shield:swiss},https://watabou.github.io/city-generator/?name=Laufenwei&population=2224&size=18&seed=2563131000360&river=0&coast=0&farms=1&citadel=0&urban_castle=0&hub=1&plaza=0&greens=0&temple=0&walls=0&shantytown=0&style=natural
361,Alte,Azozesbey,Azozesbey Parish,Yerinte,Imamah of Yerinte,Turchian,Yerinish Creed,town,6175,464.94,541.15,19.23,-6.56,144,18°C,Barcelona (Spain),,,,,,,,{t1:sable;division:{division:perChevronReversed;t:or;line:embattledGhibellin};shield:round},https://watabou.github.io/city-generator/?name=Alte&population=6175&size=26&seed=2563131000361&river=1&coast=0&farms=1&citadel=0&urban_castle=0&hub=0&plaza=0&greens=0&temple=0&walls=0&shantytown=0&style=natural
362,Zubarratzun,Errerangia,Errerangia Territory,Abergia,Kingdom of Abergia,Euskati,Tamanian Heresy,town,6639,944.19,672.12,12.97,16.37,16,22°C,Guangzhou (China),,port,,,,,,{t1:azure;ordinaries:[{ordinary:gemelle;t:or;line:embattledGrady}];charges:[{charge:fleurDeLis;t:argent;p:abc;size:0.5}];shield:oldFrench},https://watabou.github.io/city-generator/?name=Zubarratzun&population=6639&size=26&seed=2563131000362&river=1&coast=1&farms=1&citadel=0&urban_castle=0&hub=0&plaza=0&greens=0&temple=0&walls=0&shantytown=0&style=natural&sea=1.48
363,Sances,Sannessas,Sannessas Parish,Puines,Puinian Theocracy,Luari,Luari Doctrine,town,878,69.32,368.74,27.47,-25.48,49,14°C,Washington (D.C.),,,,,plaza,,,{t1:argent;ordinaries:[{ordinary:pale;t:vert;line:straight}];charges:[{charge:inescutcheon;t:argent;p:beh;size:0.5};{charge:hatchet;t:sable;p:beh;size:0.25}];shield:french},https://watabou.github.io/city-generator/?name=Sances&population=878&size=12&seed=2563131000363&river=0&coast=0&farms=1&citadel=0&urban_castle=0&hub=0&plaza=1&greens=1&temple=0&walls=0&shantytown=0&style=natural
364,Chegonok,Roskia,Roskia County,Sagelia,Grand Duchy of Sagelia,Slovan,Bramburghism,town,8980,970.24,308.59,30.35,17.62,441,9°C,Copenhagen (Denmark),,,,,,,,{t1:argent;ordinaries:[{ordinary:canton;t:gules}];charges:[{charge:sword;t:argent;p:y;t2:argent;size:0.5}];shield:polish},https://watabou.github.io/city-generator/?name=Chegonok&population=8980&size=30&seed=2563131000364&river=0&coast=0&farms=1&citadel=0&urban_castle=0&hub=0&plaza=0&greens=0&temple=0&walls=0&shantytown=0&style=natural
365,Oneparzo,Manoce,Manoce Deanery,Chuelia,Diocese of Chuelia,Tallian,Faith of Fateaux,town,855,136.4,504.5,20.98,-22.27,324,16°C,Dubrovnik (Croatia),,,,,,,,{t1:gules;charges:[{charge:crossCalvary;t:argent;p:e;size:1.5}];shield:horsehead},https://watabou.github.io/city-generator/?name=Oneparzo&population=855&size=12&seed=2563131000365&river=0&coast=0&farms=1&citadel=0&urban_castle=0&hub=0&plaza=0&greens=0&temple=0&walls=0&shantytown=0&style=natural
366,Aten,Aberporth,Aberporth Parish,Aberleith,Thearchy of Aberleith,Keltan,Treaberlese Pantheon,town,925,773.3,526.1,19.95,8.2,100,18°C,Barcelona (Spain),,,,,,,,{t1:gules;division:{division:perCross;t:argent;line:potentySinister};ordinaries:[{ordinary:canton;t:or}];shield:oval},https://watabou.github.io/city-generator/?name=Aten&population=925&size=13&seed=2563131000366&river=0&coast=0&farms=1&citadel=0&urban_castle=0&hub=0&plaza=0&greens=0&temple=0&walls=0&shantytown=0&style=natural
367,Marquilles,Marquilles,Marquilles Parish,Puines,Puinian Theocracy,Luari,Luari Doctrine,town,8662,124.24,397.94,26.07,-22.86,4,15°C,Rome (Italy),,,,walls,,,,{t1:azure;charges:[{charge:cavalier;t:argent;p:e;t2:argent;t3:argent;size:1.5}];shield:french},https://watabou.github.io/city-generator/?name=Marquilles&population=8662&size=29&seed=2563131000367&river=0&coast=0&farms=1&citadel=0&urban_castle=0&hub=0&plaza=0&greens=0&temple=0&walls=1&shantytown=0&style=natural
368,Serdemka,Soniatania,Soniatania Land,Aciasecia,Principality of Aciasecia,Turchian,Faith of Fateaux,town,426,255.38,517.17,20.37,-16.58,2304,3°C,Tromsø (Norway),,,,walls,,,,{t1:argent;charges:[{charge:compassRose;t:purpure;p:e;size:1.5}];shield:round},https://watabou.github.io/city-generator/?name=Serdemka&population=426&size=10&seed=2563131000368&river=0&coast=0&farms=0&citadel=0&urban_castle=0&hub=0&plaza=0&greens=0&temple=0&walls=1&shantytown=0&style=natural
369,Opengenzen,Munsbach,Munsbach Earldom,Malscken,Grand Duchy of Malscken,Shwazen,Shwazen Religion,town,9501,342.99,482.76,22.02,-12.39,961,11°C,Antwerp (Belgium),,,citadel,,,,,{t1:purpure;division:{division:perChevronReversed;t:argent;line:barby};charges:[{charge:key;t:or;p:dfbh;size:0.5}];shield:swiss},https://watabou.github.io/city-generator/?name=Opengenzen&population=9501&size=30&seed=2563131000369&river=0&coast=0&farms=1&citadel=1&urban_castle=0&hub=0&plaza=0&greens=0&temple=0&walls=0&shantytown=0&style=natural
370,Braberctare,Braberctare,Braberctare Parish,Aberleith,Thearchy of Aberleith,Keltan,Treaberlese Pantheon,town,4612,743.54,490.35,21.66,6.77,441,15°C,Rome (Italy),,,,,,,,{t1:sable;ordinaries:[{ordinary:cross;t:argent;line:rayonne}];charges:[{charge:rustre;t:argent;p:acgi;size:0.5}];shield:oval},https://watabou.github.io/city-generator/?name=Braberctare&population=4612&size=23&seed=2563131000370&river=0&coast=0&farms=1&citadel=0&urban_castle=0&hub=0&plaza=0&greens=0&temple=0&walls=0&shantytown=0&style=natural
371,Atarnura,Alprak,Alprak Area,Yerinte,Imamah of Yerinte,Turchian,Yerinish Creed,town,6994,528.4,503.18,21.04,-3.52,25,18°C,Barcelona (Spain),,,,,,,,{t1:sable;charges:[{charge:crown;t:argent;p:jln;t2:argent;size:0.7}];shield:round},https://watabou.github.io/city-generator/?name=Atarnura&population=6994&size=27&seed=2563131000371&river=0&coast=0&farms=1&citadel=0&urban_castle=0&hub=0&plaza=0&greens=0&temple=0&walls=0&shantytown=0&style=natural
372,Shifton,Altnesterby,Altnesterby Territory,Orporpor,Orporpor Theocracy,Angshire,Bramburghism,town,9090,1171.24,404.85,25.74,27.23,25,15°C,Rome (Italy),,,,,plaza,,,{t1:ermine-argent-sable-small;charges:[{charge:lochaberAxe;t:azure;p:e;t2:azure;size:1.5}];shield:wedged},https://watabou.github.io/city-generator/?name=Shifton&population=9090&size=30&seed=2563131000372&river=1&coast=0&farms=1&citadel=0&urban_castle=0&hub=0&plaza=1&greens=1&temple=0&walls=0&shantytown=0&style=natural
373,Chios,Totestable,Totestable Region,Peina,Principality of Peina,Elladan,Tamanian Heresy,town,935,1059.12,488.36,21.75,21.87,1296,10°C,London (England),,,,,,,,{t1:purpure;division:{division:perPale;t:or;line:straight};charges:[{charge:roundel;t:argent;p:e;divided:field;size:1.5};{charge:fleurDeLis;t:vert;p:e;divided:division;size:1.5}];shield:boeotian},https://watabou.github.io/city-generator/?name=Chios&population=935&size=13&seed=2563131000373&river=0&coast=0&farms=1&citadel=0&urban_castle=0&hub=0&plaza=0&greens=0&temple=0&walls=0&shantytown=0&style=natural
374,Villesmonts,Timancheauzo,Timancheauzo County,Sounevandilia,Duchy of Sounevandilia,Luari,Faith of Fateaux,town,3517,74.99,464.94,22.87,-25.21,81,16°C,Dubrovnik (Croatia),,,,,,,,{t1:gules;charges:[{charge:bowWithThreeArrows;t:or;p:e;t2:or;t3:or;size:1.5}];shield:french},https://watabou.github.io/city-generator/?name=Villesmonts&population=3517&size=21&seed=2563131000374&river=0&coast=0&farms=1&citadel=0&urban_castle=0&hub=0&plaza=0&greens=0&temple=0&walls=0&shantytown=0&style=natural
375,Fonta,Conterra,Conterra County,Aciasecia,Principality of Aciasecia,Tallian,Faith of Fateaux,town,9412,191.87,511.47,20.65,-19.62,784,13°C,Milan (Italy),,,,,,,,{t1:purpure;division:{division:perPile;t:or;line:straight};charges:[{charge:crossMaltese;t:argent;p:jleh;divided:counter;size:0.5}];shield:horsehead},https://watabou.github.io/city-generator/?name=Fonta&population=9412&size=30&seed=2563131000375&river=0&coast=0&farms=1&citadel=0&urban_castle=0&hub=0&plaza=0&greens=0&temple=0&walls=0&shantytown=0&style=natural
376,Charton,Kirbuteria,Kirbuteria Earldom,Sagelia,Grand Duchy of Sagelia,Angshire,Bramburghism,town,994,1024.32,291.78,31.15,20.2,529,9°C,Copenhagen (Denmark),,,citadel,,,,,{t1:gules;division:{division:perFess;t:azure;line:straight};charges:[{charge:lozenge;t:argent;p:ABCDEFGHIJKL;t2:argent;size:0.18};{charge:eagleTwoHeads;t:argent;p:e;size:1.5}];shield:wedged},https://watabou.github.io/city-generator/?name=Charton&population=994&size=13&seed=2563131000376&river=0&coast=0&farms=1&citadel=1&urban_castle=1&hub=0&plaza=0&greens=0&temple=0&walls=0&shantytown=0&style=natural
377,Cormontene,Batiliersia,Batiliersia Territory,Sounevandilia,Duchy of Sounevandilia,Luari,Faith of Fateaux,town,3256,86.69,467.77,22.74,-24.65,64,17°C,Lisbon (Portugal),,,,,,,,{t1:barry-argent-gules;division:{division:perPale;t:vert;line:straight};shield:french},https://watabou.github.io/city-generator/?name=Cormontene&population=3256&size=20&seed=2563131000377&river=0&coast=0&farms=1&citadel=0&urban_castle=0&hub=0&plaza=0&greens=0&temple=0&walls=0&shantytown=0&style=natural
378,Yeneri,Yeneri,Yeneri Seneschalty,Boy,Boyan Khaganate,Turchian,Kocapism,town,7987,563.8,261.38,32.6,-1.83,9,11°C,Antwerp (Belgium),,port,,walls,,,,{t1:purpure;charges:[{charge:cock;t:argent;p:jln;t2:argent;t3:argent;size:0.7}];shield:round},https://watabou.github.io/city-generator/?name=Yeneri&population=7987&size=28&seed=2563131000378&river=0&coast=1&farms=1&citadel=0&urban_castle=0&hub=0&plaza=0&greens=0&temple=0&walls=1&shantytown=0&style=natural&sea=0.16
379,Bothe,Skiptonbury,Skiptonbury Parish,Orporpor,Orporpor Theocracy,Angshire,Bramburghism,town,701,1068.33,395.18,26.21,22.31,49,15°C,Rome (Italy),,,,walls,,,,{t1:purpure;charges:[{charge:donkeyHeadCaboshed;t:or;p:e;t2:or;size:1.5}];shield:wedged},https://watabou.github.io/city-generator/?name=Bothe&population=701&size=11&seed=2563131000379&river=0&coast=0&farms=1&citadel=0&urban_castle=0&hub=0&plaza=0&greens=0&temple=0&walls=1&shantytown=0&style=natural
380,Songa,Giupolia,Giupolia Territory,Chuelia,Diocese of Chuelia,Tallian,Faith of Fateaux,town,3719,169.9,520.26,20.23,-20.67,169,17°C,Lisbon (Portugal),,,,,,,,{t1:vert;charges:[{charge:eagleTwoHeads;t:or;p:e;t2:or;t3:or;size:1.5}];shield:horsehead},https://watabou.github.io/city-generator/?name=Songa&population=3719&size=21&seed=2563131000380&river=1&coast=0&farms=1&citadel=0&urban_castle=0&hub=0&plaza=0&greens=0&temple=0&walls=0&shantytown=0&style=natural
381,Nozoy,Manoce,Manoce Deanery,Chuelia,Diocese of Chuelia,Luari,Faith of Fateaux,town,606,131.6,483.6,21.98,-22.5,676,13°C,Milan (Italy),,,,,,,,{t1:argent;charges:[{charge:mascle;t:gules;p:e;size:1.5}];shield:french},https://watabou.github.io/city-generator/?name=Nozoy&population=606&size=11&seed=2563131000381&river=0&coast=0&farms=1&citadel=0&urban_castle=0&hub=0&plaza=0&greens=0&temple=0&walls=0&shantytown=0&style=natural
382,Nostowces,Maldock,Maldock County,Stansburia,Stansburian Empire,Angshire,Bramburghism,town,5924,907.54,310.24,30.27,14.62,289,10°C,London (England),,,,,,,,{t1:bendy-vert-argent-small;ordinaries:[{ordinary:crossParted;t:or;line:straight}];shield:wedged},https://watabou.github.io/city-generator/?name=Nostowces&population=5924&size=25&seed=2563131000382&river=0&coast=0&farms=1&citadel=0&urban_castle=0&hub=0&plaza=0&greens=0&temple=0&walls=0&shantytown=0&style=natural
383,Laion,Ampliosia,Ampliosia County,Peina,Principality of Peina,Elladan,Tamanian Heresy,city,3843,991.43,607.22,16.07,18.63,9,21°C,Tegucigalpa (Honduras),,port,,walls,,temple,shanty town,{t1:sable;division:{division:perFess;t:or;line:straight};charges:[{charge:anvil;t:argent;p:k;size:0.7};{charge:lionPassantGuardant;t:gules;p:n;size:0.7}];shield:boeotian},https://watabou.github.io/city-generator/?name=Laion&population=3843&size=22&seed=2563131000383&river=0&coast=1&farms=1&citadel=0&urban_castle=0&hub=0&plaza=0&greens=0&temple=1&walls=1&shantytown=1&style=natural&sea=0.18
384,Nans,Maberleithia,Maberleithia Parish,Aberleith,Thearchy of Aberleith,Keltan,Treaberlese Pantheon,town,607,699.03,504.4,20.99,4.64,16,18°C,Barcelona (Spain),,,,,,,,{t1:gules;ordinaries:[{ordinary:pilesInPoint;t:or}];charges:[{charge:stirrup;t:argent;p:e;t2:argent;size:1.5}];shield:oval},https://watabou.github.io/city-generator/?name=Nans&population=607&size=11&seed=2563131000384&river=0&coast=0&farms=1&citadel=0&urban_castle=0&hub=0&plaza=0&greens=0&temple=0&walls=0&shantytown=0&style=natural
385,Kuranjole,Askia,Askia County,Boy,Boyan Khaganate,Soumi,Kocapism,town,1459,487.12,155.32,37.67,-5.5,400,5°C,Harbin (China),,port,citadel,,,,,{t1:argent;charges:[{charge:mullet6;t:purpure;p:e;size:1.5}];shield:pavise},https://watabou.github.io/city-generator/?name=Kuranjole&population=1459&size=15&seed=2563131000385&river=0&coast=1&farms=0&citadel=1&urban_castle=0&hub=0&plaza=0&greens=0&temple=0&walls=0&shantytown=0&style=natural&sea=1.92
386,Alteki,Tepeneveli,Tepeneveli County,Stansburia,Stansburian Empire,Turchian,Kocapism,town,594,745.08,291.27,31.17,6.85,81,11°C,Antwerp (Belgium),,,,,,,,{t1:purpure;division:{division:perCross;t:argent;line:wavy};shield:round},https://watabou.github.io/city-generator/?name=Alteki&population=594&size=11&seed=2563131000386&river=0&coast=0&farms=1&citadel=0&urban_castle=0&hub=0&plaza=0&greens=0&temple=0&walls=0&shantytown=0&style=natural
387,Bonnes,Bouerge,Bouerge Parish,Puines,Puinian Theocracy,Luari,Luari Doctrine,town,612,139.62,385.29,26.68,-22.12,36,14°C,Washington (D.C.),,,,,,,,{t1:gules;charges:[{charge:cavalier;t:argent;p:e;t2:argent;t3:argent;size:1.5}];shield:french},https://watabou.github.io/city-generator/?name=Bonnes&population=612&size=11&seed=2563131000387&river=0&coast=0&farms=1&citadel=0&urban_castle=0&hub=0&plaza=0&greens=0&temple=0&walls=0&shantytown=0&style=natural
388,Ozyoltayli,Kut,Kut County,Abergia,Kingdom of Abergia,Turchian,Bramburghism,town,6282,905.82,422.6,24.9,14.53,361,14°C,Washington (D.C.),,,,,,,,{t1:azure;charges:[{charge:crossSaltire;t:or;p:e;size:1.5}];shield:round},https://watabou.github.io/city-generator/?name=Ozyoltayli&population=6282&size=26&seed=2563131000388&river=0&coast=0&farms=1&citadel=0&urban_castle=0&hub=0&plaza=0&greens=0&temple=0&walls=0&shantytown=0&style=natural
389,Vinate,Manoce,Manoce Deanery,Chuelia,Diocese of Chuelia,Tallian,Faith of Fateaux,town,2649,139.79,484.36,21.94,-22.11,1089,10°C,London (England),,,citadel,walls,,,,{t1:or;division:{division:perChevronReversed;t:vert;line:straight};charges:[{charge:hatchet;t:gules;p:e;t2:gules;size:1.5}];shield:horsehead},https://watabou.github.io/city-generator/?name=Vinate&population=2649&size=19&seed=2563131000389&river=0&coast=0&farms=1&citadel=1&urban_castle=0&hub=0&plaza=0&greens=0&temple=0&walls=1&shantytown=0&style=natural
390,Grotrolano,Prolanolia,Prolanolia Earldom,Sazkyurt,Beylik of Sazkyurt,Tallian,Kocapism,town,11379,252.39,567.99,17.95,-16.73,121,19°C,Marrakesh (Morocco),,,,,,,,{t1:argent;charges:[{charge:swanErased;t:sable;p:e;t2:sable;t3:purpure;size:1.5}];shield:horsehead},https://watabou.github.io/city-generator/?name=Grotrolano&population=11379&size=32&seed=2563131000390&river=0&coast=0&farms=1&citadel=0&urban_castle=0&hub=0&plaza=0&greens=0&temple=0&walls=0&shantytown=0&style=natural
391,Aslanka,Dekyurt,Dekyurt Shire,Boy,Boyan Khaganate,Turchian,Kocapism,town,4938,695.16,266.92,32.34,4.46,4,11°C,Antwerp (Belgium),,,,walls,,,,{t1:azure;charges:[{charge:bow;t:argent;p:e;size:1.5}];shield:round},https://watabou.github.io/city-generator/?name=Aslanka&population=4938&size=24&seed=2563131000391&river=0&coast=0&farms=1&citadel=0&urban_castle=0&hub=0&plaza=0&greens=0&temple=0&walls=1&shantytown=0&style=natural
392,Cambhirery,Maberleithia,Maberleithia Parish,Aberleith,Thearchy of Aberleith,Keltan,Treaberlese Pantheon,town,883,711.47,494.37,21.46,5.24,576,14°C,Washington (D.C.),,,,,,,,{t1:purpure;ordinaries:[{ordinary:bar;t:argent;line:nebuly}];charges:[{charge:anchor;t:gules;p:def;size:0.3}];shield:oval},https://watabou.github.io/city-generator/?name=Cambhirery&population=883&size=12&seed=2563131000392&river=0&coast=0&farms=1&citadel=0&urban_castle=0&hub=0&plaza=0&greens=0&temple=0&walls=0&shantytown=0&style=natural
393,Moncocendi,Moncocendi,Moncocendi Parish,Yerinte,Imamah of Yerinte,Astellian,Yerinish Creed,city,6531,454.78,572.07,17.75,-7.04,25,20°C,Alexandria (Egypt),,,citadel,walls,,,,{t1:sable;division:{division:perChevronReversed;t:or;line:straight};ordinaries:[{ordinary:bendlet;t:argent;line:straight}];shield:spanish},https://watabou.github.io/city-generator/?name=Moncocendi&population=6531&size=26&seed=2563131000393&river=0&coast=0&farms=1&citadel=1&urban_castle=0&hub=0&plaza=0&greens=0&temple=0&walls=1&shantytown=0&style=natural
394,Parrerana,Heruesia,Heruesia County,Sazkyurt,Beylik of Sazkyurt,Astellian,Astellian Beliefs,village,505,461.2,673.22,12.91,-6.74,9,22°C,Guangzhou (China),,,,,,,,{t1:semy_of_fusil-azure-argent;ordinaries:[{ordinary:cross;t:or;line:straight}];shield:spanish},https://watabou.github.io/village-generator/?pop=505&name=Parrerana&seed=2563131000394&width=1000&height=488&style=default&tags=dead+end%2Cno+square%2Cdense
395,Duro,Olicargan,Olicargan County,Abergia,Kingdom of Abergia,Keltan,Tamanian Heresy,village,12815,936.53,567.39,17.97,16,529,17°C,Lisbon (Portugal),,,,,,,,{t1:gules;charges:[{charge:heron;t:or;p:e;t2:or;size:1.5}];shield:oval},https://watabou.github.io/village-generator/?pop=12815&name=Duro&seed=2563131000395&width=1600&height=780&style=default&tags=highway%2Cno+square%2Cdense
396,Yaberinka,Yaberinka,Yaberinka Parish,Yerinte,Imamah of Yerinte,Turchian,Kocapism,town,4364,526.59,517.99,20.34,-3.61,4,18°C,Barcelona (Spain),,port,,walls,,,,{t1:vert;charges:[{charge:griffinRampant;t:or;p:e;t2:or;t3:argent;size:1.5}];shield:round},https://watabou.github.io/city-generator/?name=Yaberinka&population=4364&size=23&seed=2563131000396&river=0&coast=1&farms=0&citadel=0&urban_castle=0&hub=0&plaza=0&greens=0&temple=0&walls=1&shantytown=0&style=natural&sea=1.6
397,Helsted,Winetonbia,Winetonbia Land,Orporpor,Orporpor Theocracy,Angshire,Tamanian Heresy,village,192,1076.1,480.8,22.11,22.68,324,15°C,Rome (Italy),,,,,,,,{t1:argent;charges:[{charge:rustre;t:purpure;p:kmo;size:0.5}];shield:wedged},https://watabou.github.io/village-generator/?pop=192&name=Helsted&seed=2563131000397&width=600&height=293&style=default&tags=river%2Cdead+end%2Cuncultivated%2Cno+square
398,Aboyvarbey,Ayvarkeli,Ayvarkeli County,Boy,Boyan Khaganate,Turchian,Kocapism,town,5683,688.26,251.11,33.09,4.13,16,11°C,Antwerp (Belgium),,,,,,,,{t1:gules;charges:[{charge:millstone;t:or;p:jln;size:0.7}];shield:round},https://watabou.github.io/city-generator/?name=Aboyvarbey&population=5683&size=25&seed=2563131000398&river=1&coast=0&farms=1&citadel=0&urban_castle=0&hub=0&plaza=0&greens=0&temple=0&walls=0&shantytown=0&style=natural
399,Binka,Dodurbyurt,Dodurbyurt County,Sazkyurt,Beylik of Sazkyurt,Turchian,Kocapism,town,1221,329.98,538.47,19.36,-13.01,9,19°C,Marrakesh (Morocco),,port,,,,,,{t1:lozengy-argent-azure;division:{division:gyronny;t:gules};shield:round},https://watabou.github.io/city-generator/?name=Binka&population=1221&size=14&seed=2563131000399&river=1&coast=1&farms=1&citadel=0&urban_castle=0&hub=0&plaza=0&greens=0&temple=0&walls=0&shantytown=0&style=natural
400,Margo,Conterra,Conterra County,Aciasecia,Principality of Aciasecia,Tallian,Faith of Fateaux,town,887,186.15,519.49,20.26,-19.89,900,12°C,Paris (France),,,,,,,,{t1:purpure;division:{division:perPale;t:or;line:straight};charges:[{charge:crossCarolingian;t:argent;p:p;size:0.7};{charge:wyvern;t:gules;p:q;size:0.7}];shield:horsehead},https://watabou.github.io/city-generator/?name=Margo&population=887&size=12&seed=2563131000400&river=0&coast=0&farms=1&citadel=0&urban_castle=0&hub=0&plaza=0&greens=0&temple=0&walls=0&shantytown=0&style=natural
401,Eiler,Lauch,Lauch Landgrave,Tutachinia,Duchy of Tutachinia,Shwazen,Shwazen Religion,city,1372,384.38,400.67,25.94,-10.41,841,10°C,London (England),,port,citadel,walls,,,shanty town,{t1:sable;charges:[{charge:dragonPassant;t:or;p:jln;t2:argent;t3:or;size:0.7}];shield:swiss},https://watabou.github.io/city-generator/?name=Eiler&population=1372&size=15&seed=2563131000401&river=0&coast=1&farms=1&citadel=1&urban_castle=0&hub=1&plaza=0&greens=0&temple=0&walls=1&shantytown=1&style=natural&sea=1.1
402,Erkanesen,Erkanesen,Erkanesen Seneschalty,Boy,Boyan Khaganate,Turchian,Kocapism,city,1917,498.98,228.36,34.18,-4.93,9,10°C,London (England),,,,walls,,,,{t1:gules;division:{division:gyronny;t:argent};charges:[{charge:ratRampant;t:or;p:e;t2:or;size:1.5}];shield:round},https://watabou.github.io/city-generator/?name=Erkanesen&population=1917&size=17&seed=2563131000402&river=0&coast=0&farms=1&citadel=0&urban_castle=0&hub=0&plaza=0&greens=0&temple=0&walls=1&shantytown=0&style=natural
403,Chuelle,Vigria,Vigria Territory,Puines,Puinian Theocracy,Luari,Luari Doctrine,town,5443,99.54,390.57,26.43,-24.04,121,14°C,Washington (D.C.),,,,,,,,{t1:barry-or-vert;charges:[{charge:sword;t:gules;p:e;t2:gules;size:1.5}];shield:french},https://watabou.github.io/city-generator/?name=Chuelle&population=5443&size=25&seed=2563131000403&river=0&coast=0&farms=1&citadel=0&urban_castle=0&hub=0&plaza=0&greens=0&temple=0&walls=0&shantytown=0&style=natural
404,Cleoleshole,Cleoleshole,Cleoleshole Parish,Orporpor,Orporpor Theocracy,Angshire,Bramburghism,town,3757,1011.89,422.41,24.91,19.61,256,14°C,Washington (D.C.),,,citadel,walls,,,,{t1:gules;division:{division:perFess;t:or;line:angled};charges:[{charge:sagittarius;t:argent;p:k;t2:argent;t3:argent;size:0.7};{charge:heart;t:sable;p:n;size:0.7}];shield:wedged},https://watabou.github.io/city-generator/?name=Cleoleshole&population=3757&size=21&seed=2563131000404&river=0&coast=0&farms=1&citadel=1&urban_castle=1&hub=0&plaza=0&greens=0&temple=0&walls=1&shantytown=0&style=natural
405,Ectoduma,Olicargan,Olicargan County,Abergia,Kingdom of Abergia,Keltan,Tamanian Heresy,village,860,932.57,585.42,17.11,15.81,441,17°C,Lisbon (Portugal),,,,,,,,{t1:sable;division:{division:perCross;t:or;line:potentySinister};charges:[{charge:palace;t:argent;p:j;size:0.6};{charge:wolfHeadErased;t:gules;p:l;size:0.6};{charge:catPassantGuardant;t:gules;p:m;size:0.6};{charge:maces;t:or;p:o;size:0.6}];shield:oval},https://watabou.github.io/village-generator/?pop=860&name=Ectoduma&seed=2563131000405&width=1000&height=488&style=default&tags=dead+end%2Cno+square%2Cdense
406,Aunesardon,Aunesardon,Aunesardon Parish,Puines,Puinian Theocracy,Luari,Luari Doctrine,city,16433,160.67,310.22,30.27,-21.11,49,12°C,Paris (France),,port,,walls,plaza,temple,,{t1:tenné;ordinaries:[{ordinary:saltire;t:argent;line:straight}];charges:[{charge:angel;t:sable;p:e;t2:sable;size:0.7}];shield:french},https://watabou.github.io/city-generator/?name=Aunesardon&population=16433&size=37&seed=2563131000406&river=0&coast=1&farms=1&citadel=0&urban_castle=0&hub=0&plaza=1&greens=1&temple=1&walls=1&shantytown=0&style=natural&sea=0.35
408,Ariga,Agosindyria,Agosindyria Land,Abergia,Kingdom of Abergia,Keltan,Tamanian Heresy,town,495,930.99,558.36,18.41,15.74,1225,12°C,Paris (France),,,,walls,,,,{t1:gules;charges:[{charge:heron;t:or;p:e;t2:argent;size:1.5}];shield:oval},https://watabou.github.io/city-generator/?name=Ariga&population=495&size=10&seed=2563131000408&river=0&coast=0&farms=0&citadel=0&urban_castle=0&hub=0&plaza=0&greens=0&temple=0&walls=1&shantytown=0&style=natural
409,Brilorcasth,Abercta,Abercta County,Abergia,Kingdom of Abergia,Keltan,Tamanian Heresy,town,1266,914.22,546.84,18.96,14.94,1600,9°C,Copenhagen (Denmark),,,,walls,,,,{t1:gules;charges:[{charge:archer;t:argent;p:e;t2:argent;t3:argent;size:1.5}];shield:oval},https://watabou.github.io/city-generator/?name=Brilorcasth&population=1266&size=14&seed=2563131000409&river=0&coast=0&farms=1&citadel=0&urban_castle=0&hub=0&plaza=0&greens=0&temple=0&walls=1&shantytown=0&style=natural
410,Miltonces,Mitherslia,Mitherslia Parish,Orporpor,Orporpor Theocracy,Angshire,Bramburghism,village,6051,1020.81,401.11,25.92,20.04,225,14°C,Washington (D.C.),,,,,,,,{t1:or;ordinaries:[{ordinary:bendlet;t:gules;line:engrailed}];charges:[{charge:helmetCorinthian;t:or;p:joe;t2:vert;t3:or;size:0.3}];shield:wedged},https://watabou.github.io/village-generator/?pop=6051&name=Miltonces&seed=2563131000410&width=1600&height=780&style=default&tags=highway%2Cfarmland%2Cno+square%2Cdense
411,Uiganthin,Abertleven,Abertleven Parish,Aberleith,Thearchy of Aberleith,Keltan,Treaberlese Pantheon,town,847,797.14,477.36,22.28,9.34,625,13°C,Milan (Italy),,,,,,,,{t1:argent;charges:[{charge:key;t:gules;p:e;size:1.5}];shield:oval},https://watabou.github.io/city-generator/?name=Uiganthin&population=847&size=12&seed=2563131000411&river=0&coast=0&farms=1&citadel=0&urban_castle=0&hub=0&plaza=0&greens=0&temple=0&walls=0&shantytown=0&style=natural
412,Alazseren,Alazseren,Alazseren Territory,Boy,Boyan Khaganate,Turchian,Kocapism,village,5825,707.81,399.26,26.01,5.06,625,11°C,Antwerp (Belgium),,port,,,,,,{t1:gules;charges:[{charge:lionHeadCaboshed;t:argent;p:e;t2:argent;size:1.5}];shield:round},https://watabou.github.io/village-generator/?pop=5825&name=Alazseren&seed=2563131000412&width=1600&height=780&style=default&tags=coast%2Cisolated%2Cfarmland%2Cno+square%2Cdense
413,Winchesbury,Showland,Showland Parish,Orporpor,Orporpor Theocracy,Angshire,Bramburghism,town,8983,1115.18,402.97,25.83,24.55,144,14°C,Washington (D.C.),,,,walls,,,,{t1:or;division:{division:perFess;t:sable;line:straight};ordinaries:[{ordinary:fessCotissed;t:purpure;line:engrailed;divided:field}];shield:wedged},https://watabou.github.io/city-generator/?name=Winchesbury&population=8983&size=30&seed=2563131000413&river=0&coast=0&farms=1&citadel=0&urban_castle=0&hub=0&plaza=0&greens=0&temple=0&walls=1&shantytown=0&style=natural
414,Corte,Rebreux,Rebreux Parish,Puines,Puinian Theocracy,Luari,Luari Doctrine,town,2730,198.04,309.38,30.31,-19.33,9,12°C,Paris (France),,,,,plaza,,,{t1:argent;division:{division:perFess;t:azure;line:invecked};charges:[{charge:dolphin;t:gules;p:k;t2:gules;size:0.7};{charge:heart;t:or;p:n;size:0.7}];shield:french},https://watabou.github.io/city-generator/?name=Corte&population=2730&size=19&seed=2563131000414&river=0&coast=0&farms=1&citadel=0&urban_castle=0&hub=0&plaza=1&greens=1&temple=0&walls=0&shantytown=0&style=natural
415,Serdemkama,Yayaztopyurt,Yayaztopyurt County,Boy,Boyan Khaganate,Turchian,Kocapism,town,1752,625.9,462.57,22.99,1.14,16,17°C,Lisbon (Portugal),,,,walls,,,,{t1:argent;charges:[{charge:crossTemplar;t:vert;p:e;size:1.5}];shield:round},https://watabou.github.io/city-generator/?name=Serdemkama&population=1752&size=16&seed=2563131000415&river=0&coast=0&farms=1&citadel=0&urban_castle=0&hub=0&plaza=0&greens=0&temple=0&walls=1&shantytown=0&style=natural
416,Infodunumsay,Invenek,Invenek Parish,Aberleith,Thearchy of Aberleith,Keltan,Treaberlese Pantheon,town,576,667.2,535.17,19.51,3.12,100,18°C,Barcelona (Spain),,,citadel,,,,,{t1:sable;charges:[{charge:scissors;t:or;p:jln;size:0.7}];shield:oval},https://watabou.github.io/city-generator/?name=Infodunumsay&population=576&size=11&seed=2563131000416&river=0&coast=0&farms=1&citadel=1&urban_castle=1&hub=0&plaza=0&greens=0&temple=0&walls=0&shantytown=0&style=natural
417,Chipington,Southeria,Southeria Earldom,Stansburia,Stansburian Empire,Angshire,Bramburghism,village,774,802.21,211.18,35,9.58,25,9°C,Copenhagen (Denmark),,port,,,,,,{t1:argent;charges:[{charge:crossBiparted;t:azure;p:e;size:1.5}];shield:wedged},https://watabou.github.io/village-generator/?pop=774&name=Chipington&seed=2563131000417&width=1000&height=488&style=default&tags=coast%2Cisolated%2Cno+square%2Cdense
418,Deli,Elieli,Elieli County,Boy,Boyan Khaganate,Turchian,Kocapism,village,2473,560.56,284.96,31.48,-1.98,324,10°C,London (England),,port,,,,,,{t1:pally-argent-gules;charges:[{charge:dolphin;t:azure;p:e;t2:azure;size:1.5}];shield:round},https://watabou.github.io/village-generator/?pop=2473&name=Deli&seed=2563131000418&width=1600&height=780&style=default&tags=coast%2Cdead+end%2Cfarmland%2Cno+square%2Cdense
419,Kopuz,Yeli,Yeli Parish,Yerinte,Imamah of Yerinte,Turchian,Yerinish Creed,fort,2971,430.12,554.42,18.59,-8.22,169,18°C,Barcelona (Spain),,,citadel,,,,,{t1:sable;ordinaries:[{ordinary:pileInBend;t:argent}];charges:[{charge:annulet;t:argent;p:cg;size:0.7}];shield:round},null
420,Dobayaleli,Tengryurt,Tengryurt County,Stansburia,Stansburian Empire,Turchian,Kocapism,town,537,769.26,352.48,28.25,8,576,10°C,London (England),,,,,,,,{t1:purpure;division:{division:chevronny;t:or};charges:[{charge:crossFitchy;t:argent;p:e;divided:counter;size:1.5}];shield:round},https://watabou.github.io/city-generator/?name=Dobayaleli&population=537&size=10&seed=2563131000420&river=1&coast=0&farms=1&citadel=0&urban_castle=0&hub=0&plaza=0&greens=0&temple=0&walls=0&shantytown=0&style=natural
421,Baltunlik,Alprak,Alprak Area,Yerinte,Imamah of Yerinte,Turchian,Yerinish Creed,town,548,496.89,484.03,21.96,-5.03,100,16°C,Dubrovnik (Croatia),,,,,,,,{t1:sable;charges:[{charge:horsePassant;t:argent;p:e;t2:argent;size:1.5}];shield:round},https://watabou.github.io/city-generator/?name=Baltunlik&population=548&size=10&seed=2563131000421&river=0&coast=0&farms=1&citadel=0&urban_castle=0&hub=0&plaza=0&greens=0&temple=0&walls=0&shantytown=0&style=natural
423,Giumoriolola,Casca,Casca County,Aciasecia,Principality of Aciasecia,Tallian,Faith of Fateaux,town,3763,120.5,529.78,19.77,-23.04,16,19°C,Marrakesh (Morocco),,port,,,,,,{t1:purpure;division:{division:perBend;t:or;line:dovetailedIndented};charges:[{charge:helmetCorinthian;t:argent;p:l;t2:argent;t3:argent;size:0.7};{charge:basilisk;t:azure;p:m;size:0.7}];shield:horsehead},https://watabou.github.io/city-generator/?name=Giumoriolola&population=3763&size=21&seed=2563131000423&river=0&coast=1&farms=1&citadel=0&urban_castle=0&hub=0&plaza=0&greens=0&temple=0&walls=0&shantytown=0&style=natural&sea=1.82
424,Lekraion,Helcosia,Helcosia County,Peina,Principality of Peina,Elladan,Tamanian Heresy,town,4066,1049.09,531.4,19.69,21.39,484,16°C,Dubrovnik (Croatia),,,,,,,,{t1:azure;ordinaries:[{ordinary:saltire;t:or;line:urdy}];charges:[{charge:crossHummetty;t:azure;p:e;size:0.7}];shield:boeotian},https://watabou.github.io/city-generator/?name=Lekraion&population=4066&size=22&seed=2563131000424&river=1&coast=0&farms=1&citadel=0&urban_castle=0&hub=0&plaza=0&greens=0&temple=0&walls=0&shantytown=0&style=natural
426,Folesterby,Altnesterby,Altnesterby Territory,Orporpor,Orporpor Theocracy,Angshire,Bramburghism,town,5183,1152.02,419.37,25.05,26.31,36,16°C,Dubrovnik (Croatia),,,citadel,,,,,{t1:pally-argent-gules;ordinaries:[{ordinary:bendlet;t:azure;line:straight}];charges:[{charge:crescent;t:or;p:joe;size:0.3}];shield:wedged},https://watabou.github.io/city-generator/?name=Folesterby&population=5183&size=24&seed=2563131000426&river=1&coast=0&farms=1&citadel=1&urban_castle=1&hub=0&plaza=0&greens=0&temple=0&walls=0&shantytown=0&style=natural
427,Padston,Helcosia,Helcosia County,Peina,Principality of Peina,Angshire,Tamanian Heresy,town,5074,1084.17,546.49,18.97,23.07,169,18°C,Barcelona (Spain),,,,,,,,{t1:argent;charges:[{charge:rake;t:purpure;p:e;size:1.5}];shield:wedged},https://watabou.github.io/city-generator/?name=Padston&population=5074&size=24&seed=2563131000427&river=0&coast=0&farms=0&citadel=0&urban_castle=0&hub=0&plaza=0&greens=0&temple=0&walls=0&shantytown=0&style=natural
428,Aniken,Ayurt,Ayurt County,Boy,Boyan Khaganate,Turchian,Kocapism,town,1080,712.12,355.94,28.08,5.27,16,14°C,Washington (D.C.),,,,walls,,,,{t1:azure;division:{division:perCross;t:argent;line:rayonne};charges:[{charge:crossHummetty;t:or;p:e;size:1.5}];shield:round},https://watabou.github.io/city-generator/?name=Aniken&population=1080&size=13&seed=2563131000428&river=0&coast=0&farms=1&citadel=0&urban_castle=0&hub=0&plaza=0&greens=0&temple=0&walls=1&shantytown=0&style=natural
429,Aber,Bonaraberg,Bonaraberg Parish,Aberleith,Thearchy of Aberleith,Keltan,Treaberlese Pantheon,town,5490,686.8,533.42,19.6,4.06,36,19°C,Marrakesh (Morocco),,,,,,,,{t1:sable;ordinaries:[{ordinary:pile;t:or}];charges:[{charge:butterfly;t:sable;p:b;t2:sable;t3:sable;size:0.5}];shield:oval},https://watabou.github.io/city-generator/?name=Aber&population=5490&size=25&seed=2563131000429&river=0&coast=0&farms=1&citadel=0&urban_castle=0&hub=1&plaza=0&greens=0&temple=0&walls=0&shantytown=0&style=natural
430,Depe,Uyurt,Uyurt County,Stansburia,Stansburian Empire,Turchian,Kocapism,town,9890,786.07,361.67,27.81,8.81,100,13°C,Milan (Italy),,port,,,,,,{t1:argent;division:{division:perCross;t:azure;line:straight};ordinaries:[{ordinary:saltire;t:sable;line:straight;divided:counter}];shield:round},https://watabou.github.io/city-generator/?name=Depe&population=9890&size=31&seed=2563131000430&river=0&coast=1&farms=1&citadel=0&urban_castle=0&hub=0&plaza=0&greens=0&temple=0&walls=0&shantytown=0&style=natural&sea=1.63
431,Celleparno,Celleparno,Celleparno County,Aciasecia,Principality of Aciasecia,Tallian,Faith of Fateaux,town,877,138.33,571.46,17.78,-22.18,625,16°C,Dubrovnik (Croatia),,,citadel,,,,,{t1:purpure;ordinaries:[{ordinary:bordure;t:argent}];charges:[{charge:crescent;t:argent;p:jleh;size:0.5}];shield:horsehead},https://watabou.github.io/city-generator/?name=Celleparno&population=877&size=12&seed=2563131000431&river=0&coast=0&farms=1&citadel=1&urban_castle=0&hub=0&plaza=0&greens=0&temple=0&walls=0&shantytown=0&style=natural
432,Yama,Sarprakdi,Sarprakdi Seneschalty,Boy,Boyan Khaganate,Turchian,Kocapism,town,2321,450.72,373.91,27.22,-7.24,144,13°C,Milan (Italy),,port,,,,,,{t1:gules;division:{division:perPale;t:argent;line:straight};charges:[{charge:crossPatriarchal;t:or;p:e;divided:field;size:1.5};{charge:monk;t:purpure;p:e;divided:division;size:1.5}];shield:round},https://watabou.github.io/city-generator/?name=Yama&population=2321&size=18&seed=2563131000432&river=0&coast=1&farms=1&citadel=0&urban_castle=0&hub=0&plaza=0&greens=0&temple=0&walls=0&shantytown=0&style=natural&sea=0.9
433,Bayraya Te,Galokseki,Galokseki Earldom,Sazkyurt,Beylik of Sazkyurt,Turchian,Kocapism,village,2723,307.46,543.68,19.11,-14.09,841,14°C,Washington (D.C.),,,,,,,,{t1:argent;charges:[{charge:lanceHead;t:sable;p:e;size:1.5}];shield:round},https://watabou.github.io/village-generator/?pop=2723&name=Bayraya+Te&seed=2563131000433&width=1600&height=780&style=default&tags=dead+end%2Cno+square%2Cdense
434,Dekibide,Yramka,Yramka Dependency,Stansburia,Stansburian Empire,Turchian,Kocapism,village,1031,824.26,358.76,27.95,10.63,4,14°C,Washington (D.C.),,,,,,,,{t1:gules;division:{division:perPale;t:argent;line:wavy};charges:[{charge:bell;t:or;p:p;t2:or;size:0.7};{charge:castle;t:azure;p:q;size:0.7}];shield:round},https://watabou.github.io/village-generator/?pop=1031&name=Dekibide&seed=2563131000434&width=1400&height=683&style=default&tags=dead+end%2Cno+square%2Cdense
435,Chearmortei,Beia,Beia Shire,Boy,Boyan Khaganate,Keltan,Kocapism,town,839,665.05,488.73,21.73,3.02,100,17°C,Lisbon (Portugal),,,,,,,,{t1:azure;division:{division:perPale;t:argent;line:straight};charges:[{charge:crossFormee2;t:or;p:jo;divided:field;size:0.7};{charge:wyvernWithWingsDisplayed;t:purpure;p:e;divided:division;size:1.5}];shield:oval},https://watabou.github.io/city-generator/?name=Chearmortei&population=839&size=12&seed=2563131000435&river=0&coast=0&farms=1&citadel=0&urban_castle=0&hub=0&plaza=0&greens=0&temple=0&walls=0&shantytown=0&style=natural
436,Bazobaraok,Galu,Galu Territory,Boy,Boyan Khaganate,Turchian,Kocapism,town,691,647.56,269.9,32.2,2.18,169,10°C,London (England),,,,,,,,{t1:or;division:{division:perPale;t:purpure;line:wavy};charges:[{charge:grapeBunch2;t:gules;p:p;t2:azure;t3:sable;size:0.7};{charge:elephantHeadErased;t:or;p:q;size:0.7}];shield:round},https://watabou.github.io/city-generator/?name=Bazobaraok&population=691&size=11&seed=2563131000436&river=0&coast=0&farms=1&citadel=0&urban_castle=0&hub=0&plaza=0&greens=0&temple=0&walls=0&shantytown=0&style=natural
437,Sidminter,Maldock,Maldock County,Stansburia,Stansburian Empire,Angshire,Bramburghism,town,426,926.33,294.27,31.03,15.52,100,11°C,Antwerp (Belgium),,port,,,,,,{t1:or;charges:[{charge:lambPassantReguardant;t:purpure;p:e;t2:purpure;size:1.5}];shield:wedged},https://watabou.github.io/city-generator/?name=Sidminter&population=426&size=10&seed=2563131000437&river=0&coast=1&farms=0&citadel=0&urban_castle=0&hub=0&plaza=0&greens=0&temple=0&walls=0&shantytown=0&style=natural&sea=0.87
438,Cerinbey,Yramka,Yramka Dependency,Stansburia,Stansburian Empire,Turchian,Kocapism,town,6180,825.53,375.52,27.15,10.69,16,14°C,Washington (D.C.),,port,,,,,,{t1:or;charges:[{charge:drakkar;t:vert;p:e;t2:vert;t3:vert;size:1.5}];shield:round},https://watabou.github.io/city-generator/?name=Cerinbey&population=6180&size=26&seed=2563131000438&river=0&coast=1&farms=1&citadel=0&urban_castle=0&hub=0&plaza=0&greens=0&temple=0&walls=0&shantytown=0&style=natural&sea=1.32
439,Vetro,Sezesezia,Sezesezia County,Aciasecia,Principality of Aciasecia,Tallian,Tallian Spirits,town,3346,256.55,453.67,23.41,-16.53,2500,1°C,Arkhangelsk (Russia),,,citadel,,,,,{t1:azure;ordinaries:[{ordinary:fess;t:or;line:angled}];charges:[{charge:raven;t:sable;p:e;t2:sable;size:0.7}];shield:horsehead},https://watabou.github.io/city-generator/?name=Vetro&population=3346&size=20&seed=2563131000439&river=0&coast=0&farms=0&citadel=1&urban_castle=0&hub=0&plaza=0&greens=0&temple=0&walls=0&shantytown=0&style=natural
440,Epitacalina,Amphia,Amphia Shire,Peina,Principality of Peina,Elladan,Tamanian Heresy,village,265,1102.99,583.94,17.18,23.97,25,20°C,Alexandria (Egypt),,port,,,,,,{t1:sable;charges:[{charge:roundel;t:argent;p:e;size:1.5}];shield:boeotian},https://watabou.github.io/village-generator/?pop=265&name=Epitacalina&seed=2563131000440&width=800&height=390&style=default&tags=coast%2Chighway%2Cuncultivated%2Cno+square
441,Meungny,Ivria,Ivria Parish,Puines,Puinian Theocracy,Luari,Luari Doctrine,town,4412,211.28,329.28,29.36,-18.69,441,10°C,London (England),,,,,,,,{t1:azure;charges:[{charge:armEmbowedHoldingSabre;t:argent;p:e;t2:argent;t3:argent;size:1.5}];shield:french},https://watabou.github.io/city-generator/?name=Meungny&population=4412&size=23&seed=2563131000441&river=0&coast=0&farms=1&citadel=0&urban_castle=0&hub=0&plaza=0&greens=0&temple=0&walls=0&shantytown=0&style=natural
442,Bouille,Grandeur,Grandeur Territory,Sounevandilia,Duchy of Sounevandilia,Luari,Faith of Fateaux,town,879,28.96,477.74,22.26,-27.41,16,17°C,Lisbon (Portugal),,,,walls,,,,{t1:gules;charges:[{charge:lighthouse;t:argent;p:e;t2:argent;t3:argent;size:1.5}];shield:french},https://watabou.github.io/city-generator/?name=Bouille&population=879&size=12&seed=2563131000442&river=0&coast=0&farms=1&citadel=0&urban_castle=0&hub=0&plaza=0&greens=0&temple=0&walls=1&shantytown=0&style=natural
443,Chawcester,Chawcester,Chawcester Parish,Orporpor,Orporpor Theocracy,Angshire,Bramburghism,city,558,990.16,364.17,27.69,18.57,49,14°C,Washington (D.C.),,port,citadel,,,,,{t1:argent;ordinaries:[{ordinary:saltireParted;t:gules;line:wavy}];charges:[{charge:crossHummetty;t:or;p:e;size:1.5}];shield:wedged},https://watabou.github.io/city-generator/?name=Chawcester&population=558&size=11&seed=2563131000443&river=0&coast=1&farms=0&citadel=1&urban_castle=0&hub=0&plaza=0&greens=0&temple=0&walls=0&shantytown=0&style=natural&sea=0.52
444,Amphi,Skylbieia,Skylbieia Land,Peina,Principality of Peina,Elladan,Tamanian Heresy,town,937,1108.83,592.86,16.76,24.25,25,21°C,Tegucigalpa (Honduras),,port,,walls,,,,{t1:argent;charges:[{charge:wolfPassant;t:azure;p:abcpqh;t2:sable;t3:gules;size:0.5}];shield:boeotian},https://watabou.github.io/city-generator/?name=Amphi&population=937&size=13&seed=2563131000444&river=1&coast=1&farms=1&citadel=0&urban_castle=0&hub=0&plaza=0&greens=0&temple=0&walls=1&shantytown=0&style=natural&sea=0.33
445,Koyuraka,Yramka,Yramka Dependency,Stansburia,Stansburian Empire,Turchian,Kocapism,town,4244,828.21,346.29,28.54,10.82,9,13°C,Milan (Italy),,,,,,,,{t1:sable;division:{division:perPale;t:maily-argent-purpure;line:straight};charges:[{charge:boarHeadErased;t:or;p:p;t2:or;t3:or;size:0.7};{charge:sabresCrossed;t:azure;p:q;size:0.7}];shield:round},https://watabou.github.io/city-generator/?name=Koyuraka&population=4244&size=22&seed=2563131000445&river=0&coast=0&farms=1&citadel=0&urban_castle=0&hub=1&plaza=0&greens=0&temple=0&walls=0&shantytown=0&style=natural
446,Rohrtaldin,Enheim,Enheim Clan,Malscken,Grand Duchy of Malscken,Shwazen,Shwazen Religion,town,922,388.64,430.28,24.53,-10.21,1225,8°C,Prague (Czechia),,,,,,,,{t1:or;ordinaries:[{ordinary:chevronReversed;t:vert}];charges:[{charge:arbalest;t:vert;p:b;t2:vert;t3:vert;size:0.5}];shield:swiss},https://watabou.github.io/city-generator/?name=Rohrtaldin&population=922&size=13&seed=2563131000446&river=0&coast=0&farms=1&citadel=0&urban_castle=0&hub=0&plaza=0&greens=0&temple=0&walls=0&shantytown=0&style=natural
447,Alpsereli,Haudenster,Haudenster Earldom,Malscken,Grand Duchy of Malscken,Turchian,Shwazen Religion,town,543,402.22,466.42,22.8,-9.56,1024,10°C,London (England),,,,,,,,{t1:bendy-vert-or;division:{division:perCross;t:argent;line:straight};charges:[{charge:tower;t:gules;p:e;t2:gules;size:1.5}];shield:round},https://watabou.github.io/city-generator/?name=Alpsereli&population=543&size=10&seed=2563131000447&river=0&coast=0&farms=1&citadel=0&urban_castle=0&hub=0&plaza=0&greens=0&temple=0&walls=0&shantytown=0&style=natural
448,Boigny,Batiliersia,Batiliersia Territory,Sounevandilia,Duchy of Sounevandilia,Luari,Faith of Fateaux,town,592,94.32,481.74,22.07,-24.29,100,16°C,Dubrovnik (Croatia),,,,,,,,{t1:vert;charges:[{charge:hand;t:argent;p:e;size:1.5}];shield:french},https://watabou.github.io/city-generator/?name=Boigny&population=592&size=11&seed=2563131000448&river=0&coast=0&farms=1&citadel=0&urban_castle=0&hub=0&plaza=0&greens=0&temple=0&walls=0&shantytown=0&style=natural
449,Devri,Aslanseli,Aslanseli Barony,Boy,Boyan Khaganate,Turchian,Kocapism,town,6743,557.6,442.82,23.93,-2.12,64,16°C,Dubrovnik (Croatia),,port,,,,,,{t1:gules;charges:[{charge:wasp;t:or;p:e;t2:or;t3:or;size:1.5}];shield:round},https://watabou.github.io/city-generator/?name=Devri&population=6743&size=27&seed=2563131000449&river=0&coast=1&farms=1&citadel=0&urban_castle=0&hub=0&plaza=0&greens=0&temple=0&walls=0&shantytown=0&style=natural&sea=0.95
450,Coursain,Messes,Messes Earldom,Sounevandilia,Duchy of Sounevandilia,Luari,Faith of Fateaux,village,3231,64.68,498.86,21.25,-25.71,225,17°C,Lisbon (Portugal),,,citadel,,,,,{t1:gules;charges:[{charge:bowWithThreeArrows;t:or;p:jln;t2:or;t3:or;size:0.7}];shield:french},https://watabou.github.io/village-generator/?pop=3231&name=Coursain&seed=2563131000450&width=1600&height=780&style=default&tags=dead+end%2Cno+square%2Cdense
451,Atoprak,Ayurt,Ayurt County,Boy,Boyan Khaganate,Turchian,Kocapism,town,3383,706.71,349.05,28.41,5.01,25,13°C,Milan (Italy),,port,,walls,,,,{t1:azure;division:{division:perCross;t:argent;line:straight};charges:[{charge:anchor;t:or;p:j;size:0.6};{charge:boarHeadErased;t:vert;p:l;size:0.6};{charge:lymphad;t:gules;p:m;size:0.6};{charge:crossHummetty;t:or;p:o;size:0.6}];shield:round},https://watabou.github.io/city-generator/?name=Atoprak&population=3383&size=21&seed=2563131000451&river=1&coast=1&farms=1&citadel=0&urban_castle=0&hub=0&plaza=0&greens=0&temple=0&walls=1&shantytown=0&style=natural&sea=1.54
452,Portsham,Cleoleshole,Cleoleshole Parish,Orporpor,Orporpor Theocracy,Angshire,Bramburghism,town,7321,993.26,434.72,24.32,18.72,841,11°C,Antwerp (Belgium),,,,,,,,{t1:azure;division:{division:perPile;t:or;line:straight};ordinaries:[{ordinary:pall;t:argent;divided:counter}];shield:wedged},https://watabou.github.io/city-generator/?name=Portsham&population=7321&size=27&seed=2563131000452&river=1&coast=0&farms=1&citadel=0&urban_castle=0&hub=0&plaza=0&greens=0&temple=0&walls=0&shantytown=0&style=natural
453,Senny,Marquilles,Marquilles Parish,Puines,Puinian Theocracy,Luari,Luari Doctrine,town,1601,134.73,391.46,26.38,-22.35,25,15°C,Rome (Italy),,,,,,,,{t1:argent;charges:[{charge:cavalier;t:sable;p:e;t2:azure;t3:sable;size:1.5}];shield:french},https://watabou.github.io/city-generator/?name=Senny&population=1601&size=16&seed=2563131000453&river=0&coast=0&farms=1&citadel=0&urban_castle=0&hub=0&plaza=0&greens=0&temple=0&walls=0&shantytown=0&style=natural
454,Sella,Trino,Trino County,Aciasecia,Principality of Aciasecia,Tallian,Faith of Fateaux,town,1773,198.29,479.11,22.19,-19.31,529,14°C,Washington (D.C.),,,,,,,,{t1:purpure;division:{division:perFess;t:or;line:wavy};charges:[{charge:arbalest2;t:argent;p:k;size:0.7};{charge:anchor;t:vert;p:n;size:0.7}];shield:horsehead},https://watabou.github.io/city-generator/?name=Sella&population=1773&size=16&seed=2563131000454&river=1&coast=0&farms=1&citadel=0&urban_castle=0&hub=0&plaza=0&greens=0&temple=0&walls=0&shantytown=0&style=natural
455,Ertenlerka,Umanyurt,Umanyurt Parish,Yerinte,Imamah of Yerinte,Turchian,Yerinish Creed,town,263,493.8,516.44,20.41,-5.18,49,18°C,Barcelona (Spain),,,,,,,,{t1:gules;ordinaries:[{ordinary:bendletSinister;t:or;line:angled}];charges:[{charge:inescutcheon;t:gules;p:lem;size:0.3};{charge:mullet;t:or;p:lem;size:0.15}];shield:round},https://watabou.github.io/city-generator/?name=Ertenlerka&population=263&size=8&seed=2563131000455&river=0&coast=0&farms=0&citadel=0&urban_castle=0&hub=0&plaza=0&greens=0&temple=0&walls=0&shantytown=0&style=natural
456,Kortenka,Aslanseli,Aslanseli Barony,Boy,Boyan Khaganate,Turchian,Kocapism,town,780,566.2,433.52,24.37,-1.71,9,16°C,Dubrovnik (Croatia),,port,,walls,,,,{t1:argent;charges:[{charge:caravel;t:purpure;p:e;t2:purpure;t3:purpure;size:1.5}];shield:round},https://watabou.github.io/city-generator/?name=Kortenka&population=780&size=12&seed=2563131000456&river=0&coast=1&farms=1&citadel=0&urban_castle=0&hub=0&plaza=0&greens=0&temple=0&walls=1&shantytown=0&style=natural&sea=0.47
458,Muuma,Abeynak,Abeynak Shire,Boy,Boyan Khaganate,Soumi,Kocapism,village,552,536.22,172.86,36.84,-3.15,81,7°C,Montreal (Canada),,,,,,,,{t1:or;charges:[{charge:apple;t:azure;p:e;t2:azure;size:1.5}];shield:pavise},https://watabou.github.io/village-generator/?pop=552&name=Muuma&seed=2563131000458&width=1000&height=488&style=default&tags=dead+end%2Cfarmland%2Cno+square%2Cdense
459,Messes,Messes,Messes Earldom,Sounevandilia,Duchy of Sounevandilia,Luari,Faith of Fateaux,town,634,61.38,491.62,21.6,-25.86,100,17°C,Lisbon (Portugal),,,,,,,,{t1:purpure;division:{division:perPale;t:argent;line:straight};ordinaries:[{ordinary:pilesInPoint;t:or}];shield:french},https://watabou.github.io/city-generator/?name=Messes&population=634&size=11&seed=2563131000459&river=1&coast=0&farms=1&citadel=0&urban_castle=0&hub=0&plaza=0&greens=0&temple=0&walls=0&shantytown=0&style=natural
460,Tarbogranoli,Bolinadusia,Bolinadusia Deanery,Sounevandilia,Duchy of Sounevandilia,Tallian,Faith of Fateaux,village,937,97.32,491.74,21.59,-24.14,169,17°C,Lisbon (Portugal),,,,,,,,{t1:gules;ordinaries:[{ordinary:chevron;t:or}];shield:horsehead},https://watabou.github.io/village-generator/?pop=937&name=Tarbogranoli&seed=2563131000460&width=1000&height=488&style=default&tags=highway%2Cno+square%2Cdense
461,Monte,Kaltaylyurt,Kaltaylyurt Area,Sazkyurt,Beylik of Sazkyurt,Tallian,Faith of Fateaux,town,2549,204.56,547.5,18.92,-19.01,1521,9°C,Copenhagen (Denmark),,,,walls,,,,{t1:gules;division:{division:perCross;t:vairAncien-argent-azure;line:straight};charges:[{charge:angel;t:or;p:e;t2:or;size:1.5}];shield:horsehead},https://watabou.github.io/city-generator/?name=Monte&population=2549&size=18&seed=2563131000461&river=0&coast=0&farms=1&citadel=0&urban_castle=0&hub=0&plaza=0&greens=0&temple=0&walls=1&shantytown=0&style=natural
462,Pozanovilba,Celleparno,Celleparno County,Aciasecia,Principality of Aciasecia,Tallian,Faith of Fateaux,village,5443,134.68,582.74,17.24,-22.36,289,18°C,Barcelona (Spain),,,,,,,,{t1:or;charges:[{charge:laurelWreath;t:azure;p:e;t2:azure;size:1.5}];shield:horsehead},https://watabou.github.io/village-generator/?pop=5443&name=Pozanovilba&seed=2563131000462&width=1600&height=780&style=default&tags=dead+end%2Cno+square%2Cdense
463,Olataun,Errerangia,Errerangia Territory,Abergia,Kingdom of Abergia,Euskati,Tamanian Heresy,village,657,928.95,653.41,13.86,15.64,121,20°C,Alexandria (Egypt),,,,,,,,{t1:purpure;ordinaries:[{ordinary:pall;t:or}];charges:[{charge:goutte;t:purpure;p:jleh;size:0.5}];shield:oldFrench},https://watabou.github.io/village-generator/?pop=657&name=Olataun&seed=2563131000463&width=1000&height=488&style=default&tags=highway%2Cno+square%2Cdense
464,Innisaber,Fertia,Fertia Parish,Aberleith,Thearchy of Aberleith,Keltan,Treaberlese Pantheon,town,7749,742.88,521.8,20.15,6.74,4,18°C,Barcelona (Spain),,port,,,,,,{t1:maily-azure-argent;ordinaries:[{ordinary:orle;t:or}];charges:[{charge:cavalier;t:or;p:jleh;t2:or;t3:or;size:0.5}];shield:oval},https://watabou.github.io/city-generator/?name=Innisaber&population=7749&size=28&seed=2563131000464&river=0&coast=1&farms=1&citadel=0&urban_castle=0&hub=0&plaza=0&greens=0&temple=0&walls=0&shantytown=0&style=natural&sea=1.36
465,Brevilly,Ivria,Ivria Parish,Puines,Puinian Theocracy,Luari,Luari Doctrine,city,1028,215.61,332.64,29.2,-18.49,484,10°C,London (England),,,,,,,,{t1:fusily-argent-sable;charges:[{charge:lionSejant;t:vert;p:e;t2:vert;t3:purpure;size:1.5}];shield:french},https://watabou.github.io/city-generator/?name=Brevilly&population=1028&size=13&seed=2563131000465&river=0&coast=0&farms=1&citadel=0&urban_castle=0&hub=1&plaza=0&greens=0&temple=0&walls=0&shantytown=0&style=natural
466,Abeboiosadh,Invermainia,Invermainia County,Abergia,Kingdom of Abergia,Keltan,Bramburghism,town,2893,845.36,536.23,19.46,11.64,64,19°C,Marrakesh (Morocco),,port,,,,,,{t1:argent;charges:[{charge:anchor;t:purpure;p:e;size:1.5}];shield:oval},https://watabou.github.io/city-generator/?name=Abeboiosadh&population=2893&size=19&seed=2563131000466&river=0&coast=1&farms=1&citadel=0&urban_castle=0&hub=0&plaza=0&greens=0&temple=0&walls=0&shantytown=0&style=natural&sea=0.76
467,Bova,Erlyurt,Erlyurt Barony,Boy,Boyan Khaganate,Turchian,Kocapism,city,10448,674.86,327.84,29.43,3.49,484,10°C,London (England),,,citadel,walls,plaza,temple,,{t1:gules;charges:[{charge:boat;t:argent;p:e;t2:argent;size:1.5}];shield:round},https://watabou.github.io/city-generator/?name=Bova&population=10448&size=31&seed=2563131000467&river=0&coast=0&farms=1&citadel=1&urban_castle=0&hub=0&plaza=1&greens=1&temple=1&walls=1&shantytown=0&style=natural
468,Ghraigarard,Araberfania,Araberfania Parish,Aberleith,Thearchy of Aberleith,Keltan,Treaberlese Pantheon,town,6305,848.58,495.15,21.43,11.8,441,15°C,Rome (Italy),,,,,,,,{t1:or;charges:[{charge:anchor;t:vert;p:e;size:1.5}];shield:oval},https://watabou.github.io/city-generator/?name=Ghraigarard&population=6305&size=26&seed=2563131000468&river=0&coast=0&farms=1&citadel=0&urban_castle=0&hub=0&plaza=0&greens=0&temple=0&walls=0&shantytown=0&style=natural
469,Raswebach,Oteria,Oteria Barony,Malscken,Grand Duchy of Malscken,Shwazen,Shwazen Religion,city,9749,379.95,470.94,22.58,-10.62,4,17°C,Lisbon (Portugal),,,citadel,walls,,,,{t1:argent;ordinaries:[{ordinary:pale;t:purpure;line:engrailed}];charges:[{charge:key;t:gules;p:y;size:0.5}];shield:swiss},https://watabou.github.io/city-generator/?name=Raswebach&population=9749&size=31&seed=2563131000469&river=0&coast=0&farms=1&citadel=1&urban_castle=0&hub=0&plaza=0&greens=0&temple=0&walls=1&shantytown=0&style=natural
470,Aberg,Invenek,Invenek Parish,Aberleith,Thearchy of Aberleith,Keltan,Treaberlese Pantheon,village,3261,690.77,555.16,18.56,4.25,4,20°C,Alexandria (Egypt),,,,,,,,{t1:sable;charges:[{charge:stagPassant;t:argent;p:e;t2:argent;size:1.5}];shield:oval},https://watabou.github.io/village-generator/?pop=3261&name=Aberg&seed=2563131000470&width=1600&height=780&style=default&tags=isolated%2Cfarmland%2Cno+square%2Cdense
471,Rovinoval,Marvionia,Marvionia Clan,Aciasecia,Principality of Aciasecia,Romian,Faith of Fateaux,town,829,97.06,596.88,16.56,-24.16,196,20°C,Alexandria (Egypt),,,,,,,,{t1:vert;charges:[{charge:horseHeadCouped;t:argent;p:e;size:1.5}];shield:roman},https://watabou.github.io/city-generator/?name=Rovinoval&population=829&size=12&seed=2563131000471&river=0&coast=0&farms=1&citadel=0&urban_castle=0&hub=0&plaza=0&greens=0&temple=0&walls=0&shantytown=0&style=natural
472,Abery,Beia,Beia Shire,Boy,Boyan Khaganate,Keltan,Kocapism,town,1261,650.55,486.51,21.84,2.32,64,18°C,Barcelona (Spain),,,,,,,,{t1:gules;division:{division:perPale;t:argent;line:straight};charges:[{charge:inescutcheon;t:or;p:e;size:1.5};{charge:goutte;t:vert;p:e;size:0.75}];shield:oval},https://watabou.github.io/city-generator/?name=Abery&population=1261&size=14&seed=2563131000472&river=0&coast=0&farms=1&citadel=0&urban_castle=0&hub=1&plaza=0&greens=0&temple=0&walls=0&shantytown=0&style=natural
473,Montadoricu,Bolinadusia,Bolinadusia Deanery,Chuelia,Diocese of Chuelia,Tallian,Faith of Fateaux,town,603,136.84,508.72,20.78,-22.25,169,17°C,Lisbon (Portugal),,,,,,,,{t1:azure;division:{division:perSaltire;t:counterPotent-or-sable};charges:[{charge:triangle;t:argent;p:b;size:0.5};{charge:sunInSplendour;t:vert;p:d;size:0.5};{charge:sun;t:azure;p:f;size:0.5};{charge:mullet4;t:argent;p:h;size:0.5}];shield:horsehead},https://watabou.github.io/city-generator/?name=Montadoricu&population=603&size=11&seed=2563131000473&river=0&coast=0&farms=1&citadel=0&urban_castle=0&hub=0&plaza=0&greens=0&temple=0&walls=0&shantytown=0&style=natural
474,Yazbeykut,Ayaneli,Ayaneli County,Boy,Boyan Khaganate,Turchian,Kocapism,village,597,619.89,452.07,23.49,0.86,225,15°C,Rome (Italy),,,,walls,,,,{t1:azure;ordinaries:[{ordinary:pallReversed;t:argent}];charges:[{charge:crescent;t:azure;p:e;size:0.7}];shield:round},https://watabou.github.io/village-generator/?pop=597&name=Yazbeykut&seed=2563131000474&width=1000&height=488&style=default&tags=dead+end%2Cno+square%2Cpalisade%2Cdense
475,Schweuengen,Hagendorf,Hagendorf Parish,Fischrenia,Bishopric of Fischrenia,Shwazen,Shwazen Religion,town,8095,276.39,456.22,23.29,-15.58,289,15°C,Rome (Italy),,,,walls,,,,{t1:or;charges:[{charge:wolfHeadErased;t:gules;p:e;t2:gules;size:1.5}];shield:swiss},https://watabou.github.io/city-generator/?name=Schweuengen&population=8095&size=29&seed=2563131000475&river=0&coast=0&farms=1&citadel=0&urban_castle=0&hub=0&plaza=0&greens=0&temple=0&walls=1&shantytown=0&style=natural
476,Apazobasay,Koca,Koca Parish,Yerinte,Imamah of Yerinte,Turchian,Yerinish Creed,village,1839,452.76,510.14,20.71,-7.14,64,18°C,Barcelona (Spain),,port,,,,,,{t1:sanguine;ordinaries:[{ordinary:saltireParted;t:argent;line:straight}];charges:[{charge:armillarySphere;t:gules;p:e;size:1.5}];shield:round},https://watabou.github.io/village-generator/?pop=1839&name=Apazobasay&seed=2563131000476&width=1600&height=780&style=default&tags=coast%2Chighway%2Cno+square%2Cdense
477,Sobra,Valle,Valle Islands,Sazkyurt,Beylik of Sazkyurt,Portuzian,Pontosism,village,1264,198.6,670.44,13.05,-19.3,25,22°C,Guangzhou (China),,port,,,,,,{t1:or;ordinaries:[{ordinary:bendlet;t:azure;line:straight}];charges:[{charge:garb;t:or;p:joe;t2:or;size:0.3}];shield:renaissance},https://watabou.github.io/village-generator/?pop=1264&name=Sobra&seed=2563131000477&width=1400&height=683&style=default&tags=coast%2Cisolated%2Cuncultivated%2Cno+square%2Cdense
478,Errerangia,Errerangia,Errerangia Territory,Abergia,Kingdom of Abergia,Euskati,Tamanian Heresy,town,827,924.02,653.01,13.88,15.41,4,21°C,Tegucigalpa (Honduras),,port,,,,,,{t1:azure;division:{division:gyronny;t:or};shield:oldFrench},https://watabou.github.io/city-generator/?name=Errerangia&population=827&size=12&seed=2563131000478&river=1&coast=1&farms=1&citadel=0&urban_castle=0&hub=0&plaza=0&greens=0&temple=0&walls=0&shantytown=0&style=natural&sea=1.06
479,Knacumeford,Southeria,Southeria Earldom,Stansburia,Stansburian Empire,Angshire,Kocapism,town,9210,793.24,255.5,32.88,9.15,25,11°C,Antwerp (Belgium),,,,,,,,{t1:gules;ordinaries:[{ordinary:pileInBendSinister;t:argent}];charges:[{charge:drakkar;t:azure;p:em;t2:azure;t3:azure;size:0.5}];shield:wedged},https://watabou.github.io/city-generator/?name=Knacumeford&population=9210&size=30&seed=2563131000479&river=1&coast=0&farms=1&citadel=0&urban_castle=0&hub=0&plaza=0&greens=0&temple=0&walls=0&shantytown=0&style=natural
480,Senneauvilles,Lantaimancheb,Lantaimancheb Deanery,Chuelia,Diocese of Chuelia,Luari,Faith of Fateaux,town,2671,121,467.3,22.76,-23.01,64,17°C,Lisbon (Portugal),,,,,,,,{t1:or;charges:[{charge:scorpion;t:sable;p:e;size:1.5}];shield:french},https://watabou.github.io/city-generator/?name=Senneauvilles&population=2671&size=19&seed=2563131000480&river=0&coast=0&farms=1&citadel=0&urban_castle=0&hub=0&plaza=0&greens=0&temple=0&walls=0&shantytown=0&style=natural
481,Quatham,Skiptonbury,Skiptonbury Parish,Orporpor,Orporpor Theocracy,Angshire,Bramburghism,village,785,1079.12,378.93,26.98,22.83,81,13°C,Milan (Italy),,,,,,,,{t1:gules;ordinaries:[{ordinary:pale;t:or;line:arched}];charges:[{charge:buckle;t:gules;p:e;size:0.7}];shield:wedged},https://watabou.github.io/village-generator/?pop=785&name=Quatham&seed=2563131000481&width=1000&height=488&style=default&tags=dead+end%2Cno+square%2Cdense
482,Warhambe,Mitherslia,Mitherslia Parish,Orporpor,Orporpor Theocracy,Angshire,Bramburghism,town,191,1049.92,432.58,24.42,21.43,225,15°C,Rome (Italy),,,,,,,,{t1:argent;ordinaries:[{ordinary:saltire;t:sable;line:nebuly}];charges:[{charge:crossFleury;t:argent;p:e;size:0.7}];shield:wedged},https://watabou.github.io/city-generator/?name=Warhambe&population=191&size=7&seed=2563131000482&river=1&coast=0&farms=0&citadel=0&urban_castle=0&hub=0&plaza=0&greens=0&temple=0&walls=0&shantytown=0&style=natural
483,Raritavori,Raritavori,Raritavori Parish,Turanmaa,Turanmaan Theocracy,Soumi,Kocapism,town,4831,432.8,169.02,37.02,-8.09,100,7°C,Montreal (Canada),,,,walls,,,,{t1:gules;charges:[{charge:bell;t:argent;p:jln;t2:argent;size:0.7}];shield:pavise},https://watabou.github.io/city-generator/?name=Raritavori&population=4831&size=24&seed=2563131000483&river=0&coast=0&farms=1&citadel=0&urban_castle=0&hub=0&plaza=0&greens=0&temple=0&walls=1&shantytown=0&style=natural
484,Tutach,Tutach,Tutach Parish,Puines,Puinian Theocracy,Shwazen,Shwazen Religion,town,12458,302.31,328.6,29.39,-14.34,841,8°C,Prague (Czechia),,,,,,,,{t1:chequy-azure-or;division:{division:perPale;t:argent;line:straight};ordinaries:[{ordinary:pile;t:gules}];shield:swiss},https://watabou.github.io/city-generator/?name=Tutach&population=12458&size=34&seed=2563131000484&river=0&coast=0&farms=1&citadel=0&urban_castle=0&hub=0&plaza=0&greens=0&temple=0&walls=0&shantytown=0&style=natural
485,Schopenbach,Schopenbach,Schopenbach Territory,Malscken,Grand Duchy of Malscken,Shwazen,Shwazen Religion,village,1083,311.56,460.22,23.1,-13.89,4,17°C,Lisbon (Portugal),,,,,,,,{t1:gules;charges:[{charge:eagle;t:argent;p:beh;t2:argent;t3:argent;size:0.5}];shield:swiss},https://watabou.github.io/village-generator/?pop=1083&name=Schopenbach&seed=2563131000485&width=1400&height=683&style=default&tags=isolated%2Cfarmland%2Cno+square%2Cdense
486,Aynak,Paisa,Paisa Land,Boy,Boyan Khaganate,Turchian,Kocapism,town,789,529.58,256.84,32.82,-3.46,289,9°C,Copenhagen (Denmark),,port,citadel,,,,,{t1:argent;division:{division:perFess;t:sable;line:straight};ordinaries:[{ordinary:bordure;t:vert}];shield:round},https://watabou.github.io/city-generator/?name=Aynak&population=789&size=12&seed=2563131000486&river=1&coast=1&farms=1&citadel=1&urban_castle=1&hub=0&plaza=0&greens=0&temple=0&walls=0&shantytown=0&style=natural
487,Rosnaid,Maberleithia,Maberleithia Parish,Aberleith,Thearchy of Aberleith,Keltan,Treaberlese Pantheon,town,2244,686.79,496.75,21.35,4.06,16,18°C,Barcelona (Spain),,port,,,,,,{t1:sable;ordinaries:[{ordinary:fessDoubleCotissed;t:or;line:wavy}];charges:[{charge:bearRampant;t:gules;p:def;t2:gules;t3:argent;size:0.4}];shield:oval},https://watabou.github.io/city-generator/?name=Rosnaid&population=2244&size=18&seed=2563131000487&river=0&coast=1&farms=1&citadel=0&urban_castle=0&hub=0&plaza=0&greens=0&temple=0&walls=0&shantytown=0&style=natural&sea=0.74
488,Noyerstouil,Charvillenest,Charvillenest Clan,Puines,Puinian Theocracy,Luari,Luari Doctrine,town,2044,161.28,346.52,28.53,-21.08,324,11°C,Antwerp (Belgium),,,,,,,,{t1:or;charges:[{charge:lizard;t:sable;p:e;size:1.5}];shield:french},https://watabou.github.io/city-generator/?name=Noyerstouil&population=2044&size=17&seed=2563131000488&river=0&coast=0&farms=1&citadel=0&urban_castle=0&hub=0&plaza=0&greens=0&temple=0&walls=0&shantytown=0&style=natural
489,Marqui,Sezesezia,Sezesezia County,Aciasecia,Principality of Aciasecia,Tallian,Faith of Fateaux,town,4193,216.12,449.42,23.61,-18.46,100,15°C,Rome (Italy),,port,,,,,,{t1:argent;charges:[{charge:plaice;t:sable;p:jln;t2:sable;size:0.7}];shield:horsehead},https://watabou.github.io/city-generator/?name=Marqui&population=4193&size=22&seed=2563131000489&river=0&coast=1&farms=1&citadel=0&urban_castle=0&hub=0&plaza=0&greens=0&temple=0&walls=0&shantytown=0&style=natural&sea=1.34
490,Korbey,Erkanesen,Erkanesen Seneschalty,Boy,Boyan Khaganate,Turchian,Kocapism,town,601,502.55,222.85,34.45,-4.76,121,9°C,Copenhagen (Denmark),,,,,,,,{t1:or;division:{division:perCross;t:gules;line:straight};charges:[{charge:lionHeadCaboshed;t:vert;p:j;t2:azure;size:0.6};{charge:anchor;t:or;p:l;size:0.6};{charge:trowel;t:or;p:m;size:0.6;sinister:1};{charge:roundel;t:purpure;p:o;size:0.6}];shield:round},https://watabou.github.io/city-generator/?name=Korbey&population=601&size=11&seed=2563131000490&river=1&coast=0&farms=1&citadel=0&urban_castle=0&hub=0&plaza=0&greens=0&temple=0&walls=0&shantytown=0&style=natural
491,Ungen,Schaldenia,Schaldenia Land,Fischrenia,Bishopric of Fischrenia,Shwazen,Shwazen Religion,town,3843,324.12,399.63,25.99,-13.29,100,14°C,Washington (D.C.),,,,,,,,{t1:sable;ordinaries:[{ordinary:pale;t:argent;line:straight}];charges:[{charge:windmill;t:sable;p:beh;t2:or;t3:sable;size:0.5}];shield:swiss},https://watabou.github.io/city-generator/?name=Ungen&population=3843&size=22&seed=2563131000491&river=0&coast=0&farms=0&citadel=0&urban_castle=0&hub=0&plaza=0&greens=0&temple=0&walls=0&shantytown=0&style=natural
492,Brorough,Draxtedia,Draxtedia County,Sagelia,Grand Duchy of Sagelia,Angshire,Bramburghism,town,3858,1014.7,308.67,30.34,19.74,144,11°C,Antwerp (Belgium),,,,,,,,{t1:argent;ordinaries:[{ordinary:point;t:purpure}];charges:[{charge:bell;t:purpure;p:bdf;t2:purpure;size:0.5}];shield:wedged},https://watabou.github.io/city-generator/?name=Brorough&population=3858&size=22&seed=2563131000492&river=1&coast=0&farms=1&citadel=0&urban_castle=0&hub=0&plaza=0&greens=0&temple=0&walls=0&shantytown=0&style=natural
493,Baynuzkolu,Paisa,Paisa Land,Boy,Boyan Khaganate,Turchian,Kocapism,town,915,434.53,265.96,32.38,-8.01,36,11°C,Antwerp (Belgium),,port,,,,,,{t1:or;charges:[{charge:salmon;t:vert;p:abcpqh;t2:purpure;size:0.5}];shield:round},https://watabou.github.io/city-generator/?name=Baynuzkolu&population=915&size=13&seed=2563131000493&river=0&coast=1&farms=1&citadel=0&urban_castle=0&hub=0&plaza=0&greens=0&temple=0&walls=0&shantytown=0&style=natural&sea=0.85
494,Vines,Ivria,Ivria Parish,Puines,Puinian Theocracy,Luari,Luari Doctrine,town,5982,219.94,323.56,29.63,-18.28,225,12°C,Paris (France),,,citadel,,,,,{t1:or;division:{division:perChevronReversed;t:sable;line:firTrees};charges:[{charge:crossHummetty;t:gules;p:dfh;size:0.5}];shield:french},https://watabou.github.io/city-generator/?name=Vines&population=5982&size=25&seed=2563131000494&river=0&coast=0&farms=1&citadel=1&urban_castle=1&hub=0&plaza=0&greens=0&temple=0&walls=0&shantytown=0&style=natural
495,Galokseki,Galokseki,Galokseki Earldom,Sazkyurt,Beylik of Sazkyurt,Turchian,Kocapism,town,3403,317.37,543.54,19.11,-13.62,676,15°C,Rome (Italy),,,,walls,,,,{t1:gules;division:{division:perFess;t:or;line:straight};ordinaries:[{ordinary:mount;t:argent;divided:counter}];shield:round},https://watabou.github.io/city-generator/?name=Galokseki&population=3403&size=21&seed=2563131000495&river=0&coast=0&farms=1&citadel=0&urban_castle=0&hub=0&plaza=0&greens=0&temple=0&walls=1&shantytown=0&style=natural
496,Atyurt,Moncocendi,Moncocendi Parish,Yerinte,Imamah of Yerinte,Turchian,Yerinish Creed,village,4101,464.44,599.17,16.45,-6.58,144,20°C,Alexandria (Egypt),,,,,,,,{t1:sable;ordinaries:[{ordinary:orle;t:argent}];charges:[{charge:bell;t:or;p:jleh;t2:or;size:0.5}];shield:round},https://watabou.github.io/village-generator/?pop=4101&name=Atyurt&seed=2563131000496&width=1600&height=780&style=default&tags=highway%2Cno+square%2Cdense
497,Chorgeal,Bouaigaiglos,Bouaigaiglos Parish,Aberleith,Thearchy of Aberleith,Keltan,Treaberlese Pantheon,village,864,827.94,551.5,18.73,10.81,9,19°C,Marrakesh (Morocco),,,,,,,,{t1:purpure;division:{division:perPale;t:argent;line:wavy};charges:[{charge:anchor;t:or;p:e;size:1.5}];shield:oval},https://watabou.github.io/village-generator/?pop=864&name=Chorgeal&seed=2563131000497&width=1000&height=488&style=default&tags=dead+end%2Cno+square%2Cdense
498,Enheim,Enheim,Enheim Clan,Malscken,Grand Duchy of Malscken,Shwazen,Shwazen Religion,city,5636,422.2,397.47,26.1,-8.6,64,15°C,Rome (Italy),,port,citadel,,,,,{t1:azure;division:{division:perCross;t:bendy-argent-purpure;line:straight};ordinaries:[{ordinary:bordure;t:or}];charges:[{charge:annulet;t:azure;p:ABCDEFGHIJKL;t2:or;t3:azure;size:0.18};{charge:hand;t:or;p:e;size:1.1}];shield:swiss},https://watabou.github.io/city-generator/?name=Enheim&population=5636&size=25&seed=2563131000498&river=0&coast=1&farms=0&citadel=1&urban_castle=1&hub=0&plaza=0&greens=0&temple=0&walls=0&shantytown=0&style=natural&sea=0.42
499,Obalazte,Southeria,Southeria Earldom,Stansburia,Stansburian Empire,Turchian,Kocapism,town,975,783.1,223.64,34.41,8.66,16,10°C,London (England),,,,,,,,{t1:sable;division:{division:perCross;t:or;line:straight};ordinaries:[{ordinary:bendlet;t:argent;line:straight}];charges:[{charge:bridge;t:argent;p:cg;size:0.5}];shield:round},https://watabou.github.io/city-generator/?name=Obalazte&population=975&size=13&seed=2563131000499&river=0&coast=0&farms=1&citadel=0&urban_castle=0&hub=0&plaza=0&greens=0&temple=0&walls=0&shantytown=0&style=natural
500,Ekin,Sivrek,Sivrek Shire,Boy,Boyan Khaganate,Turchian,Kocapism,town,2362,672.23,227.07,34.24,3.36,121,9°C,Copenhagen (Denmark),,,,,,,,{t1:or;charges:[{charge:bullHeadCaboshed;t:sable;p:e;t2:sable;size:1.5}];shield:round},https://watabou.github.io/city-generator/?name=Ekin&population=2362&size=18&seed=2563131000500&river=0&coast=0&farms=1&citadel=0&urban_castle=0&hub=0&plaza=0&greens=0&temple=0&walls=0&shantytown=0&style=natural
501,Yemirman,Galokseki,Galokseki Earldom,Sazkyurt,Beylik of Sazkyurt,Turchian,Kocapism,village,2395,321.88,562.58,18.2,-13.4,625,16°C,Dubrovnik (Croatia),,,citadel,walls,,,,{t1:argent;ordinaries:[{ordinary:chevronReversed;t:gules}];charges:[{charge:lionPassant;t:gules;p:b;t2:gules;t3:azure;size:0.5}];shield:round},https://watabou.github.io/village-generator/?pop=2395&name=Yemirman&seed=2563131000501&width=1600&height=780&style=default&tags=highway%2Cno+square%2Cpalisade%2Cdense
502,Poglia,Toprak,Toprak Earldom,Sazkyurt,Beylik of Sazkyurt,Tallian,Kocapism,town,943,302.06,588.65,16.96,-14.35,81,19°C,Marrakesh (Morocco),,port,,,,,,{t1:gules;division:{division:perFess;t:argent;line:straight};charges:[{charge:anchor;t:or;p:k;size:0.7};{charge:falcon;t:purpure;p:n;size:0.7}];shield:horsehead},https://watabou.github.io/city-generator/?name=Poglia&population=943&size=13&seed=2563131000502&river=0&coast=1&farms=1&citadel=0&urban_castle=0&hub=0&plaza=0&greens=0&temple=0&walls=0&shantytown=0&style=natural&sea=0.86
503,Laupsrey,Nehamn,Nehamn Earldom,Lauda,Grand Duchy of Lauda,Norse,Kocapism,town,4279,310.49,203.91,35.35,-13.95,49,9°C,Copenhagen (Denmark),,port,citadel,,,,,{t1:or;division:{division:perFess;t:purpure;line:straight};shield:heater},https://watabou.github.io/city-generator/?name=Laupsrey&population=4279&size=22&seed=2563131000503&river=1&coast=1&farms=1&citadel=1&urban_castle=0&hub=1&plaza=0&greens=0&temple=0&walls=0&shantytown=0&style=natural&sea=0.3
504,Arcellettuso,Celleparno,Celleparno County,Aciasecia,Principality of Aciasecia,Tallian,Faith of Fateaux,town,901,132.9,563.08,18.18,-22.44,256,18°C,Barcelona (Spain),,,,,,,,{t1:gules;ordinaries:[{ordinary:chief;t:argent;line:arched}];shield:horsehead},https://watabou.github.io/city-generator/?name=Arcellettuso&population=901&size=13&seed=2563131000504&river=0&coast=0&farms=1&citadel=0&urban_castle=0&hub=0&plaza=0&greens=0&temple=0&walls=0&shantytown=0&style=natural
505,Aynak,Dekesenyurt,Dekesenyurt Territory,Stansburia,Stansburian Empire,Turchian,Kocapism,town,3063,749.9,274.8,31.96,7.08,4,11°C,Antwerp (Belgium),,,,,,,,{t1:azure;ordinaries:[{ordinary:chevronReversed;t:or}];charges:[{charge:lozenge;t:or;p:b;size:0.5}];shield:round},https://watabou.github.io/city-generator/?name=Aynak&population=3063&size=20&seed=2563131000505&river=1&coast=0&farms=0&citadel=0&urban_castle=0&hub=0&plaza=0&greens=0&temple=0&walls=0&shantytown=0&style=natural
506,Altnesterby,Crafland,Crafland Parish,Orporpor,Orporpor Theocracy,Angshire,Bramburghism,town,7751,1163.45,364.52,27.67,26.86,16,14°C,Washington (D.C.),,port,,,,,,{t1:argent;charges:[{charge:peacockInPride;t:sable;p:e;t2:sable;t3:sable;size:1.5}];shield:wedged},https://watabou.github.io/city-generator/?name=Altnesterby&population=7751&size=28&seed=2563131000506&river=0&coast=1&farms=1&citadel=0&urban_castle=0&hub=0&plaza=0&greens=0&temple=0&walls=0&shantytown=0&style=natural&sea=1.77
507,Dedikyurt,Oluyurt,Oluyurt County,Stansburia,Stansburian Empire,Turchian,Kocapism,village,913,771.59,252.55,33.03,8.11,9,11°C,Antwerp (Belgium),,,,,,,,{t1:azure;division:{division:perFess;t:or;line:engrailed};charges:[{charge:anvil;t:argent;p:k;size:0.7};{charge:mullet6Pierced;t:gules;p:n;size:0.7}];shield:round},https://watabou.github.io/village-generator/?pop=913&name=Dedikyurt&seed=2563131000507&width=1000&height=488&style=default&tags=river%2Cdead+end%2Cno+square%2Cdense
508,Yelenkorga,Yasyurt,Yasyurt Earldom,Sazkyurt,Beylik of Sazkyurt,Turchian,Kocapism,town,1976,312.12,505.88,20.91,-13.87,529,15°C,Rome (Italy),,,,,,,,{t1:argent;charges:[{charge:lanceWithBanner;t:sable;p:e;t2:sable;t3:sable;size:1.5}];shield:round},https://watabou.github.io/city-generator/?name=Yelenkorga&population=1976&size=17&seed=2563131000508&river=0&coast=0&farms=1&citadel=0&urban_castle=0&hub=0&plaza=0&greens=0&temple=0&walls=0&shantytown=0&style=natural
509,Arig,Aberporth,Aberporth Parish,Aberleith,Thearchy of Aberleith,Keltan,Treaberlese Pantheon,town,984,780.96,481.12,22.1,8.56,324,15°C,Rome (Italy),,,,,,,,{t1:purpure;charges:[{charge:inescutcheon;t:argent;p:e;size:1.5};{charge:triangle;t:purpure;p:e;size:0.75}];shield:oval},https://watabou.github.io/city-generator/?name=Arig&population=984&size=13&seed=2563131000509&river=1&coast=0&farms=1&citadel=0&urban_castle=0&hub=0&plaza=0&greens=0&temple=0&walls=0&shantytown=0&style=natural
510,Orylis,Totestable,Totestable Region,Peina,Principality of Peina,Elladan,Tamanian Heresy,town,1854,1065.06,526.92,19.91,22.15,1024,12°C,Paris (France),,,,,,,,{t1:argent;ordinaries:[{ordinary:bendlet;t:purpure;line:straight}];charges:[{charge:pillar;t:argent;p:joe;size:0.3}];shield:boeotian},https://watabou.github.io/city-generator/?name=Orylis&population=1854&size=16&seed=2563131000510&river=0&coast=0&farms=1&citadel=0&urban_castle=0&hub=0&plaza=0&greens=0&temple=0&walls=0&shantytown=0&style=natural
511,Otillos,Heruesia,Heruesia County,Sazkyurt,Beylik of Sazkyurt,Astellian,Astellian Beliefs,town,3828,459.85,689.78,12.12,-6.8,16,22°C,Guangzhou (China),,port,,walls,plaza,,,{t1:or;ordinaries:[{ordinary:pale;t:purpure;line:straight}];charges:[{charge:crossFormee2;t:purpure;p:y;size:0.5}];shield:spanish},https://watabou.github.io/city-generator/?name=Otillos&population=3828&size=22&seed=2563131000511&river=0&coast=1&farms=1&citadel=0&urban_castle=0&hub=0&plaza=1&greens=1&temple=0&walls=1&shantytown=0&style=natural&sea=0.75
512,Shersle,Southeria,Southeria Earldom,Stansburia,Stansburian Empire,Angshire,Kocapism,town,5540,800.05,233.03,33.96,9.47,16,10°C,London (England),,port,,,,,,{t1:sable;ordinaries:[{ordinary:canton;t:or}];charges:[{charge:bone;t:or;p:beh;size:0.5}];shield:wedged},https://watabou.github.io/city-generator/?name=Shersle&population=5540&size=25&seed=2563131000512&river=0&coast=1&farms=1&citadel=0&urban_castle=0&hub=1&plaza=0&greens=0&temple=0&walls=0&shantytown=0&style=natural&sea=1.98
513,Grafengen,Enheim,Enheim Clan,Malscken,Grand Duchy of Malscken,Shwazen,Shwazen Religion,town,4928,401.92,413.9,25.31,-9.57,256,13°C,Milan (Italy),,,,,,,,{t1:argent;ordinaries:[{ordinary:bordure;t:vert}];charges:[{charge:key;t:or;p:ABCDEFGHIJKL;size:0.18}];shield:swiss},https://watabou.github.io/city-generator/?name=Grafengen&population=4928&size=24&seed=2563131000513&river=0&coast=0&farms=1&citadel=0&urban_castle=0&hub=0&plaza=0&greens=0&temple=0&walls=0&shantytown=0&style=natural
514,Kusulakimaa,New Turanmaa,New Turanmaa Colony,Turanmaa,Turanmaan Theocracy,Soumi,Kocapism,village,612,433.36,142.34,38.29,-8.07,36,7°C,Montreal (Canada),,,,,,,,{t1:gules;charges:[{charge:bow;t:argent;p:e;size:1.5}];shield:pavise},https://watabou.github.io/village-generator/?pop=612&name=Kusulakimaa&seed=2563131000514&width=1000&height=488&style=default&tags=isolated%2Cno+square%2Cdense
515,Bozozokor,Ytelen,Ytelen Shire,Boy,Boyan Khaganate,Turchian,Kocapism,town,3806,524.3,229.86,34.11,-3.72,169,9°C,Copenhagen (Denmark),,,,walls,,,,{t1:azure;ordinaries:[{ordinary:gore;t:or}];charges:[{charge:mullet;t:argent;p:e;size:1.5;reversed:1}];shield:round},https://watabou.github.io/city-generator/?name=Bozozokor&population=3806&size=21&seed=2563131000515&river=0&coast=0&farms=1&citadel=0&urban_castle=0&hub=0&plaza=0&greens=0&temple=0&walls=1&shantytown=0&style=natural
516,Kelilerkor,Ytelen,Ytelen Shire,Boy,Boyan Khaganate,Turchian,Kocapism,town,608,530.27,242.72,33.5,-3.43,324,8°C,Prague (Czechia),,,,walls,,,,{t1:gules;charges:[{charge:bookClosed;t:argent;p:kn;t2:argent;t3:or;size:0.7}];shield:round},https://watabou.github.io/city-generator/?name=Kelilerkor&population=608&size=11&seed=2563131000516&river=0&coast=0&farms=1&citadel=0&urban_castle=0&hub=0&plaza=0&greens=0&temple=0&walls=1&shantytown=0&style=natural
517,Buyba,Yeneri,Yeneri Seneschalty,Boy,Boyan Khaganate,Turchian,Kocapism,town,4654,570.81,257.14,32.81,-1.49,441,8°C,Prague (Czechia),,port,citadel,,,,,{t1:gules;ordinaries:[{ordinary:chief;t:argent;line:archedReversed}];charges:[{charge:lionHeadCaboshed;t:gules;p:abc;t2:gules;size:0.5}];shield:round},https://watabou.github.io/city-generator/?name=Buyba&population=4654&size=23&seed=2563131000517&river=0&coast=1&farms=1&citadel=1&urban_castle=0&hub=0&plaza=0&greens=0&temple=0&walls=0&shantytown=0&style=natural&sea=1.13
518,Kokuzkoba,Bazyoleli,Bazyoleli Territory,Tutachinia,Duchy of Tutachinia,Turchian,Kocapism,town,5111,421.78,350.1,28.36,-8.62,256,12°C,Paris (France),,,,,,,,{t1:argent;division:{division:perPale;t:gules;line:rayonne};charges:[{charge:bridge;t:azure;p:jo;size:0.7}];shield:round},https://watabou.github.io/city-generator/?name=Kokuzkoba&population=5111&size=24&seed=2563131000518&river=0&coast=0&farms=1&citadel=0&urban_castle=0&hub=0&plaza=0&greens=0&temple=0&walls=0&shantytown=0&style=natural
519,Baltaybur,Alprak,Alprak Area,Yerinte,Imamah of Yerinte,Turchian,Yerinish Creed,town,896,496.35,473.42,22.47,-5.05,9,17°C,Lisbon (Portugal),,port,,,,,,{t1:sable;division:{division:perPale;t:or;line:arched};charges:[{charge:crossHummetty;t:argent;p:p;size:0.7};{charge:crossSantiago;t:azure;p:q;size:0.7}];shield:round},https://watabou.github.io/city-generator/?name=Baltaybur&population=896&size=13&seed=2563131000519&river=1&coast=1&farms=1&citadel=0&urban_castle=0&hub=0&plaza=0&greens=0&temple=0&walls=0&shantytown=0&style=natural&sea=1.11
520,Sermafontica,Prolanolia,Prolanolia Earldom,Sazkyurt,Beylik of Sazkyurt,Tallian,Faith of Fateaux,village,3168,232.35,567.45,17.97,-17.68,16,20°C,Alexandria (Egypt),,port,,,,,,{t1:argent;ordinaries:[{ordinary:chief;t:purpure;line:straight}];charges:[{charge:heart;t:argent;p:abc;size:0.5}];shield:horsehead},https://watabou.github.io/village-generator/?pop=3168&name=Sermafontica&seed=2563131000520&width=1600&height=780&style=default&tags=coast%2Cdead+end%2Cno+square%2Cdense
521,Alkalaray,Jung,Jung Region,Boy,Boyan Khaganate,Turchian,Kocapism,town,4730,560.92,207.14,35.2,-1.97,16,9°C,Copenhagen (Denmark),,,,,,,,{t1:vert;ordinaries:[{ordinary:point;t:argent}];shield:round},https://watabou.github.io/city-generator/?name=Alkalaray&population=4730&size=23&seed=2563131000521&river=1&coast=0&farms=1&citadel=0&urban_castle=0&hub=0&plaza=0&greens=0&temple=0&walls=0&shantytown=0&style=natural
522,Buykalaz,North,North Earldom,Stansburia,Stansburian Empire,Turchian,Bramburghism,town,2552,822.32,326.39,29.5,10.54,36,13°C,Milan (Italy),,port,,,,,,{t1:or;ordinaries:[{ordinary:fess;t:gules;line:straight}];charges:[{charge:lymphad;t:argent;p:def;t2:gules;t3:azure;size:0.5}];shield:round},https://watabou.github.io/city-generator/?name=Buykalaz&population=2552&size=18&seed=2563131000522&river=0&coast=1&farms=1&citadel=0&urban_castle=0&hub=1&plaza=0&greens=0&temple=0&walls=0&shantytown=0&style=natural&sea=1.81
523,Fiuno,Rociaticia,Rociaticia County,Sazkyurt,Beylik of Sazkyurt,Tallian,Kocapism,city,1295,278.22,583.84,17.19,-15.49,49,20°C,Alexandria (Egypt),,,,walls,,,,{t1:lozengy-argent-purpure;charges:[{charge:talbotPassant;t:vert;p:e;t2:vert;t3:gules;size:1.5}];shield:horsehead},https://watabou.github.io/city-generator/?name=Fiuno&population=1295&size=14&seed=2563131000523&river=0&coast=0&farms=1&citadel=0&urban_castle=0&hub=0&plaza=0&greens=0&temple=0&walls=1&shantytown=0&style=natural
524,Bolton,Bokehamia,Bokehamia Barony,Sagelia,Grand Duchy of Sagelia,Angshire,Bramburghism,village,5861,1026.23,358.3,27.97,20.3,25,14°C,Washington (D.C.),,port,,,,,,{t1:gules;division:{division:chevronny;t:or};charges:[{charge:helmet;t:argent;p:e;size:1.5}];shield:wedged},https://watabou.github.io/village-generator/?pop=5861&name=Bolton&seed=2563131000524&width=1600&height=780&style=default&tags=estuary%2Chighway%2Cuncultivated%2Cno+square%2Cdense
525,Altay,Koca,Koca Parish,Yerinte,Imamah of Yerinte,Turchian,Yerinish Creed,town,4582,491.75,507.21,20.85,-5.27,4,18°C,Barcelona (Spain),,,,,,,,{t1:vairAncien-argent-azure-small;charges:[{charge:griffinRampant;t:sable;p:e;t2:sable;t3:sable;size:1.5}];shield:round},https://watabou.github.io/city-generator/?name=Altay&population=4582&size=23&seed=2563131000525&river=1&coast=0&farms=1&citadel=0&urban_castle=0&hub=0&plaza=0&greens=0&temple=0&walls=0&shantytown=0&style=natural
526,Hatbume,Cocheapton,Cocheapton Parish,Orporpor,Orporpor Theocracy,Angshire,Bramburghism,town,565,1082.68,442.05,23.97,23,121,15°C,Rome (Italy),,,,,,,,{t1:or;division:{division:perCross;t:azure;line:embattledGhibellin};charges:[{charge:pillar;t:purpure;p:j;size:0.6};{charge:dragonPassant;t:or;p:l;size:0.6};{charge:lionHeadErased;t:argent;p:m;size:0.6};{charge:mascle;t:gules;p:o;size:0.6}];shield:wedged},https://watabou.github.io/city-generator/?name=Hatbume&population=565&size=11&seed=2563131000526&river=0&coast=0&farms=1&citadel=0&urban_castle=0&hub=0&plaza=0&greens=0&temple=0&walls=0&shantytown=0&style=natural
527,Kington,Cleoleshole,Cleoleshole Parish,Orporpor,Orporpor Theocracy,Angshire,Bramburghism,village,872,999.52,403.38,25.81,19.02,361,13°C,Milan (Italy),,,,,,,,{t1:or;ordinaries:[{ordinary:pilesInPoint;t:azure}];charges:[{charge:scythe2;t:gules;p:jln;size:0.7}];shield:wedged},https://watabou.github.io/village-generator/?pop=872&name=Kington&seed=2563131000527&width=1000&height=488&style=default&tags=river%2Cdead+end%2Cno+square%2Cdense
528,Leone,Fongaroria,Fongaroria County,Aciasecia,Principality of Aciasecia,Tallian,Faith of Fateaux,town,1147,226.37,462.76,22.98,-17.97,25,17°C,Lisbon (Portugal),,,,walls,,,,{t1:ermine-argent-sable;division:{division:perFess;t:purpure;line:straight};shield:horsehead},https://watabou.github.io/city-generator/?name=Leone&population=1147&size=14&seed=2563131000528&river=1&coast=0&farms=1&citadel=0&urban_castle=0&hub=1&plaza=0&greens=0&temple=0&walls=1&shantytown=0&style=natural
529,Totford,North,North Earldom,Stansburia,Stansburian Empire,Angshire,Kocapism,town,5529,801.26,280.09,31.71,9.53,144,10°C,London (England),,port,,,,,,{t1:gules;ordinaries:[{ordinary:orle;t:or}];charges:[{charge:ratRampant;t:argent;p:peq;t2:argent;size:0.4}];shield:wedged},https://watabou.github.io/city-generator/?name=Totford&population=5529&size=25&seed=2563131000529&river=0&coast=1&farms=1&citadel=0&urban_castle=0&hub=0&plaza=0&greens=0&temple=0&walls=0&shantytown=0&style=natural&sea=1.06
530,Boca,Kesenbyurt,Kesenbyurt Barony,Boy,Boyan Khaganate,Turchian,Kocapism,town,985,650.78,443.49,23.9,2.33,324,14°C,Washington (D.C.),,,,walls,,,,{t1:or;division:{division:perPale;t:vert;line:barby};ordinaries:[{ordinary:chevronReversed;t:azure}];shield:round},https://watabou.github.io/city-generator/?name=Boca&population=985&size=13&seed=2563131000530&river=0&coast=0&farms=1&citadel=0&urban_castle=0&hub=0&plaza=0&greens=0&temple=0&walls=1&shantytown=0&style=natural
531,Canti,Rorumia,Rorumia County,Aciasecia,Principality of Aciasecia,Tallian,Faith of Fateaux,town,669,86.1,571,17.8,-24.68,4,20°C,Alexandria (Egypt),,,,,,,,{t1:argent;division:{division:perFess;t:azure;line:straight};charges:[{charge:crossCarolingian;t:vert;p:e;divided:counter;size:1.5}];shield:horsehead},https://watabou.github.io/city-generator/?name=Canti&population=669&size=11&seed=2563131000531&river=0&coast=0&farms=1&citadel=0&urban_castle=0&hub=0&plaza=0&greens=0&temple=0&walls=0&shantytown=0&style=natural
532,Valle,Valle,Valle Islands,Sazkyurt,Beylik of Sazkyurt,Tallian,Kocapism,town,6549,273.76,591.4,16.83,-15.7,16,21°C,Tegucigalpa (Honduras),,port,,,,,,{t1:or;division:{division:perBendSinister;t:purpure;line:embattledNotched};shield:horsehead},https://watabou.github.io/city-generator/?name=Valle&population=6549&size=26&seed=2563131000532&river=0&coast=1&farms=1&citadel=0&urban_castle=0&hub=0&plaza=0&greens=0&temple=0&walls=0&shantytown=0&style=natural&sea=0.81
533,Ayvar,Erkanesen,Erkanesen Seneschalty,Boy,Boyan Khaganate,Turchian,Kocapism,town,7050,493.35,221.04,34.53,-5.2,121,9°C,Copenhagen (Denmark),,,,,,,,{t1:fusily-gules-argent;division:{division:perCross;t:purpure;line:straight};ordinaries:[{ordinary:bend;t:or;line:straight}];shield:round},https://watabou.github.io/city-generator/?name=Ayvar&population=7050&size=27&seed=2563131000533&river=0&coast=0&farms=1&citadel=0&urban_castle=0&hub=0&plaza=0&greens=0&temple=0&walls=0&shantytown=0&style=natural
534,Doba,Dodurbyurt,Dodurbyurt County,Sazkyurt,Beylik of Sazkyurt,Turchian,Kocapism,town,715,343.2,516.8,20.39,-12.38,676,14°C,Washington (D.C.),,,,,,,,{t1:vert;charges:[{charge:mullet6Faceted;t:or;p:jln;size:0.7}];shield:round},https://watabou.github.io/city-generator/?name=Doba&population=715&size=12&seed=2563131000534&river=0&coast=0&farms=1&citadel=0&urban_castle=0&hub=0&plaza=0&greens=0&temple=0&walls=0&shantytown=0&style=natural
535,Degaicarnia,Degaicarnia,Degaicarnia Shire,Peina,Principality of Peina,Elladan,Tamanian Heresy,town,8532,994.79,590.96,16.85,18.79,81,20°C,Alexandria (Egypt),,,,,,,,{t1:gules;charges:[{charge:mascle;t:argent;p:abcpqh;size:0.5}];shield:boeotian},https://watabou.github.io/city-generator/?name=Degaicarnia&population=8532&size=29&seed=2563131000535&river=0&coast=0&farms=1&citadel=0&urban_castle=0&hub=0&plaza=0&greens=0&temple=0&walls=0&shantytown=0&style=natural
536,Afonve,Aberporth,Aberporth Parish,Aberleith,Thearchy of Aberleith,Keltan,Treaberlese Pantheon,village,617,770.87,504.09,21,8.08,676,14°C,Washington (D.C.),,,,,,,,{t1:or;division:{division:perFess;t:azure;line:straight};ordinaries:[{ordinary:bendletSinister;t:sable;line:straight}];shield:oval},https://watabou.github.io/village-generator/?pop=617&name=Afonve&seed=2563131000536&width=1000&height=488&style=default&tags=highway%2Cno+square%2Cdense
537,Ermig,Hvamsund,Hvamsund Area,Puines,Puinian Theocracy,Luari,Old Luari Beliefs,town,638,89.37,227.11,34.24,-24.52,36,10°C,London (England),,,,,plaza,,,{t1:purpure;ordinaries:[{ordinary:pile;t:or}];shield:french},https://watabou.github.io/city-generator/?name=Ermig&population=638&size=11&seed=2563131000537&river=0&coast=0&farms=1&citadel=0&urban_castle=0&hub=0&plaza=1&greens=1&temple=0&walls=0&shantytown=0&style=natural
538,Yaltaynuz,Galu,Galu Territory,Boy,Boyan Khaganate,Turchian,Kocapism,town,4205,594.84,260.02,32.67,-0.34,324,9°C,Copenhagen (Denmark),,,,,,,,{t1:or;charges:[{charge:lionHeadCaboshed;t:sable;p:e;t2:sable;size:1.5}];shield:round},https://watabou.github.io/city-generator/?name=Yaltaynuz&population=4205&size=22&seed=2563131000538&river=0&coast=0&farms=1&citadel=0&urban_castle=0&hub=0&plaza=0&greens=0&temple=0&walls=0&shantytown=0&style=natural
539,Ballstad,Haudenster,Haudenster Earldom,Malscken,Grand Duchy of Malscken,Shwazen,Shwazen Religion,town,2406,383.45,444.02,23.87,-10.46,361,14°C,Washington (D.C.),,,,,,,,{t1:azure;charges:[{charge:ladybird;t:or;p:e;t2:or;t3:or;size:1.5}];shield:swiss},https://watabou.github.io/city-generator/?name=Ballstad&population=2406&size=18&seed=2563131000539&river=1&coast=0&farms=1&citadel=0&urban_castle=0&hub=0&plaza=0&greens=0&temple=0&walls=0&shantytown=0&style=natural
540,Louthboume,Berton,Berton County,Stansburia,Stansburian Empire,Angshire,Kocapism,town,1751,779.98,291.26,31.18,8.51,900,6°C,Stockholm (Sweden),,,,,,,,{t1:gules;division:{division:perCross;t:argent;line:potenty};charges:[{charge:sun;t:or;p:j;size:0.6};{charge:hourglass;t:purpure;p:l;size:0.6};{charge:wyvern;t:gules;p:m;size:0.6};{charge:millstone;t:or;p:o;size:0.6}];shield:wedged},https://watabou.github.io/city-generator/?name=Louthboume&population=1751&size=16&seed=2563131000540&river=0&coast=0&farms=1&citadel=0&urban_castle=0&hub=0&plaza=0&greens=0&temple=0&walls=0&shantytown=0&style=natural
541,Cocheapton,Cocheapton,Cocheapton Parish,Orporpor,Orporpor Theocracy,Angshire,Bramburghism,city,9832,1078.08,417.03,25.16,22.78,4,15°C,Rome (Italy),,port,citadel,,,,,{t1:semy_of_mullet4-vert-or;ordinaries:[{ordinary:terrace;t:argent;line:straight}];shield:wedged},https://watabou.github.io/city-generator/?name=Cocheapton&population=9832&size=31&seed=2563131000541&river=0&coast=1&farms=1&citadel=1&urban_castle=0&hub=0&plaza=0&greens=0&temple=0&walls=0&shantytown=0&style=natural&sea=0.8
542,Boku,Sarprakdi,Sarprakdi Seneschalty,Boy,Boyan Khaganate,Turchian,Kocapism,town,2405,457.31,356.29,28.07,-6.92,81,13°C,Milan (Italy),,port,,,,,,{t1:purpure;charges:[{charge:garb;t:or;p:abc;t2:or;size:0.5}];shield:round},https://watabou.github.io/city-generator/?name=Boku&population=2405&size=18&seed=2563131000542&river=1&coast=1&farms=1&citadel=0&urban_castle=0&hub=0&plaza=0&greens=0&temple=0&walls=0&shantytown=0&style=natural&sea=1.33
543,Pickeford,Bosteria,Bosteria Parish,Orporpor,Orporpor Theocracy,Angshire,Bramburghism,city,941,1105.85,368.15,27.5,24.1,16,14°C,Washington (D.C.),,port,,,,,,{t1:or;charges:[{charge:lighthouse;t:vert;p:e;t2:vert;t3:vert;size:1.5}];shield:wedged},https://watabou.github.io/city-generator/?name=Pickeford&population=941&size=13&seed=2563131000543&river=0&coast=1&farms=1&citadel=0&urban_castle=0&hub=0&plaza=0&greens=0&temple=0&walls=0&shantytown=0&style=natural&sea=1.9
544,Norlowleigh,Berton,Berton County,Stansburia,Stansburian Empire,Angshire,Kocapism,village,8832,795.6,310.66,30.25,9.26,324,10°C,London (England),,,,,,,,{t1:vert;charges:[{charge:falchion;t:argent;p:jln;t2:argent;size:0.7}];shield:wedged},https://watabou.github.io/village-generator/?pop=8832&name=Norlowleigh&seed=2563131000544&width=1600&height=780&style=default&tags=dead+end%2Cno+square%2Cdense
545,Inwenfartsea,Inwenfartsea,Inwenfartsea County,Abergia,Kingdom of Abergia,Keltan,Tamanian Heresy,city,10995,888.65,570.36,17.83,13.71,400,17°C,Lisbon (Portugal),,,citadel,,,,,{t1:gules;charges:[{charge:archer;t:argent;p:e;t2:argent;t3:or;size:1.5}];shield:oval},https://watabou.github.io/city-generator/?name=Inwenfartsea&population=10995&size=32&seed=2563131000545&river=0&coast=0&farms=1&citadel=1&urban_castle=0&hub=0&plaza=0&greens=0&temple=0&walls=0&shantytown=0&style=natural
546,Niipohjaki,Sasjarvia,Sasjarvia Parish,Turanmaa,Turanmaan Theocracy,Soumi,Turanv Religion,town,7623,357.28,256.82,32.82,-11.71,484,8°C,Prague (Czechia),,,,,,,,{t1:gules;charges:[{charge:ramHeadErased;t:or;p:e;t2:or;t3:argent;size:1.5}];shield:pavise},https://watabou.github.io/city-generator/?name=Niipohjaki&population=7623&size=28&seed=2563131000546&river=0&coast=0&farms=1&citadel=0&urban_castle=0&hub=0&plaza=0&greens=0&temple=0&walls=0&shantytown=0&style=natural
547,Yazde,Derinbey,Derinbey Clan,Boy,Boyan Khaganate,Turchian,Kocapism,town,3639,497.58,391.15,26.4,-5,16,15°C,Rome (Italy),,port,,walls,,,,{t1:bendy-gules-or;ordinaries:[{ordinary:chief;t:argent;line:straight}];shield:round},https://watabou.github.io/city-generator/?name=Yazde&population=3639&size=21&seed=2563131000547&river=0&coast=1&farms=1&citadel=0&urban_castle=0&hub=0&plaza=0&greens=0&temple=0&walls=1&shantytown=0&style=natural&sea=0.45
548,Bridgehambe,Southeria,Southeria Earldom,Stansburia,Stansburian Empire,Angshire,Kocapism,town,13588,807.74,256.75,32.83,9.84,64,11°C,Antwerp (Belgium),,,,,plaza,,,{t1:azure;charges:[{charge:crossDouble;t:argent;p:e;size:1.5}];shield:wedged},https://watabou.github.io/city-generator/?name=Bridgehambe&population=13588&size=35&seed=2563131000548&river=0&coast=0&farms=1&citadel=0&urban_castle=0&hub=0&plaza=1&greens=1&temple=0&walls=0&shantytown=0&style=natural
549,Boury,Ivria,Ivria Parish,Puines,Puinian Theocracy,Luari,Luari Doctrine,town,2696,235.79,333.72,29.15,-17.52,256,11°C,Antwerp (Belgium),,,,,,,,{t1:ermine-argent-sable;division:{division:perBend;t:gules;line:straight};charges:[{charge:escallop;t:purpure;p:lm;size:0.7}];shield:french},https://watabou.github.io/city-generator/?name=Boury&population=2696&size=19&seed=2563131000549&river=0&coast=0&farms=1&citadel=0&urban_castle=0&hub=0&plaza=0&greens=0&temple=0&walls=0&shantytown=0&style=natural
550,Oguzli,Dekyurt,Dekyurt Shire,Boy,Boyan Khaganate,Turchian,Kocapism,village,566,680.08,270.02,32.19,3.74,121,10°C,London (England),,,,walls,,,,{t1:or;ordinaries:[{ordinary:cross;t:sable;line:straight}];charges:[{charge:spear;t:or;p:beh;t2:or;size:0.3}];shield:round},https://watabou.github.io/village-generator/?pop=566&name=Oguzli&seed=2563131000550&width=1000&height=488&style=default&tags=dead+end%2Cno+square%2Cpalisade%2Cdense
551,Choux,Ivria,Ivria Parish,Puines,Puinian Theocracy,Luari,Luari Doctrine,town,6100,229.05,337.69,28.96,-17.84,400,10°C,London (England),,,,,,,,{t1:vert;ordinaries:[{ordinary:fess;t:or;line:wavy}];charges:[{charge:bell;t:vert;p:e;t2:or;size:0.7}];shield:french},https://watabou.github.io/city-generator/?name=Choux&population=6100&size=26&seed=2563131000551&river=0&coast=0&farms=1&citadel=0&urban_castle=0&hub=1&plaza=0&greens=0&temple=0&walls=0&shantytown=0&style=natural
552,Yerenkorbe,Yayaztopyurt,Yayaztopyurt County,Boy,Boyan Khaganate,Turchian,Kocapism,village,3072,634.38,479.13,22.19,1.55,361,15°C,Rome (Italy),,,,,,,,{t1:vert;ordinaries:[{ordinary:bend;t:or;line:arched}];charges:[{charge:key;t:or;p:cg;size:0.5}];shield:round},https://watabou.github.io/village-generator/?pop=3072&name=Yerenkorbe&seed=2563131000552&width=1600&height=780&style=default&tags=dead+end%2Cno+square%2Cdense
553,Treabert,Invermainia,Invermainia County,Abergia,Kingdom of Abergia,Keltan,Bramburghism,town,6810,871.34,533.95,19.57,12.89,361,17°C,Lisbon (Portugal),,port,citadel,,,,,{t1:gules;division:{division:perCross;t:or;line:straight};charges:[{charge:mascle;t:argent;p:j;size:0.6};{charge:angel;t:sable;p:l;size:0.6};{charge:arrow;t:purpure;p:m;size:0.6};{charge:armEmbowedVambracedHoldingSword;t:argent;p:o;size:0.6}];shield:oval},https://watabou.github.io/city-generator/?name=Treabert&population=6810&size=27&seed=2563131000553&river=0&coast=1&farms=1&citadel=1&urban_castle=0&hub=0&plaza=0&greens=0&temple=0&walls=0&shantytown=0&style=natural
554,Yenizkaya,Ayaneli,Ayaneli County,Boy,Boyan Khaganate,Turchian,Kocapism,town,2143,594.98,451.15,23.53,-0.34,961,10°C,London (England),,,,,,,,{t1:purpure;ordinaries:[{ordinary:pallReversed;t:argent}];charges:[{charge:badgerStatant;t:azure;p:bemo;t2:azure;size:0.5}];shield:round},https://watabou.github.io/city-generator/?name=Yenizkaya&population=2143&size=17&seed=2563131000554&river=0&coast=0&farms=1&citadel=0&urban_castle=0&hub=0&plaza=0&greens=0&temple=0&walls=0&shantytown=0&style=natural
555,Searesham,Searesham,Searesham Parish,Orporpor,Orporpor Theocracy,Angshire,Bramburghism,town,7821,1103.22,387.31,26.58,23.98,9,15°C,Rome (Italy),,,citadel,walls,,,,{t1:argent;charges:[{charge:mullet6;t:gules;p:acegi;size:0.4}];shield:wedged},https://watabou.github.io/city-generator/?name=Searesham&population=7821&size=28&seed=2563131000555&river=1&coast=0&farms=1&citadel=1&urban_castle=0&hub=0&plaza=0&greens=0&temple=0&walls=1&shantytown=0&style=natural
556,Sokeholine,Uxbronere,Uxbronere County,Stansburia,Stansburian Empire,Angshire,Bramburghism,town,895,916.36,363.34,27.73,15.04,289,12°C,Paris (France),,,,,,,,{t1:bendy-purpure-argent;division:{division:perBendSinister;t:or;line:straight};ordinaries:[{ordinary:pilesInPoint;t:gules}];shield:wedged},https://watabou.github.io/city-generator/?name=Sokeholine&population=895&size=13&seed=2563131000556&river=0&coast=0&farms=1&citadel=0&urban_castle=0&hub=0&plaza=0&greens=0&temple=0&walls=0&shantytown=0&style=natural
557,Bounoraberg,Abertleven,Abertleven Parish,Aberleith,Thearchy of Aberleith,Keltan,Treaberlese Pantheon,village,691,800.5,458.08,23.2,9.5,9,17°C,Lisbon (Portugal),,port,citadel,walls,,,,{t1:vert;ordinaries:[{ordinary:saltireParted;t:or;line:barby}];charges:[{charge:garb;t:argent;p:abcpqh;t2:argent;size:0.5}];shield:oval},https://watabou.github.io/village-generator/?pop=691&name=Bounoraberg&seed=2563131000557&width=1000&height=488&style=default&tags=coast%2Chighway%2Cuncultivated%2Cno+square%2Cpalisade%2Cdense
558,Sorotilgar,Barmia,Barmia Parish,Yerinte,Imamah of Yerinte,Astellian,Yerinish Creed,town,5495,424.74,594.12,16.7,-8.48,1024,14°C,Washington (D.C.),,,,,,,,{t1:sable;charges:[{charge:hourglass;t:argent;p:e;t2:argent;t3:argent;size:1.5}];shield:spanish},https://watabou.github.io/city-generator/?name=Sorotilgar&population=5495&size=25&seed=2563131000558&river=1&coast=0&farms=0&citadel=0&urban_castle=0&hub=0&plaza=0&greens=0&temple=0&walls=0&shantytown=0&style=natural
559,Wenmouth,Cleoleshole,Cleoleshole Parish,Orporpor,Orporpor Theocracy,Angshire,Bramburghism,town,926,1013.36,434.48,24.33,19.68,484,13°C,Milan (Italy),,,,,,,,{t1:argent;ordinaries:[{ordinary:pile;t:gules}];charges:[{charge:horseshoe;t:or;p:b;size:0.5}];shield:wedged},https://watabou.github.io/city-generator/?name=Wenmouth&population=926&size=13&seed=2563131000559&river=0&coast=0&farms=1&citadel=0&urban_castle=0&hub=0&plaza=0&greens=0&temple=0&walls=0&shantytown=0&style=natural
560,Balaman,Yayaztopyurt,Yayaztopyurt County,Boy,Boyan Khaganate,Turchian,Kocapism,town,8280,595.98,467.41,22.75,-0.29,256,15°C,Rome (Italy),,,,,,,,{t1:argent;ordinaries:[{ordinary:chevron;t:purpure}];shield:round},https://watabou.github.io/city-generator/?name=Balaman&population=8280&size=29&seed=2563131000560&river=0&coast=0&farms=1&citadel=0&urban_castle=0&hub=0&plaza=0&greens=0&temple=0&walls=0&shantytown=0&style=natural
561,Arone,Sezesezia,Sezesezia County,Aciasecia,Principality of Aciasecia,Tallian,Faith of Fateaux,town,614,249.63,447.82,23.69,-16.86,169,15°C,Rome (Italy),,,,,,,,{t1:or;division:{division:perPale;t:azure;line:invecked};ordinaries:[{ordinary:chevronReversed;t:gules;divided:field}];shield:horsehead},https://watabou.github.io/city-generator/?name=Arone&population=614&size=11&seed=2563131000561&river=1&coast=0&farms=1&citadel=0&urban_castle=0&hub=0&plaza=0&greens=0&temple=0&walls=0&shantytown=0&style=natural
562,Dodurtenbe,Tepeneveli,Tepeneveli County,Stansburia,Stansburian Empire,Turchian,Kocapism,town,748,746.19,289.3,31.27,6.9,25,12°C,Paris (France),,,,,,,,{t1:sable;division:{division:chevronny;t:argent};charges:[{charge:feather;t:or;p:e;size:1.5}];shield:round},https://watabou.github.io/city-generator/?name=Dodurtenbe&population=748&size=12&seed=2563131000562&river=0&coast=0&farms=1&citadel=0&urban_castle=0&hub=0&plaza=0&greens=0&temple=0&walls=0&shantytown=0&style=natural
563,Piantamatri,Casca,Casca County,Aciasecia,Principality of Aciasecia,Tallian,Faith of Fateaux,town,1033,106.04,530.9,19.72,-23.73,16,19°C,Marrakesh (Morocco),,port,,,,,,{t1:argent;ordinaries:[{ordinary:chevronReversed;t:azure}];charges:[{charge:crescent;t:gules;p:e;size:1.5}];shield:horsehead},https://watabou.github.io/city-generator/?name=Piantamatri&population=1033&size=13&seed=2563131000563&river=0&coast=1&farms=1&citadel=0&urban_castle=0&hub=1&plaza=0&greens=0&temple=0&walls=0&shantytown=0&style=natural&sea=1.28
564,Haltondon,Wincland,Wincland County,Stansburia,Stansburian Empire,Angshire,Bramburghism,village,2335,910.58,252.44,33.03,14.76,25,11°C,Antwerp (Belgium),,,,,,,,{t1:argent;charges:[{charge:eagle;t:gules;p:e;t2:gules;t3:gules;size:1.5}];shield:wedged},https://watabou.github.io/village-generator/?pop=2335&name=Haltondon&seed=2563131000564&width=1600&height=780&style=default&tags=isolated%2Cfarmland%2Cno+square%2Cdense
565,Yakardem,Yeneri,Yeneri Seneschalty,Boy,Boyan Khaganate,Turchian,Kocapism,town,3819,540.7,249.64,33.17,-2.93,169,9°C,Copenhagen (Denmark),,,,,,,,{t1:semy_of_heart-argent-purpure-smaller;division:{division:perSaltire;t:sable};ordinaries:[{ordinary:pallReversed;t:vert}];shield:round},https://watabou.github.io/city-generator/?name=Yakardem&population=3819&size=22&seed=2563131000565&river=0&coast=0&farms=1&citadel=0&urban_castle=0&hub=0&plaza=0&greens=0&temple=0&walls=0&shantytown=0&style=natural
566,Nestelle,Grotatia,Grotatia Land,Aciasecia,Principality of Aciasecia,Tallian,Tallian Spirits,village,617,248.96,536.44,19.45,-16.89,1849,7°C,Montreal (Canada),,,,,,,,{t1:argent;division:{division:chevronny;t:fusily-or-gules};charges:[{charge:tower;t:azure;p:e;t2:azure;divided:counter;size:1.5}];shield:horsehead},https://watabou.github.io/village-generator/?pop=617&name=Nestelle&seed=2563131000566&width=1000&height=488&style=default&tags=river%2Cdead+end%2Cno+square%2Cdense
567,Yadi,Elieli,Elieli County,Boy,Boyan Khaganate,Turchian,Kocapism,town,5858,573.58,306.09,30.47,-1.36,400,9°C,Copenhagen (Denmark),,,,,,,,{t1:or;charges:[{charge:dove;t:argent;p:jln;t2:vert;size:0.7}];shield:round},https://watabou.github.io/city-generator/?name=Yadi&population=5858&size=25&seed=2563131000567&river=1&coast=0&farms=1&citadel=0&urban_castle=0&hub=0&plaza=0&greens=0&temple=0&walls=0&shantytown=0&style=natural
568,Trillen,Trillen,Trillen Parish,Puines,Puinian Theocracy,Shwazen,Old Luari Beliefs,city,487,275.12,328.28,29.41,-15.64,169,12°C,Paris (France),,port,,walls,,,shanty town,{t1:lozengy-or-sable-small;ordinaries:[{ordinary:fess;t:gules;line:straight}];shield:swiss},https://watabou.github.io/city-generator/?name=Trillen&population=487&size=10&seed=2563131000568&river=0&coast=1&farms=0&citadel=0&urban_castle=0&hub=0&plaza=0&greens=0&temple=0&walls=1&shantytown=1&style=natural&sea=1.2
569,Seagelter,Totestable,Totestable Region,Peina,Principality of Peina,Angshire,Tamanian Heresy,town,945,1006.4,484.14,21.95,19.35,841,13°C,Milan (Italy),,,,,,,,{t1:or;ordinaries:[{ordinary:cross;t:azure;line:rayonne}];charges:[{charge:moonInCrescent;t:or;p:beh;size:0.3}];shield:wedged},https://watabou.github.io/city-generator/?name=Seagelter&population=945&size=13&seed=2563131000569&river=1&coast=0&farms=1&citadel=0&urban_castle=0&hub=0&plaza=0&greens=0&temple=0&walls=0&shantytown=0&style=natural
570,Bouerge,Bouerge,Bouerge Parish,Puines,Puinian Theocracy,Luari,Luari Doctrine,town,8257,144.2,394.24,26.25,-21.9,4,15°C,Rome (Italy),,,,walls,,,,{t1:azure;ordinaries:[{ordinary:pale;t:or;line:straight}];charges:[{charge:hook;t:azure;p:beh;size:0.5}];shield:french},https://watabou.github.io/city-generator/?name=Bouerge&population=8257&size=29&seed=2563131000570&river=0&coast=0&farms=1&citadel=0&urban_castle=0&hub=0&plaza=0&greens=0&temple=0&walls=1&shantytown=0&style=natural
571,Bribachried,Hagendorf,Hagendorf Parish,Fischrenia,Bishopric of Fischrenia,Shwazen,Shwazen Religion,town,5081,260.33,436.2,24.25,-16.35,625,12°C,Paris (France),,,,,,,,{t1:purpure;ordinaries:[{ordinary:piles;t:argent}];charges:[{charge:fusil;t:or;p:abcpqh;size:0.5}];shield:swiss},https://watabou.github.io/city-generator/?name=Bribachried&population=5081&size=24&seed=2563131000571&river=1&coast=0&farms=1&citadel=0&urban_castle=0&hub=0&plaza=0&greens=0&temple=0&walls=0&shantytown=0&style=natural
572,Searararere,Bosteria,Bosteria Parish,Orporpor,Orporpor Theocracy,Angshire,Bramburghism,village,891,1092.38,360.33,27.87,23.46,16,14°C,Washington (D.C.),,,,,,,,{t1:or;charges:[{charge:lizard;t:sable;p:jln;size:0.7}];shield:wedged},https://watabou.github.io/village-generator/?pop=891&name=Searararere&seed=2563131000572&width=1000&height=488&style=default&tags=dead+end%2Cno+square%2Cdense
573,Araynolle,Maberleithia,Maberleithia Parish,Aberleith,Thearchy of Aberleith,Keltan,Treaberlese Pantheon,village,4661,703.06,505.28,20.94,4.83,64,18°C,Barcelona (Spain),,,,,,,,{t1:sable;charges:[{charge:scalesHanging;t:or;p:e;size:1.5}];shield:oval},https://watabou.github.io/village-generator/?pop=4661&name=Araynolle&seed=2563131000573&width=1600&height=780&style=default&tags=dead+end%2Cno+square%2Cdense
574,Laotinon,Totestable,Totestable Region,Peina,Principality of Peina,Elladan,Tamanian Heresy,town,2716,989.58,530.6,19.73,18.54,900,13°C,Milan (Italy),,,,,,,,{t1:argent;ordinaries:[{ordinary:bar;t:sable;line:straight}];charges:[{charge:escallop;t:sable;p:abcgzi;size:0.4}];shield:boeotian},https://watabou.github.io/city-generator/?name=Laotinon&population=2716&size=19&seed=2563131000574&river=0&coast=0&farms=1&citadel=0&urban_castle=0&hub=0&plaza=0&greens=0&temple=0&walls=0&shantytown=0&style=natural
575,Herther,Dury,Dury Earldom,Sagelia,Grand Duchy of Sagelia,Angshire,Bramburghism,town,654,1047.46,308.46,30.35,21.31,81,11°C,Antwerp (Belgium),,,,,,,,{t1:argent;ordinaries:[{ordinary:cross;t:gules;line:wavy}];charges:[{charge:stagsAttires;t:argent;p:beh;size:0.3}];shield:wedged},https://watabou.github.io/city-generator/?name=Herther&population=654&size=11&seed=2563131000575&river=0&coast=0&farms=1&citadel=0&urban_castle=0&hub=0&plaza=0&greens=0&temple=0&walls=0&shantytown=0&style=natural
576,Grandeur,Grandeur,Grandeur Territory,Sounevandilia,Duchy of Sounevandilia,Luari,Faith of Fateaux,fort,627,25.17,471.96,22.54,-27.6,4,17°C,Lisbon (Portugal),,,citadel,,,,,{t1:gules;ordinaries:[{ordinary:pall;t:or}];shield:french},null
577,Holtash,Crafland,Crafland Parish,Orporpor,Orporpor Theocracy,Angshire,Bramburghism,city,4476,1178.37,354.02,28.17,27.57,4,14°C,Washington (D.C.),,,,walls,plaza,,,{t1:or;charges:[{charge:billet;t:gules;p:abcdefgzi;size:0.3}];shield:wedged},https://watabou.github.io/city-generator/?name=Holtash&population=4476&size=23&seed=2563131000577&river=0&coast=0&farms=1&citadel=0&urban_castle=0&hub=0&plaza=1&greens=1&temple=0&walls=1&shantytown=0&style=natural
578,Wineterscom,Wineterscom,Wineterscom County,Stansburia,Stansburian Empire,Angshire,Bramburghism,city,872,928.58,265.47,32.41,15.62,16,11°C,Antwerp (Belgium),,,,walls,,,,{t1:gules;charges:[{charge:bell;t:argent;p:e;t2:argent;size:1.5}];shield:wedged},https://watabou.github.io/city-generator/?name=Wineterscom&population=872&size=12&seed=2563131000578&river=0&coast=0&farms=1&citadel=0&urban_castle=0&hub=0&plaza=0&greens=0&temple=0&walls=1&shantytown=0&style=natural
580,Amabe,Oluyurt,Oluyurt County,Stansburia,Stansburian Empire,Turchian,Kocapism,city,2797,779.66,279.43,31.74,8.5,144,10°C,London (England),,,,,,,,{t1:azure;charges:[{charge:armillarySphere;t:or;p:e;size:1.5}];shield:round},https://watabou.github.io/city-generator/?name=Amabe&population=2797&size=19&seed=2563131000580&river=0&coast=0&farms=1&citadel=0&urban_castle=0&hub=0&plaza=0&greens=0&temple=0&walls=0&shantytown=0&style=natural
581,Anaco,Conterra,Conterra County,Aciasecia,Principality of Aciasecia,Tallian,Faith of Fateaux,town,1564,183.95,505.56,20.93,-20,225,17°C,Lisbon (Portugal),,,,,,,,{t1:argent;division:{division:perFess;t:lozengy-or-gules;line:straight};charges:[{charge:crossCarolingian;t:azure;p:k;size:0.7};{charge:crossCalvary;t:purpure;p:n;size:0.7}];shield:horsehead},https://watabou.github.io/city-generator/?name=Anaco&population=1564&size=15&seed=2563131000581&river=0&coast=0&farms=1&citadel=0&urban_castle=0&hub=0&plaza=0&greens=0&temple=0&walls=0&shantytown=0&style=natural
582,Kemirbeyay,New Ayayruzun,New Ayayruzun Colony,Yerinte,Imamah of Yerinte,Turchian,Kocapism,town,4992,586.12,571.34,17.78,-0.76,25,20°C,Alexandria (Egypt),,,,,,,,{t1:gules;division:{division:perFess;t:argent;line:straight};ordinaries:[{ordinary:saltireParted;t:or;line:straight;divided:counter}];shield:round},https://watabou.github.io/city-generator/?name=Kemirbeyay&population=4992&size=24&seed=2563131000582&river=0&coast=0&farms=1&citadel=0&urban_castle=0&hub=0&plaza=0&greens=0&temple=0&walls=0&shantytown=0&style=natural
583,Eigwe,Bonaraberg,Bonaraberg Parish,Aberleith,Thearchy of Aberleith,Keltan,Treaberlese Pantheon,village,2443,690.3,525.42,19.98,4.22,25,19°C,Marrakesh (Morocco),,,,,,,,{t1:argent;ordinaries:[{ordinary:gyron;t:purpure}];charges:[{charge:roundel;t:gules;p:jln;size:0.7}];shield:oval},https://watabou.github.io/village-generator/?pop=2443&name=Eigwe&seed=2563131000583&width=1600&height=780&style=default&tags=river%2Cisolated%2Cno+square%2Cdense
584,Swasal,Totestable,Totestable Region,Peina,Principality of Peina,Angshire,Tamanian Heresy,town,1830,1060.88,487.63,21.79,21.95,1369,9°C,Copenhagen (Denmark),,,,,,,,{t1:or;charges:[{charge:lamb;t:azure;p:e;t2:purpure;size:1.5}];shield:wedged},https://watabou.github.io/city-generator/?name=Swasal&population=1830&size=16&seed=2563131000584&river=0&coast=0&farms=1&citadel=0&urban_castle=0&hub=0&plaza=0&greens=0&temple=0&walls=0&shantytown=0&style=natural
585,Ligny,Cantenia,Cantenia County,Aciasecia,Principality of Aciasecia,Luari,Faith of Fateaux,village,725,187.01,465.07,22.87,-19.85,64,17°C,Lisbon (Portugal),,,,walls,,,,{t1:purpure;ordinaries:[{ordinary:cross;t:argent;line:bevilled}];charges:[{charge:cock;t:or;p:e;t2:argent;t3:or;size:1.5}];shield:french},https://watabou.github.io/village-generator/?pop=725&name=Ligny&seed=2563131000585&width=1000&height=488&style=default&tags=dead+end%2Cfarmland%2Cno+square%2Cpalisade%2Cdense
586,Torron,Barmia,Barmia Parish,Yerinte,Imamah of Yerinte,Astellian,Yerinish Creed,town,4809,427.78,591.2,16.84,-8.33,1089,14°C,Washington (D.C.),,,,,,,,{t1:argent;division:{division:perBend;t:gules;line:straight};charges:[{charge:crossVoided;t:purpure;p:l;size:0.7};{charge:crossBottony;t:or;p:m;size:0.7}];shield:spanish},https://watabou.github.io/city-generator/?name=Torron&population=4809&size=23&seed=2563131000586&river=0&coast=0&farms=1&citadel=0&urban_castle=0&hub=0&plaza=0&greens=0&temple=0&walls=0&shantytown=0&style=natural
587,Ormsfieldge,Altnesterby,Altnesterby Territory,Orporpor,Orporpor Theocracy,Angshire,Bramburghism,town,897,1140.98,370.92,27.37,25.79,36,14°C,Washington (D.C.),,,,,,,,{t1:or;division:{division:perCross;t:gules;line:engrailed};charges:[{charge:crossPattee;t:azure;p:e;size:1.5}];shield:wedged},https://watabou.github.io/city-generator/?name=Ormsfieldge&population=897&size=13&seed=2563131000587&river=0&coast=0&farms=1&citadel=0&urban_castle=0&hub=0&plaza=0&greens=0&temple=0&walls=0&shantytown=0&style=natural
588,Ponticivo,Andia,Andia Deanery,Chuelia,Diocese of Chuelia,Tallian,Faith of Fateaux,town,5601,100.24,513.86,20.53,-24,100,17°C,Lisbon (Portugal),,,,,,,,{t1:argent;ordinaries:[{ordinary:pile;t:purpure}];charges:[{charge:log;t:or;p:b;size:0.5}];shield:horsehead},https://watabou.github.io/city-generator/?name=Ponticivo&population=5601&size=25&seed=2563131000588&river=0&coast=0&farms=1&citadel=0&urban_castle=0&hub=0&plaza=0&greens=0&temple=0&walls=0&shantytown=0&style=natural
589,Rakmoki,Rakmoki,Rakmoki Barony,Boy,Boyan Khaganate,Soumi,Kocapism,town,651,487.31,181.33,36.43,-5.49,9,9°C,Copenhagen (Denmark),,,,walls,,,,{t1:or;charges:[{charge:lionRampant;t:purpure;p:jlh;t2:gules;t3:purpure;size:0.7}];shield:pavise},https://watabou.github.io/city-generator/?name=Rakmoki&population=651&size=11&seed=2563131000589&river=0&coast=0&farms=1&citadel=0&urban_castle=0&hub=0&plaza=0&greens=0&temple=0&walls=1&shantytown=0&style=natural
590,Llaberden,Invermainia,Invermainia County,Abergia,Kingdom of Abergia,Keltan,Bramburghism,town,651,853.48,518.61,20.31,12.03,256,16°C,Dubrovnik (Croatia),,,,,,,,{t1:azure;charges:[{charge:anchor;t:or;p:jlh;size:0.7}];shield:oval},https://watabou.github.io/city-generator/?name=Llaberden&population=651&size=11&seed=2563131000590&river=0&coast=0&farms=1&citadel=0&urban_castle=0&hub=0&plaza=0&greens=0&temple=0&walls=0&shantytown=0&style=natural
591,Grotri,Prolanolia,Prolanolia Earldom,Sazkyurt,Beylik of Sazkyurt,Tallian,Kocapism,town,6708,256.11,568.8,17.91,-16.55,529,17°C,Lisbon (Portugal),,,,,,,,{t1:argent;charges:[{charge:crossSantiago;t:gules;p:jlh;size:0.7}];shield:horsehead},https://watabou.github.io/city-generator/?name=Grotri&population=6708&size=27&seed=2563131000591&river=0&coast=0&farms=1&citadel=0&urban_castle=0&hub=0&plaza=0&greens=0&temple=0&walls=0&shantytown=0&style=natural
592,Forskimatta,New Sasjarvia,New Sasjarvia Colony,Turanmaa,Turanmaan Theocracy,Soumi,Kocapism,town,922,358.15,237.07,33.77,-11.67,100,9°C,Copenhagen (Denmark),,port,,,,,,{t1:argent;ordinaries:[{ordinary:bar;t:purpure;line:nowyReversed}];charges:[{charge:crossMoline;t:argent;p:def;size:0.3}];shield:pavise},https://watabou.github.io/city-generator/?name=Forskimatta&population=922&size=13&seed=2563131000592&river=0&coast=1&farms=1&citadel=0&urban_castle=0&hub=0&plaza=0&greens=0&temple=0&walls=0&shantytown=0&style=natural&sea=1.4
593,Henaina,Olicargan,Olicargan County,Abergia,Kingdom of Abergia,Elladan,Tamanian Heresy,city,19678,932.57,596.7,16.57,15.81,4,21°C,Tegucigalpa (Honduras),,,citadel,walls,plaza,,shanty town,{t1:gules;charges:[{charge:tower;t:or;p:e;t2:or;size:1.5}];shield:boeotian},https://watabou.github.io/city-generator/?name=Henaina&population=19678&size=40&seed=2563131000593&river=0&coast=0&farms=1&citadel=1&urban_castle=0&hub=0&plaza=1&greens=1&temple=0&walls=1&shantytown=1&style=natural
594,Shiftondal,Draxtedia,Draxtedia County,Sagelia,Grand Duchy of Sagelia,Angshire,Bramburghism,town,931,1017.21,308.88,30.33,19.86,361,10°C,London (England),,,,,,,,{t1:argent;ordinaries:[{ordinary:bendSinister;t:azure;line:straight}];charges:[{charge:swan;t:or;p:lm;t2:gules;t3:azure;size:0.7}];shield:wedged},https://watabou.github.io/city-generator/?name=Shiftondal&population=931&size=13&seed=2563131000594&river=0&coast=0&farms=1&citadel=0&urban_castle=0&hub=0&plaza=0&greens=0&temple=0&walls=0&shantytown=0&style=natural
595,Palicilaccu,Giupolia,Giupolia Territory,Chuelia,Diocese of Chuelia,Tallian,Faith of Fateaux,town,5823,177.26,495.83,21.39,-20.32,169,17°C,Lisbon (Portugal),,port,,,,,,{t1:or;charges:[{charge:lionHeadCaboshed;t:purpure;p:e;t2:purpure;size:1.5}];shield:horsehead},https://watabou.github.io/city-generator/?name=Palicilaccu&population=5823&size=25&seed=2563131000595&river=0&coast=1&farms=1&citadel=0&urban_castle=0&hub=1&plaza=0&greens=0&temple=0&walls=0&shantytown=0&style=natural&sea=0.32
596,Sanobane,New Secilbenzon,New Secilbenzon Colony,Alprakeli,Alprakelian Horde,Turchian,Kocapism,town,4206,408.98,489.12,21.72,-9.23,400,15°C,Rome (Italy),,,,walls,,,,{t1:azure;division:{division:gyronny;t:chequy-argent-vert};charges:[{charge:trefoil;t:or;p:jln;divided:counter;size:0.7}];shield:round},https://watabou.github.io/city-generator/?name=Sanobane&population=4206&size=22&seed=2563131000596&river=0&coast=0&farms=1&citadel=0&urban_castle=0&hub=0&plaza=0&greens=0&temple=0&walls=1&shantytown=0&style=natural
597,Kumtedibe,Abeynak,Abeynak Shire,Boy,Boyan Khaganate,Turchian,Kocapism,town,4957,534.84,182.8,36.36,-3.21,49,9°C,Copenhagen (Denmark),,,citadel,,,,,{t1:argent;charges:[{charge:greyhoundCourant;t:sable;p:e;t2:sable;t3:purpure;size:1.5}];shield:round},https://watabou.github.io/city-generator/?name=Kumtedibe&population=4957&size=24&seed=2563131000597&river=0&coast=0&farms=1&citadel=1&urban_castle=0&hub=0&plaza=0&greens=0&temple=0&walls=0&shantytown=0&style=natural
598,Babepemeri,Aykut,Aykut County,Boy,Boyan Khaganate,Turchian,Kocapism,town,904,657.68,207.97,35.16,2.66,9,9°C,Copenhagen (Denmark),,port,,walls,,,,{t1:argent;division:{division:perFess;t:azure;line:nowy};charges:[{charge:palace;t:purpure;p:k;size:0.7};{charge:lanceWithBanner;t:or;p:n;size:0.7}];shield:round},https://watabou.github.io/city-generator/?name=Babepemeri&population=904&size=13&seed=2563131000598&river=1&coast=1&farms=1&citadel=0&urban_castle=0&hub=0&plaza=0&greens=0&temple=0&walls=1&shantytown=0&style=natural&sea=0.41
599,Breistal,Bolsburgia,Bolsburgia County,Malscken,Grand Duchy of Malscken,Shwazen,Shwazen Religion,city,4900,364.62,479.3,22.19,-11.36,100,16°C,Dubrovnik (Croatia),,,citadel,walls,,,,{t1:sable;charges:[{charge:lionPassantGuardant;t:argent;p:beh;t2:argent;t3:argent;size:0.5}];shield:swiss},https://watabou.github.io/city-generator/?name=Breistal&population=4900&size=24&seed=2563131000599&river=0&coast=0&farms=0&citadel=1&urban_castle=0&hub=0&plaza=0&greens=0&temple=0&walls=1&shantytown=0&style=natural
600,Chlaraydedi,Olicargan,Olicargan County,Abergia,Kingdom of Abergia,Keltan,Tamanian Heresy,village,5439,938.66,569.62,17.87,16.11,529,17°C,Lisbon (Portugal),,,,,,,,{t1:purpure;division:{division:chevronny;t:or};charges:[{charge:inescutcheon;t:argent;p:e;size:1.5};{charge:crossHummetty;t:sable;p:e;size:0.75}];shield:oval},https://watabou.github.io/village-generator/?pop=5439&name=Chlaraydedi&seed=2563131000600&width=1600&height=780&style=default&tags=dead+end%2Cno+square%2Cdense
601,Fouchy,Orquileresia,Orquileresia Parish,Puines,Puinian Theocracy,Luari,Luari Doctrine,town,14807,214.45,305.18,30.51,-18.54,49,12°C,Paris (France),,port,,,,,,{t1:azure;ordinaries:[{ordinary:pale;t:argent;line:straight}];charges:[{charge:crescent;t:azure;p:e;size:0.7}];shield:french},https://watabou.github.io/city-generator/?name=Fouchy&population=14807&size=36&seed=2563131000601&river=0&coast=1&farms=1&citadel=0&urban_castle=0&hub=0&plaza=0&greens=0&temple=0&walls=0&shantytown=0&style=natural&sea=0.47
602,Bayvarma,Bazyoleli,Bazyoleli Territory,Tutachinia,Duchy of Tutachinia,Turchian,Kocapism,town,3864,424.98,370.2,27.4,-8.47,196,13°C,Milan (Italy),,port,,,,,,{t1:argent;ordinaries:[{ordinary:crossParted;t:gules;line:rayonne}];charges:[{charge:pear;t:argent;p:e;t2:argent;size:0.7}];shield:round},https://watabou.github.io/city-generator/?name=Bayvarma&population=3864&size=22&seed=2563131000602&river=0&coast=1&farms=1&citadel=0&urban_castle=0&hub=0&plaza=0&greens=0&temple=0&walls=0&shantytown=0&style=natural&sea=1.52
603,Tesentelen,Koca,Koca Parish,Yerinte,Imamah of Yerinte,Turchian,Yerinish Creed,town,626,476.8,525.55,19.97,-5.99,441,16°C,Dubrovnik (Croatia),,,,,,,,{t1:gules;charges:[{charge:helmetGreat;t:argent;p:e;size:1.5}];shield:round},https://watabou.github.io/city-generator/?name=Tesentelen&population=626&size=11&seed=2563131000603&river=0&coast=0&farms=1&citadel=0&urban_castle=0&hub=0&plaza=0&greens=0&temple=0&walls=0&shantytown=0&style=natural
604,Oguzkay,Sereli,Sereli Land,Alprakeli,Alprakelian Horde,Turchian,Kocapism,town,1023,415.49,560.11,18.32,-8.92,4,20°C,Alexandria (Egypt),,,,,,,,{t1:argent;ordinaries:[{ordinary:bar;t:gules;line:straight}];charges:[{charge:pike;t:argent;p:def;t2:argent;size:0.3}];shield:round},https://watabou.github.io/city-generator/?name=Oguzkay&population=1023&size=13&seed=2563131000604&river=1&coast=0&farms=1&citadel=0&urban_castle=0&hub=0&plaza=0&greens=0&temple=0&walls=0&shantytown=0&style=natural
605,Wabing,Mitherslia,Mitherslia Parish,Orporpor,Orporpor Theocracy,Angshire,Bramburghism,city,1149,1029.72,425.13,24.78,20.46,9,16°C,Dubrovnik (Croatia),,port,,walls,,,shanty town,{t1:gules;ordinaries:[{ordinary:cross;t:argent;line:straight}];shield:wedged},https://watabou.github.io/city-generator/?name=Wabing&population=1149&size=14&seed=2563131000605&river=1&coast=1&farms=0&citadel=0&urban_castle=0&hub=0&plaza=0&greens=0&temple=0&walls=1&shantytown=1&style=natural&sea=0.13
606,Asla,Ytelen,Ytelen Shire,Boy,Boyan Khaganate,Turchian,Kocapism,city,1660,528,218.9,34.63,-3.54,144,9°C,Copenhagen (Denmark),,,citadel,,plaza,,,{t1:purpure;charges:[{charge:falchion;t:argent;p:kn;t2:or;size:0.7}];shield:round},https://watabou.github.io/city-generator/?name=Asla&population=1660&size=16&seed=2563131000606&river=0&coast=0&farms=1&citadel=1&urban_castle=1&hub=0&plaza=1&greens=1&temple=0&walls=0&shantytown=0&style=natural
607,Turk,Tepeneveli,Tepeneveli County,Stansburia,Stansburian Empire,Turchian,Kocapism,town,5369,752.99,302.61,30.63,7.22,49,12°C,Paris (France),,,,walls,,,,{t1:argent;charges:[{charge:hourglass;t:azure;p:e;t2:azure;t3:azure;size:1.5}];shield:round},https://watabou.github.io/city-generator/?name=Turk&population=5369&size=24&seed=2563131000607&river=1&coast=0&farms=1&citadel=0&urban_castle=0&hub=0&plaza=0&greens=0&temple=0&walls=1&shantytown=0&style=natural
608,Brample,Berton,Berton County,Stansburia,Stansburian Empire,Angshire,Kocapism,village,1193,779.46,303.92,30.57,8.49,400,9°C,Copenhagen (Denmark),,,,,,,,{t1:gules;ordinaries:[{ordinary:fess;t:or;line:straight}];charges:[{charge:fountain;t:azure;p:def;size:0.5}];shield:wedged},https://watabou.github.io/village-generator/?pop=1193&name=Brample&seed=2563131000608&width=1400&height=683&style=default&tags=isolated%2Cno+square%2Cdense
609,Civipi,Sezesezia,Sezesezia County,Aciasecia,Principality of Aciasecia,Tallian,Faith of Fateaux,town,900,251.84,443.84,23.88,-16.75,784,11°C,Antwerp (Belgium),,,,,,,,{t1:or;charges:[{charge:talbotSejant;t:gules;p:e;t2:gules;t3:gules;size:1.5}];shield:horsehead},https://watabou.github.io/city-generator/?name=Civipi&population=900&size=13&seed=2563131000609&river=0&coast=0&farms=1&citadel=0&urban_castle=0&hub=0&plaza=0&greens=0&temple=0&walls=0&shantytown=0&style=natural
610,Bozkaya,Derinbey,Derinbey Clan,Boy,Boyan Khaganate,Turchian,Kocapism,town,2001,492.52,393.02,26.31,-5.24,9,15°C,Rome (Italy),,,,,,,,{t1:potentEnPointe-azure-argent;division:{division:perPale;t:or;line:straight};ordinaries:[{ordinary:piles;t:gules}];shield:round},https://watabou.github.io/city-generator/?name=Bozkaya&population=2001&size=17&seed=2563131000610&river=0&coast=0&farms=1&citadel=0&urban_castle=0&hub=0&plaza=0&greens=0&temple=0&walls=0&shantytown=0&style=natural
611,Llan,Aberporth,Aberporth Parish,Aberleith,Thearchy of Aberleith,Keltan,Treaberlese Pantheon,village,625,792.66,517.21,20.37,9.12,256,16°C,Dubrovnik (Croatia),,,,,,,,{t1:azure;division:{division:perPale;t:argent;line:straight};charges:[{charge:talbotSejant;t:or;p:pq;t2:or;t3:or;divided:counter;size:0.7}];shield:oval},https://watabou.github.io/village-generator/?pop=625&name=Llan&seed=2563131000611&width=1000&height=488&style=default&tags=dead+end%2Cfarmland%2Cno+square%2Cdense
612,Sornestad,Enesetia,Enesetia Territory,Lauda,Grand Duchy of Lauda,Norse,Stamsan Pantheon,town,4290,292.82,277.94,31.81,-14.79,289,9°C,Copenhagen (Denmark),,,,,,,,{t1:or;ordinaries:[{ordinary:pallReversed;t:sable}];charges:[{charge:fleurDeLis;t:or;p:bemo;size:0.5}];shield:heater},https://watabou.github.io/city-generator/?name=Sornestad&population=4290&size=22&seed=2563131000612&river=0&coast=0&farms=1&citadel=0&urban_castle=0&hub=0&plaza=0&greens=0&temple=0&walls=0&shantytown=0&style=natural
613,Bouaigaiglos,Bouaigaiglos,Bouaigaiglos Parish,Aberleith,Thearchy of Aberleith,Keltan,Treaberlese Pantheon,town,4580,807,532.65,19.63,9.81,169,18°C,Barcelona (Spain),,,,,,,,{t1:sable;ordinaries:[{ordinary:canton;t:argent}];charges:[{charge:anchor;t:purpure;p:y;size:0.5}];shield:oval},https://watabou.github.io/city-generator/?name=Bouaigaiglos&population=4580&size=23&seed=2563131000613&river=0&coast=0&farms=1&citadel=0&urban_castle=0&hub=0&plaza=0&greens=0&temple=0&walls=0&shantytown=0&style=natural
614,Camponetevig,Camponetevig,Camponetevig Region,Sounevandilia,Duchy of Sounevandilia,Tallian,Faith of Fateaux,town,638,69.04,523.34,20.08,-25.5,9,19°C,Marrakesh (Morocco),,,,,,,,{t1:purpure;charges:[{charge:grenade;t:or;p:e;t2:or;size:1.5}];shield:horsehead},https://watabou.github.io/city-generator/?name=Camponetevig&population=638&size=11&seed=2563131000614&river=0&coast=0&farms=1&citadel=0&urban_castle=0&hub=0&plaza=0&greens=0&temple=0&walls=0&shantytown=0&style=natural
615,Hyenia,Degaicarnia,Degaicarnia Shire,Peina,Principality of Peina,Elladan,Tamanian Heresy,town,806,986.3,570.46,17.83,18.39,961,14°C,Washington (D.C.),,,,,,,,{t1:or;charges:[{charge:roundel;t:purpure;p:beh;size:0.5}];shield:boeotian},https://watabou.github.io/city-generator/?name=Hyenia&population=806&size=12&seed=2563131000615&river=0&coast=0&farms=1&citadel=0&urban_castle=0&hub=0&plaza=0&greens=0&temple=0&walls=0&shantytown=0&style=natural
616,Alteli,Paisa,Paisa Land,Boy,Boyan Khaganate,Turchian,Kocapism,town,3483,519.71,282.38,31.6,-3.94,289,9°C,Copenhagen (Denmark),,,,walls,,,,{t1:sable;ordinaries:[{ordinary:chevron;t:or}];shield:round},https://watabou.github.io/city-generator/?name=Alteli&population=3483&size=21&seed=2563131000616&river=0&coast=0&farms=1&citadel=0&urban_castle=0&hub=0&plaza=0&greens=0&temple=0&walls=1&shantytown=0&style=natural
617,Steremi,Stalia,Stalia Seneschalty,Stansburia,Stansburian Empire,Slovan,Bramburghism,town,4676,954.68,297.58,30.87,16.87,361,10°C,London (England),,,,,,,,{t1:gules;division:{division:perPale;t:argent;line:straight};shield:polish},https://watabou.github.io/city-generator/?name=Steremi&population=4676&size=23&seed=2563131000617&river=0&coast=0&farms=1&citadel=0&urban_castle=0&hub=0&plaza=0&greens=0&temple=0&walls=0&shantytown=0&style=natural
618,Serdi,Yayaztopyurt,Yayaztopyurt County,Boy,Boyan Khaganate,Turchian,Kocapism,village,992,608.63,464.61,22.89,0.32,64,17°C,Lisbon (Portugal),,,,,,,,{t1:argent;charges:[{charge:lionHeadCaboshed;t:purpure;p:e;t2:purpure;size:1.5}];shield:round},https://watabou.github.io/village-generator/?pop=992&name=Serdi&seed=2563131000618&width=1000&height=488&style=default&tags=river%2Cdead+end%2Cno+square%2Cdense
619,Inbrigion,Fertia,Fertia Parish,Aberleith,Thearchy of Aberleith,Keltan,Treaberlese Pantheon,village,800,728.2,521.41,20.17,6.04,100,18°C,Barcelona (Spain),,,,,,,,{t1:or;division:{division:perFess;t:azure;line:straight};charges:[{charge:compassRose;t:gules;p:jlh;divided:field;size:0.7};{charge:moonInCrescent;t:argent;p:e;divided:division;size:1.5}];shield:oval},https://watabou.github.io/village-generator/?pop=800&name=Inbrigion&seed=2563131000619&width=1000&height=488&style=default&tags=river%2Chighway%2Cno+square%2Cdense
620,Hatham,Dury,Dury Earldom,Sagelia,Grand Duchy of Sagelia,Angshire,Bramburghism,village,4299,1044,301.35,30.69,21.15,64,12°C,Paris (France),,,,,,,,{t1:gules;charges:[{charge:pillar;t:argent;p:jln;size:0.7}];shield:wedged},https://watabou.github.io/village-generator/?pop=4299&name=Hatham&seed=2563131000620&width=1600&height=780&style=default&tags=river%2Chighway%2Cno+square%2Cdense
621,Bellana,Sezesezia,Sezesezia County,Aciasecia,Principality of Aciasecia,Tallian,Faith of Fateaux,town,4140,235.74,450.5,23.56,-17.52,256,14°C,Washington (D.C.),,,citadel,,,,,{t1:barry-or-sable;division:{division:perFess;t:vert;line:straight};ordinaries:[{ordinary:cross;t:gules;line:straight}];shield:horsehead},https://watabou.github.io/city-generator/?name=Bellana&population=4140&size=22&seed=2563131000621&river=0&coast=0&farms=1&citadel=1&urban_castle=0&hub=0&plaza=0&greens=0&temple=0&walls=0&shantytown=0&style=natural
622,Yramka,Yramka,Yramka Dependency,Stansburia,Stansburian Empire,Turchian,Kocapism,village,2286,785.44,324.21,29.6,8.78,676,9°C,Copenhagen (Denmark),,,,,,,,{t1:azure;ordinaries:[{ordinary:fessCotissed;t:argent;line:straight}];charges:[{charge:dragonfly;t:or;p:jlh;t2:or;size:0.7}];shield:round},https://watabou.github.io/village-generator/?pop=2286&name=Yramka&seed=2563131000622&width=1600&height=780&style=default&tags=dead+end%2Cuncultivated%2Cno+square%2Cdense
623,Askibe,Kut,Kut County,Abergia,Kingdom of Abergia,Turchian,Bramburghism,town,683,897.4,431.78,24.46,14.13,4,16°C,Dubrovnik (Croatia),,,,,,,,{t1:or;ordinaries:[{ordinary:chevron;t:azure}];charges:[{charge:lozengeFaceted;t:or;p:h;size:0.5}];shield:round},https://watabou.github.io/city-generator/?name=Askibe&population=683&size=11&seed=2563131000623&river=0&coast=0&farms=1&citadel=0&urban_castle=0&hub=0&plaza=0&greens=0&temple=0&walls=0&shantytown=0&style=natural
624,Waresto,Waresto,Waresto County,Stansburia,Stansburian Empire,Angshire,Bramburghism,town,1639,981.09,257.48,32.79,18.14,36,11°C,Antwerp (Belgium),,,,,,,,{t1:gules;ordinaries:[{ordinary:gore;t:argent}];charges:[{charge:crossBottony;t:or;p:e;size:1.5}];shield:wedged},https://watabou.github.io/city-generator/?name=Waresto&population=1639&size=16&seed=2563131000624&river=0&coast=0&farms=0&citadel=0&urban_castle=0&hub=0&plaza=0&greens=0&temple=0&walls=0&shantytown=0&style=natural
625,Brijoris,Inwenfartsea,Inwenfartsea County,Abergia,Kingdom of Abergia,Keltan,Tamanian Heresy,town,716,888.7,566.9,18,13.72,961,14°C,Washington (D.C.),,,,,,,,{t1:argent;ordinaries:[{ordinary:bendlet;t:azure;line:straight}];charges:[{charge:maces;t:argent;p:joe;t2:purpure;size:0.3}];shield:oval},https://watabou.github.io/city-generator/?name=Brijoris&population=716&size=12&seed=2563131000625&river=0&coast=0&farms=1&citadel=0&urban_castle=0&hub=0&plaza=0&greens=0&temple=0&walls=0&shantytown=0&style=natural
626,Citrallegna,Camponetevig,Camponetevig Region,Sounevandilia,Duchy of Sounevandilia,Tallian,Faith of Fateaux,town,1431,92.55,543.95,19.09,-24.37,36,19°C,Marrakesh (Morocco),,port,,walls,,,,{t1:argent;charges:[{charge:lymphad;t:sable;p:e;t2:sable;t3:sable;size:1.5}];shield:horsehead},https://watabou.github.io/city-generator/?name=Citrallegna&population=1431&size=15&seed=2563131000626&river=0&coast=1&farms=1&citadel=0&urban_castle=0&hub=0&plaza=0&greens=0&temple=0&walls=1&shantytown=0&style=natural&sea=1.3
627,Blandling,Wineterscom,Wineterscom County,Stansburia,Stansburian Empire,Angshire,Bramburghism,town,3242,933.25,282.75,31.58,15.85,25,11°C,Antwerp (Belgium),,port,citadel,,,,,{t1:sable;charges:[{charge:camel;t:or;p:e;t2:or;size:1.5}];shield:wedged},https://watabou.github.io/city-generator/?name=Blandling&population=3242&size=20&seed=2563131000627&river=0&coast=1&farms=1&citadel=1&urban_castle=0&hub=0&plaza=0&greens=0&temple=0&walls=0&shantytown=0&style=natural&sea=1.03
628,Yalkate,Kesenbyurt,Kesenbyurt Barony,Boy,Boyan Khaganate,Turchian,Kocapism,town,3897,670.13,433.92,24.35,3.26,1024,9°C,Copenhagen (Denmark),,,,,,,,{t1:pappellony-argent-gules;charges:[{charge:lozengeFaceted;t:azure;p:e;size:1.5}];shield:round},https://watabou.github.io/city-generator/?name=Yalkate&population=3897&size=22&seed=2563131000628&river=0&coast=0&farms=1&citadel=0&urban_castle=0&hub=0&plaza=0&greens=0&temple=0&walls=0&shantytown=0&style=natural
629,Kanaid,Treraldia,Treraldia Parish,Aberleith,Thearchy of Aberleith,Keltan,Treaberlese Pantheon,town,614,844.48,467.54,22.75,11.6,4,17°C,Lisbon (Portugal),,,,,,,,{t1:sable;charges:[{charge:crossFleury;t:or;p:jlh;size:0.7}];shield:oval},https://watabou.github.io/city-generator/?name=Kanaid&population=614&size=11&seed=2563131000629&river=0&coast=0&farms=1&citadel=0&urban_castle=0&hub=0&plaza=0&greens=0&temple=0&walls=0&shantytown=0&style=natural
630,Ingentaberca,Bouaigaiglos,Bouaigaiglos Parish,Aberleith,Thearchy of Aberleith,Keltan,Treaberlese Pantheon,town,5493,829.84,551.78,18.72,10.9,9,19°C,Marrakesh (Morocco),,,,,,,,{t1:barry-purpure-argent;ordinaries:[{ordinary:pallReversed;t:or}];shield:oval},https://watabou.github.io/city-generator/?name=Ingentaberca&population=5493&size=25&seed=2563131000630&river=0&coast=0&farms=1&citadel=0&urban_castle=0&hub=0&plaza=0&greens=0&temple=0&walls=0&shantytown=0&style=natural
631,Azyoltedu,Ayaneli,Ayaneli County,Boy,Boyan Khaganate,Turchian,Kocapism,city,13815,587.33,440.06,24.06,-0.7,400,13°C,Milan (Italy),,,,walls,,,,{t1:purpure;charges:[{charge:castle;t:argent;p:e;t2:argent;size:1.5}];shield:round},https://watabou.github.io/city-generator/?name=Azyoltedu&population=13815&size=35&seed=2563131000631&river=0&coast=0&farms=1&citadel=0&urban_castle=0&hub=0&plaza=0&greens=0&temple=0&walls=1&shantytown=0&style=natural
632,Achicoduro,Braberctare,Braberctare Parish,Aberleith,Thearchy of Aberleith,Keltan,Treaberlese Pantheon,town,1391,750.9,509.58,20.74,7.12,784,13°C,Milan (Italy),,port,,,,,,{t1:purpure;charges:[{charge:anchor;t:argent;p:e;size:1.5}];shield:oval},https://watabou.github.io/city-generator/?name=Achicoduro&population=1391&size=15&seed=2563131000632&river=0&coast=1&farms=1&citadel=0&urban_castle=0&hub=0&plaza=0&greens=0&temple=0&walls=0&shantytown=0&style=natural&sea=1.32
633,Achi,Bouaigaiglos,Bouaigaiglos Parish,Aberleith,Thearchy of Aberleith,Keltan,Treaberlese Pantheon,village,12147,821.44,540.86,19.24,10.5,9,19°C,Marrakesh (Morocco),,,,,plaza,,,{t1:argent;division:{division:perBend;t:azure;line:straight};charges:[{charge:anchor;t:sable;p:l;size:0.7};{charge:wheatStalk;t:or;p:m;size:0.7}];shield:oval},https://watabou.github.io/village-generator/?pop=12147&name=Achi&seed=2563131000633&width=1600&height=780&style=default&tags=estuary%2Cdead+end%2Cdense
634,Yaltunbey,Jung,Jung Region,Boy,Boyan Khaganate,Turchian,Kocapism,village,7125,560.01,204.09,35.34,-2.01,64,9°C,Copenhagen (Denmark),,,,,,,,{t1:or;charges:[{charge:lionHeadCaboshed;t:gules;p:e;t2:gules;size:1.5}];shield:round},https://watabou.github.io/village-generator/?pop=7125&name=Yaltunbey&seed=2563131000634&width=1600&height=780&style=default&tags=dead+end%2Cno+square%2Cdense
635,Biltungur,Sazeli,Sazeli Barony,Boy,Boyan Khaganate,Turchian,Kocapism,village,3220,611.31,338.88,28.9,0.45,4,13°C,Milan (Italy),,port,,,,,,{t1:azure;charges:[{charge:rose;t:argent;p:e;t2:or;t3:or;size:1.5}];shield:round},https://watabou.github.io/village-generator/?pop=3220&name=Biltungur&seed=2563131000635&width=1600&height=780&style=default&tags=coast%2Chighway%2Cfarmland%2Cno+square%2Cdense
636,Porvi,Paisa,Paisa Land,Boy,Boyan Khaganate,Soumi,Kocapism,village,7767,456.63,237.82,33.73,-6.95,100,9°C,Copenhagen (Denmark),,,,,,,,{t1:purpure;charges:[{charge:key;t:argent;p:e;size:1.5}];shield:pavise},https://watabou.github.io/village-generator/?pop=7767&name=Porvi&seed=2563131000636&width=1600&height=780&style=default&tags=river%2Cdead+end%2Cno+square%2Cdense
637,Sivrek,Sivrek,Sivrek Shire,Boy,Boyan Khaganate,Turchian,Kocapism,town,2920,680.15,241.99,33.53,3.74,144,9°C,Copenhagen (Denmark),,,citadel,,,,,{t1:argent;charges:[{charge:dragonPassant;t:purpure;p:e;t2:purpure;t3:sable;size:1.5}];shield:round},https://watabou.github.io/city-generator/?name=Sivrek&population=2920&size=19&seed=2563131000637&river=0&coast=0&farms=1&citadel=1&urban_castle=0&hub=0&plaza=0&greens=0&temple=0&walls=0&shantytown=0&style=natural
638,Kirham,Altnesterby,Altnesterby Territory,Orporpor,Orporpor Theocracy,Angshire,Bramburghism,village,3610,1175.79,414.01,25.31,27.45,36,15°C,Rome (Italy),,,,walls,,,,{t1:vert;ordinaries:[{ordinary:bend;t:or;line:straight}];charges:[{charge:fleurDeLis;t:purpure;p:joe;size:0.5}];shield:wedged},https://watabou.github.io/village-generator/?pop=3610&name=Kirham&seed=2563131000638&width=1600&height=780&style=default&tags=isolated%2Cno+square%2Cpalisade%2Cdense
639,Adura,Alprak,Alprak Area,Yerinte,Imamah of Yerinte,Turchian,Yerinish Creed,town,7084,507.14,479.56,22.17,-4.54,16,17°C,Lisbon (Portugal),,,,,,,,{t1:azure;ordinaries:[{ordinary:fess;t:argent;line:straight}];charges:[{charge:cavalier;t:azure;p:e;t2:argent;t3:argent;size:0.7}];shield:round},https://watabou.github.io/city-generator/?name=Adura&population=7084&size=27&seed=2563131000639&river=0&coast=0&farms=1&citadel=0&urban_castle=0&hub=0&plaza=0&greens=0&temple=0&walls=0&shantytown=0&style=natural
640,Frohnheim,Fonces,Fonces Land,Puines,Puinian Theocracy,Shwazen,Shwazen Religion,village,7685,269.8,371.82,27.32,-15.89,1444,5°C,Harbin (China),,,,,,,,{t1:purpure;ordinaries:[{ordinary:chief;t:argent;line:archedReversed}];charges:[{charge:key;t:azure;p:abc;size:0.5}];shield:swiss},https://watabou.github.io/village-generator/?pop=7685&name=Frohnheim&seed=2563131000640&width=1600&height=780&style=snow&tags=dead+end%2Cno+square%2Cdense
641,Atyurt,Yayaztopyurt,Yayaztopyurt County,Boy,Boyan Khaganate,Turchian,Kocapism,town,9253,617.82,467.32,22.76,0.76,25,17°C,Lisbon (Portugal),,,,,plaza,,,{t1:or;ordinaries:[{ordinary:terrace;t:azure;line:engrailed}];charges:[{charge:bridge;t:vert;p:def;size:0.5}];shield:round},https://watabou.github.io/city-generator/?name=Atyurt&population=9253&size=30&seed=2563131000641&river=1&coast=0&farms=1&citadel=0&urban_castle=0&hub=0&plaza=1&greens=1&temple=0&walls=0&shantytown=0&style=natural
642,Afonnidig,Araberfania,Araberfania Parish,Aberleith,Thearchy of Aberleith,Keltan,Treaberlese Pantheon,village,640,812.88,495.52,21.41,10.09,676,14°C,Washington (D.C.),,,,,,,,{t1:argent;charges:[{charge:mullet8;t:sable;p:jlh;size:0.7}];shield:oval},https://watabou.github.io/village-generator/?pop=640&name=Afonnidig&seed=2563131000642&width=1000&height=488&style=default&tags=highway%2Cfarmland%2Cno+square%2Cdense
643,Askatarka,Erlyurt,Erlyurt Barony,Boy,Boyan Khaganate,Turchian,Kocapism,town,1220,664.5,346.34,28.54,2.99,225,12°C,Paris (France),,,,,,,,{t1:or;ordinaries:[{ordinary:bordure;t:azure}];charges:[{charge:mullet4;t:or;p:ABCDEFGHIJKL;size:0.18};{charge:griffinRampant;t:vert;p:e;size:1.1}];shield:round},https://watabou.github.io/city-generator/?name=Askatarka&population=1220&size=14&seed=2563131000643&river=0&coast=0&farms=1&citadel=0&urban_castle=0&hub=0&plaza=0&greens=0&temple=0&walls=0&shantytown=0&style=natural
644,Altfieldley,Skiptonbury,Skiptonbury Parish,Orporpor,Orporpor Theocracy,Angshire,Bramburghism,town,3702,1043.85,378.21,27.02,21.14,841,9°C,Copenhagen (Denmark),,,,,,,,{t1:or;ordinaries:[{ordinary:bendlet;t:sable;line:raguly}];charges:[{charge:angel;t:or;p:joe;t2:or;size:0.3}];shield:wedged},https://watabou.github.io/city-generator/?name=Altfieldley&population=3702&size=21&seed=2563131000644&river=0&coast=0&farms=1&citadel=0&urban_castle=0&hub=0&plaza=0&greens=0&temple=0&walls=0&shantytown=0&style=natural
645,Infart,Cambhijo,Cambhijo County,Abergia,Kingdom of Abergia,Keltan,Bramburghism,town,1288,873.65,497.69,21.31,13,25,18°C,Barcelona (Spain),,port,citadel,,,,,{t1:or;division:{division:perFess;t:purpure;line:straight};ordinaries:[{ordinary:pilesInPoint;t:azure}];charges:[{charge:anchor;t:sable;p:e;size:1.5}];shield:oval},https://watabou.github.io/city-generator/?name=Infart&population=1288&size=14&seed=2563131000645&river=0&coast=1&farms=1&citadel=1&urban_castle=0&hub=0&plaza=0&greens=0&temple=0&walls=0&shantytown=0&style=natural&sea=0.87
646,Buyburdem,Elieli,Elieli County,Boy,Boyan Khaganate,Turchian,Kocapism,town,3812,564.12,294.28,31.03,-1.81,676,8°C,Prague (Czechia),,,,walls,,,,{t1:or;charges:[{charge:fusil;t:gules;p:jln;size:0.7}];shield:round},https://watabou.github.io/city-generator/?name=Buyburdem&population=3812&size=21&seed=2563131000646&river=0&coast=0&farms=1&citadel=0&urban_castle=0&hub=0&plaza=0&greens=0&temple=0&walls=1&shantytown=0&style=natural
647,Vignaqui,Cantenia,Cantenia County,Aciasecia,Principality of Aciasecia,Tallian,Faith of Fateaux,town,6535,195.15,465.71,22.83,-19.46,25,17°C,Lisbon (Portugal),,port,,,,,,{t1:counterPotent-or-azure;charges:[{charge:crossCarolingian;t:vert;p:e;size:1.5}];shield:horsehead},https://watabou.github.io/city-generator/?name=Vignaqui&population=6535&size=26&seed=2563131000647&river=0&coast=1&farms=1&citadel=0&urban_castle=0&hub=0&plaza=0&greens=0&temple=0&walls=0&shantytown=0&style=natural&sea=0.28
648,Epenayba,Erlyurt,Erlyurt Barony,Boy,Boyan Khaganate,Turchian,Kocapism,town,919,655.3,340.24,28.83,2.55,36,13°C,Milan (Italy),,,,,,,,{t1:azure;ordinaries:[{ordinary:cross;t:or;line:straight}];charges:[{charge:bowWithThreeArrows;t:azure;p:e;t2:azure;t3:argent;size:0.5}];shield:round},https://watabou.github.io/city-generator/?name=Epenayba&population=919&size=13&seed=2563131000648&river=1&coast=0&farms=1&citadel=0&urban_castle=0&hub=0&plaza=0&greens=0&temple=0&walls=0&shantytown=0&style=natural
649,Guicino,Fongaroria,Fongaroria County,Aciasecia,Principality of Aciasecia,Tallian,Faith of Fateaux,city,8942,244.8,479.1,22.19,-17.09,81,16°C,Dubrovnik (Croatia),,,,walls,,,shanty town,{t1:azure;ordinaries:[{ordinary:bend;t:argent;line:raguly}];charges:[{charge:crossCarolingian;t:azure;p:e;size:0.7}];shield:horsehead},https://watabou.github.io/city-generator/?name=Guicino&population=8942&size=30&seed=2563131000649&river=0&coast=0&farms=1&citadel=0&urban_castle=0&hub=0&plaza=0&greens=0&temple=0&walls=1&shantytown=1&style=natural
650,Bovaka,Tengryurt,Tengryurt County,Stansburia,Stansburian Empire,Turchian,Kocapism,town,6293,763.01,363.01,27.74,7.7,676,10°C,London (England),,port,,walls,,,,{t1:argent;charges:[{charge:lymphad;t:purpure;p:e;t2:purpure;t3:azure;size:1.5}];shield:round},https://watabou.github.io/city-generator/?name=Bovaka&population=6293&size=26&seed=2563131000650&river=0&coast=1&farms=1&citadel=0&urban_castle=0&hub=0&plaza=0&greens=0&temple=0&walls=1&shantytown=0&style=natural
651,Okut,Sarprakdi,Sarprakdi Seneschalty,Boy,Boyan Khaganate,Turchian,Kocapism,town,886,481.22,371.74,27.33,-5.78,169,13°C,Milan (Italy),,,,,,,,{t1:azure;division:{division:perCross;t:argent;line:indented};shield:round},https://watabou.github.io/city-generator/?name=Okut&population=886&size=12&seed=2563131000651&river=0&coast=0&farms=1&citadel=0&urban_castle=0&hub=0&plaza=0&greens=0&temple=0&walls=0&shantytown=0&style=natural
652,Dere,Elieli,Elieli County,Boy,Boyan Khaganate,Turchian,Kocapism,village,5869,541.46,299.18,30.8,-2.9,9,12°C,Paris (France),,,,,,,,{t1:semy_of_mullet6Pierced-argent-sable;division:{division:perCross;t:gules;line:straight};ordinaries:[{ordinary:bend;t:purpure;line:straight}];shield:round},https://watabou.github.io/village-generator/?pop=5869&name=Dere&seed=2563131000652&width=1600&height=780&style=default&tags=isolated%2Cno+square%2Cdense
653,Bihuldon,Olingia,Olingia Territory,Stansburia,Stansburian Empire,Angshire,Bramburghism,town,963,842.81,315.46,30.02,11.52,9,12°C,Paris (France),,port,,,,,,{t1:sable;division:{division:perCross;t:chequy-argent-azure;line:engrailed};charges:[{charge:dolphin;t:or;p:e;t2:or;size:1.5}];shield:wedged},https://watabou.github.io/city-generator/?name=Bihuldon&population=963&size=13&seed=2563131000653&river=0&coast=1&farms=1&citadel=0&urban_castle=0&hub=0&plaza=0&greens=0&temple=0&walls=0&shantytown=0&style=natural&sea=1.83
654,Exningdon,Cleoleshole,Cleoleshole Parish,Orporpor,Orporpor Theocracy,Angshire,Bramburghism,town,8876,993.02,402.58,25.85,18.71,324,13°C,Milan (Italy),,port,,,,,,{t1:argent;charges:[{charge:sabre2;t:gules;p:jln;t2:gules;size:0.7}];shield:wedged},https://watabou.github.io/city-generator/?name=Exningdon&population=8876&size=30&seed=2563131000654&river=1&coast=1&farms=1&citadel=0&urban_castle=0&hub=0&plaza=0&greens=0&temple=0&walls=0&shantytown=0&style=natural
655,Ivray,Marquilles,Marquilles Parish,Puines,Puinian Theocracy,Luari,Luari Doctrine,town,2590,99.31,401.27,25.92,-24.05,36,15°C,Rome (Italy),,port,,,,,,{t1:or;charges:[{charge:scissors2;t:gules;p:e;size:1.5}];shield:french},https://watabou.github.io/city-generator/?name=Ivray&population=2590&size=19&seed=2563131000655&river=0&coast=1&farms=1&citadel=0&urban_castle=0&hub=0&plaza=0&greens=0&temple=0&walls=0&shantytown=0&style=natural&sea=1.27
656,Myrmaliapa,Helcosia,Helcosia County,Peina,Principality of Peina,Elladan,Tamanian Heresy,village,6519,1040.63,548.52,18.88,20.98,100,18°C,Barcelona (Spain),,,,,,,,{t1:azure;ordinaries:[{ordinary:chief;t:argent;line:straight}];charges:[{charge:cavalier;t:gules;p:abc;t2:gules;t3:gules;size:0.5}];shield:boeotian},https://watabou.github.io/village-generator/?pop=6519&name=Myrmaliapa&seed=2563131000656&width=1600&height=780&style=default&tags=river%2Chighway%2Cno+square%2Cdense
657,Balcesbury,Uxbronere,Uxbronere County,Stansburia,Stansburian Empire,Angshire,Bramburghism,town,1225,902.64,351.12,28.31,14.38,64,14°C,Washington (D.C.),,port,,,,,,{t1:or;charges:[{charge:lambPassantReguardant;t:azure;p:e;t2:azure;size:1.5}];shield:wedged},https://watabou.github.io/city-generator/?name=Balcesbury&population=1225&size=14&seed=2563131000657&river=0&coast=1&farms=1&citadel=0&urban_castle=0&hub=1&plaza=0&greens=0&temple=0&walls=0&shantytown=0&style=natural
658,Babeyvar,Oluyurt,Oluyurt County,Stansburia,Stansburian Empire,Turchian,Kocapism,town,2166,765.39,278.07,31.81,7.82,144,10°C,London (England),,port,,,,,,{t1:sable;ordinaries:[{ordinary:piles;t:or}];charges:[{charge:anchor;t:argent;p:e;size:1.5}];shield:round},https://watabou.github.io/city-generator/?name=Babeyvar&population=2166&size=17&seed=2563131000658&river=0&coast=1&farms=1&citadel=0&urban_castle=0&hub=0&plaza=0&greens=0&temple=0&walls=0&shantytown=0&style=natural
659,Yazka,Alprak,Alprak Area,Yerinte,Imamah of Yerinte,Turchian,Yerinish Creed,town,6482,519.04,474.98,22.39,-3.97,16,17°C,Lisbon (Portugal),,,citadel,,,,,{t1:azure;charges:[{charge:fusil;t:argent;p:e;size:1.5}];shield:round},https://watabou.github.io/city-generator/?name=Yazka&population=6482&size=26&seed=2563131000659&river=0&coast=0&farms=1&citadel=1&urban_castle=0&hub=0&plaza=0&greens=0&temple=0&walls=0&shantytown=0&style=natural
660,Sunbeyli,Yasyurt,Yasyurt Earldom,Sazkyurt,Beylik of Sazkyurt,Turchian,Kocapism,town,1001,311.78,514.4,20.51,-13.88,25,18°C,Barcelona (Spain),,port,citadel,walls,,,,{t1:argent;division:{division:perPale;t:azure;line:straight};ordinaries:[{ordinary:bendSinister;t:purpure;line:straight;divided:counter}];shield:round},https://watabou.github.io/city-generator/?name=Sunbeyli&population=1001&size=13&seed=2563131000660&river=0&coast=1&farms=1&citadel=1&urban_castle=1&hub=0&plaza=0&greens=0&temple=0&walls=1&shantytown=0&style=natural&sea=1.68
661,Albruck,Selstadt,Selstadt Parish,Fischrenia,Bishopric of Fischrenia,Shwazen,Shwazen Religion,town,1288,256.55,403,25.83,-16.53,900,9°C,Copenhagen (Denmark),,port,,,,,,{t1:sable;ordinaries:[{ordinary:bendletSinister;t:or;line:angled}];charges:[{charge:escallop;t:azure;p:lem;size:0.3}];shield:swiss},https://watabou.github.io/city-generator/?name=Albruck&population=1288&size=14&seed=2563131000661&river=1&coast=1&farms=1&citadel=0&urban_castle=0&hub=0&plaza=0&greens=0&temple=0&walls=0&shantytown=0&style=natural
662,Nikkula,Kurania,Kurania Parish,Turanmaa,Turanmaan Theocracy,Soumi,Turanv Religion,town,942,374.15,290.97,31.19,-10.9,400,9°C,Copenhagen (Denmark),,,,,,,,{t1:argent;ordinaries:[{ordinary:fess;t:gules;line:straight}];charges:[{charge:crescent;t:vert;p:abc;size:0.5}];shield:pavise},https://watabou.github.io/city-generator/?name=Nikkula&population=942&size=13&seed=2563131000662&river=0&coast=0&farms=1&citadel=0&urban_castle=0&hub=0&plaza=0&greens=0&temple=0&walls=0&shantytown=0&style=natural
663,Yuman,Oluyurt,Oluyurt County,Stansburia,Stansburian Empire,Turchian,Kocapism,town,8859,760.59,265.17,32.42,7.59,16,11°C,Antwerp (Belgium),,,,,,,,{t1:purpure;ordinaries:[{ordinary:chief;t:argent;line:rayonne}];charges:[{charge:mullet;t:purpure;p:abc;size:0.5}];shield:round},https://watabou.github.io/city-generator/?name=Yuman&population=8859&size=30&seed=2563131000663&river=0&coast=0&farms=1&citadel=0&urban_castle=0&hub=0&plaza=0&greens=0&temple=0&walls=0&shantytown=0&style=natural
664,Alpyoyu,Bazyoleli,Bazyoleli Territory,Tutachinia,Duchy of Tutachinia,Turchian,Kocapism,town,3226,430.9,345.81,28.57,-8.19,361,11°C,Antwerp (Belgium),,port,,,,,,{t1:or;ordinaries:[{ordinary:bordure;t:azure}];charges:[{charge:pique;t:argent;p:ABCDEFGHIJKL;t2:argent;t3:argent;size:0.18};{charge:mullet6Pierced;t:sable;p:e;size:1.1}];shield:round},https://watabou.github.io/city-generator/?name=Alpyoyu&population=3226&size=20&seed=2563131000664&river=0&coast=1&farms=0&citadel=0&urban_castle=0&hub=0&plaza=0&greens=0&temple=0&walls=0&shantytown=0&style=natural&sea=0.53
665,Bellorinici,Grotatia,Grotatia Land,Aciasecia,Principality of Aciasecia,Tallian,Faith of Fateaux,village,7949,227.12,508.82,20.77,-17.93,1296,10°C,London (England),,,,,,,,{t1:azure;division:{division:perPale;t:argent;line:firTrees};charges:[{charge:crossCarolingian;t:or;p:p;size:0.7};{charge:lionHeadErased;t:gules;p:q;size:0.7}];shield:horsehead},https://watabou.github.io/village-generator/?pop=7949&name=Bellorinici&seed=2563131000665&width=1600&height=780&style=default&tags=highway%2Cuncultivated%2Cno+square%2Cdense
666,Chambondille,Batiliersia,Batiliersia Territory,Sounevandilia,Duchy of Sounevandilia,Luari,Faith of Fateaux,town,2359,90.35,479.17,22.19,-24.48,25,17°C,Lisbon (Portugal),,port,,,,,,{t1:or;division:{division:perPale;t:gules;line:wavy};charges:[{charge:shipWheel;t:purpure;p:p;size:0.7};{charge:arrowsSheaf;t:argent;p:q;size:0.7}];shield:french},https://watabou.github.io/city-generator/?name=Chambondille&population=2359&size=18&seed=2563131000666&river=0&coast=1&farms=1&citadel=0&urban_castle=0&hub=1&plaza=0&greens=0&temple=0&walls=0&shantytown=0&style=natural
667,Iatecekion,Totestable,Totestable Region,Peina,Principality of Peina,Elladan,Tamanian Heresy,town,1131,1028.57,487.08,21.81,20.41,900,12°C,Paris (France),,,,,,,,{t1:argent;division:{division:perBend;t:sable;line:straight};ordinaries:[{ordinary:fess;t:azure;line:straight;divided:counter}];shield:boeotian},https://watabou.github.io/city-generator/?name=Iatecekion&population=1131&size=14&seed=2563131000667&river=0&coast=0&farms=1&citadel=0&urban_castle=0&hub=0&plaza=0&greens=0&temple=0&walls=0&shantytown=0&style=natural
668,Kaudas,New Turanmaa,New Turanmaa Colony,Turanmaa,Turanmaan Theocracy,Soumi,Kocapism,town,623,349.95,155.24,37.68,-12.06,4,8°C,Prague (Czechia),,,,,,,,{t1:ermine-argent-sable;division:{division:perCross;t:vert;line:straight};shield:pavise},https://watabou.github.io/city-generator/?name=Kaudas&population=623&size=11&seed=2563131000668&river=0&coast=0&farms=1&citadel=0&urban_castle=0&hub=0&plaza=0&greens=0&temple=0&walls=0&shantytown=0&style=natural
669,Bozobale,Bazyoleli,Bazyoleli Territory,Tutachinia,Duchy of Tutachinia,Turchian,Kocapism,town,2615,425.56,349.39,28.4,-8.44,400,11°C,Antwerp (Belgium),,,,,,,,{t1:gules;division:{division:perFess;t:or;line:straight};charges:[{charge:buckle;t:argent;p:k;size:0.7};{charge:bridge;t:sable;p:n;size:0.7}];shield:round},https://watabou.github.io/city-generator/?name=Bozobale&population=2615&size=19&seed=2563131000669&river=0&coast=0&farms=1&citadel=0&urban_castle=0&hub=0&plaza=0&greens=0&temple=0&walls=0&shantytown=0&style=natural
670,Preskirk,Bosteria,Bosteria Parish,Orporpor,Orporpor Theocracy,Angshire,Bramburghism,village,619,1118.08,369.14,27.45,24.69,9,14°C,Washington (D.C.),,,,,,,,{t1:argent;charges:[{charge:crossAvellane;t:sable;p:jlh;size:0.7}];shield:wedged},https://watabou.github.io/village-generator/?pop=619&name=Preskirk&seed=2563131000670&width=1000&height=488&style=default&tags=dead+end%2Cno+square%2Cdense
671,Boydi,Kozyoltay,Kozyoltay Seneschalty,Boy,Boyan Khaganate,Turchian,Kocapism,village,6081,427,309.98,30.28,-8.37,9,12°C,Paris (France),,,,,,,,{t1:azure;charges:[{charge:lionHeadErased;t:or;p:def;t2:or;size:0.5}];shield:round},https://watabou.github.io/village-generator/?pop=6081&name=Boydi&seed=2563131000671&width=1600&height=780&style=default&tags=dead+end%2Cfarmland%2Cno+square%2Cdense
672,Erin,Erin,Erin Shire,Boy,Boyan Khaganate,Turchian,Kocapism,town,847,432.78,319.44,29.83,-8.1,36,13°C,Milan (Italy),,port,,walls,,,,{t1:argent;ordinaries:[{ordinary:pall;t:gules}];charges:[{charge:triangle;t:or;p:jlh;size:0.5}];shield:round},https://watabou.github.io/city-generator/?name=Erin&population=847&size=12&seed=2563131000672&river=0&coast=1&farms=1&citadel=0&urban_castle=0&hub=0&plaza=0&greens=0&temple=0&walls=1&shantytown=0&style=natural&sea=0.39
673,Lurytes,Bosteria,Bosteria Parish,Orporpor,Orporpor Theocracy,Angshire,Bramburghism,village,212,1127.84,373.33,27.25,25.16,49,14°C,Washington (D.C.),,,,,,,,{t1:or;charges:[{charge:cancer;t:azure;p:jeo;size:0.5}];shield:wedged},https://watabou.github.io/village-generator/?pop=212&name=Lurytes&seed=2563131000673&width=800&height=390&style=default&tags=dead+end%2Cuncultivated%2Cno+square
674,Lubro,Kaltaylyurt,Kaltaylyurt Area,Sazkyurt,Beylik of Sazkyurt,Tallian,Kocapism,town,670,264.24,557.46,18.45,-16.16,784,15°C,Rome (Italy),,,,,,,,{t1:fretty-sable-or;division:{division:perFess;t:argent;line:straight};charges:[{charge:wolfHeadErased;t:gules;p:k;t2:gules;size:0.7};{charge:raven;t:gules;p:n;size:0.7}];shield:horsehead},https://watabou.github.io/city-generator/?name=Lubro&population=670&size=11&seed=2563131000674&river=0&coast=0&farms=1&citadel=0&urban_castle=0&hub=0&plaza=0&greens=0&temple=0&walls=0&shantytown=0&style=natural
675,Caberbancly,Areruria,Areruria County,Abergia,Kingdom of Abergia,Keltan,Bramburghism,village,1103,865.16,577.78,17.48,12.59,49,20°C,Alexandria (Egypt),,,,,,,,{t1:gules;charges:[{charge:pique;t:or;p:e;size:1.5}];shield:oval},https://watabou.github.io/village-generator/?pop=1103&name=Caberbancly&seed=2563131000675&width=1400&height=683&style=default&tags=dead+end%2Cno+square%2Cdense
676,Axbrid,Louth,Louth Territory,Orporpor,Orporpor Theocracy,Angshire,Bramburghism,town,1286,1053.7,359.34,27.92,21.61,16,14°C,Washington (D.C.),,port,,,,,,{t1:sable;ordinaries:[{ordinary:chief;t:or;line:nowy}];shield:wedged},https://watabou.github.io/city-generator/?name=Axbrid&population=1286&size=14&seed=2563131000676&river=1&coast=1&farms=1&citadel=0&urban_castle=0&hub=1&plaza=0&greens=0&temple=0&walls=0&shantytown=0&style=natural&sea=0.62
677,Zakra,Totestable,Totestable Region,Peina,Principality of Peina,Elladan,Tamanian Heresy,town,1293,1019.68,550.63,18.78,19.98,4,19°C,Marrakesh (Morocco),,port,,,,,,{t1:argent;charges:[{charge:tower;t:purpure;p:e;t2:sable;size:1.5}];shield:boeotian},https://watabou.github.io/city-generator/?name=Zakra&population=1293&size=14&seed=2563131000677&river=1&coast=1&farms=0&citadel=0&urban_castle=0&hub=0&plaza=0&greens=0&temple=0&walls=0&shantytown=0&style=natural&sea=1.45
678,Sparta,Peipatros,Peipatros County,Peina,Principality of Peina,Elladan,Tamanian Heresy,town,746,1025.15,568.76,17.91,20.24,25,20°C,Alexandria (Egypt),,,,walls,,,,{t1:argent;division:{division:perCross;t:sable;line:wavy};charges:[{charge:cancer;t:gules;p:e;size:1.5}];shield:boeotian},https://watabou.github.io/city-generator/?name=Sparta&population=746&size=12&seed=2563131000678&river=0&coast=0&farms=1&citadel=0&urban_castle=0&hub=0&plaza=0&greens=0&temple=0&walls=1&shantytown=0&style=natural
679,Grieille,Hvamsund,Hvamsund Area,Puines,Puinian Theocracy,Luari,Old Luari Beliefs,town,1626,120.87,216.2,34.76,-23.02,16,9°C,Copenhagen (Denmark),,,,,,,,{t1:azure;charges:[{charge:pillar;t:argent;p:abcpqh;size:0.5}];shield:french},https://watabou.github.io/city-generator/?name=Grieille&population=1626&size=16&seed=2563131000679&river=0&coast=0&farms=1&citadel=0&urban_castle=0&hub=0&plaza=0&greens=0&temple=0&walls=0&shantytown=0&style=natural
680,Ormont,Orquileresia,Orquileresia Parish,Puines,Puinian Theocracy,Luari,Luari Doctrine,town,9765,206.63,324.99,29.56,-18.91,49,13°C,Milan (Italy),,,,walls,,,,{t1:chainy-purpure-or;ordinaries:[{ordinary:pale;t:argent;line:straight}];charges:[{charge:crossFitchy;t:gules;p:e;size:0.7}];shield:french},https://watabou.github.io/city-generator/?name=Ormont&population=9765&size=31&seed=2563131000680&river=0&coast=0&farms=1&citadel=0&urban_castle=0&hub=0&plaza=0&greens=0&temple=0&walls=1&shantytown=0&style=natural
681,Zaris,Helcosia,Helcosia County,Peina,Principality of Peina,Elladan,Tamanian Heresy,village,4806,1068.18,571.6,17.77,22.3,1444,11°C,Antwerp (Belgium),,,,,,,,{t1:argent;ordinaries:[{ordinary:pale;t:vert;line:dentilly}];charges:[{charge:maces;t:azure;p:y;t2:azure;size:0.5}];shield:boeotian},https://watabou.github.io/village-generator/?pop=4806&name=Zaris&seed=2563131000681&width=1600&height=780&style=default&tags=dead+end%2Cno+square%2Cdense
682,Yuzunsepe,Yramka,Yramka Dependency,Stansburia,Stansburian Empire,Turchian,Bramburghism,city,21332,816.11,390.88,26.41,10.24,25,15°C,Rome (Italy),,port,citadel,,plaza,,,{t1:gules;ordinaries:[{ordinary:gore;t:argent}];charges:[{charge:lymphad;t:argent;p:e;t2:or;t3:argent;size:1.5}];shield:round},https://watabou.github.io/city-generator/?name=Yuzunsepe&population=21332&size=41&seed=2563131000682&river=0&coast=1&farms=1&citadel=1&urban_castle=1&hub=0&plaza=1&greens=1&temple=0&walls=0&shantytown=0&style=natural&sea=1.27
683,Derinbey,Derinbey,Derinbey Clan,Boy,Boyan Khaganate,Turchian,Kocapism,town,13529,483.98,384.75,26.71,-5.65,25,14°C,Washington (D.C.),,,citadel,walls,plaza,,,{t1:or;charges:[{charge:windmill;t:gules;p:e;t2:gules;t3:azure;size:1.5}];shield:round},https://watabou.github.io/city-generator/?name=Derinbey&population=13529&size=35&seed=2563131000683&river=1&coast=0&farms=1&citadel=1&urban_castle=0&hub=0&plaza=1&greens=1&temple=0&walls=1&shantytown=0&style=natural
684,Batillantry,Bacreres,Bacreres Land,Chuelia,Diocese of Chuelia,Luari,Faith of Fateaux,village,943,182.44,470.3,22.62,-20.07,225,16°C,Dubrovnik (Croatia),,,,,,,,{t1:sable;ordinaries:[{ordinary:orle;t:or}];charges:[{charge:ramHeadErased;t:argent;p:ken;t2:argent;t3:argent;size:0.4}];shield:french},https://watabou.github.io/village-generator/?pop=943&name=Batillantry&seed=2563131000684&width=1000&height=488&style=default&tags=dead+end%2Cno+square%2Cdense
685,Conflanssig,Marquilles,Marquilles Parish,Puines,Puinian Theocracy,Luari,Luari Doctrine,town,3718,102.15,404.71,25.75,-23.91,4,15°C,Rome (Italy),,port,,,,,,{t1:argent;charges:[{charge:caravel;t:purpure;p:e;t2:purpure;t3:purpure;size:1.5}];shield:french},https://watabou.github.io/city-generator/?name=Conflanssig&population=3718&size=21&seed=2563131000685&river=1&coast=1&farms=1&citadel=0&urban_castle=0&hub=0&plaza=0&greens=0&temple=0&walls=0&shantytown=0&style=natural&sea=1.25
686,Accalebuo,Giupolia,Giupolia Territory,Chuelia,Diocese of Chuelia,Tallian,Faith of Fateaux,town,4943,176.81,510.08,20.71,-20.34,225,17°C,Lisbon (Portugal),,,,,,,,{t1:ermine-argent-sable-small;ordinaries:[{ordinary:fess;t:gules;line:straight}];charges:[{charge:sceptre;t:argent;p:def;size:0.5}];shield:horsehead},https://watabou.github.io/city-generator/?name=Accalebuo&population=4943&size=24&seed=2563131000686&river=0&coast=0&farms=1&citadel=0&urban_castle=0&hub=0&plaza=0&greens=0&temple=0&walls=0&shantytown=0&style=natural
687,Lordonvilles,Aunesardon,Aunesardon Parish,Puines,Puinian Theocracy,Luari,Luari Doctrine,town,2504,156.04,309.26,30.31,-21.33,25,12°C,Paris (France),,,,walls,,,,{t1:or;ordinaries:[{ordinary:pilesInPoint;t:purpure}];shield:french},https://watabou.github.io/city-generator/?name=Lordonvilles&population=2504&size=18&seed=2563131000687&river=0&coast=0&farms=1&citadel=0&urban_castle=0&hub=0&plaza=0&greens=0&temple=0&walls=1&shantytown=0&style=natural
688,Albrorough,Draxtedia,Draxtedia County,Sagelia,Grand Duchy of Sagelia,Angshire,Bramburghism,town,1349,1022.13,311.44,30.21,20.1,625,8°C,Prague (Czechia),,,,,,,,{t1:fusily-argent-vert;ordinaries:[{ordinary:fessDoubleCotissed;t:purpure;line:straight}];shield:wedged},https://watabou.github.io/city-generator/?name=Albrorough&population=1349&size=15&seed=2563131000688&river=0&coast=0&farms=1&citadel=0&urban_castle=0&hub=0&plaza=0&greens=0&temple=0&walls=0&shantytown=0&style=natural
689,Hardt,Hardt,Hardt Parish,Puines,Puinian Theocracy,Shwazen,Shwazen Religion,city,14237,279.12,334.76,29.1,-15.45,81,12°C,Paris (France),,port,citadel,walls,plaza,,,{t1:azure;division:{division:perCross;t:chequy-argent-purpure;line:wavy};charges:[{charge:shipWheel;t:or;p:jlmo;size:0.6}];shield:swiss},https://watabou.github.io/city-generator/?name=Hardt&population=14237&size=35&seed=2563131000689&river=0&coast=1&farms=1&citadel=1&urban_castle=0&hub=1&plaza=1&greens=1&temple=0&walls=1&shantytown=0&style=natural
690,Villy,Charvillenest,Charvillenest Clan,Puines,Puinian Theocracy,Luari,Luari Doctrine,village,1280,168.29,355.26,28.12,-20.75,121,13°C,Milan (Italy),,,,,,,,{t1:bendy-gules-argent;division:{division:perCross;t:or;line:straight};ordinaries:[{ordinary:pale;t:purpure;line:straight}];shield:french},https://watabou.github.io/village-generator/?pop=1280&name=Villy&seed=2563131000690&width=1400&height=683&style=default&tags=dead+end%2Cno+square%2Cdense
691,Bisachren,Enheim,Enheim Clan,Malscken,Grand Duchy of Malscken,Shwazen,Shwazen Religion,town,616,371.32,409.06,25.54,-11.04,49,15°C,Rome (Italy),,,,,,,,{t1:sable;ordinaries:[{ordinary:fess;t:argent;line:indented}];charges:[{charge:grapeBunch;t:azure;p:e;t2:azure;t3:argent;size:0.7}];shield:swiss},https://watabou.github.io/city-generator/?name=Bisachren&population=616&size=11&seed=2563131000691&river=0&coast=0&farms=1&citadel=0&urban_castle=0&hub=0&plaza=0&greens=0&temple=0&walls=0&shantytown=0&style=natural
692,Serythre,Ampliosia,Ampliosia County,Peina,Principality of Peina,Elladan,Tamanian Heresy,village,596,988.1,605.91,16.13,18.47,9,21°C,Tegucigalpa (Honduras),,,,,,,,{t1:sable;division:{division:perPale;t:or;line:engrailed};charges:[{charge:roundel;t:argent;p:p;size:0.7};{charge:heron;t:gules;p:q;size:0.7}];shield:boeotian},https://watabou.github.io/village-generator/?pop=596&name=Serythre&seed=2563131000692&width=1000&height=488&style=default&tags=isolated%2Cfarmland%2Cno+square%2Cdense
693,Beyrukbere,Bozesbyurt,Bozesbyurt Area,Yerinte,Imamah of Yerinte,Turchian,Kocapism,town,595,411.87,478.39,22.23,-9.1,625,13°C,Milan (Italy),,,,,,,,{t1:or;charges:[{charge:hand;t:gules;p:e;size:1.5}];shield:round},https://watabou.github.io/city-generator/?name=Beyrukbere&population=595&size=11&seed=2563131000693&river=0&coast=0&farms=1&citadel=0&urban_castle=0&hub=0&plaza=0&greens=0&temple=0&walls=0&shantytown=0&style=natural
694,Semilla,Alvis,Alvis Dependency,Sazkyurt,Beylik of Sazkyurt,Astellian,Kocapism,town,5594,513.04,709.82,11.16,-4.26,25,22°C,Guangzhou (China),,,,,,,,{t1:barry-gules-argent;ordinaries:[{ordinary:point;t:or}];charges:[{charge:rustre;t:or;p:bdf;size:0.5}];shield:spanish},https://watabou.github.io/city-generator/?name=Semilla&population=5594&size=25&seed=2563131000694&river=0&coast=0&farms=1&citadel=0&urban_castle=0&hub=0&plaza=0&greens=0&temple=0&walls=0&shantytown=0&style=natural
695,Ayarovara,Kesenbyurt,Kesenbyurt Barony,Boy,Boyan Khaganate,Turchian,Kocapism,town,5759,670.92,419.22,25.06,3.3,256,14°C,Washington (D.C.),,,,walls,,,,{t1:sable;charges:[{charge:lionHeadCaboshed;t:or;p:jlh;t2:or;size:0.7}];shield:round},https://watabou.github.io/city-generator/?name=Ayarovara&population=5759&size=25&seed=2563131000695&river=0&coast=0&farms=1&citadel=0&urban_castle=0&hub=0&plaza=0&greens=0&temple=0&walls=1&shantytown=0&style=natural
696,Aykut,Aykut,Aykut County,Boy,Boyan Khaganate,Turchian,Kocapism,city,986,649.8,204.37,35.33,2.29,9,9°C,Copenhagen (Denmark),,port,citadel,walls,plaza,,,{t1:gules;charges:[{charge:caravel;t:argent;p:abcpqh;t2:argent;t3:argent;size:0.5}];shield:round},https://watabou.github.io/city-generator/?name=Aykut&population=986&size=13&seed=2563131000696&river=0&coast=1&farms=1&citadel=1&urban_castle=1&hub=0&plaza=1&greens=1&temple=0&walls=1&shantytown=0&style=natural&sea=0.2
697,Kingmole,Berton,Berton County,Stansburia,Stansburian Empire,Angshire,Kocapism,village,8898,796.6,305.4,30.5,9.31,324,10°C,London (England),,,,,,,,{t1:purpure;charges:[{charge:castle2;t:or;p:e;t2:argent;t3:or;size:1.5}];shield:wedged},https://watabou.github.io/village-generator/?pop=8898&name=Kingmole&seed=2563131000697&width=1600&height=780&style=default&tags=dead+end%2Cno+square%2Cdense
698,Yeoneham,Dury,Dury Earldom,Sagelia,Grand Duchy of Sagelia,Angshire,Bramburghism,town,968,1046.46,293.4,31.07,21.26,36,12°C,Paris (France),,,,,,,,{t1:or;charges:[{charge:key;t:azure;p:e;size:1.5}];shield:wedged},https://watabou.github.io/city-generator/?name=Yeoneham&population=968&size=13&seed=2563131000698&river=0&coast=0&farms=1&citadel=0&urban_castle=0&hub=0&plaza=0&greens=0&temple=0&walls=0&shantytown=0&style=natural
699,Kumkaroke,Kumkaroke,Kumkaroke Region,Boy,Boyan Khaganate,Turchian,Kocapism,town,6741,721.06,295.6,30.97,5.7,169,11°C,Antwerp (Belgium),,,,walls,,,,{t1:or;division:{division:perBend;t:gules;line:straight};charges:[{charge:lionHeadCaboshed;t:azure;p:l;t2:azure;size:0.7};{charge:pegasus;t:argent;p:m;size:0.7}];shield:round},https://watabou.github.io/city-generator/?name=Kumkaroke&population=6741&size=27&seed=2563131000699&river=0&coast=0&farms=1&citadel=0&urban_castle=0&hub=0&plaza=0&greens=0&temple=0&walls=1&shantytown=0&style=natural
700,Hornceshead,Altbuse,Altbuse Parish,Orporpor,Orporpor Theocracy,Angshire,Bramburghism,village,4468,999.4,376.9,27.08,19.01,256,12°C,Paris (France),,port,,walls,,,,{t1:purpure;charges:[{charge:lionPassant;t:argent;p:bdefh;t2:argent;t3:or;size:0.4}];shield:wedged},https://watabou.github.io/village-generator/?pop=4468&name=Hornceshead&seed=2563131000700&width=1600&height=780&style=default&tags=coast%2Cdead+end%2Cfarmland%2Cno+square%2Cpalisade%2Cdense
701,Viliano,Kaltaylyurt,Kaltaylyurt Area,Sazkyurt,Beylik of Sazkyurt,Tallian,Kocapism,town,1192,260.08,556.11,18.51,-16.36,676,16°C,Dubrovnik (Croatia),,port,,,,,,{t1:or;division:{division:perCross;t:gules;line:straight};charges:[{charge:lanceHead;t:azure;p:jo;divided:counter;size:0.7}];shield:horsehead},https://watabou.github.io/city-generator/?name=Viliano&population=1192&size=14&seed=2563131000701&river=0&coast=1&farms=1&citadel=0&urban_castle=0&hub=0&plaza=0&greens=0&temple=0&walls=0&shantytown=0&style=natural
702,Yakayruluo,Epelenteli,Epelenteli Parish,Yerinte,Imamah of Yerinte,Turchian,Yerinish Creed,town,616,502.12,592.7,16.76,-4.78,25,21°C,Tegucigalpa (Honduras),,,,walls,,,,{t1:argent;division:{division:perPale;t:gules;line:straight};charges:[{charge:crescent;t:purpure;p:jo;divided:field;size:0.7};{charge:roundel2;t:or;p:e;divided:division;size:1.5}];shield:round},https://watabou.github.io/city-generator/?name=Yakayruluo&population=616&size=11&seed=2563131000702&river=0&coast=0&farms=0&citadel=0&urban_castle=0&hub=0&plaza=0&greens=0&temple=0&walls=1&shantytown=0&style=natural
703,Ormsford,Altbuse,Altbuse Parish,Orporpor,Orporpor Theocracy,Angshire,Bramburghism,town,6401,1005.93,392.96,26.31,19.32,144,14°C,Washington (D.C.),,,citadel,,,,,{t1:or;division:{division:perCross;t:vert;line:straight};charges:[{charge:dove;t:argent;p:j;t2:argent;size:0.6};{charge:banner;t:argent;p:l;size:0.6};{charge:crossHummetty;t:or;p:m;size:0.6};{charge:boat2;t:purpure;p:o;size:0.6}];shield:wedged},https://watabou.github.io/city-generator/?name=Ormsford&population=6401&size=26&seed=2563131000703&river=0&coast=0&farms=1&citadel=1&urban_castle=0&hub=0&plaza=0&greens=0&temple=0&walls=0&shantytown=0&style=natural
704,Kozyoltay,Kozyoltay,Kozyoltay Seneschalty,Boy,Boyan Khaganate,Turchian,Kocapism,city,956,415.65,319.69,29.82,-8.92,441,10°C,London (England),,,,walls,,temple,,{t1:or;ordinaries:[{ordinary:bendSinister;t:azure;line:invecked}];charges:[{charge:lionHeadCaboshed;t:or;p:lem;t2:or;size:0.5}];shield:round},https://watabou.github.io/city-generator/?name=Kozyoltay&population=956&size=13&seed=2563131000704&river=0&coast=0&farms=1&citadel=0&urban_castle=0&hub=0&plaza=0&greens=0&temple=1&walls=1&shantytown=0&style=natural
705,Cambovio,Avonveram,Avonveram Parish,Aberleith,Thearchy of Aberleith,Keltan,Treaberlese Pantheon,town,3909,765.66,447.97,23.68,7.83,4,16°C,Dubrovnik (Croatia),,,,,,,,{t1:sable;charges:[{charge:scissors2;t:or;p:beh;size:0.5}];shield:oval},https://watabou.github.io/city-generator/?name=Cambovio&population=3909&size=22&seed=2563131000705&river=0&coast=0&farms=1&citadel=0&urban_castle=0&hub=0&plaza=0&greens=0&temple=0&walls=0&shantytown=0&style=natural
706,Yeli,Yeli,Yeli Parish,Yerinte,Imamah of Yerinte,Turchian,Yerinish Creed,town,5245,426.04,564.02,18.13,-8.42,25,20°C,Alexandria (Egypt),,,,walls,,,,{t1:or;charges:[{charge:key;t:azure;p:e;size:1.5}];shield:round},https://watabou.github.io/city-generator/?name=Yeli&population=5245&size=24&seed=2563131000706&river=0&coast=0&farms=1&citadel=0&urban_castle=0&hub=0&plaza=0&greens=0&temple=0&walls=1&shantytown=0&style=natural
707,Hubla,Chios,Chios Shire,Peina,Principality of Peina,Elladan,Tamanian Heresy,town,5702,1045.55,594.02,16.7,21.22,64,21°C,Tegucigalpa (Honduras),,,,,,,,{t1:argent;charges:[{charge:crossTemplar;t:vert;p:e;size:1.5}];shield:boeotian},https://watabou.github.io/city-generator/?name=Hubla&population=5702&size=25&seed=2563131000707&river=0&coast=0&farms=1&citadel=0&urban_castle=0&hub=0&plaza=0&greens=0&temple=0&walls=0&shantytown=0&style=natural
708,Ovakaylibi,Yramka,Yramka Dependency,Stansburia,Stansburian Empire,Turchian,Kocapism,town,5302,802.28,356.76,28.04,9.58,9,14°C,Washington (D.C.),,,,,,,,{t1:gules;division:{division:perPale;t:or;line:straight};ordinaries:[{ordinary:flaunches;t:argent}];charges:[{charge:pincers;t:argent;p:kn;size:0.7}];shield:round},https://watabou.github.io/city-generator/?name=Ovakaylibi&population=5302&size=24&seed=2563131000708&river=0&coast=0&farms=1&citadel=0&urban_castle=0&hub=0&plaza=0&greens=0&temple=0&walls=0&shantytown=0&style=natural
709,Aberarann,Chortilia,Chortilia Parish,Aberleith,Thearchy of Aberleith,Keltan,Treaberlese Pantheon,town,626,724.07,452.78,23.45,5.84,16,16°C,Dubrovnik (Croatia),,,,,,,,{t1:purpure;ordinaries:[{ordinary:gemelle;t:or;line:straight}];charges:[{charge:mullet4;t:or;p:abc;size:0.5}];shield:oval},https://watabou.github.io/city-generator/?name=Aberarann&population=626&size=11&seed=2563131000709&river=0&coast=0&farms=1&citadel=0&urban_castle=0&hub=0&plaza=0&greens=0&temple=0&walls=0&shantytown=0&style=natural
710,Torvila,Raritavori,Raritavori Parish,Turanmaa,Turanmaan Theocracy,Soumi,Kocapism,town,1834,439.4,167.48,37.09,-7.78,4,8°C,Prague (Czechia),,,,walls,,,,{t1:argent;charges:[{charge:lanceWithBanner;t:azure;p:jlh;t2:azure;t3:sable;size:0.7}];shield:pavise},https://watabou.github.io/city-generator/?name=Torvila&population=1834&size=16&seed=2563131000710&river=1&coast=0&farms=1&citadel=0&urban_castle=0&hub=0&plaza=0&greens=0&temple=0&walls=1&shantytown=0&style=natural
711,Yelgaka,New Secilbenzon,New Secilbenzon Colony,Alprakeli,Alprakelian Horde,Turchian,Kocapism,village,2879,407.32,479.6,22.17,-9.31,484,14°C,Washington (D.C.),,,,,,,,{t1:azure;charges:[{charge:cock;t:or;p:jlh;t2:or;t3:argent;size:0.7}];shield:round},https://watabou.github.io/village-generator/?pop=2879&name=Yelgaka&seed=2563131000711&width=1600&height=780&style=default&tags=highway%2Cno+square%2Cdense
712,Milton,Bokehamia,Bokehamia Barony,Sagelia,Grand Duchy of Sagelia,Angshire,Bramburghism,town,754,1023.04,348.74,28.43,20.14,121,12°C,Paris (France),,,,,,,,{t1:maily-or-gules-smaller;charges:[{charge:sextifoil;t:sable;p:e;size:1.5}];shield:wedged},https://watabou.github.io/city-generator/?name=Milton&population=754&size=12&seed=2563131000712&river=0&coast=0&farms=1&citadel=0&urban_castle=0&hub=0&plaza=0&greens=0&temple=0&walls=0&shantytown=0&style=natural
713,Fardo,Prolanolia,Prolanolia Earldom,Sazkyurt,Beylik of Sazkyurt,Tallian,Faith of Fateaux,town,7754,230.04,566.86,18,-17.79,16,20°C,Alexandria (Egypt),,port,,,,,,{t1:sable;ordinaries:[{ordinary:terrace;t:argent;line:straight}];charges:[{charge:caravel;t:or;p:e;t2:or;t3:or;size:1.5}];shield:horsehead},https://watabou.github.io/city-generator/?name=Fardo&population=7754&size=28&seed=2563131000713&river=0&coast=1&farms=1&citadel=0&urban_castle=0&hub=0&plaza=0&greens=0&temple=0&walls=0&shantytown=0&style=natural&sea=1.29
714,Uxbrid,Kilkham,Kilkham County,Stansburia,Stansburian Empire,Angshire,Bramburghism,town,646,919.52,242.18,33.52,15.19,9,10°C,London (England),,,,walls,,,,{t1:barry-or-azure-small;ordinaries:[{ordinary:orle;t:gules}];charges:[{charge:crossGamma;t:sable;p:e;size:1.1;sinister:1}];shield:wedged},https://watabou.github.io/city-generator/?name=Uxbrid&population=646&size=11&seed=2563131000714&river=0&coast=0&farms=1&citadel=0&urban_castle=0&hub=0&plaza=0&greens=0&temple=0&walls=1&shantytown=0&style=natural
715,Suciaies,Pegera,Pegera Earldom,Peina,Principality of Peina,Elladan,Tamanian Heresy,town,859,1002.27,559.23,18.36,19.15,256,18°C,Barcelona (Spain),,port,,,,,,{t1:argent;charges:[{charge:lionHeadErased;t:azure;p:e;t2:azure;size:1.5}];shield:boeotian},https://watabou.github.io/city-generator/?name=Suciaies&population=859&size=12&seed=2563131000715&river=0&coast=1&farms=1&citadel=0&urban_castle=0&hub=0&plaza=0&greens=0&temple=0&walls=0&shantytown=0&style=natural
716,Fonces,Fonces,Fonces Land,Puines,Puinian Theocracy,Luari,Luari Doctrine,town,3524,266.32,340.58,28.82,-16.06,64,13°C,Milan (Italy),,,citadel,,,,,{t1:honeycombed-or-vert;division:{division:perSaltire;t:azure};shield:french},https://watabou.github.io/city-generator/?name=Fonces&population=3524&size=21&seed=2563131000716&river=0&coast=0&farms=1&citadel=1&urban_castle=1&hub=0&plaza=0&greens=0&temple=0&walls=0&shantytown=0&style=natural
717,Badi,Beia,Beia Shire,Boy,Boyan Khaganate,Turchian,Kocapism,town,961,639.89,495.57,21.41,1.81,100,17°C,Lisbon (Portugal),,,,walls,,,,{t1:argent;division:{division:perCross;t:gules;line:straight};charges:[{charge:owlDisplayed;t:azure;p:jlmo;t2:azure;divided:counter;size:0.6}];shield:round},https://watabou.github.io/city-generator/?name=Badi&population=961&size=13&seed=2563131000717&river=0&coast=0&farms=1&citadel=0&urban_castle=0&hub=0&plaza=0&greens=0&temple=0&walls=1&shantytown=0&style=natural
718,Trilerzar,Schopenbach,Schopenbach Territory,Malscken,Grand Duchy of Malscken,Shwazen,Shwazen Religion,town,13549,308.84,463.1,22.96,-14.02,100,16°C,Dubrovnik (Croatia),,port,,,,,,{t1:argent;ordinaries:[{ordinary:bend;t:purpure;line:straight}];charges:[{charge:armillarySphere;t:or;p:jo;size:0.7}];shield:swiss},https://watabou.github.io/city-generator/?name=Trilerzar&population=13549&size=35&seed=2563131000718&river=1&coast=1&farms=1&citadel=0&urban_castle=0&hub=1&plaza=0&greens=0&temple=0&walls=0&shantytown=0&style=natural&sea=0.68
719,Fhlai,Abertleven,Abertleven Parish,Aberleith,Thearchy of Aberleith,Keltan,Treaberlese Pantheon,village,1239,801.93,491.82,21.59,9.56,441,15°C,Rome (Italy),,port,citadel,,,,,{t1:pally-argent-purpure;division:{division:perPale;t:azure;line:straight};ordinaries:[{ordinary:bordure;t:gules}];shield:oval},https://watabou.github.io/village-generator/?pop=1239&name=Fhlai&seed=2563131000719&width=1400&height=683&style=default&tags=coast%2Cdead+end%2Cno+square%2Cdense
720,Monti,Kaltaylyurt,Kaltaylyurt Area,Sazkyurt,Beylik of Sazkyurt,Tallian,Kocapism,village,3735,291.87,550.54,18.78,-14.84,1296,11°C,Antwerp (Belgium),,,,walls,,,,{t1:gules;ordinaries:[{ordinary:point;t:argent}];charges:[{charge:billet;t:or;p:bdf;size:0.5}];shield:horsehead},https://watabou.github.io/village-generator/?pop=3735&name=Monti&seed=2563131000720&width=1600&height=780&style=default&tags=dead+end%2Cno+square%2Cpalisade%2Cdense
721,Lektassa,Chios,Chios Shire,Peina,Principality of Peina,Elladan,Tamanian Heresy,town,931,1051.62,586.47,17.06,21.51,121,19°C,Marrakesh (Morocco),,,,,,,,{t1:argent;division:{division:perFess;t:sable;line:dentilly};charges:[{charge:tower;t:gules;p:k;t2:gules;size:0.7};{charge:wyvernWithWingsDisplayed;t:or;p:n;size:0.7}];shield:boeotian},https://watabou.github.io/city-generator/?name=Lektassa&population=931&size=13&seed=2563131000721&river=1&coast=0&farms=1&citadel=0&urban_castle=0&hub=0&plaza=0&greens=0&temple=0&walls=0&shantytown=0&style=natural
722,Ripel,Tusachinia,Tusachinia Seneschalty,Tutachinia,Duchy of Tutachinia,Shwazen,Shwazen Religion,town,1122,384.03,364.78,27.66,-10.43,36,14°C,Washington (D.C.),,port,,walls,,,,{t1:purpure;charges:[{charge:scissors;t:or;p:kn;size:0.7}];shield:swiss},https://watabou.github.io/city-generator/?name=Ripel&population=1122&size=14&seed=2563131000722&river=0&coast=1&farms=1&citadel=0&urban_castle=0&hub=1&plaza=0&greens=0&temple=0&walls=1&shantytown=0&style=natural&sea=1.33
723,Keki,Ytelen,Ytelen Shire,Boy,Boyan Khaganate,Turchian,Kocapism,town,7784,544.68,231.24,34.04,-2.74,100,9°C,Copenhagen (Denmark),,port,,,,,,{t1:argent;ordinaries:[{ordinary:bar;t:vert;line:straight}];charges:[{charge:crossSaltire;t:argent;p:def;size:0.3}];shield:round},https://watabou.github.io/city-generator/?name=Keki&population=7784&size=28&seed=2563131000723&river=0&coast=1&farms=1&citadel=0&urban_castle=0&hub=0&plaza=0&greens=0&temple=0&walls=0&shantytown=0&style=natural
724,Wamerham,Maldock,Maldock County,Stansburia,Stansburian Empire,Angshire,Bramburghism,town,8736,923.99,299.01,30.8,15.4,169,11°C,Antwerp (Belgium),,,,,,,,{t1:argent;ordinaries:[{ordinary:cross;t:gules;line:rayonne}];charges:[{charge:crossJerusalem;t:purpure;p:acgi;size:0.5}];shield:wedged},https://watabou.github.io/city-generator/?name=Wamerham&population=8736&size=29&seed=2563131000724&river=0&coast=0&farms=1&citadel=0&urban_castle=0&hub=0&plaza=0&greens=0&temple=0&walls=0&shantytown=0&style=natural
725,Felsalengi,Leinia,Leinia Earldom,Lauda,Grand Duchy of Lauda,Norse,Stamsan Pantheon,town,3923,255.28,212.3,34.95,-16.59,16,9°C,Copenhagen (Denmark),,,,,,,,{t1:or;division:{division:perPale;t:vert;line:straight};charges:[{charge:bell;t:azure;p:jo;t2:purpure;divided:counter;size:0.7}];shield:heater},https://watabou.github.io/city-generator/?name=Felsalengi&population=3923&size=22&seed=2563131000725&river=0&coast=0&farms=1&citadel=0&urban_castle=0&hub=0&plaza=0&greens=0&temple=0&walls=0&shantytown=0&style=natural
726,Dulalaya,Ytelen,Ytelen Shire,Boy,Boyan Khaganate,Turchian,Kocapism,village,5916,516.59,219.26,34.62,-4.09,9,10°C,London (England),,,,,,,,{t1:or;ordinaries:[{ordinary:fess;t:sable;line:wavy}];charges:[{charge:bookClosed;t:or;p:def;t2:or;t3:or;size:0.5}];shield:round},https://watabou.github.io/village-generator/?pop=5916&name=Dulalaya&seed=2563131000726&width=1600&height=780&style=default&tags=highway%2Cfarmland%2Cno+square%2Cdense
727,Loulum,Celleparno,Celleparno County,Aciasecia,Principality of Aciasecia,Romian,Faith of Fateaux,town,3938,142.96,591.04,16.84,-21.96,25,21°C,Tegucigalpa (Honduras),,port,,,,,,{t1:sable;charges:[{charge:drakkar;t:argent;p:e;t2:argent;t3:argent;size:1.5}];shield:roman},https://watabou.github.io/city-generator/?name=Loulum&population=3938&size=22&seed=2563131000727&river=1&coast=1&farms=1&citadel=0&urban_castle=0&hub=1&plaza=0&greens=0&temple=0&walls=0&shantytown=0&style=natural
728,Charcy,Charvillenest,Charvillenest Clan,Puines,Puinian Theocracy,Luari,Luari Doctrine,town,652,146.44,349.93,28.37,-21.79,100,13°C,Milan (Italy),,,,walls,,,,{t1:chequy-or-vert;division:{division:perPile;t:gules;line:straight};ordinaries:[{ordinary:pale;t:purpure;line:straight}];shield:french},https://watabou.github.io/city-generator/?name=Charcy&population=652&size=11&seed=2563131000728&river=0&coast=0&farms=1&citadel=0&urban_castle=0&hub=0&plaza=0&greens=0&temple=0&walls=1&shantytown=0&style=natural
729,Ayodur,Bazyoleli,Bazyoleli Territory,Tutachinia,Duchy of Tutachinia,Turchian,Kocapism,village,2706,422.12,340.11,28.84,-8.61,25,13°C,Milan (Italy),,,,,,,,{t1:argent;ordinaries:[{ordinary:cross;t:gules;line:straight}];charges:[{charge:annulet;t:argent;p:beh;size:0.3}];shield:round},https://watabou.github.io/village-generator/?pop=2706&name=Ayodur&seed=2563131000729&width=1600&height=780&style=default&tags=river%2Cdead+end%2Cno+square%2Cdense
730,Okuzsuman,Eriyurt,Eriyurt Shire,Boy,Boyan Khaganate,Turchian,Kocapism,town,456,761.78,376.96,27.08,7.64,121,13°C,Milan (Italy),,port,,,,,,{t1:or;division:{division:perPale;t:vert;line:straight};charges:[{charge:falcon;t:gules;p:pq;t2:gules;t3:gules;divided:counter;size:0.7}];shield:round},https://watabou.github.io/city-generator/?name=Okuzsuman&population=456&size=10&seed=2563131000730&river=0&coast=1&farms=0&citadel=0&urban_castle=0&hub=0&plaza=0&greens=0&temple=0&walls=0&shantytown=0&style=natural&sea=1.63
731,Ersuzun,Paisa,Paisa Land,Boy,Boyan Khaganate,Turchian,Kocapism,village,1034,463.16,264.45,32.46,-6.64,169,10°C,London (England),,,,walls,,,,{t1:or;charges:[{charge:hindStatant;t:purpure;p:e;t2:purpure;size:1.5}];shield:round},https://watabou.github.io/village-generator/?pop=1034&name=Ersuzun&seed=2563131000731&width=1400&height=683&style=default&tags=highway%2Cno+square%2Cpalisade%2Cdense
732,Roboroboho,Stalia,Stalia Seneschalty,Stansburia,Stansburian Empire,Slovan,Bramburghism,town,5464,949.56,301.68,30.68,16.63,361,10°C,London (England),,,,,,,,{t1:argent;charges:[{charge:angel;t:purpure;p:e;t2:purpure;size:1.5}];shield:polish},https://watabou.github.io/city-generator/?name=Roboroboho&population=5464&size=25&seed=2563131000732&river=0&coast=0&farms=1&citadel=0&urban_castle=0&hub=0&plaza=0&greens=0&temple=0&walls=0&shantytown=0&style=natural
733,Anabercych,Braberctare,Braberctare Parish,Aberleith,Thearchy of Aberleith,Keltan,Treaberlese Pantheon,town,1583,757.12,467.93,22.73,7.42,36,17°C,Lisbon (Portugal),,port,,,,,,{t1:sable;charges:[{charge:anchor;t:argent;p:e;size:1.5}];shield:oval},https://watabou.github.io/city-generator/?name=Anabercych&population=1583&size=15&seed=2563131000733&river=1&coast=1&farms=1&citadel=0&urban_castle=0&hub=1&plaza=0&greens=0&temple=0&walls=0&shantytown=0&style=natural&sea=0.83
734,Hardt,Haudenster,Haudenster Earldom,Malscken,Grand Duchy of Malscken,Shwazen,Shwazen Religion,town,4552,394.66,470.86,22.59,-9.92,1156,9°C,Copenhagen (Denmark),,,,,,,,{t1:sable;division:{division:perPale;t:or;line:straight};charges:[{charge:bell;t:argent;p:e;t2:argent;divided:field;size:1.5};{charge:rabbitSejant;t:azure;p:e;divided:division;size:1.5}];shield:swiss},https://watabou.github.io/city-generator/?name=Hardt&population=4552&size=23&seed=2563131000734&river=0&coast=0&farms=1&citadel=0&urban_castle=0&hub=0&plaza=0&greens=0&temple=0&walls=0&shantytown=0&style=natural
735,Vienneaux,New Ivria,New Ivria Colony,Puines,Puinian Theocracy,Luari,Faith of Fateaux,village,1514,66.1,418.85,25.08,-25.64,36,16°C,Dubrovnik (Croatia),,port,,,,,,{t1:azure;ordinaries:[{ordinary:gemelle;t:argent;line:wavy}];charges:[{charge:mullet4;t:or;p:abc;size:0.5}];shield:french},https://watabou.github.io/village-generator/?pop=1514&name=Vienneaux&seed=2563131000735&width=1600&height=780&style=default&tags=coast%2Cdead+end%2Cno+square%2Cdense
736,Castelletro,Casca,Casca County,Aciasecia,Principality of Aciasecia,Tallian,Faith of Fateaux,town,9251,101.07,539.25,19.32,-23.96,25,19°C,Marrakesh (Morocco),,,,,,,,{t1:or;division:{division:perChevronReversed;t:gules;line:straight};charges:[{charge:key;t:purpure;p:bdefh;divided:counter;size:0.4}];shield:horsehead},https://watabou.github.io/city-generator/?name=Castelletro&population=9251&size=30&seed=2563131000736&river=0&coast=0&farms=1&citadel=0&urban_castle=0&hub=0&plaza=0&greens=0&temple=0&walls=0&shantytown=0&style=natural
737,Cudford,Southeria,Southeria Earldom,Stansburia,Stansburian Empire,Angshire,Kocapism,town,4799,794.92,220.22,34.57,9.23,36,10°C,London (England),,,,,,,,{t1:ermine-argent-sable;division:{division:perPale;t:azure;line:straight};charges:[{charge:anvil;t:gules;p:e;divided:field;size:1.5};{charge:pear;t:or;p:e;divided:division;size:1.5}];shield:wedged},https://watabou.github.io/city-generator/?name=Cudford&population=4799&size=23&seed=2563131000737&river=0&coast=0&farms=1&citadel=0&urban_castle=0&hub=0&plaza=0&greens=0&temple=0&walls=0&shantytown=0&style=natural
738,Vienvilles,Lantaimancheb,Lantaimancheb Deanery,Chuelia,Diocese of Chuelia,Luari,Faith of Fateaux,village,577,131.9,475.51,22.37,-22.49,1089,10°C,London (England),,,,,,,,{t1:murrey;charges:[{charge:foot;t:argent;p:e;size:1.5}];shield:french},https://watabou.github.io/village-generator/?pop=577&name=Vienvilles&seed=2563131000738&width=1000&height=488&style=default&tags=dead+end%2Cno+square%2Cdense
739,Yalpyopu,Yeri,Yeri Territory,Alprakeli,Alprakelian Horde,Turchian,Kocapism,town,2949,343.73,550.84,18.77,-12.36,625,15°C,Rome (Italy),,,,walls,,,,{t1:bendySinister-or-purpure-smaller;division:{division:perFess;t:gules;line:straight};charges:[{charge:wing;t:sable;p:e;size:1.5}];shield:round},https://watabou.github.io/city-generator/?name=Yalpyopu&population=2949&size=20&seed=2563131000739&river=0&coast=0&farms=1&citadel=0&urban_castle=0&hub=0&plaza=0&greens=0&temple=0&walls=1&shantytown=0&style=natural
740,Erdeshernoi,Bouerge,Bouerge Parish,Puines,Puinian Theocracy,Luari,Luari Doctrine,village,3724,174.09,391.83,26.37,-20.47,256,13°C,Milan (Italy),,,,,,,,{t1:ermine-argent-sable;division:{division:perFess;t:gules;line:straight};shield:french},https://watabou.github.io/village-generator/?pop=3724&name=Erdeshernoi&seed=2563131000740&width=1600&height=780&style=default&tags=river%2Cdead+end%2Cfarmland%2Cno+square%2Cdense
741,Raufarfi,Enesetia,Enesetia Territory,Lauda,Grand Duchy of Lauda,Norse,Kocapism,village,1187,309.96,234.19,33.9,-13.97,729,5°C,Harbin (China),,port,,,,,,{t1:purpure;ordinaries:[{ordinary:terrace;t:argent;line:potentySinister}];shield:heater},https://watabou.github.io/village-generator/?pop=1187&name=Raufarfi&seed=2563131000741&width=1400&height=683&style=snow&tags=coast%2Chighway%2Cfarmland%2Cno+square%2Cdense
742,Roswsinver,Invenek,Invenek Parish,Aberleith,Thearchy of Aberleith,Keltan,Treaberlese Pantheon,town,674,683.66,542.67,19.16,3.91,49,19°C,Marrakesh (Morocco),,,,,,,,{t1:purpure;ordinaries:[{ordinary:saltire;t:argent;line:straight}];charges:[{charge:anchor;t:gules;p:e;size:0.7}];shield:oval},https://watabou.github.io/city-generator/?name=Roswsinver&population=674&size=11&seed=2563131000742&river=0&coast=0&farms=1&citadel=0&urban_castle=0&hub=0&plaza=0&greens=0&temple=0&walls=0&shantytown=0&style=natural
743,Sovegalanes,New Sazkay,New Sazkay Colony,Sazkyurt,Beylik of Sazkyurt,Astellian,Kocapism,town,2587,422.62,621.21,15.4,-8.58,289,19°C,Marrakesh (Morocco),,,,walls,,,,{t1:or;ordinaries:[{ordinary:fess;t:azure;line:embattledNotched}];charges:[{charge:goutte;t:or;p:e;size:0.7}];shield:spanish},https://watabou.github.io/city-generator/?name=Sovegalanes&population=2587&size=19&seed=2563131000743&river=0&coast=0&farms=1&citadel=0&urban_castle=0&hub=0&plaza=0&greens=0&temple=0&walls=1&shantytown=0&style=natural
744,Alaintillain,Agosindyria,Agosindyria Land,Abergia,Kingdom of Abergia,Keltan,Tamanian Heresy,village,678,925.59,556.63,18.49,15.48,1024,13°C,Milan (Italy),,,,walls,,,,{t1:gules;division:{division:perBend;t:argent;line:straight};charges:[{charge:horseshoe;t:or;p:e;size:1.5}];shield:oval},https://watabou.github.io/village-generator/?pop=678&name=Alaintillain&seed=2563131000744&width=1000&height=488&style=default&tags=highway%2Cno+square%2Cpalisade%2Cdense
745,Cliford,Linbury,Linbury County,Stansburia,Stansburian Empire,Angshire,Bramburghism,town,12307,899.39,345.9,28.56,14.23,36,13°C,Milan (Italy),,port,,,plaza,,,{t1:vert;division:{division:perCross;t:or;line:urdy};charges:[{charge:drakkar;t:argent;p:jlmo;t2:argent;t3:argent;size:0.6}];shield:wedged},https://watabou.github.io/city-generator/?name=Cliford&population=12307&size=33&seed=2563131000745&river=1&coast=1&farms=1&citadel=0&urban_castle=0&hub=0&plaza=1&greens=1&temple=0&walls=0&shantytown=0&style=natural
746,Bhruleraber,Invermainia,Invermainia County,Abergia,Kingdom of Abergia,Keltan,Bramburghism,city,5347,866.2,517.14,20.38,12.64,441,15°C,Rome (Italy),,,citadel,,,,,{t1:sable;charges:[{charge:bearRampant;t:argent;p:e;t2:argent;t3:or;size:1.5}];shield:oval},https://watabou.github.io/city-generator/?name=Bhruleraber&population=5347&size=24&seed=2563131000746&river=0&coast=0&farms=1&citadel=1&urban_castle=1&hub=0&plaza=0&greens=0&temple=0&walls=0&shantytown=0&style=natural
747,Yunda,New Sazkay,New Sazkay Colony,Sazkyurt,Beylik of Sazkyurt,Astellian,Astellian Beliefs,town,7245,451.84,662.78,13.41,-7.18,16,21°C,Tegucigalpa (Honduras),,,,,,,,{t1:or;charges:[{charge:sunInSplendour;t:vert;p:def;size:0.5}];shield:spanish},https://watabou.github.io/city-generator/?name=Yunda&population=7245&size=27&seed=2563131000747&river=0&coast=0&farms=1&citadel=0&urban_castle=0&hub=0&plaza=0&greens=0&temple=0&walls=0&shantytown=0&style=natural
748,Laninorocch,Bolinadusia,Bolinadusia Deanery,Chuelia,Diocese of Chuelia,Tallian,Faith of Fateaux,town,2222,117.29,493.84,21.49,-23.19,841,13°C,Milan (Italy),,,,,,,,{t1:argent;division:{division:perChevronReversed;t:lozengy-or-sable-small;line:enclavy};charges:[{charge:inescutcheon;t:purpure;p:bdefh;size:0.4};{charge:mullet6Pierced;t:or;p:bdefh;size:0.2}];shield:horsehead},https://watabou.github.io/city-generator/?name=Laninorocch&population=2222&size=18&seed=2563131000748&river=0&coast=0&farms=1&citadel=0&urban_castle=0&hub=0&plaza=0&greens=0&temple=0&walls=0&shantytown=0&style=natural
749,Coudroy,Batiliersia,Batiliersia Territory,Sounevandilia,Duchy of Sounevandilia,Luari,Faith of Fateaux,town,6271,95.34,468.69,22.69,-24.24,36,17°C,Lisbon (Portugal),,port,,,,,,{t1:azure;charges:[{charge:crossHummetty;t:argent;p:e;size:1.5}];shield:french},https://watabou.github.io/city-generator/?name=Coudroy&population=6271&size=26&seed=2563131000749&river=0&coast=1&farms=1&citadel=0&urban_castle=0&hub=0&plaza=0&greens=0&temple=0&walls=0&shantytown=0&style=natural&sea=0.18
750,Durmouth,Louth,Louth Territory,Orporpor,Orporpor Theocracy,Angshire,Bramburghism,town,2762,1064.68,359.78,27.9,22.13,25,14°C,Washington (D.C.),,,,,,,,{t1:or;division:{division:perPale;t:sable;line:straight};charges:[{charge:anchor;t:gules;p:pq;divided:field;size:0.7};{charge:pique;t:argent;p:jo;divided:division;size:0.7}];shield:wedged},https://watabou.github.io/city-generator/?name=Durmouth&population=2762&size=19&seed=2563131000750&river=0&coast=0&farms=1&citadel=0&urban_castle=0&hub=0&plaza=0&greens=0&temple=0&walls=0&shantytown=0&style=natural
751,Aylideki,Uyurt,Uyurt County,Stansburia,Stansburian Empire,Turchian,Kocapism,town,3539,769.58,372.88,27.27,8.02,81,13°C,Milan (Italy),,,,walls,,,,{t1:argent;ordinaries:[{ordinary:pale;t:azure;line:potentyDexter}];charges:[{charge:scorpion;t:argent;p:beh;size:0.5}];shield:round},https://watabou.github.io/city-generator/?name=Aylideki&population=3539&size=21&seed=2563131000751&river=0&coast=0&farms=1&citadel=0&urban_castle=0&hub=0&plaza=0&greens=0&temple=0&walls=1&shantytown=0&style=natural
752,Sannessas,Sannessas,Sannessas Parish,Puines,Puinian Theocracy,Luari,Luari Doctrine,town,862,74.18,365.4,27.63,-25.25,36,14°C,Washington (D.C.),,port,,walls,,,,{t1:azure;charges:[{charge:anchor;t:argent;p:e;size:1.5}];shield:french},https://watabou.github.io/city-generator/?name=Sannessas&population=862&size=12&seed=2563131000752&river=0&coast=1&farms=1&citadel=0&urban_castle=0&hub=1&plaza=0&greens=0&temple=0&walls=1&shantytown=0&style=natural&sea=0.17
753,Kart,Yalbe,Yalbe Parish,Yerinte,Imamah of Yerinte,Turchian,Yerinish Creed,village,2843,448.06,525.36,19.98,-7.36,49,19°C,Marrakesh (Morocco),,,,,,,,{t1:argent;charges:[{charge:harp;t:vert;p:e;t2:gules;size:1.5}];shield:round},https://watabou.github.io/village-generator/?pop=2843&name=Kart&seed=2563131000753&width=1600&height=780&style=default&tags=river%2Cdead+end%2Cno+square%2Cdense
754,Abercych,Abercych,Abercych Territory,Abergia,Kingdom of Abergia,Keltan,Bramburghism,town,962,841.08,534.85,19.53,11.44,4,19°C,Marrakesh (Morocco),,,,walls,,,,{t1:or;ordinaries:[{ordinary:point;t:purpure}];charges:[{charge:goutte;t:vert;p:bdf;size:0.5}];shield:oval},https://watabou.github.io/city-generator/?name=Abercych&population=962&size=13&seed=2563131000754&river=0&coast=0&farms=1&citadel=0&urban_castle=0&hub=0&plaza=0&greens=0&temple=0&walls=1&shantytown=0&style=natural
755,Royksapive,Royksapive,Royksapive Parish,Turanmaa,Turanmaan Theocracy,Soumi,Turanv Religion,town,5016,361.09,279.26,31.75,-11.53,576,7°C,Montreal (Canada),,port,,,,,,{t1:purpure;charges:[{charge:crossCercelee;t:or;p:e;size:1.5}];shield:pavise},https://watabou.github.io/city-generator/?name=Royksapive&population=5016&size=24&seed=2563131000755&river=0&coast=1&farms=1&citadel=0&urban_castle=0&hub=0&plaza=0&greens=0&temple=0&walls=0&shantytown=0&style=natural&sea=0.15
756,Kaman,Kut,Kut County,Abergia,Kingdom of Abergia,Turchian,Bramburghism,city,5109,893.25,430.52,24.52,13.93,4,16°C,Dubrovnik (Croatia),,port,,walls,plaza,,,{t1:or;charges:[{charge:crossPatriarchal;t:sable;p:e;size:1.5}];shield:round},https://watabou.github.io/city-generator/?name=Kaman&population=5109&size=24&seed=2563131000756&river=0&coast=1&farms=1&citadel=0&urban_castle=0&hub=0&plaza=1&greens=1&temple=0&walls=1&shantytown=0&style=natural&sea=1.03
757,Optenfeld,Sezesezia,Sezesezia County,Aciasecia,Principality of Aciasecia,Shwazen,Shwazen Religion,town,2508,266.78,455.31,23.33,-16.04,169,16°C,Dubrovnik (Croatia),,,,,,,,{t1:semy_of_compassRose-argent-vert;charges:[{charge:wasp;t:azure;p:e;t2:azure;t3:azure;size:1.5}];shield:swiss},https://watabou.github.io/city-generator/?name=Optenfeld&population=2508&size=18&seed=2563131000757&river=0&coast=0&farms=1&citadel=0&urban_castle=0&hub=0&plaza=0&greens=0&temple=0&walls=0&shantytown=0&style=natural
758,Mouvillesnoy,Hvamsund,Hvamsund Area,Puines,Puinian Theocracy,Luari,Old Luari Beliefs,town,1478,88.74,209.96,35.06,-24.55,196,8°C,Prague (Czechia),,,citadel,,,,,{t1:sable;ordinaries:[{ordinary:pileInBend;t:argent}];charges:[{charge:heart;t:argent;p:cg;size:0.7}];shield:french},https://watabou.github.io/city-generator/?name=Mouvillesnoy&population=1478&size=15&seed=2563131000758&river=0&coast=0&farms=1&citadel=1&urban_castle=1&hub=0&plaza=0&greens=0&temple=0&walls=0&shantytown=0&style=natural
759,Trino,Trino,Trino County,Aciasecia,Principality of Aciasecia,Tallian,Faith of Fateaux,city,1286,187.95,483.58,21.98,-19.81,676,13°C,Milan (Italy),,,citadel,walls,,,shanty town,{t1:gules;charges:[{charge:crossHummetty;t:or;p:jlh;size:0.7}];shield:horsehead},https://watabou.github.io/city-generator/?name=Trino&population=1286&size=14&seed=2563131000759&river=0&coast=0&farms=1&citadel=1&urban_castle=0&hub=0&plaza=0&greens=0&temple=0&walls=1&shantytown=1&style=natural
760,Gares,Combrechienia,Combrechienia County,Sounevandilia,Duchy of Sounevandilia,Luari,Faith of Fateaux,town,1045,33.88,480.98,22.1,-27.18,9,17°C,Lisbon (Portugal),,,,,,,,{t1:gules;division:{division:perFess;t:or;line:straight};charges:[{charge:crossHummetty;t:argent;p:e;divided:counter;size:1.5}];shield:french},https://watabou.github.io/city-generator/?name=Gares&population=1045&size=13&seed=2563131000760&river=0&coast=0&farms=1&citadel=0&urban_castle=0&hub=0&plaza=0&greens=0&temple=0&walls=0&shantytown=0&style=natural
761,Jepsa,Sasjarvia,Sasjarvia Parish,Turanmaa,Turanmaan Theocracy,Soumi,Turanv Religion,town,5580,352.72,249.07,33.19,-11.93,36,10°C,London (England),,,,,,,,{t1:or;charges:[{charge:bell;t:gules;p:jln;t2:gules;size:0.7}];shield:pavise},https://watabou.github.io/city-generator/?name=Jepsa&population=5580&size=25&seed=2563131000761&river=0&coast=0&farms=1&citadel=0&urban_castle=0&hub=0&plaza=0&greens=0&temple=0&walls=0&shantytown=0&style=natural
762,Boros,Chios,Chios Shire,Peina,Principality of Peina,Elladan,Tamanian Heresy,town,6696,1040.92,603.26,16.26,21,4,21°C,Tegucigalpa (Honduras),,,citadel,,,,,{t1:argent;charges:[{charge:horseshoe;t:vert;p:def;size:0.5}];shield:boeotian},https://watabou.github.io/city-generator/?name=Boros&population=6696&size=27&seed=2563131000762&river=0&coast=0&farms=1&citadel=1&urban_castle=1&hub=0&plaza=0&greens=0&temple=0&walls=0&shantytown=0&style=natural
763,Soketerbot,Portster,Portster County,Sagelia,Grand Duchy of Sagelia,Angshire,Bramburghism,town,6606,1011.96,227.23,34.24,19.61,9,10°C,London (England),,port,,,plaza,,,{t1:vert;charges:[{charge:eagle;t:or;p:e;t2:or;t3:or;size:1.5}];shield:wedged},https://watabou.github.io/city-generator/?name=Soketerbot&population=6606&size=26&seed=2563131000763&river=0&coast=1&farms=1&citadel=0&urban_castle=0&hub=0&plaza=1&greens=1&temple=0&walls=0&shantytown=0&style=natural&sea=1.67
764,Biverming,Totestable,Totestable Region,Peina,Principality of Peina,Angshire,Tamanian Heresy,town,4954,994.11,526.24,19.94,18.76,1089,12°C,Paris (France),,,,,,,,{t1:argent;charges:[{charge:gauntlet;t:gules;p:e;size:1.5}];shield:wedged},https://watabou.github.io/city-generator/?name=Biverming&population=4954&size=24&seed=2563131000764&river=0&coast=0&farms=1&citadel=0&urban_castle=0&hub=0&plaza=0&greens=0&temple=0&walls=0&shantytown=0&style=natural
765,Skroya,New Sasjarvia,New Sasjarvia Colony,Turanmaa,Turanmaan Theocracy,Norse,Turanv Religion,town,8928,328.94,235.14,33.86,-13.06,225,9°C,Copenhagen (Denmark),,,citadel,walls,,,,{t1:or;division:{division:perCross;t:sable;line:invecked};charges:[{charge:rake;t:gules;p:j;size:0.6};{charge:chain;t:or;p:l;size:0.6};{charge:lionRampant;t:argent;p:m;size:0.6};{charge:agnusDei;t:sable;p:o;size:0.6}];shield:heater},https://watabou.github.io/city-generator/?name=Skroya&population=8928&size=30&seed=2563131000765&river=0&coast=0&farms=1&citadel=1&urban_castle=0&hub=1&plaza=0&greens=0&temple=0&walls=1&shantytown=0&style=natural
766,Beyayaytay,Elieli,Elieli County,Boy,Boyan Khaganate,Turchian,Kocapism,village,919,542.18,285.76,31.44,-2.86,484,9°C,Copenhagen (Denmark),,,,,,,,{t1:or;division:{division:perFess;t:vert;line:straight};charges:[{charge:lionHeadCaboshed;t:gules;p:e;t2:gules;size:1.5}];shield:round},https://watabou.github.io/village-generator/?pop=919&name=Beyayaytay&seed=2563131000766&width=1000&height=488&style=default&tags=dead+end%2Cfarmland%2Cno+square%2Cdense
767,Orgis,Orquileresia,Orquileresia Parish,Puines,Puinian Theocracy,Luari,Luari Doctrine,town,1953,189.04,312.1,30.18,-19.76,4,12°C,Paris (France),,port,,,,,,{t1:pappellony2-argent-gules;charges:[{charge:sword;t:vert;p:e;t2:vert;size:1.5}];shield:french},https://watabou.github.io/city-generator/?name=Orgis&population=1953&size=17&seed=2563131000767&river=0&coast=1&farms=1&citadel=0&urban_castle=0&hub=0&plaza=0&greens=0&temple=0&walls=0&shantytown=0&style=natural&sea=0.67
768,Auriciacen,Contialisia,Contialisia Islands,Sazkyurt,Beylik of Sazkyurt,Romian,Erugus Deities,town,2491,28.74,677.2,12.72,-27.43,9,22°C,Guangzhou (China),,port,,,plaza,,,{t1:gules;division:{division:perFess;t:argent;line:dancetty};ordinaries:[{ordinary:mount;t:or}];charges:[{charge:armillarySphere;t:or;p:e;size:1.5}];shield:roman},https://watabou.github.io/city-generator/?name=Auriciacen&population=2491&size=18&seed=2563131000768&river=0&coast=1&farms=0&citadel=0&urban_castle=0&hub=0&plaza=1&greens=1&temple=0&walls=0&shantytown=0&style=natural&sea=1.82
769,Viimaa,Jung,Jung Region,Boy,Boyan Khaganate,Soumi,Kocapism,town,9975,523.13,169.03,37.02,-3.77,25,8°C,Prague (Czechia),,port,,,plaza,,,{t1:vert;charges:[{charge:helmetZischagge;t:argent;p:jln;size:0.7}];shield:pavise},https://watabou.github.io/city-generator/?name=Viimaa&population=9975&size=31&seed=2563131000769&river=1&coast=1&farms=1&citadel=0&urban_castle=0&hub=1&plaza=1&greens=1&temple=0&walls=0&shantytown=0&style=natural&sea=1.18
770,Sceouville,Hvamsund,Hvamsund Area,Puines,Puinian Theocracy,Luari,Luari Doctrine,town,3026,170.44,283.34,31.55,-20.65,16,12°C,Paris (France),,,,,,,,{t1:azure;division:{division:perPale;t:argent;line:straight};charges:[{charge:cavalier;t:or;p:pq;t2:or;t3:or;divided:counter;size:0.7}];shield:french},https://watabou.github.io/city-generator/?name=Sceouville&population=3026&size=20&seed=2563131000770&river=0&coast=0&farms=1&citadel=0&urban_castle=0&hub=0&plaza=0&greens=0&temple=0&walls=0&shantytown=0&style=natural
771,Kumteli,Kesenbyurt,Kesenbyurt Barony,Boy,Boyan Khaganate,Turchian,Kocapism,town,843,670,428.28,24.62,3.25,121,15°C,Rome (Italy),,port,citadel,,,,,{t1:argent;division:{division:perPale;t:vert;line:straight};charges:[{charge:griffinRampant;t:azure;p:pq;t2:azure;t3:azure;divided:counter;size:0.7}];shield:round},https://watabou.github.io/city-generator/?name=Kumteli&population=843&size=12&seed=2563131000771&river=1&coast=1&farms=1&citadel=1&urban_castle=0&hub=0&plaza=0&greens=0&temple=0&walls=0&shantytown=0&style=natural
772,Abergwi,Aberporth,Aberporth Parish,Aberleith,Thearchy of Aberleith,Keltan,Treaberlese Pantheon,village,1994,760.48,524.78,20.01,7.58,36,19°C,Marrakesh (Morocco),,,,,,,,{t1:argent;charges:[{charge:lionRampant;t:azure;p:bdefh;t2:azure;t3:azure;size:0.4}];shield:oval},https://watabou.github.io/village-generator/?pop=1994&name=Abergwi&seed=2563131000772&width=1600&height=780&style=default&tags=dead+end%2Cno+square%2Cdense
773,Kanditia,Degorrio,Degorrio County,Abergia,Kingdom of Abergia,Euskati,Bramburghism,village,2005,909.4,687.64,12.22,14.71,121,21°C,Tegucigalpa (Honduras),,port,,walls,,,,{t1:or;charges:[{charge:arrowsSheaf;t:sable;p:e;t2:sable;t3:sable;size:1.5}];shield:oldFrench},https://watabou.github.io/village-generator/?pop=2005&name=Kanditia&seed=2563131000773&width=1600&height=780&style=default&tags=coast%2Cisolated%2Cuncultivated%2Cno+square%2Cpalisade%2Cdense
774,Portster,Portster,Portster County,Sagelia,Grand Duchy of Sagelia,Angshire,Bramburghism,town,647,1015.59,249.01,33.2,19.79,9,10°C,London (England),,,,walls,,,,{t1:gules;ordinaries:[{ordinary:pale;t:argent;line:wavy}];charges:[{charge:mascle;t:sable;p:beh;size:0.5}];shield:wedged},https://watabou.github.io/city-generator/?name=Portster&population=647&size=11&seed=2563131000774&river=0&coast=0&farms=1&citadel=0&urban_castle=0&hub=0&plaza=0&greens=0&temple=0&walls=1&shantytown=0&style=natural
775,Connavinis,Contialisia,Contialisia Islands,Sazkyurt,Beylik of Sazkyurt,Romian,Erugus Deities,village,772,32.21,623.2,15.31,-27.26,4,21°C,Tegucigalpa (Honduras),,port,,,,,,{t1:vair-azure-argent;ordinaries:[{ordinary:chief;t:or;line:straight}];charges:[{charge:centaur;t:azure;p:abc;t2:azure;t3:azure;size:0.5}];shield:roman},https://watabou.github.io/village-generator/?pop=772&name=Connavinis&seed=2563131000775&width=1000&height=488&style=default&tags=island%2Cdistrict%2Cisolated%2Cuncultivated%2Cno+square%2Cdense
