{"type":"FeatureCollection","features":[{"type":"Feature","geometry":{"type":"LineString","coordinates":[[8.5367,20.6563],[8.6945,20.7147],[8.8811,20.7563],[9.062,20.7137],[9.1787,20.7276],[9.3203,20.8022],[9.5533,20.7462],[9.7317,20.7792],[9.9331,20.8404],[10.0456,20.7907],[10.2805,20.7883],[10.4072,20.8308],[10.4589,20.9054],[10.5407,20.903],[10.6206,20.8892],[10.7105,20.9116],[10.8144,20.9661],[10.923,21.0321],[11.0177,21.0488],[11.0952,21.0206],[11.1521,20.9427],[11.2033,20.8868],[11.3344,20.8686],[11.4683,20.8887],[11.543,20.7476],[11.6721,20.7156],[11.7295,20.6855],[11.8185,20.6936],[11.9247,20.7257],[12.0654,20.6707],[12.2041,20.6186],[12.2893,20.5961],[12.4672,20.5559],[12.6395,20.3762],[12.6749,20.2409],[12.6428,20.1194],[12.7189,19.899],[12.7313,19.845],[12.705,19.7671],[12.7447,19.6753],[12.8854,19.5725],[12.9944,19.431],[13.1471,19.3234],[13.2078,19.2029],[13.2384,19.0892],[13.3135,19.0031],[13.3379,18.9247],[13.4197,18.8128],[13.5618,18.7268],[13.7235,18.6818],[13.813,18.6656],[13.9666,18.5571],[14.2244,18.4313]]},"properties":{"id":0,"group":"roads","name":null}},{"type":"Feature","geometry":{"type":"LineString","coordinates":[[14.002,28.9626],[14.1555,28.9741],[14.2517,28.8914],[14.2981,28.7618],[14.4852,28.5362],[14.5536,28.4071],[14.6569,28.3555],[14.6985,28.2465],[14.7473,28.0973],[14.9047,27.9357],[15.0391,27.9802],[15.165,27.9424],[15.2793,28.0074],[15.3372,28.0916],[15.419,28.1671],[15.5673,28.2187],[15.7185,28.2378],[15.8893,28.1982],[15.9711,28.1432],[16.0352,28.1398],[16.0773,28.1069],[16.2213,27.995],[16.2782,27.9386],[16.3902,27.9247],[16.4997,27.9859],[16.5873,28.0457],[16.7294,28.0705],[16.8944,27.9682],[16.9882,27.8563],[17.0791,27.821],[17.1499,27.7521],[17.2891,27.6536],[17.5278,27.6273],[17.6201,27.5126],[17.7694,27.4834],[17.9278,27.5312],[18.1445,27.4815],[18.2823,27.4586],[18.3894,27.4036],[18.5066,27.384],[18.61,27.4739],[18.7401,27.5045],[18.8396,27.4633],[18.9348,27.4375],[19.0176,27.4519],[19.0984,27.4681],[19.1783,27.4404],[19.2386,27.3716],[19.2816,27.2712],[19.3706,27.2119],[19.3563,27.079],[19.3735,26.9757],[19.3678,26.9317],[19.3333,26.86],[19.2644,26.7749],[19.2668,26.6659],[19.3218,26.5798],[19.3486,26.4656],[19.3242,26.3131],[19.3989,26.0802],[19.4429,25.9708],[19.4864,25.8761],[19.6041,25.7963],[19.7122,25.7164],[19.7778,25.5653],[19.7935,25.3918],[19.7773,25.224],[19.6931,25.1375],[19.6658,24.9558],[19.6094,24.9051],[19.54,24.7148],[19.6122,24.5924],[19.694,24.5394],[19.7213,24.4504],[19.6797,24.328],[19.5979,24.0751],[19.5543,23.947],[19.5821,23.794],[19.5371,23.6233],[19.4606,23.5124],[19.4601,23.4321],[19.4859,23.3767],[19.506,23.2198],[19.4974,23.086],[19.5295,22.9512],[19.5003,22.7886],[19.5055,22.7131],[19.4969,22.5228],[19.5539,22.2833],[19.5395,22.1069],[19.4831,22.039],[19.3467,21.9539],[19.3998,21.8726],[19.495,21.8095],[19.5658,21.6355],[19.6213,21.503],[19.7419,21.4079],[19.8045,21.297],[19.8816,21.2219],[19.9026,21.1163],[20.0112,20.9958],[20.1112,20.8858],[20.1854,20.8485],[20.3265,20.6645],[20.4432,20.6042],[20.5226,20.554],[20.5839,20.5048],[20.6365,20.3513],[20.6226,20.2112],[20.6446,20.0291],[20.6618,19.9411],[20.7791,19.8163],[20.8656,19.7308],[20.9044,19.6361],[20.8982,19.4802],[20.8231,19.3607],[20.8082,19.2498],[20.9082,19.0997],[20.9843,18.8759],[21.0106,18.7727],[21.0723,18.7163],[21.1584,18.6001],[21.2814,18.5508]]},"properties":{"id":1,"group":"roads","name":null}},{"type":"Feature","geometry":{"type":"LineString","coordinates":[[14.3153,17.5641],[14.4191,17.5325],[14.5172,17.5029],[14.6028,17.4235],[14.688,17.3394],[14.7866,17.2801],[14.8818,17.217],[14.9416,17.1194],[15.0133,17.063],[15.0966,17.0449],[15.1946,17.0597],[15.309,17.0276],[15.4214,16.999],[15.5042,16.9645],[15.5869,16.9301],[15.651,16.8622],[15.6764,16.7752],[15.751,16.7293],[15.8146,16.5725],[15.9118,16.6318],[16.007,16.6896],[16.1644,16.7465],[16.3261,16.8006],[16.4141,16.7867],[16.5777,16.7609],[16.7097,16.7293],[16.8427,16.6944],[16.9499,16.6767],[17.0542,16.7121],[17.1489,16.7441],[17.2322,16.7236],[17.3106,16.7174],[17.3872,16.758],[17.502,16.7183],[17.5977,16.6547],[17.7259,16.6318],[17.8751,16.6284],[17.9727,16.5744],[18.0713,16.5261],[18.1737,16.5285],[18.243,16.5563],[18.2827,16.6146],[18.3162,16.6887],[18.3861,16.7408],[18.4818,16.7331],[18.6037,16.7475],[18.7473,16.8321],[18.7913,16.8469],[18.8492,16.9492],[18.9707,17.031],[19.0654,17.1591],[19.1008,17.2997],[19.1635,17.368],[19.23,17.4445],[19.4472,17.4957],[19.5883,17.51],[19.7184,17.621],[19.827,17.6587],[19.9395,17.696],[20.0394,17.7218],[20.1337,17.7476],[20.1887,17.8251],[20.2437,17.9083],[20.338,17.8251],[20.4293,17.7419]]},"properties":{"id":2,"group":"roads","name":null}},{"type":"Feature","geometry":{"type":"LineString","coordinates":[[20.5332,17.739],[20.6312,17.7338],[20.737,17.7419],[20.8202,17.7964],[20.8915,17.8748],[20.8891,17.98],[20.8881,18.0866],[20.8546,18.1751],[20.8838,18.2401],[21.0096,18.3395]]},"properties":{"id":3,"group":"roads","name":null}},{"type":"Feature","geometry":{"type":"LineString","coordinates":[[19.3773,30.9018],[19.3309,30.7425],[19.2587,30.5891],[19.1477,30.5016],[18.9941,30.4916],[18.8894,30.384],[18.8846,30.2544],[18.8592,30.1454],[18.7654,30.0111],[18.7961,29.8901],[18.7765,29.7983],[18.7037,29.739],[18.6214,29.6778],[18.5411,29.6171],[18.4263,29.4828],[18.309,29.4029],[18.2105,29.3671],[18.1507,29.2992],[18.1124,29.2194],[18.0292,29.128],[17.9723,28.9382],[17.9727,28.846],[17.9689,28.7532],[17.8924,28.6222],[17.8196,28.4865],[17.7957,28.3889],[17.6972,28.2493],[17.6225,28.1346],[17.5934,28.0198],[17.6292,27.9285],[17.6972,27.8764],[17.7799,27.8482],[17.8818,27.7048],[17.9278,27.5312]]},"properties":{"id":4,"group":"roads","name":null}},{"type":"Feature","geometry":{"type":"LineString","coordinates":[[-0.2665,29.3107],[-0.1746,29.3456],[-0.0823,29.4082],[0.0067,29.4718],[0.1325,29.4904],[0.1938,29.5225]]},"properties":{"id":5,"group":"roads","name":null}},{"type":"Feature","geometry":{"type":"LineString","coordinates":[[0.4143,29.2767],[0.5521,29.1978],[0.6717,29.1825],[0.7329,29.1376],[0.8248,29.0697],[0.9104,29.0386],[0.9913,29.0468],[1.0659,29.0922],[1.1577,29.1099],[1.2343,29.0697],[1.2989,28.9698],[1.3902,28.9416],[1.4965,28.9665],[1.6629,28.9378],[1.7538,28.9402],[1.8486,28.9397],[1.927,28.9894],[2.0127,29.0673],[2.1404,29.0692],[2.26,28.9894],[2.3461,29.0009],[2.4485,28.955],[2.5499,28.8335],[2.7623,28.9459],[2.857,29.0415],[2.9269,29.0755],[3.0642,29.139],[3.1728,29.1639],[3.2666,29.2351],[3.4857,29.4264],[3.5086,29.5378],[3.6029,29.6396],[3.7354,29.7032],[3.8942,29.7357],[3.9368,29.7955],[3.9832,29.8648],[4.1085,29.9265],[4.253,30.0455],[4.286,30.0622],[4.4013,30.177],[4.453,30.372],[4.5764,30.4863],[4.6654,30.5212],[4.741,30.5757],[4.7974,30.6761],[4.863,30.7531],[4.9525,30.7794],[5.0682,30.7545],[5.1673,30.7502],[5.2519,30.7268],[5.3438,30.7507],[5.6366,30.7688],[5.6959,30.9677],[5.7595,31.1121],[5.883,31.2216],[6.0126,31.3277],[6.1131,31.421],[6.2193,31.4888],[6.3475,31.5022],[6.4537,31.5218],[6.5254,31.5768],[6.5618,31.6624],[6.646,31.7489],[6.7292,31.8398],[6.8862,31.8465],[7.0192,31.835],[7.1292,31.8632],[7.222,31.91],[7.3239,31.8847],[7.4153,31.8044],[7.5129,31.8895],[7.5928,31.9115]]},"properties":{"id":6,"group":"roads","name":null}},{"type":"Feature","geometry":{"type":"LineString","coordinates":[[7.8167,31.8058],[7.9946,31.8646],[8.2185,31.8431],[8.3132,31.7767],[8.4993,31.7408],[8.5635,31.7872],[8.7209,31.7757],[8.8132,31.7767],[8.9816,31.7833],[9.0974,31.6973],[9.1782,31.5849],[9.1959,31.4224],[9.2485,31.4071],[9.305,31.4214],[9.4303,31.4391]]},"properties":{"id":7,"group":"roads","name":null}},{"type":"Feature","geometry":{"type":"LineString","coordinates":[[10.2513,31.0495],[10.4699,31.05],[10.5182,31.0284]]},"properties":{"id":8,"group":"roads","name":null}},{"type":"Feature","geometry":{"type":"LineString","coordinates":[[10.6129,30.9629],[10.6852,30.8936],[10.7139,30.8071],[10.7971,30.7201],[10.9521,30.6627],[11.0952,30.6818],[11.21,30.7335],[11.3239,30.7449],[11.4191,30.7296],[11.4994,30.7115],[11.5717,30.6531],[11.6415,30.559],[11.6865,30.4696],[11.7334,30.3859],[11.7233,30.263],[11.7898,30.1712],[11.8683,30.1081],[11.9678,30.099],[12.0501,30.0971],[12.1228,30.0508],[12.1912,29.9628],[12.2606,29.861],[12.2955,29.7324],[12.4117,29.6343],[12.5476,29.6147],[12.6883,29.5985],[12.8485,29.6171],[12.981,29.6138],[13.0987,29.5918],[13.2054,29.5512],[13.293,29.4646],[13.3054,29.3508],[13.3217,29.2428]]},"properties":{"id":9,"group":"roads","name":null}},{"type":"Feature","geometry":{"type":"LineString","coordinates":[[13.426,29.1787],[13.4891,29.2495],[13.5695,29.2763],[13.6575,29.2849],[13.7814,29.184],[13.8508,29.1099],[13.9226,29.041],[14.002,28.9626]]},"properties":{"id":10,"group":"roads","name":null}},{"type":"Feature","geometry":{"type":"LineString","coordinates":[[14.9047,27.9357],[15.0391,27.7292],[15.1659,27.4672],[15.1745,27.352],[15.1884,27.2219],[15.2339,27.068],[15.2195,26.8791],[15.1822,26.7151],[15.1999,26.6143],[15.1798,26.5167],[15.0932,26.4307],[14.9703,26.3389],[14.8492,26.248],[14.8416,26.2108],[14.7837,26.0783],[14.7755,25.9927],[14.8157,25.8909],[14.842,25.7418],[14.8487,25.5883],[14.9387,25.4898],[14.9406,25.268],[14.8621,25.103],[14.7866,25.0571],[14.7253,24.9295],[14.689,24.7641],[14.7354,24.6159],[14.8751,24.5408],[15.0305,24.4351],[15.0817,24.3414],[15.1597,24.2908],[15.2669,24.286],[15.2401,24.1473],[15.2463,24.0235],[15.309,23.9236],[15.3989,23.8342],[15.4032,23.708],[15.3984,23.6004],[15.4353,23.522],[15.4716,23.4627],[15.4697,23.39],[15.429,23.2992],[15.4324,23.1639],[15.418,23.0688],[15.3836,22.9803],[15.3032,22.9139],[15.242,22.8398],[15.2171,22.7475],[15.2109,22.6447],[15.1597,22.5582],[15.0832,22.4989],[14.9932,22.4893],[14.921,22.4616],[14.8727,22.3918],[14.843,22.2818],[14.7464,22.2025],[14.6536,22.1193],[14.6258,21.9787],[14.5961,21.8343],[14.5397,21.7148],[14.4842,21.5963],[14.4067,21.5236],[14.3101,21.5083],[14.2005,21.5178],[14.1034,21.4739],[14.0106,21.406],[13.9254,21.3476],[13.8364,21.3352],[13.7484,21.3668],[13.6671,21.3935],[13.5791,21.4026],[13.4834,21.3649],[13.382,21.307],[13.2317,21.3429],[13.0595,21.3156],[12.9973,21.232],[12.915,21.1927],[12.8146,21.1947],[12.6663,21.0589],[12.5897,20.9767],[12.4122,20.926],[12.3031,20.9078],[12.1821,20.8308],[12.0654,20.6707]]},"properties":{"id":11,"group":"roads","name":null}},{"type":"Feature","geometry":{"type":"LineString","coordinates":[[-15.5563,25.8225],[-15.5797,25.6624],[-15.6764,25.6036],[-15.7778,25.529],[-15.8472,25.3932]]},"properties":{"id":12,"group":"roads","name":null}},{"type":"Feature","geometry":{"type":"LineString","coordinates":[[-15.8811,23.8284],[-15.9118,23.6764],[-15.9591,23.6143],[-16.0218,23.4967],[-16.0371,23.3322],[-16.1165,23.2753],[-16.1959,23.2184],[-16.2466,23.1061],[-16.2352,22.9942],[-16.272,22.8971],[-16.3787,22.8058],[-16.4246,22.6155],[-16.2964,22.5907],[-16.1998,22.5099],[-16.1911,22.4205],[-16.149,22.3368],[-16.0357,22.2656]]},"properties":{"id":13,"group":"roads","name":null}},{"type":"Feature","geometry":{"type":"LineString","coordinates":[[-15.9017,22.1814],[-15.9682,22.1083],[-15.9864,22.0442],[-16.0036,21.8817],[-16.0165,21.7693],[-16.0936,21.6632],[-16.2151,21.5982],[-16.3232,21.7148],[-16.4294,21.7602],[-16.4954,21.8468],[-16.5677,21.9108],[-16.6562,21.9271],[-16.7557,21.9242],[-16.8456,21.95],[-16.9365,21.9816],[-17.0121,22.0877],[-17.0886,22.1948],[-17.2389,22.2775],[-17.314,22.3951],[-17.3699,22.5491],[-17.4192,22.6892],[-17.4379,22.7934],[-17.5316,22.879],[-17.6264,22.9196],[-17.7249,22.9645],[-17.8426,23.0009],[-17.9703,22.976],[-18.0971,22.933]]},"properties":{"id":14,"group":"roads","name":null}},{"type":"Feature","geometry":{"type":"LineString","coordinates":[[-20.9192,22.2751],[-20.868,22.1518],[-20.813,22.0227],[-20.7934,21.9649],[-20.813,21.8984],[-20.87,21.7492],[-20.8786,21.6312],[-20.8355,21.5484],[-20.7484,21.4796],[-20.6867,21.3658],[-20.5432,21.3295],[-20.3408,21.3644],[-20.2605,21.3563],[-20.1696,21.3878],[-20.0806,21.4241],[-19.9399,21.4681],[-19.8428,21.5494],[-19.794,21.668],[-19.8309,21.7665],[-19.8428,21.8669],[-19.8084,21.9806],[-19.7366,22.1771],[-19.6251,22.2656],[-19.43,22.3798],[-19.3118,22.5127],[-19.1936,22.6002],[-19.0984,22.6318],[-19.0324,22.67],[-18.9353,22.6786],[-18.8195,22.6696],[-18.6664,22.6691],[-18.5736,22.6557],[-18.4932,22.6896],[-18.4301,22.7647],[-18.3641,22.8402],[-18.2803,22.8732],[-18.189,22.9024],[-18.1344,22.9588],[-18.1167,23.0401],[-18.0282,23.1032],[-17.9584,23.1692],[-17.9249,23.2524],[-17.956,23.3303],[-18.034,23.39],[-18.1574,23.4278],[-18.2234,23.4933],[-18.3387,23.5612],[-18.2636,23.6539],[-18.2287,23.7524],[-18.2473,23.9059],[-18.1837,24.0603],[-18.0971,24.1435],[-18.0225,24.2162],[-17.9928,24.2946],[-18.0081,24.3787],[-18.0225,24.5088],[-18.0177,24.5986],[-17.9742,24.635],[-17.9077,24.6522],[-17.834,24.679],[-17.7814,24.7382],[-17.7527,24.8267],[-17.7871,24.9104],[-17.7785,24.9816],[-17.724,25.0423],[-17.6211,25.0877],[-17.7048,25.2063],[-17.7986,25.2603],[-17.9029,25.2871],[-18.0407,25.3865],[-18.1316,25.4496],[-18.2464,25.4324],[-18.321,25.4324],[-18.4951,25.5534],[-18.5645,25.7355],[-18.5152,25.8704],[-18.51,25.9545],[-18.5224,26.0516],[-18.4932,26.1233],[-18.4961,26.3331],[-18.6081,26.4962],[-18.6454,26.6267],[-18.7047,26.7467],[-18.8367,26.8581],[-18.8913,26.9805],[-18.9587,27.0742],[-18.9291,27.1822],[-18.8516,27.2745],[-18.6487,27.4117],[-18.4789,27.5833],[-18.4239,27.6613],[-18.3918,27.8085],[-18.3531,27.928],[-18.3468,27.9749],[-18.2588,28.0767],[-18.155,28.1078],[-17.9546,28.1838],[-17.8904,28.3186],[-17.7536,28.4582],[-17.7,28.5424],[-17.6101,28.5926],[-17.4886,28.6284],[-17.4063,28.7207],[-17.2609,28.7747],[-17.0556,28.7379],[-16.9714,28.672],[-16.8767,28.6519],[-16.7341,28.67],[-16.5528,28.6146],[-16.4203,28.5649],[-16.2309,28.5821],[-16.1328,28.5596],[-16.073,28.4979],[-15.996,28.4559],[-15.918,28.4157],[-15.8142,28.4119],[-15.7434,28.3775],[-15.6735,28.3904],[-15.5735,28.3464],[-15.5075,28.2512],[-15.3932,28.2092],[-15.2841,28.1728],[-15.1348,28.1853],[-15.0664,28.299],[-15.0784,28.4176],[-15.1348,28.5132],[-15.1784,28.605],[-15.1865,28.6978],[-15.2439,28.7714],[-15.3075,28.8546],[-15.3358,28.9722],[-15.4468,29.0955],[-15.4357,29.1864],[-15.4755,29.2696],[-15.5137,29.3499],[-15.6094,29.4058],[-15.4161,29.5115],[-15.3377,29.5636],[-15.3037,29.707],[-15.33,29.8442],[-15.3597,29.9853],[-15.375,30.0417],[-15.4161,30.0794],[-15.4726,30.1712],[-15.5879,30.2281],[-15.6601,30.3405],[-15.7376,30.3892],[-15.7309,30.5121],[-15.6343,30.6015],[-15.619,30.7645],[-15.5616,30.81],[-15.5654,30.8941],[-15.5845,30.972],[-15.6266,31.0127],[-15.6974,31.0892],[-15.7237,31.17],[-15.7089,31.2498],[-15.6721,31.3392],[-15.6195,31.4363],[-15.5113,31.5242],[-15.4496,31.5945],[-15.3444,31.6796],[-15.3066,31.8378],[-15.2324,31.9172],[-15.1353,31.9574],[-14.9822,32.0066],[-14.8731,32.0625],[-14.8487,32.1912],[-14.8995,32.2763],[-14.9655,32.3226],[-15.0085,32.4087],[-15.0545,32.4947],[-15.0664,32.6272],[-15.1233,32.7127],[-15.1611,32.8045],[-15.176,32.9183],[-15.2324,33.0111],[-15.3138,33.0914],[-15.4334,33.0971],[-15.552,33.1053],[-15.6295,33.1464],[-15.6797,33.1684],[-15.717,33.2372],[-15.7089,33.3209],[-15.6812,33.4155],[-15.7429,33.568],[-15.7635,33.6799],[-15.7089,33.7913],[-15.7027,33.8807],[-15.7434,33.952],[-15.8347,34.0088],[-15.9271,34.061],[-16.0228,34.1164],[-16.0811,34.2355],[-16.0873,34.4119],[-16.0247,34.6351]]},"properties":{"id":15,"group":"roads","name":null}},{"type":"Feature","geometry":{"type":"LineString","coordinates":[[-17.7048,25.2063],[-17.5814,25.2651],[-17.4058,25.3406],[-17.3192,25.4573],[-17.2398,25.53],[-17.1063,25.5692],[-16.9064,25.6973],[-16.86,25.7427],[-16.7619,25.7848],[-16.5265,25.8331]]},"properties":{"id":16,"group":"roads","name":null}},{"type":"Feature","geometry":{"type":"LineString","coordinates":[[-15.7778,25.529],[-15.5563,25.8225],[-15.5769,25.966],[-15.4448,25.901],[-15.3994,25.8967],[-15.2841,25.943],[-15.1664,25.987],[-15.0545,25.9775],[-14.9435,25.9712],[-14.8999,25.998]]},"properties":{"id":17,"group":"roads","name":null}},{"type":"Feature","geometry":{"type":"LineString","coordinates":[[-11.7511,21.9596],[-11.8453,21.9787],[-11.9381,21.9935],[-11.9908,21.962],[-12.0778,21.8822],[-12.1525,21.8057],[-12.1725,21.7148],[-12.1702,21.612],[-12.206,21.526],[-12.2759,21.4796],[-12.3586,21.4528],[-12.4079,21.3821],[-12.4558,21.3094],[-12.517,21.2444],[-12.6079,21.2004],[-12.7639,21.1937],[-12.8844,21.0895],[-13.0509,21.0608],[-13.159,21.0369],[-13.2432,21.057],[-13.315,21.1239],[-13.3901,21.188],[-13.4418,21.2009],[-13.4929,21.1813],[-13.5953,21.1693],[-13.7283,21.1535]]},"properties":{"id":18,"group":"roads","name":null}},{"type":"Feature","geometry":{"type":"LineString","coordinates":[[-14.0728,21.0608],[-14.1847,21.0465],[-14.3172,21.1],[-14.3761,21.0374],[-14.4254,21.0374],[-14.4622,21.0613],[-14.555,21.1182],[-14.6531,21.1703],[-14.7794,21.1382],[-14.92,21.1344],[-15.0396,21.0924],[-15.1463,21.1182],[-15.2434,21.1818],[-15.3128,21.1927],[-15.4133,21.2482],[-15.519,21.2554],[-15.5998,21.3018],[-15.6888,21.3324],[-15.7835,21.319],[-15.8639,21.3214],[-15.9328,21.3591],[-15.9749,21.4442],[-15.9787,21.5427],[-16.0936,21.6632]]},"properties":{"id":19,"group":"roads","name":null}},{"type":"Feature","geometry":{"type":"LineString","coordinates":[[-10.2264,26.8667],[-10.146,26.8208],[-10.1001,26.7405],[-10.0805,26.6482],[-10.0446,26.5942],[-10.0604,26.5249],[-10.1164,26.4374],[-10.2326,26.282],[-10.2862,26.2222],[-10.3068,26.1496],[-10.347,26.0865],[-10.412,26.0291],[-10.5039,26.0186],[-10.5708,25.9373],[-10.6359,25.8575],[-10.6742,25.7078],[-10.7134,25.5529],[-10.7431,25.3808],[-10.7574,25.2264],[-10.7091,25.1078],[-10.7469,24.9859],[-10.7483,24.8291],[-10.8526,24.7124],[-10.8301,24.6216],[-10.8096,24.4906],[-10.8689,24.3629],[-10.8636,24.2621],[-10.8579,24.1665],[-10.8177,24.0211],[-10.778,23.8653],[-10.8201,23.7252],[-10.8167,23.5387],[-10.7421,23.4484],[-10.6168,23.3958],[-10.5335,23.325],[-10.4905,23.2351],[-10.4881,23.129],[-10.3833,23.008],[-10.3871,22.9139],[-10.3895,22.8173],[-10.4943,22.6959],[-10.623,22.5849],[-10.7488,22.6442],[-10.8057,22.5802],[-10.8349,22.432],[-10.8612,22.2861],[-10.8321,22.2173],[-10.8641,22.103],[-10.921,22.0304],[-11.0033,22.0026],[-11.1162,22.0074],[-11.2277,22.0103],[-11.3401,22.0131],[-11.4497,22.0194],[-11.5975,21.9553],[-11.8128,21.8406]]},"properties":{"id":20,"group":"roads","name":null}},{"type":"Feature","geometry":{"type":"LineString","coordinates":[[-20.9192,22.2751],[-21.1249,22.3837],[-21.2967,22.3311],[-21.3809,22.3631],[-21.4641,22.4492],[-21.5139,22.4807],[-21.656,22.4683],[-21.7828,22.431],[-21.9435,22.4496],[-22.099,22.4874],[-22.3358,22.4898],[-22.4449,22.4845],[-22.5482,22.4826],[-22.7089,22.452],[-22.7936,22.3746],[-22.8802,22.3516],[-23.0888,22.344],[-23.1606,22.3975],[-23.2515,22.4157],[-23.3213,22.4606],[-23.3978,22.4396],[-23.4653,22.3832],[-23.5476,22.2646],[-23.6653,22.1915],[-23.8002,22.1853],[-23.9126,22.2082],[-24.0212,22.2288],[-24.1155,22.2292],[-24.2159,22.2766]]},"properties":{"id":21,"group":"roads","name":null}},{"type":"Feature","geometry":{"type":"LineString","coordinates":[[-24.4776,22.1915],[-24.6025,22.125],[-24.7359,21.9476],[-24.8292,21.9357],[-24.9211,21.9754],[-25.0641,21.9462],[-25.1608,21.9118],[-25.245,21.8458],[-25.321,21.8673],[-25.4148,21.9357],[-25.4717,21.9309],[-25.644,21.9218],[-25.8191,21.8721],[-25.9511,21.9166],[-26.0616,21.8979],[-26.3099,21.8716]]},"properties":{"id":22,"group":"roads","name":null}},{"type":"Feature","geometry":{"type":"LineString","coordinates":[[-14.322,26.6004],[-14.2335,26.6429],[-14.1551,26.6516],[-14.0843,26.62],[-14.0187,26.554],[-13.9235,26.5339],[-13.8269,26.5191],[-13.7168,26.4536],[-13.6039,26.3876],[-13.4987,26.379],[-13.3987,26.3709],[-13.2853,26.3838],[-13.1997,26.4575],[-13.0337,26.5349],[-12.8758,26.5024],[-12.7978,26.457],[-12.6945,26.4747],[-12.6036,26.5139],[-12.494,26.511],[-12.3725,26.488],[-12.2816,26.512],[-12.1611,26.402],[-12.0544,26.3561],[-11.9487,26.3618],[-11.8448,26.423],[-11.7798,26.4971],[-11.6559,26.5894],[-11.5458,26.6052],[-11.4262,26.5971],[-11.3066,26.5913],[-11.2502,26.6033],[-11.1736,26.6544],[-11.1645,26.752],[-11.1507,26.861],[-11.1368,26.9733],[-11.1162,27.0618],[-11.0813,27.1382],[-11.0129,27.1937],[-10.9273,27.2415],[-10.8636,27.3027],[-10.7957,27.3601],[-10.7431,27.4404],[-10.6938,27.5188],[-10.6799,27.6297],[-10.6259,27.6933],[-10.5335,27.7129],[-10.4637,27.7311],[-10.4235,27.6842],[-10.3374,27.6092],[-10.3125,27.515],[-10.3297,27.4055],[-10.3297,27.3027],[-10.346,27.2042],[-10.4044,27.1191],[-10.4331,27.0383],[-10.4101,26.9585],[-10.3364,26.8786],[-10.2264,26.8667]]},"properties":{"id":23,"group":"roads","name":null}},{"type":"Feature","geometry":{"type":"LineString","coordinates":[[-11.9228,31.1025],[-11.874,31.2154],[-11.8113,31.2924],[-11.7362,31.3301],[-11.6506,31.3282],[-11.5631,31.365],[-11.5181,31.4917],[-11.5353,31.6112],[-11.4927,31.7212],[-11.6501,31.8063],[-11.7161,31.8814],[-11.719,31.9784],[-11.7243,32.0764],[-11.6894,32.2366],[-11.6827,32.3967],[-11.6664,32.5158],[-11.5894,32.6444],[-11.6477,32.7018],[-11.7075,32.8218],[-11.7678,32.8963],[-11.8276,32.9298],[-11.8965,33.0288],[-11.9257,33.1923],[-12.0687,33.2339],[-12.2309,33.2372],[-12.3845,33.3304],[-12.4749,33.3649],[-12.5629,33.4643],[-12.6055,33.5542],[-12.6892,33.602],[-12.7988,33.6326],[-12.8844,33.712],[-13.0002,33.766],[-13.0633,33.8582],[-13.1777,33.9835],[-13.3389,34.0275],[-13.4331,34.1002],[-13.5413,34.126],[-13.7551,34.1279],[-13.8498,34.2445],[-13.9029,34.3244],[-13.9599,34.3961],[-14.0694,34.4535]]},"properties":{"id":24,"group":"roads","name":null}},{"type":"Feature","geometry":{"type":"LineString","coordinates":[[-14.5378,34.6968],[-14.6464,34.7331],[-14.8191,34.7265],[-14.9306,34.7666],[-15.1468,34.835],[-15.2305,34.856],[-15.3181,34.867],[-15.3798,34.9043],[-15.4563,34.8508],[-15.5089,34.7312],[-15.5453,34.6495],[-15.64,34.5582],[-15.7376,34.5338],[-15.8151,34.5658],[-16.0247,34.6351]]},"properties":{"id":25,"group":"roads","name":null}},{"type":"Feature","geometry":{"type":"LineString","coordinates":[[-10.6129,18.8659],[-10.6632,18.6637],[-10.7211,18.5747],[-10.8344,18.4959],[-10.9756,18.4667],[-11.0138,18.4284],[-11.122,18.4218],[-11.2339,18.417],[-11.3779,18.3682],[-11.4894,18.3529],[-11.5965,18.3419],[-11.72,18.3223],[-11.8109,18.3586],[-11.8822,18.3821],[-11.9544,18.3644],[-12.03,18.3008],[-12.0931,18.2272],[-12.2166,18.1502],[-12.3448,18.1349],[-12.4773,18.1531],[-12.5926,18.1884],[-12.6797,18.2296],[-12.8327,18.2439],[-12.9729,18.23],[-13.0853,18.1746],[-13.1944,18.1693],[-13.3054,18.1841],[-13.4011,18.2037],[-13.4968,18.2205],[-13.5657,18.2707],[-13.7336,18.2487],[-13.8431,18.2439],[-13.9269,18.2028],[-13.9867,18.1234],[-14.0221,18.0077],[-14.1015,17.9169],[-14.1354,17.8308],[-14.1244,17.7448],[-14.0651,17.6649],[-14.0613,17.5497],[-14.0517,17.4555],[-14.0039,17.4149],[-13.9178,17.3891],[-13.7398,17.3489],[-13.5996,17.3575],[-13.4494,17.26],[-13.3896,17.1663],[-13.3743,17.053],[-13.3092,16.9306],[-13.2657,16.8058]]},"properties":{"id":26,"group":"roads","name":null}},{"type":"Feature","geometry":{"type":"LineString","coordinates":[[-10.7211,18.5747],[-10.6933,18.4151],[-10.6799,18.2898],[-10.668,18.1602],[-10.6651,18.0297],[-10.6225,17.9398],[-10.5512,17.8916],[-10.4675,17.9045],[-10.3953,17.9618],[-10.2838,18.0029],[-10.1728,18.0436],[-10.0489,18.0488],[-9.8992,18.0885],[-9.7647,18.0627],[-9.6207,18.0455],[-9.5059,18.0828],[-9.3562,18.0995],[-9.2844,18.1435],[-9.1835,18.1956],[-9.0356,18.2229],[-8.9227,18.3218],[-8.8256,18.2267],[-8.7519,18.1961],[-8.6764,18.2095],[-8.5993,18.2673],[-8.5611,18.2702],[-8.4989,18.2496],[-8.418,18.1349],[-8.3171,18.0775],[-8.1941,18.0833],[-8.0774,18.1091],[-7.9989,18.1062],[-7.9468,18.1325],[-7.8664,18.2358],[-7.8301,18.3319],[-7.7741,18.3845],[-7.6191,18.3978],[-7.3985,18.4653],[-7.2751,18.4686],[-7.1675,18.4567],[-7.0919,18.4796],[-6.8986,18.5771],[-6.8158,18.7229],[-6.7666,18.9151],[-6.635,19.0834],[-6.557,19.2283],[-6.424,19.2747],[-6.2977,19.2632],[-6.1643,19.2517],[-6.07,19.2594],[-5.9743,19.2675],[-5.8523,19.2374],[-5.7562,19.1896],[-5.6414,19.1967],[-5.4897,19.2474],[-5.416,19.2885],[-5.3376,19.3311],[-5.2759,19.3846],[-5.2223,19.4047],[-5.1424,19.4735]]},"properties":{"id":27,"group":"roads","name":null}},{"type":"Feature","geometry":{"type":"LineString","coordinates":[[-4.8644,19.5692],[-4.8596,19.6944],[-4.7812,19.7752],[-4.6664,19.8168]]},"properties":{"id":28,"group":"roads","name":null}},{"type":"Feature","geometry":{"type":"LineString","coordinates":[[-12.6079,21.2004],[-12.5514,21.078],[-12.5108,20.9929],[-12.4424,20.9403],[-12.3572,20.9078],[-12.2644,20.8371],[-12.1759,20.7701],[-12.1381,20.7386],[-12.0515,20.6057],[-11.9209,20.5397],[-11.7826,20.4488],[-11.642,20.228],[-11.5927,20.0764],[-11.5248,19.9229],[-11.4903,19.8111],[-11.4281,19.7561],[-11.299,19.6074],[-11.2487,19.4162],[-11.1856,19.2986],[-11.0789,19.1781],[-10.9952,19.0495],[-10.8856,19.0127],[-10.6129,18.8659]]},"properties":{"id":29,"group":"roads","name":null}},{"type":"Feature","geometry":{"type":"LineString","coordinates":[[-11.5181,31.4917],[-11.3918,31.4162],[-11.2995,31.3325],[-11.1334,31.3105],[-11.0387,31.2938],[-10.9005,31.1891],[-10.7833,31.1351],[-10.6694,31.0868],[-10.5613,31.0916],[-10.4847,31.1351],[-10.4091,31.179],[-10.212,31.1207],[-10.0915,31.0117],[-9.9901,30.9735],[-9.7805,30.9304],[-9.6762,30.8946],[-9.5944,30.8033],[-9.5289,30.7507],[-9.3691,30.7301],[-9.2394,30.7818],[-9.0902,30.7846],[-8.9031,30.8735],[-8.7625,30.8391],[-8.6725,30.7373],[-8.5721,30.6412],[-8.4467,30.5671],[-8.4128,30.4519],[-8.4582,30.3376],[-8.5041,30.2248],[-8.5424,30.1473],[-8.6099,30.0828],[-8.6343,30.0111],[-8.7376,29.8791],[-8.9151,29.816],[-8.8926,29.6874],[-8.9347,29.5507],[-8.9816,29.4938],[-9.0543,29.3872],[-9.0792,29.2265],[-9.1347,29.1166],[-9.2237,29.0678],[-9.3375,28.9512],[-9.4906,28.9081],[-9.614,28.7891],[-9.6863,28.5127],[-9.8413,28.4176],[-10.0078,28.4014],[-10.1384,28.3292],[-10.2207,28.2555],[-10.3092,28.1609],[-10.347,28.049],[-10.3718,27.8439],[-10.4235,27.6842]]},"properties":{"id":30,"group":"roads","name":null}},{"type":"Feature","geometry":{"type":"LineString","coordinates":[[-8.0946,37.0194],[-7.9788,37.0065],[-7.8846,37.0175],[-7.7789,37.093]]},"properties":{"id":31,"group":"trails","name":null}},{"type":"Feature","geometry":{"type":"LineString","coordinates":[[-8.0946,37.0194],[-8.0913,37.1322],[-8.1472,37.2488],[-8.1941,37.3655],[-8.2372,37.4778],[-8.2171,37.6007],[-8.1999,37.7202],[-8.2401,37.8073],[-8.2377,37.8842],[-8.1941,37.9507],[-8.1257,38.0329],[-8.0999,38.1706],[-8.0678,38.2949]]},"properties":{"id":32,"group":"trails","name":null}},{"type":"Feature","geometry":{"type":"LineString","coordinates":[[-8.9629,36.7636],[-9.0615,36.7717],[-9.1619,36.7282],[-9.2677,36.7115],[-9.371,36.6971],[-9.5404,36.7296],[-9.6475,36.8778],[-9.8585,36.9032],[-10.0274,36.7894],[-10.1565,36.712],[-10.2632,36.6866],[-10.3699,36.5226],[-10.4512,36.4959],[-10.6359,36.4428],[-10.7569,36.3118],[-10.856,36.2745],[-11.0263,36.308],[-11.1851,36.4241],[-11.2516,36.308],[-11.375,36.219],[-11.4607,36.1153],[-11.4798,35.9762],[-11.4951,35.8681],[-11.53,35.653],[-11.5822,35.5143],[-11.5745,35.4044],[-11.5956,35.3657],[-11.6473,35.3064],[-11.7841,35.1849],[-11.8142,35.0669],[-12.007,34.8704],[-11.9247,34.8273],[-11.8979,34.7303],[-11.9003,34.5821],[-11.9314,34.5027],[-11.9664,34.4219],[-12.0348,34.3076],[-12.0754,34.1881],[-12.0376,34.0715],[-11.951,33.9811],[-11.8625,33.9634],[-11.7688,33.9462],[-11.6645,33.8248]]},"properties":{"id":33,"group":"trails","name":null}},{"type":"Feature","geometry":{"type":"LineString","coordinates":[[-12.0582,37.6782],[-12.1266,37.6385],[-12.2123,37.6112],[-12.2874,37.5328],[-12.4055,37.4975],[-12.3969,37.388],[-12.3113,37.2383]]},"properties":{"id":34,"group":"trails","name":null}},{"type":"Feature","geometry":{"type":"LineString","coordinates":[[-11.1851,36.4241],[-11.3138,36.5135],[-11.377,36.6082],[-11.4951,36.6909],[-11.6578,36.6962],[-11.73,36.7712],[-11.8597,36.8664],[-12.018,36.9371],[-12.1266,37.082],[-12.3113,37.2383]]},"properties":{"id":35,"group":"trails","name":null}},{"type":"Feature","geometry":{"type":"LineString","coordinates":[[-8.0946,37.0194],[-8.1458,36.919],[-8.2491,36.8367],[-8.3491,36.8559],[-8.4257,36.9118],[-8.5362,36.962],[-8.685,36.9237],[-8.8046,36.8272],[-8.9629,36.7636]]},"properties":{"id":36,"group":"trails","name":null}},{"type":"Feature","geometry":{"type":"LineString","coordinates":[[-6.7914,36.7335],[-6.7871,36.864],[-6.8163,36.9716],[-6.7991,37.0614],[-6.7584,37.1451],[-6.7302,37.268],[-6.6982,37.3908],[-6.6785,37.4975],[-6.6608,37.6012],[-6.5809,37.6638],[-6.4977,37.7308],[-6.3915,37.7499],[-6.2848,37.7642],[-6.202,37.8302],[-6.1212,37.9],[-6.0643,38.02],[-6.0757,38.152]]},"properties":{"id":37,"group":"trails","name":null}},{"type":"Feature","geometry":{"type":"LineString","coordinates":[[9.8284,29.118],[9.7714,29.064],[9.6791,28.9808],[9.5509,28.944],[9.416,28.8957],[9.2083,28.921]]},"properties":{"id":38,"group":"trails","name":null}},{"type":"Feature","geometry":{"type":"LineString","coordinates":[[9.5815,28.0437],[9.6628,28.0796],[9.737,28.2025],[9.7121,28.4138],[9.6777,28.5644],[9.737,28.6729],[9.8116,28.8794],[9.8284,29.118],[10.0843,29.1725],[10.2628,29.1558]]},"properties":{"id":39,"group":"trails","name":null}},{"type":"Feature","geometry":{"type":"LineString","coordinates":[[9.5815,28.0437],[9.5155,28.0834],[9.4724,28.1379],[9.3959,28.1747],[9.2753,28.2436],[9.1318,28.2168],[9.0323,28.1427],[9.0022,28.0461],[8.9974,27.9634],[8.9366,27.9261],[8.8759,27.886],[8.8328,27.8095],[8.7735,27.9921],[8.6706,28.0853],[8.5716,28.2431],[8.4008,28.3296]]},"properties":{"id":40,"group":"trails","name":null}},{"type":"Feature","geometry":{"type":"LineString","coordinates":[[10.633,27.9481],[10.5177,27.928],[10.4469,27.83],[10.3685,27.7607],[10.28,27.7387],[10.1824,27.7454],[10.091,27.8353],[10.0446,27.9625],[9.9652,28.0433],[9.859,28.0763],[9.7633,28.0772],[9.6628,28.0796]]},"properties":{"id":41,"group":"trails","name":null}},{"type":"Feature","geometry":{"type":"LineString","coordinates":[[10.5072,29.4866],[10.4216,29.4981],[10.3699,29.445],[10.3039,29.3886],[10.2661,29.2543],[10.2628,29.1558],[10.2862,29.0697],[10.3603,29.0066],[10.4331,28.9469],[10.4637,28.8632],[10.4747,28.7623],[10.5842,28.6624],[10.7048,28.605],[10.822,28.5443],[10.7737,28.4329],[10.7254,28.322],[10.7048,28.1642],[10.6445,28.0791],[10.6359,27.9739],[10.633,27.9481]]},"properties":{"id":42,"group":"trails","name":null}},{"type":"Feature","geometry":{"type":"LineString","coordinates":[[10.5072,29.4866],[10.5876,29.5569],[10.6828,29.5861],[10.8139,29.6147],[10.9435,29.6468],[11.032,29.6147],[11.1172,29.5884]]},"properties":{"id":43,"group":"trails","name":null}},{"type":"Feature","geometry":{"type":"LineString","coordinates":[[10.3699,29.445],[10.5072,29.4866]]},"properties":{"id":44,"group":"trails","name":null}},{"type":"Feature","geometry":{"type":"LineString","coordinates":[[9.7714,29.064],[9.6365,29.2648],[9.5758,29.3088],[9.5576,29.4111],[9.6112,29.5459],[9.5939,29.7037],[9.4739,29.8614],[9.4303,29.97],[9.4351,30.0589],[9.4442,30.3156],[9.3098,30.4992]]},"properties":{"id":45,"group":"trails","name":null}},{"type":"Feature","geometry":{"type":"LineString","coordinates":[[11.1191,29.8982],[11.0727,29.7673],[11.1172,29.5884]]},"properties":{"id":46,"group":"trails","name":null}},{"type":"Feature","geometry":{"type":"LineString","coordinates":[[8.0018,28.2484],[8.098,28.2761],[8.2109,28.2618],[8.4008,28.3296],[8.4888,28.3994],[8.5917,28.4625],[8.6692,28.5768],[8.7209,28.7178],[8.8342,28.9081]]},"properties":{"id":47,"group":"trails","name":null}},{"type":"Feature","geometry":{"type":"LineString","coordinates":[[8.9534,28.933],[8.8601,29.1065],[8.8385,29.1998],[8.8553,29.3513],[8.7759,29.5999],[8.8988,29.7041],[9.0567,29.7214],[9.1639,29.8088],[9.2581,29.9102],[9.4303,29.97]]},"properties":{"id":48,"group":"trails","name":null}},{"type":"Feature","geometry":{"type":"LineString","coordinates":[[9.2619,30.2477],[9.4442,30.3156]]},"properties":{"id":49,"group":"trails","name":null}},{"type":"Feature","geometry":{"type":"LineString","coordinates":[[9.4351,30.0589],[9.2619,30.2477]]},"properties":{"id":50,"group":"trails","name":null}},{"type":"Feature","geometry":{"type":"LineString","coordinates":[[11.0952,30.6818],[11.1067,30.5594],[11.1449,30.4877],[11.1468,30.4237],[11.1617,30.3601],[11.1746,30.274],[11.1468,30.1712],[11.0789,30.0508],[11.1191,29.8982],[11.2124,29.9446],[11.3401,30.0029],[11.5133,29.99]]},"properties":{"id":51,"group":"trails","name":null}},{"type":"Feature","geometry":{"type":"LineString","coordinates":[[7.9406,27.8382],[8.041,27.9749],[8.0549,28.1069],[8.0018,28.2484]]},"properties":{"id":52,"group":"trails","name":null}},{"type":"Feature","geometry":{"type":"LineString","coordinates":[[7.7028,27.7449],[7.6449,27.5876],[7.4899,27.4031]]},"properties":{"id":53,"group":"trails","name":null}},{"type":"Feature","geometry":{"type":"LineString","coordinates":[[8.8687,31.0954],[8.9419,31.07],[8.9825,31.0385],[9.1088,30.939],[9.1859,30.7961],[9.2122,30.6159],[9.3098,30.4992]]},"properties":{"id":54,"group":"trails","name":null}},{"type":"Feature","geometry":{"type":"LineString","coordinates":[[10.3336,30.8004],[10.2513,31.0495]]},"properties":{"id":55,"group":"trails","name":null}},{"type":"Feature","geometry":{"type":"LineString","coordinates":[[9.481,31.7107],[9.5566,31.594],[9.5939,31.496],[9.669,31.4386],[9.7776,31.3483]]},"properties":{"id":56,"group":"trails","name":null}},{"type":"Feature","geometry":{"type":"LineString","coordinates":[[8.5147,31.1752],[8.6692,31.1025],[8.8687,31.0954],[8.9251,31.2039],[8.9845,31.3096],[9.1146,31.3531],[9.1959,31.4224]]},"properties":{"id":57,"group":"trails","name":null}},{"type":"Feature","geometry":{"type":"LineString","coordinates":[[7.4717,27.0422],[7.3866,27.056],[7.3043,27.0465],[7.2316,26.9986],[7.1388,26.9752],[7.0192,26.9929],[6.9249,27.0613],[6.8876,27.1411],[6.7522,27.2994],[6.7144,27.1359],[6.6671,27.1019],[6.3681,26.981],[6.3704,27.0962],[6.2867,27.1559],[6.2092,27.1755],[6.1523,27.2281],[6.1121,27.3543],[6.0968,27.3993],[6.0375,27.4643],[5.9571,27.5265],[5.8748,27.5666],[5.7849,27.5551],[5.6964,27.5666],[5.6155,27.623],[5.5371,27.6718],[5.5036,27.733],[5.395,27.8487],[5.3715,27.9338],[5.3452,28.0246],[5.2682,28.0829],[5.194,28.1461],[5.1706,28.2837],[5.128,28.3966],[5.0496,28.4673],[5.0046,28.5629],[4.9147,28.606],[4.797,28.6327],[4.6491,28.5859],[4.5267,28.5199],[4.4597,28.4281],[4.3296,28.4033],[4.2176,28.3755],[4.1066,28.3507],[4.0425,28.376],[3.9421,28.3755],[3.8052,28.344],[3.6952,28.3239],[3.59,28.3086],[3.4369,28.2837],[3.3254,28.2837],[3.256,28.312],[3.1637,28.3803],[2.99,28.5419],[2.9082,28.6605],[2.7623,28.9459]]},"properties":{"id":58,"group":"trails","name":null}},{"type":"Feature","geometry":{"type":"LineString","coordinates":[[7.2234,30.6326],[7.367,30.6006],[7.5382,30.656],[7.7133,30.5853],[7.8525,30.5958],[8.0013,30.5561],[8.1195,30.6073],[8.2506,30.6809],[8.375,30.657],[8.4898,30.57]]},"properties":{"id":59,"group":"trails","name":null}},{"type":"Feature","geometry":{"type":"LineString","coordinates":[[8.375,30.657],[8.4549,30.81],[8.4491,31.0184],[8.5147,31.1752],[8.5386,31.3368],[8.5577,31.4783],[8.4993,31.7408]]},"properties":{"id":60,"group":"trails","name":null}},{"type":"Feature","geometry":{"type":"LineString","coordinates":[[9.4303,31.4391],[9.5939,31.496]]},"properties":{"id":61,"group":"trails","name":null}},{"type":"Feature","geometry":{"type":"LineString","coordinates":[[11.4994,30.7115],[11.5511,30.7794],[11.631,30.9309],[11.687,31.0786],[11.7721,31.1384],[11.8874,31.1523],[12.0218,31.1456]]},"properties":{"id":62,"group":"trails","name":null}},{"type":"Feature","geometry":{"type":"LineString","coordinates":[[14.4852,28.5362],[14.3943,28.5276],[14.2273,28.5629]]},"properties":{"id":63,"group":"trails","name":null}},{"type":"Feature","geometry":{"type":"LineString","coordinates":[[7.5928,31.9115],[7.4153,31.8044]]},"properties":{"id":64,"group":"trails","name":null}},{"type":"Feature","geometry":{"type":"LineString","coordinates":[[14.1952,30.1167],[14.1149,30.0512],[14.1015,29.9336],[14.091,29.8074],[14.0378,29.7056],[14.0311,29.63],[13.923,29.5373],[13.7857,29.445],[13.6575,29.2849]]},"properties":{"id":65,"group":"trails","name":null}},{"type":"Feature","geometry":{"type":"LineString","coordinates":[[9.481,31.7107],[9.659,31.8723],[9.7571,31.9751],[9.8116,32.041],[9.8475,32.1701],[9.9862,32.2978],[10.157,32.3838],[10.3728,32.3547]]},"properties":{"id":66,"group":"trails","name":null}},{"type":"Feature","geometry":{"type":"LineString","coordinates":[[6.8981,31.2689],[6.9388,31.3932],[6.9818,31.5223],[7.0948,31.715],[7.1292,31.8632]]},"properties":{"id":67,"group":"trails","name":null}},{"type":"Feature","geometry":{"type":"LineString","coordinates":[[14.1015,29.9336],[14.1952,30.1167],[14.423,30.1516],[14.5918,30.112]]},"properties":{"id":68,"group":"trails","name":null}},{"type":"Feature","geometry":{"type":"LineString","coordinates":[[7.0512,32.0444],[7.0072,31.9392],[7.0192,31.835]]},"properties":{"id":69,"group":"trails","name":null}},{"type":"Feature","geometry":{"type":"LineString","coordinates":[[7.5129,31.8895],[7.5679,32.0578],[7.6081,32.2002],[7.587,32.4225]]},"properties":{"id":70,"group":"trails","name":null}},{"type":"Feature","geometry":{"type":"LineString","coordinates":[[14.3445,28.343],[14.3943,28.5276]]},"properties":{"id":71,"group":"trails","name":null}},{"type":"Feature","geometry":{"type":"LineString","coordinates":[[14.5536,28.4071],[14.3828,28.3134]]},"properties":{"id":72,"group":"trails","name":null}},{"type":"Feature","geometry":{"type":"LineString","coordinates":[[7.2234,30.6326],[7.1335,30.6938],[7.0125,30.6962],[6.9579,30.7798],[6.9383,30.9228],[6.8603,31.0437],[6.845,31.1747],[6.8981,31.2689]]},"properties":{"id":73,"group":"trails","name":null}},{"type":"Feature","geometry":{"type":"LineString","coordinates":[[8.0171,27.2731],[7.909,27.3371],[7.8037,27.3792],[7.7138,27.3773],[7.6277,27.3486],[7.4899,27.4031]]},"properties":{"id":74,"group":"trails","name":null}},{"type":"Feature","geometry":{"type":"LineString","coordinates":[[8.1133,33.0259],[8.1157,32.8667],[8.1884,32.6764]]},"properties":{"id":75,"group":"trails","name":null}},{"type":"Feature","geometry":{"type":"LineString","coordinates":[[8.7472,32.5454],[8.8141,32.554],[8.8907,32.6037],[8.9687,32.6702],[9.0266,32.7706],[9.1146,32.8275],[9.149,32.8849],[9.2495,32.8643],[9.3557,32.8103],[9.4681,32.7878],[9.5992,32.8294],[9.8427,32.8251],[9.7958,32.7204],[9.815,32.6267],[9.8972,32.5483],[10.0542,32.5129],[10.157,32.3838]]},"properties":{"id":76,"group":"trails","name":null}},{"type":"Feature","geometry":{"type":"LineString","coordinates":[[6.4537,31.5218],[6.5417,31.4229],[6.6264,31.3177],[6.7493,31.2632],[6.845,31.1747]]},"properties":{"id":77,"group":"trails","name":null}},{"type":"Feature","geometry":{"type":"LineString","coordinates":[[7.9616,33.0235],[8.1133,33.0259]]},"properties":{"id":78,"group":"trails","name":null}},{"type":"Feature","geometry":{"type":"LineString","coordinates":[[8.1157,32.8667],[8.0319,32.7897],[7.9631,32.6449]]},"properties":{"id":79,"group":"trails","name":null}},{"type":"Feature","geometry":{"type":"LineString","coordinates":[[7.797,32.5751],[7.587,32.4225]]},"properties":{"id":80,"group":"trails","name":null}},{"type":"Feature","geometry":{"type":"LineString","coordinates":[[7.8296,23.6831],[7.6885,23.7716],[7.5416,23.7744],[7.3952,23.7782],[7.3378,23.7859],[7.221,23.8007],[7.1072,23.7424],[7.0201,23.6563],[6.9641,23.62],[6.9273,23.6138],[6.8302,23.5708],[6.6862,23.5277],[6.5379,23.4904],[6.4886,23.3963],[6.5025,23.2844],[6.5623,23.2031],[6.6288,23.1491],[6.701,23.0936],[6.7379,23.0114],[6.7713,22.9316],[6.7919,22.8469],[6.8498,22.7743],[6.9378,22.7628],[7.0134,22.7934],[7.0904,22.8202],[7.1799,22.7991],[7.278,22.7484],[7.3923,22.6155],[7.4593,22.7298]]},"properties":{"id":81,"group":"trails","name":null}},{"type":"Feature","geometry":{"type":"LineString","coordinates":[[8.2941,22.3038],[8.5615,22.0982],[8.4831,22.0528],[8.4209,21.9438],[8.4032,21.7583],[8.2955,21.6885]]},"properties":{"id":82,"group":"trails","name":null}},{"type":"Feature","geometry":{"type":"LineString","coordinates":[[9.5648,21.5867],[9.714,21.4944],[9.8054,21.4022],[9.8126,21.2884],[9.8255,21.188],[9.8059,21.0704],[9.8379,20.9657],[9.9331,20.8404]]},"properties":{"id":83,"group":"trails","name":null}},{"type":"Feature","geometry":{"type":"LineString","coordinates":[[14.1885,28.6567],[14.2981,28.7618]]},"properties":{"id":84,"group":"trails","name":null}},{"type":"Feature","geometry":{"type":"LineString","coordinates":[[9.0801,33.6359],[8.9816,33.6402],[8.9022,33.5848],[8.8471,33.4676],[8.8562,33.3782],[8.861,33.2888],[8.9309,33.2233],[9.0026,33.1636],[9.0792,33.0766],[9.1328,32.9967],[9.149,32.8849]]},"properties":{"id":85,"group":"trails","name":null}},{"type":"Feature","geometry":{"type":"LineString","coordinates":[[15.165,27.9424],[15.0899,27.8774],[15.0391,27.7292]]},"properties":{"id":86,"group":"trails","name":null}},{"type":"Feature","geometry":{"type":"LineString","coordinates":[[13.9594,24.6053],[14.0579,24.5116],[14.1321,24.4571],[14.2019,24.4055],[14.3302,24.3959],[14.4593,24.3768],[14.5923,24.3601],[14.6717,24.394],[14.7674,24.406],[14.8928,24.3921],[15.0305,24.4351]]},"properties":{"id":87,"group":"trails","name":null}},{"type":"Feature","geometry":{"type":"LineString","coordinates":[[12.8146,21.1947],[12.7428,21.2841],[12.6462,21.3668],[12.5591,21.405],[12.4768,21.4399],[12.3811,21.5657],[12.2859,21.6928],[12.2347,21.7531],[12.1965,21.798],[12.1199,21.8363],[12.0773,21.9185],[12.0826,22.0074],[12.0022,22.1446],[11.9104,22.2312],[11.842,22.322],[11.83,22.4205],[11.8511,22.5276],[11.7841,22.6327],[11.7028,22.715],[11.6004,22.7475],[11.5927,22.6763],[11.5492,22.6093],[11.4626,22.5237],[11.3741,22.4888],[11.2846,22.5065],[11.1889,22.5806],[11.0655,22.6614],[10.9383,22.6839],[10.8081,22.6786],[10.6766,22.67],[10.5785,22.6662],[10.5029,22.6151],[10.3809,22.4692],[10.2886,22.3951],[10.214,22.1231],[10.2302,21.9462],[10.3053,21.8233],[10.3857,21.668],[10.3603,21.5676],[10.3029,21.5226],[10.0886,21.4098],[10.0967,21.3596],[10.0671,21.1124],[10.0963,20.9456],[10.0456,20.7907],[10.0298,20.6697],[10.1365,20.3413],[10.0283,20.3346],[9.935,20.2858],[9.8322,20.2404],[9.7341,20.194],[9.6829,20.1199],[9.6638,20.0343],[9.7006,19.9239],[9.78,19.8025],[9.8073,19.6347],[9.7451,19.5376],[9.6427,19.4831],[9.5533,19.4836],[9.4782,19.5343],[9.3758,19.5257],[9.2246,19.5486],[9.0347,19.5367]]},"properties":{"id":88,"group":"trails","name":null}},{"type":"Feature","geometry":{"type":"LineString","coordinates":[[5.2538,26.0975],[5.339,26.0931],[5.4691,26.0979],[5.5983,26.1032],[5.6701,26.0463],[5.7236,25.9775],[5.7332,25.8799],[5.7672,25.7958],[5.8504,25.7422],[5.892,25.6184],[5.8849,25.4975],[5.9451,25.4186],[6.049,25.3808],[6.1312,25.3067],[6.1834,25.2001],[6.1858,25.0457],[6.1834,24.9343],[6.2499,24.8128],[6.314,24.7263],[6.3551,24.6847],[6.3738,24.6144],[6.4336,24.5025],[6.5226,24.4361],[6.5829,24.3424],[6.6135,24.2329],[6.5809,24.0909],[6.5575,23.9695],[6.491,23.8868],[6.4307,23.6778],[6.459,23.5961],[6.5379,23.4904]]},"properties":{"id":89,"group":"trails","name":null}},{"type":"Feature","geometry":{"type":"LineString","coordinates":[[15.4042,30.8047],[15.3243,30.7698],[15.2171,30.7736],[15.1257,30.7861],[14.9559,30.6957],[14.7545,30.5532],[14.689,30.4371],[14.6172,30.2678],[14.5918,30.112]]},"properties":{"id":90,"group":"trails","name":null}},{"type":"Feature","geometry":{"type":"LineString","coordinates":[[15.4042,30.8047],[15.5156,30.8253],[15.5678,30.886],[15.5649,30.9821],[15.7276,30.9782],[15.9165,30.9825],[16.0361,30.9171],[16.1577,30.8348],[16.2883,30.8147],[16.438,30.8243],[16.5614,30.776],[16.6275,30.6771],[16.7509,30.7273],[16.8724,30.8731],[16.9719,30.7535],[17.124,30.6579],[17.1915,30.5499],[17.2609,30.4657],[17.3211,30.3658],[17.4446,30.3271],[17.6168,30.3467],[17.7144,30.2224],[17.7469,30.1163],[17.8426,30.0771],[17.9636,30.068],[18.0665,30.0144],[18.1804,30.0096],[18.3406,30.0077],[18.4464,29.9781],[18.7654,30.0111]]},"properties":{"id":91,"group":"trails","name":"Vogoshichian track"}},{"type":"Feature","geometry":{"type":"LineString","coordinates":[[15.2229,31.1121],[15.1645,30.9912],[15.165,30.8463],[15.2171,30.7736]]},"properties":{"id":92,"group":"trails","name":null}},{"type":"Feature","geometry":{"type":"LineString","coordinates":[[9.3356,22.278],[9.4313,22.4597],[9.4868,22.519],[9.658,22.5897],[9.7633,22.5859],[9.8953,22.7532],[9.9413,22.9435],[9.8638,22.9645],[9.7781,23.0276],[9.6255,23.0401],[9.5289,23.0946],[9.4849,23.1883],[9.3217,23.0922],[9.2122,23.0936],[9.1198,23.1491],[9.0399,23.2122],[8.949,23.2504],[8.8457,23.2323],[8.7701,23.1433],[8.6979,23.0563],[8.54,22.9975],[8.4314,22.9483],[8.3219,22.9029],[8.2247,22.8938],[8.0697,22.8909],[7.9721,22.9827],[7.8803,22.9884],[7.7822,22.9349],[7.6717,22.8785],[7.5703,22.8565],[7.4593,22.7298]]},"properties":{"id":93,"group":"trails","name":null}},{"type":"Feature","geometry":{"type":"LineString","coordinates":[[9.8953,22.7532],[10.1068,22.6662],[10.2192,22.4836],[10.2886,22.3951]]},"properties":{"id":94,"group":"trails","name":null}},{"type":"Feature","geometry":{"type":"LineString","coordinates":[[4.797,28.6327],[4.708,28.7972],[4.6305,28.8622],[4.5932,28.9473],[4.6113,29.0554],[4.6085,29.1496],[4.6654,29.2485],[4.7027,29.3853],[4.7295,29.5483],[4.7534,29.7606],[4.6711,29.87],[4.5736,29.9876],[4.4731,30.1048],[4.4013,30.177]]},"properties":{"id":95,"group":"trails","name":null}},{"type":"Feature","geometry":{"type":"LineString","coordinates":[[9.4729,33.9845],[9.3815,33.9983],[9.3212,34.0552],[9.2964,34.158],[9.282,34.2283],[9.2457,34.2766],[9.2409,34.3765],[9.237,34.4716],[9.2294,34.5716],[9.2524,34.6433],[9.3098,34.692],[9.3868,34.7484],[9.4418,34.8584],[9.4868,34.999],[9.5375,35.0219],[9.6145,35.0214]]},"properties":{"id":96,"group":"trails","name":null}},{"type":"Feature","geometry":{"type":"LineString","coordinates":[[8.6639,34.408],[8.6323,34.2675],[8.7017,34.1274],[8.8046,34.0982],[8.9046,34.0906],[8.9911,33.995],[9.0189,33.8774],[9.0801,33.6359],[9.2093,33.6742],[9.2925,33.7053],[9.3777,33.7311],[9.4475,33.8028],[9.4729,33.9845]]},"properties":{"id":97,"group":"trails","name":null}},{"type":"Feature","geometry":{"type":"LineString","coordinates":[[14.5349,24.896],[14.5545,24.7421],[14.4861,24.6087],[14.3895,24.5284],[14.2531,24.5121],[14.1321,24.4571]]},"properties":{"id":98,"group":"trails","name":null}},{"type":"Feature","geometry":{"type":"LineString","coordinates":[[14.5545,24.7421],[14.689,24.7641]]},"properties":{"id":99,"group":"trails","name":null}},{"type":"Feature","geometry":{"type":"LineString","coordinates":[[14.7253,24.9295],[14.5349,24.896]]},"properties":{"id":100,"group":"trails","name":null}},{"type":"Feature","geometry":{"type":"LineString","coordinates":[[14.8033,24.0751],[14.7674,24.198],[14.7416,24.3046],[14.6717,24.394]]},"properties":{"id":101,"group":"trails","name":null}},{"type":"Feature","geometry":{"type":"LineString","coordinates":[[15.7276,30.9782],[15.7907,31.0595],[15.8634,31.1198],[15.906,31.2326],[15.906,31.3512],[15.8544,31.43],[15.84,31.573]]},"properties":{"id":102,"group":"trails","name":null}},{"type":"Feature","geometry":{"type":"LineString","coordinates":[[15.0817,24.3414],[14.9703,24.2678],[14.8861,24.2057],[14.8033,24.0751]]},"properties":{"id":103,"group":"trails","name":null}},{"type":"Feature","geometry":{"type":"LineString","coordinates":[[8.9046,34.0906],[8.9864,34.1953],[9.1146,34.2331],[9.2457,34.2766]]},"properties":{"id":104,"group":"trails","name":null}},{"type":"Feature","geometry":{"type":"LineString","coordinates":[[4.453,30.372],[4.321,30.372],[4.2473,30.372],[4.1746,30.3319],[4.0856,30.2573],[3.9918,30.1851],[3.8799,30.1684],[3.7469,30.2516],[3.6239,30.3056],[3.523,30.2975],[3.4134,30.2965],[3.302,30.3959],[3.2886,30.5121],[3.322,30.6073],[3.3641,30.6952],[3.3402,30.7932],[3.2646,30.8941],[3.1637,30.9983],[3.0982,31.0892],[3.0369,31.1843],[2.9685,31.2775],[2.9431,31.3875],[2.8944,31.4559],[2.825,31.4855],[2.7011,31.5787],[2.5791,31.6122],[2.5126,31.6801],[2.4772,31.7637],[2.4839,31.8579],[2.436,31.9416],[2.3341,32.0167],[2.292,32.1127],[2.1796,32.1964],[2.1681,32.3513],[2.1911,32.4718],[2.2141,32.5578],[2.26,32.6783],[2.2992,32.7472],[2.3136,32.8614],[2.3117,33.0302],[2.2715,33.1679],[2.4097,33.1641],[2.5126,33.0971],[2.6183,33.0254],[2.6446,32.9308],[2.7078,32.8619],[2.8116,32.8241],[2.9537,32.8007],[3.1278,32.708],[3.213,32.6783],[3.2685,32.6047],[3.3125,32.511],[3.3852,32.4546],[3.4632,32.3967],[3.5115,32.2882],[3.5498,32.2017],[3.6182,32.1782],[3.7354,32.1907],[3.8765,32.2203],[3.9698,32.3021],[4.1143,32.3709],[4.2234,32.3685],[4.3104,32.3346],[4.4568,32.3389]]},"properties":{"id":105,"group":"trails","name":null}},{"type":"Feature","geometry":{"type":"LineString","coordinates":[[15.6238,32.4082],[15.6821,32.3054],[15.7357,32.2079],[15.774,32.1218],[15.8108,32.0415],[15.8003,31.9296],[15.8548,31.8345],[15.8276,31.7035],[15.84,31.573]]},"properties":{"id":106,"group":"trails","name":null}},{"type":"Feature","geometry":{"type":"LineString","coordinates":[[9.3356,22.278],[9.2246,22.1685],[9.1093,22.1049],[9.0208,22.0935],[8.873,22.0012]]},"properties":{"id":107,"group":"trails","name":null}},{"type":"Feature","geometry":{"type":"LineString","coordinates":[[8.7362,21.9462],[8.5615,22.0982]]},"properties":{"id":108,"group":"trails","name":null}},{"type":"Feature","geometry":{"type":"LineString","coordinates":[[9.1179,21.8616],[9.1873,22.0069],[9.2246,22.1685]]},"properties":{"id":109,"group":"trails","name":null}},{"type":"Feature","geometry":{"type":"LineString","coordinates":[[4.1143,32.3709],[4.1181,32.5746],[4.1267,32.6616],[4.1028,32.7759],[4.1138,32.8705],[4.1597,32.9461],[4.1267,33.0947],[4.186,33.1808],[4.1478,33.3347],[4.0693,33.4385],[3.9765,33.515],[3.8866,33.515],[3.7387,33.5308],[3.8406,33.8047],[3.8191,33.8735],[3.6631,34.0959]]},"properties":{"id":110,"group":"trails","name":null}},{"type":"Feature","geometry":{"type":"LineString","coordinates":[[6.5025,23.2844],[6.3987,23.3346],[6.2901,23.4417],[6.1786,23.5172],[6.0719,23.5368],[5.9026,23.5163],[5.8399,23.4531]]},"properties":{"id":111,"group":"trails","name":null}},{"type":"Feature","geometry":{"type":"LineString","coordinates":[[6.8498,22.7743],[6.7484,22.6949],[6.7168,22.5429],[6.7694,22.4014],[6.813,22.1915],[6.7312,22.0509],[6.6092,21.9496],[6.6484,21.8124],[6.7713,21.657]]},"properties":{"id":112,"group":"trails","name":null}},{"type":"Feature","geometry":{"type":"LineString","coordinates":[[9.0438,21.5054],[9.0648,21.6082],[9.0878,21.7521],[9.1179,21.8616]]},"properties":{"id":113,"group":"trails","name":null}},{"type":"Feature","geometry":{"type":"LineString","coordinates":[[3.3933,25.2598],[3.4924,25.2804],[3.5708,25.3378],[3.6215,25.4602],[3.6416,25.5768],[3.6942,25.7164],[3.8359,25.8001],[4.054,25.9947],[4.1138,26.0138],[4.2258,26.0955],[4.297,26.1003],[4.465,26.1233],[4.7463,26.107],[4.8372,26.0807],[4.9458,26.0186],[5.062,26.0119]]},"properties":{"id":114,"group":"trails","name":null}},{"type":"Feature","geometry":{"type":"LineString","coordinates":[[12.1199,21.8363],[12.0333,21.7607],[11.9941,21.6713],[11.8865,21.5461],[11.7965,21.4275],[11.72,21.2812],[11.7233,21.1631],[11.6257,21.0517],[11.486,20.9929],[11.3344,20.8686]]},"properties":{"id":115,"group":"trails","name":null}},{"type":"Feature","geometry":{"type":"LineString","coordinates":[[3.5086,29.5378],[3.3818,29.6482],[3.302,29.7209],[3.2422,29.8418],[3.1814,29.9064],[3.1804,30.0823],[3.2618,30.2482],[3.302,30.3959]]},"properties":{"id":116,"group":"trails","name":null}},{"type":"Feature","geometry":{"type":"LineString","coordinates":[[3.2886,30.5121],[3.179,30.634]]},"properties":{"id":117,"group":"trails","name":null}},{"type":"Feature","geometry":{"type":"LineString","coordinates":[[5.2184,23.5908],[5.1165,23.6516],[4.9692,23.6415],[4.9242,23.7371],[4.8324,23.8571],[4.7936,23.9499],[4.7348,24.0058],[4.5592,24.0823],[4.4032,24.0794],[4.2903,24.177],[4.1918,24.2755],[4.0631,24.2984],[3.8928,24.3371],[3.7617,24.3108],[3.6694,24.2735],[3.4967,24.3132],[3.412,24.3476],[3.2594,24.3548]]},"properties":{"id":118,"group":"trails","name":null}},{"type":"Feature","geometry":{"type":"LineString","coordinates":[[10.0886,21.4098],[9.8054,21.4022]]},"properties":{"id":119,"group":"trails","name":null}},{"type":"Feature","geometry":{"type":"LineString","coordinates":[[8.0788,21.0001],[8.2047,21.0785],[8.2822,21.1803],[8.3099,21.3018],[8.2841,21.4959],[8.2955,21.6885]]},"properties":{"id":120,"group":"trails","name":null}},{"type":"Feature","geometry":{"type":"LineString","coordinates":[[17.5934,28.0198],[17.5106,27.8525],[17.5278,27.6273]]},"properties":{"id":121,"group":"trails","name":null}},{"type":"Feature","geometry":{"type":"LineString","coordinates":[[3.3933,25.2598],[3.2972,25.0576]]},"properties":{"id":122,"group":"trails","name":null}},{"type":"Feature","geometry":{"type":"LineString","coordinates":[[8.0788,21.0001],[8.1138,20.8691],[8.2238,20.7706],[8.3061,20.7233],[8.5367,20.6563],[8.3908,20.5521],[8.3176,20.3676],[8.2855,20.2949],[8.2487,20.1524],[8.1865,20.0233],[8.1903,19.8732],[8.0932,19.9373],[7.9344,19.922],[7.8698,19.9469],[7.7655,19.9478],[7.6554,19.954],[7.5818,20.0109]]},"properties":{"id":123,"group":"trails","name":null}},{"type":"Feature","geometry":{"type":"LineString","coordinates":[[3.2532,24.6245],[3.2594,24.3548],[3.234,24.2716],[3.1536,24.1894],[3.1058,24.0947],[3.1522,23.8982],[3.1106,23.7797],[3.0101,23.7032],[2.8523,23.7892],[2.67,23.7854],[2.5107,23.7864],[2.3337,23.8973]]},"properties":{"id":124,"group":"trails","name":null}},{"type":"Feature","geometry":{"type":"LineString","coordinates":[[9.5648,21.5867],[9.4954,21.5288],[9.3595,21.5064],[9.2237,21.548],[9.0438,21.5054],[9.0404,21.3414],[9.0596,21.1559],[9.0117,20.9886],[8.8998,20.8853],[8.8811,20.7563]]},"properties":{"id":125,"group":"trails","name":null}},{"type":"Feature","geometry":{"type":"LineString","coordinates":[[17.9785,27.3151],[17.9278,27.5312]]},"properties":{"id":126,"group":"trails","name":null}},{"type":"Feature","geometry":{"type":"LineString","coordinates":[[9.1213,20.3728],[9.0859,20.4747],[9.0763,20.6573],[9.062,20.7137]]},"properties":{"id":127,"group":"trails","name":null}},{"type":"Feature","geometry":{"type":"LineString","coordinates":[[12.0654,20.6707],[12.0601,20.5636],[12.0099,20.4747],[11.9735,20.3666],[11.9343,20.2538],[11.9305,20.1166],[11.9104,19.9994],[11.8845,19.8847],[11.9046,19.7872],[11.8912,19.7078],[11.8448,19.6437],[11.7267,19.5233],[11.6099,19.4669]]},"properties":{"id":128,"group":"trails","name":null}},{"type":"Feature","geometry":{"type":"LineString","coordinates":[[10.2805,20.7883],[10.2838,20.6143],[10.1365,20.3413]]},"properties":{"id":129,"group":"trails","name":null}},{"type":"Feature","geometry":{"type":"LineString","coordinates":[[14.6258,21.9787],[14.7913,21.9237],[14.8574,21.8692],[15.0076,21.612],[14.9626,21.5795]]},"properties":{"id":130,"group":"trails","name":null}},{"type":"Feature","geometry":{"type":"LineString","coordinates":[[12.6395,20.3762],[12.8385,20.381]]},"properties":{"id":131,"group":"trails","name":null}},{"type":"Feature","geometry":{"type":"LineString","coordinates":[[3.2532,24.6245],[3.2814,24.7033],[3.2809,24.8793],[3.2972,25.0576]]},"properties":{"id":132,"group":"trails","name":null}},{"type":"Feature","geometry":{"type":"LineString","coordinates":[[5.0108,23.5746],[4.9735,23.4178],[4.8754,23.3389],[4.7611,23.2815],[4.6621,23.1802],[4.5774,23.1084],[4.519,22.9746],[4.4152,22.8708],[4.3564,22.7614],[4.2578,22.7131],[4.1564,22.6595],[4.043,22.5921],[3.9363,22.5524],[3.8244,22.5113],[3.6435,22.5242],[3.5058,22.5816]]},"properties":{"id":133,"group":"trails","name":null}},{"type":"Feature","geometry":{"type":"LineString","coordinates":[[7.1579,20.7051],[7.0823,20.7969],[7.0015,20.7768],[6.9445,20.7108],[6.9139,20.5966],[6.8613,20.4986],[6.7733,20.38],[6.7503,20.172],[6.669,20.2002],[6.5781,20.2179],[6.4891,20.1897],[6.3542,20.1639],[6.2154,20.2036],[6.0375,20.172],[6.0198,20.2175],[5.9365,20.3441],[5.8705,20.4708],[5.8165,20.5416],[5.7126,20.5875],[5.6375,20.5789],[5.4184,20.5578],[5.2864,20.5478],[5.1127,20.641],[5.0347,20.7185],[4.8348,20.9432],[4.642,20.9853],[4.5846,21.0895],[4.5769,21.2305],[4.6463,21.3586],[4.8003,21.5279]]},"properties":{"id":134,"group":"trails","name":null}},{"type":"Feature","geometry":{"type":"LineString","coordinates":[[8.0788,21.0001],[7.9425,20.9642],[7.8191,20.9657],[7.6932,20.9566],[7.5301,21.0321],[7.3512,20.937],[7.1579,20.7051],[7.2679,20.7376],[7.3694,20.6879],[7.4344,20.6085],[7.4612,20.5043],[7.4516,20.3733],[7.4904,20.26],[7.5014,20.1658],[7.5134,20.0673],[7.5818,20.0109]]},"properties":{"id":135,"group":"trails","name":null}},{"type":"Feature","geometry":{"type":"LineString","coordinates":[[2.8977,33.416],[2.9565,33.5135],[3.1063,33.6029],[3.2589,33.6225],[3.3632,33.5657],[3.434,33.5843],[3.7387,33.5308]]},"properties":{"id":136,"group":"trails","name":null}},{"type":"Feature","geometry":{"type":"LineString","coordinates":[[7.0015,20.7768],[6.9986,20.9465],[6.9895,21.1794],[6.9742,21.3658],[6.9192,21.5308],[6.7713,21.657]]},"properties":{"id":137,"group":"trails","name":null}},{"type":"Feature","geometry":{"type":"LineString","coordinates":[[12.2041,20.6186],[12.0601,20.5636]]},"properties":{"id":138,"group":"trails","name":null}},{"type":"Feature","geometry":{"type":"LineString","coordinates":[[6.6484,21.8124],[6.4767,21.8544],[6.3226,21.9338],[6.1532,21.95],[6.0164,21.8731],[5.8389,21.8807],[5.7179,21.7789],[5.5935,21.7665],[5.4983,21.6651],[5.4667,21.5905],[5.2371,21.4648],[5.0955,21.4375],[4.9687,21.4825],[4.8003,21.5279]]},"properties":{"id":139,"group":"trails","name":null}},{"type":"Feature","geometry":{"type":"LineString","coordinates":[[3.3598,34.2441],[3.4742,34.1422],[3.6631,34.0959]]},"properties":{"id":140,"group":"trails","name":null}},{"type":"Feature","geometry":{"type":"LineString","coordinates":[[18.5463,27.7234],[18.61,27.4739]]},"properties":{"id":141,"group":"trails","name":null}},{"type":"Feature","geometry":{"type":"LineString","coordinates":[[19.0118,27.0809],[18.8372,27.1344],[18.7712,27.2343],[18.6851,27.3166],[18.5066,27.384]]},"properties":{"id":142,"group":"trails","name":null}},{"type":"Feature","geometry":{"type":"LineString","coordinates":[[8.1903,19.8732],[8.2912,19.8053],[8.3587,19.7288],[8.4448,19.703],[8.619,19.6786],[8.7137,19.6834],[8.7998,19.6748],[8.8854,19.6218],[9.0347,19.5367],[8.9543,19.3459],[8.9251,19.1733]]},"properties":{"id":143,"group":"trails","name":null}},{"type":"Feature","geometry":{"type":"LineString","coordinates":[[8.8854,19.6218],[8.9706,19.7561],[8.9773,19.8761],[9.0562,20.1209],[9.0916,20.3322],[9.1213,20.3728]]},"properties":{"id":144,"group":"trails","name":null}},{"type":"Feature","geometry":{"type":"LineString","coordinates":[[0.5521,29.1978],[0.531,29.1347],[0.4688,29.0697],[0.4167,29.0028],[0.4119,28.932]]},"properties":{"id":145,"group":"trails","name":null}},{"type":"Feature","geometry":{"type":"LineString","coordinates":[[3.3938,22.5161],[3.477,22.5892],[3.4665,22.671],[3.4196,22.7475],[3.3316,22.8159],[3.213,22.8508],[3.0972,22.889],[3.0006,22.9712],[2.8982,23.0549],[2.8857,23.1548],[2.8752,23.26],[2.9771,23.3786],[3.0919,23.4273],[3.0905,23.5373],[3.0101,23.7032]]},"properties":{"id":146,"group":"trails","name":null}},{"type":"Feature","geometry":{"type":"LineString","coordinates":[[11.4377,19.5295],[11.5143,19.4712],[11.6099,19.4669]]},"properties":{"id":147,"group":"trails","name":null}},{"type":"Feature","geometry":{"type":"LineString","coordinates":[[15.6238,32.4082],[15.7835,32.4622],[15.906,32.4924],[16.0534,32.4135],[16.0495,32.2767],[16.0668,32.1553],[16.1357,32.0587],[16.1471,31.9736],[16.2041,31.8837],[16.2275,31.7432],[16.2811,31.6294],[16.3883,31.5653],[16.5184,31.53],[16.6322,31.4788],[16.7442,31.485],[16.8542,31.4884],[16.9619,31.4305],[17.015,31.3698],[17.0944,31.3473],[17.18,31.3961],[17.2546,31.4975],[17.3814,31.5309],[17.5096,31.5682],[17.6249,31.6858],[17.7374,31.7547],[17.844,31.8259],[17.9464,31.8981],[18.0014,32.0559],[18.0464,32.1013],[18.1043,32.1586],[18.144,32.2825],[18.1507,32.4316],[18.1584,32.5865],[18.11,32.6621],[18.1359,32.7902],[18.1679,32.9489],[18.3205,32.9504],[18.41,32.9929],[18.5841,33.023],[18.7568,33.0139],[18.9032,33.0053],[18.9716,32.9728],[19.0654,32.8911],[19.2123,32.8734],[19.2639,32.6764],[19.3285,32.4656],[19.3716,32.3398],[19.5252,32.1907]]},"properties":{"id":148,"group":"trails","name":null}},{"type":"Feature","geometry":{"type":"LineString","coordinates":[[10.4981,19.2422],[10.4149,19.2876],[10.3536,19.366],[10.279,19.4152],[10.1422,19.5118],[10.0102,19.6031],[9.8073,19.6347]]},"properties":{"id":149,"group":"trails","name":null}},{"type":"Feature","geometry":{"type":"LineString","coordinates":[[18.8348,25.9196],[19.0176,25.8149]]},"properties":{"id":150,"group":"trails","name":null}},{"type":"Feature","geometry":{"type":"LineString","coordinates":[[3.9679,21.2912],[4.054,21.2578],[4.1258,21.2788],[4.2028,21.3381],[4.3085,21.384],[4.4243,21.4562],[4.5716,21.4605],[4.6544,21.4624],[4.8003,21.5279]]},"properties":{"id":151,"group":"trails","name":null}},{"type":"Feature","geometry":{"type":"LineString","coordinates":[[6.7694,22.4014],[6.8001,22.4702],[6.8498,22.7743]]},"properties":{"id":152,"group":"trails","name":null}},{"type":"Feature","geometry":{"type":"LineString","coordinates":[[18.7181,24.3166],[18.9152,24.472],[19.0802,24.6168],[19.1472,24.6541],[19.2649,24.7163],[19.419,24.6981],[19.54,24.7148]]},"properties":{"id":153,"group":"trails","name":null}},{"type":"Feature","geometry":{"type":"LineString","coordinates":[[19.3333,26.86],[19.2869,26.8978],[19.1984,26.9805],[19.0118,27.0809]]},"properties":{"id":154,"group":"trails","name":null}},{"type":"Feature","geometry":{"type":"LineString","coordinates":[[2.5126,33.0971],[2.6394,33.1602],[2.7776,33.2272],[2.8977,33.416]]},"properties":{"id":155,"group":"trails","name":null}},{"type":"Feature","geometry":{"type":"LineString","coordinates":[[2.1796,32.1964],[2.0552,32.1591],[1.949,32.1744],[1.8639,32.2079],[1.7744,32.2371],[1.6515,32.2136],[1.5319,32.1902],[1.3835,32.1424],[1.2955,32.1056],[1.2314,32.0133],[1.1056,31.8407]]},"properties":{"id":156,"group":"trails","name":null}},{"type":"Feature","geometry":{"type":"LineString","coordinates":[[10.9,18.7201],[10.8091,18.7335],[10.8196,18.8224],[10.7737,18.9209],[10.722,19.0203],[10.6531,19.1159],[10.5876,19.2101],[10.4981,19.2422]]},"properties":{"id":157,"group":"trails","name":null}},{"type":"Feature","geometry":{"type":"LineString","coordinates":[[19.7438,30.3429],[19.684,30.4002],[19.5754,30.4782],[19.517,30.5594],[19.4515,30.5623],[19.3687,30.5527],[19.2587,30.5891]]},"properties":{"id":158,"group":"trails","name":null}},{"type":"Feature","geometry":{"type":"LineString","coordinates":[[3.013,21.6292],[2.9398,21.5967],[2.8685,21.6116],[2.725,21.5982],[2.5987,21.6632],[2.4638,21.7158],[2.3227,21.8406],[2.3528,21.9634],[2.3896,22.038],[2.4992,22.1174],[2.6236,22.1642],[2.6963,22.2426],[2.7417,22.3378],[2.8054,22.4147],[2.8465,22.4998],[2.8341,22.6098],[2.8235,22.7188],[2.8676,22.7996],[2.9671,22.8441],[3.0972,22.889]]},"properties":{"id":159,"group":"trails","name":null}},{"type":"Feature","geometry":{"type":"LineString","coordinates":[[3.9679,21.2912],[3.9401,21.1622],[3.888,21.0694],[3.8727,20.9781],[3.833,20.9174],[3.8823,20.839],[3.8847,20.7395],[3.8607,20.6305],[3.8789,20.5273],[3.8784,20.4288],[3.833,20.3379],[3.7607,20.2552],[3.7086,20.2916],[3.6598,20.3719]]},"properties":{"id":160,"group":"trails","name":null}},{"type":"Feature","geometry":{"type":"LineString","coordinates":[[4.6463,21.3586],[4.6544,21.4624]]},"properties":{"id":161,"group":"trails","name":null}},{"type":"Feature","geometry":{"type":"LineString","coordinates":[[19.7438,30.3429],[19.8639,30.3328],[19.9792,30.3151],[20.0992,30.2104],[20.1514,30.1139],[20.1763,29.99],[20.2772,29.8653],[20.4274,29.8045],[20.5413,29.7304],[20.6403,29.7233],[20.8111,29.7649],[20.9527,29.783],[21.0723,29.9107],[21.0929,29.7964],[21.2115,29.6602],[21.2532,29.5425],[21.2187,29.4063],[21.113,29.2466],[21.1953,29.217],[21.2508,29.1558],[21.2843,29.0606],[21.268,28.9722],[21.2532,28.8837],[21.2484,28.7542],[21.2139,28.5945],[21.2685,28.4095],[21.2852,28.2723],[21.3,28.1394],[21.3847,27.9998],[21.4943,27.9242],[21.6187,27.8621],[21.5062,27.6527],[21.4555,27.5178],[21.4345,27.3601],[21.3857,27.1731],[21.3216,27.0713],[21.1383,27.0182],[21.1824,26.8982],[21.3115,26.7883],[21.4306,26.7171],[21.6478,26.6343],[21.7866,26.5975],[21.8536,26.5225],[21.9258,26.4388],[21.9775,26.3614],[22.0971,26.2672],[22.2037,26.2356],[22.3095,26.2069],[22.4047,26.1209],[22.5716,26.1214],[22.6917,26.0635],[22.8085,26.0071],[22.8582,25.8971],[22.908,25.7891],[22.9902,25.7078],[23.0457,25.6208],[23.0587,25.5194],[23.0649,25.4152],[23.0371,25.3368],[22.9788,25.289],[22.8893,25.2689],[22.7922,25.1838],[22.73,25.0796],[22.6597,24.9534],[22.5654,24.8645],[22.4745,24.7736],[22.4276,24.6637],[22.3836,24.5518],[22.3243,24.4858],[22.2664,24.4189],[22.1152,24.3931],[21.9507,24.4265],[21.7784,24.406],[21.5976,24.4222],[21.4287,24.4189]]},"properties":{"id":162,"group":"trails","name":null}},{"type":"Feature","geometry":{"type":"LineString","coordinates":[[19.3989,26.0802],[19.2075,26.0339],[19.0176,25.8149]]},"properties":{"id":163,"group":"trails","name":null}},{"type":"Feature","geometry":{"type":"LineString","coordinates":[[12.0759,18.6962],[11.9534,18.7191],[11.8645,18.7832],[11.7874,18.8673],[11.7094,18.9094],[11.6329,18.9543],[11.6186,19.0705],[11.6611,19.1637],[11.6099,19.4669]]},"properties":{"id":164,"group":"trails","name":null}},{"type":"Feature","geometry":{"type":"LineString","coordinates":[[2.1418,22.529],[2.2571,22.7609],[2.2763,22.857],[2.3815,22.9808],[2.4155,23.1328],[2.4159,23.3131],[2.3241,23.4484],[2.2696,23.5411],[2.2753,23.6492],[2.3337,23.8973]]},"properties":{"id":165,"group":"trails","name":null}},{"type":"Feature","geometry":{"type":"LineString","coordinates":[[3.3598,34.2441],[3.2211,34.3325],[3.1623,34.4716],[2.9814,34.551],[2.8264,34.6524],[2.7393,34.7398],[2.7011,34.8101],[2.6532,35.0735],[2.8302,35.031],[2.914,35.0759],[2.9604,35.1567],[3.0116,35.2275],[3.0867,35.2657],[3.156,35.3107],[3.2015,35.3977],[3.2857,35.4924],[3.3048,35.5722],[3.3364,35.6453],[3.3613,35.7457],[3.4512,35.8538],[3.5799,36.0785]]},"properties":{"id":166,"group":"trails","name":null}},{"type":"Feature","geometry":{"type":"LineString","coordinates":[[20.2715,27.9892],[20.3547,27.9481],[20.3992,27.8683],[20.47,27.7846],[20.5394,27.6986],[20.6188,27.5843],[20.7145,27.5088],[20.757,27.4175],[20.7255,27.34],[20.648,27.2798],[20.5241,27.2386],[20.4413,27.1134],[20.3605,26.991],[20.2868,26.9298],[20.2461,26.8323],[20.2126,26.772],[20.215,26.6941],[20.1543,26.6085],[20.093,26.5215],[20.0681,26.4135],[20.0471,26.3107],[20.0155,26.228],[19.9256,26.2093],[19.8151,26.2385],[19.7892,26.2347],[19.7467,26.1897],[19.6577,26.1725],[19.5763,26.183],[19.5027,26.2452],[19.3242,26.3131]]},"properties":{"id":167,"group":"trails","name":null}},{"type":"Feature","geometry":{"type":"LineString","coordinates":[[20.204,31.1504],[20.1002,31.1284],[19.9414,31.1618],[19.7003,31.169],[19.5543,31.0968],[19.3773,30.9018]]},"properties":{"id":168,"group":"trails","name":null}},{"type":"Feature","geometry":{"type":"LineString","coordinates":[[19.7467,26.1897],[19.8151,26.2385]]},"properties":{"id":169,"group":"trails","name":null}},{"type":"Feature","geometry":{"type":"LineString","coordinates":[[20.0361,25.9234],[19.9366,25.7527],[19.861,25.627],[19.7778,25.5653]]},"properties":{"id":170,"group":"trails","name":null}},{"type":"Feature","geometry":{"type":"LineString","coordinates":[[19.2123,32.8734],[19.2472,33.0493],[19.2281,33.2386],[19.2482,33.3744],[19.1812,33.472],[19.0664,33.5274],[18.9315,33.667]]},"properties":{"id":171,"group":"trails","name":null}},{"type":"Feature","geometry":{"type":"LineString","coordinates":[[2.1418,22.529],[2.0954,22.3411],[2.1385,22.1547],[2.1677,21.994],[2.3227,21.8406]]},"properties":{"id":172,"group":"trails","name":null}},{"type":"Feature","geometry":{"type":"LineString","coordinates":[[2.8235,22.7188],[2.6906,22.6385],[2.5977,22.5869],[2.5126,22.5811],[2.4317,22.6218],[2.1418,22.529]]},"properties":{"id":173,"group":"trails","name":null}},{"type":"Feature","geometry":{"type":"LineString","coordinates":[[19.7864,33.1951],[19.6888,33.1229],[19.5979,33.068],[19.5165,32.9566],[19.4328,32.9212],[19.2123,32.8734]]},"properties":{"id":174,"group":"trails","name":null}},{"type":"Feature","geometry":{"type":"LineString","coordinates":[[2.6532,35.0735],[2.5576,35.0014],[2.4466,35.0329],[2.3461,35.1223],[2.2504,35.2409]]},"properties":{"id":175,"group":"trails","name":null}},{"type":"Feature","geometry":{"type":"LineString","coordinates":[[20.0361,25.9234],[20.1868,25.9641],[20.3671,26.1099],[20.5188,26.2662]]},"properties":{"id":176,"group":"trails","name":null}},{"type":"Feature","geometry":{"type":"LineString","coordinates":[[19.9256,26.2093],[20.0203,26.0884],[20.0361,25.9234]]},"properties":{"id":177,"group":"trails","name":null}},{"type":"Feature","geometry":{"type":"LineString","coordinates":[[1.5491,22.1934],[1.6251,22.2694],[1.7749,22.3263],[1.8696,22.3062],[2.0954,22.3411]]},"properties":{"id":178,"group":"trails","name":null}},{"type":"Feature","geometry":{"type":"LineString","coordinates":[[4.2243,19.9803],[4.1033,19.8249],[4.0569,19.5978],[3.9559,19.6791],[3.8559,19.6896],[3.7607,19.7002],[3.6612,19.8206]]},"properties":{"id":179,"group":"trails","name":null}},{"type":"Feature","geometry":{"type":"LineString","coordinates":[[3.7086,20.2916],[3.7182,20.1371],[3.7325,20.0276],[3.6952,19.9249],[3.6612,19.8206],[3.5459,19.747],[3.4622,19.6829],[3.4086,19.6461],[3.3039,19.627],[3.213,19.5692],[3.1192,19.5142],[3.191,19.3679],[3.2713,19.3],[3.3795,19.2364],[3.4924,19.1743],[3.5699,19.0806],[3.5919,18.9147],[3.4747,18.7096],[3.3852,18.5819],[3.2685,18.4299]]},"properties":{"id":180,"group":"trails","name":null}},{"type":"Feature","geometry":{"type":"LineString","coordinates":[[20.204,31.1504],[20.2786,31.3593],[20.4413,31.4994]]},"properties":{"id":181,"group":"trails","name":null}},{"type":"Feature","geometry":{"type":"LineString","coordinates":[[18.6037,34.1623],[18.7458,34.0887],[18.8693,34.0218],[18.9047,33.9352],[18.9315,33.667]]},"properties":{"id":182,"group":"trails","name":null}},{"type":"Feature","geometry":{"type":"LineString","coordinates":[[4.6621,19.224],[4.6401,19.3339],[4.619,19.432],[4.6147,19.5543],[4.5755,19.6428],[4.508,19.6547],[4.4252,19.6514],[4.3616,19.682],[4.0569,19.5978]]},"properties":{"id":183,"group":"trails","name":null}},{"type":"Feature","geometry":{"type":"LineString","coordinates":[[-0.0813,31.8627],[-0.0287,31.9043],[0.0359,31.9057],[0.1871,32.01],[0.3631,32.0253],[0.5176,32.041],[0.7248,32.0348],[0.8305,32.0506],[0.9683,32.0186],[1.1056,31.8407]]},"properties":{"id":184,"group":"trails","name":null}},{"type":"Feature","geometry":{"type":"LineString","coordinates":[[4.6621,19.224],[4.7697,19.1714],[4.8453,19.1303],[4.9352,19.1274],[5.0362,19.1676],[5.1735,19.1657],[5.294,19.1666],[5.383,19.2135],[5.4366,19.3029],[5.5069,19.3148],[5.5897,19.2708],[5.6791,19.1709],[5.6988,19.0643],[5.7179,18.9543],[5.716,18.8578],[5.7184,18.7626],[5.6251,18.6321]]},"properties":{"id":185,"group":"trails","name":null}},{"type":"Feature","geometry":{"type":"LineString","coordinates":[[5.6988,19.0643],[5.7787,19.1135],[5.8399,19.202],[5.892,19.3459],[6.0207,19.4649],[6.0494,19.5978],[6.0375,19.6753],[5.9633,19.7465],[5.9461,19.9038],[6.0375,20.172]]},"properties":{"id":186,"group":"trails","name":null}},{"type":"Feature","geometry":{"type":"LineString","coordinates":[[12.0917,18.8855],[12.0759,18.6962]]},"properties":{"id":187,"group":"trails","name":null}},{"type":"Feature","geometry":{"type":"LineString","coordinates":[[1.5491,22.1934],[1.7175,22.1045],[1.8036,22.0184],[1.8352,21.9175],[1.8031,21.8176],[1.8299,21.6034],[1.8127,21.4074]]},"properties":{"id":188,"group":"trails","name":null}},{"type":"Feature","geometry":{"type":"LineString","coordinates":[[1.8299,21.6034],[1.9792,21.6909],[2.0935,21.7837],[2.3227,21.8406]]},"properties":{"id":189,"group":"trails","name":null}},{"type":"Feature","geometry":{"type":"LineString","coordinates":[[1.6251,22.2694],[1.4955,22.3746],[1.4357,22.5008],[1.4218,22.6108],[1.2907,22.7336],[1.2635,22.8512],[1.1434,22.9851],[1.0568,23.161],[0.8764,23.2633],[0.8372,23.3556],[0.8559,23.4871]]},"properties":{"id":190,"group":"trails","name":null}},{"type":"Feature","geometry":{"type":"LineString","coordinates":[[20.4274,24.7636],[20.3179,24.766],[20.0681,24.7641],[19.9012,24.831],[19.7639,24.8076],[19.6094,24.9051]]},"properties":{"id":191,"group":"trails","name":null}},{"type":"Feature","geometry":{"type":"LineString","coordinates":[[0.7568,22.758],[0.8391,22.6385],[0.9405,22.6208],[1.0257,22.649],[1.1152,22.7819],[1.1434,22.9851]]},"properties":{"id":192,"group":"trails","name":null}},{"type":"Feature","geometry":{"type":"LineString","coordinates":[[20.1543,26.6085],[20.249,26.5387],[20.3203,26.4278],[20.4097,26.3786],[20.5188,26.2662]]},"properties":{"id":193,"group":"trails","name":null}},{"type":"Feature","geometry":{"type":"LineString","coordinates":[[20.1428,28.4272],[20.1547,28.3287],[20.2059,28.2493],[20.2542,28.1824],[20.2629,28.1088],[20.2715,27.9892]]},"properties":{"id":194,"group":"trails","name":null}},{"type":"Feature","geometry":{"type":"LineString","coordinates":[[20.6087,31.9292],[20.5456,31.8814],[20.4643,31.8751],[20.3691,31.9086],[20.2011,31.8742],[20.0873,31.9268],[19.9997,31.9708],[19.8677,31.9679],[19.7529,32.0692],[19.5252,32.1907]]},"properties":{"id":195,"group":"trails","name":null}},{"type":"Feature","geometry":{"type":"LineString","coordinates":[[20.5456,31.8814],[20.5446,31.7308],[20.4992,31.639],[20.4413,31.4994]]},"properties":{"id":196,"group":"trails","name":null}},{"type":"Feature","geometry":{"type":"LineString","coordinates":[[14.9368,18.9563],[14.8349,18.8224],[14.7038,18.7583],[14.6076,18.7708],[14.4966,18.8095],[14.3569,18.7837],[14.2579,18.6723],[14.2402,18.5776],[14.2244,18.4313],[14.0852,18.3563],[13.9914,18.2262],[13.8441,18.1598],[13.7159,17.9972],[13.7135,17.8318],[13.6532,17.761],[13.5446,17.7304],[13.4537,17.75],[13.4035,17.7754],[13.3111,17.8366],[13.214,17.8657],[13.116,17.8366],[13.0365,17.7653],[12.9944,17.6621],[12.8691,17.5899],[12.7462,17.5134],[12.7084,17.4178]]},"properties":{"id":197,"group":"trails","name":null}},{"type":"Feature","geometry":{"type":"LineString","coordinates":[[19.5969,34.2135],[19.4921,34.1523],[19.4256,34.1131],[19.2654,33.9429],[19.1113,33.8802],[19.0214,33.777],[18.9315,33.667]]},"properties":{"id":198,"group":"trails","name":null}},{"type":"Feature","geometry":{"type":"LineString","coordinates":[[21.1383,27.0182],[21.1034,27.1],[20.9441,27.2109],[20.7255,27.34]]},"properties":{"id":199,"group":"trails","name":null}},{"type":"Feature","geometry":{"type":"LineString","coordinates":[[-0.1875,24.3673],[-0.2134,24.2898],[-0.1574,24.0928],[0.0033,23.9963],[0.1435,23.9269],[0.3602,23.7658],[0.4755,23.7223],[0.6104,23.5994],[0.7702,23.4995],[0.8559,23.4871]]},"properties":{"id":200,"group":"trails","name":null}},{"type":"Feature","geometry":{"type":"LineString","coordinates":[[9.9413,22.9435],[10.0824,22.9602],[10.1618,22.9316],[10.2388,22.8355],[10.3489,22.7762],[10.4603,22.7135],[10.5785,22.6662]]},"properties":{"id":201,"group":"trails","name":null}},{"type":"Feature","geometry":{"type":"LineString","coordinates":[[21.2685,28.4095],[21.0403,28.3841]]},"properties":{"id":202,"group":"trails","name":null}},{"type":"Feature","geometry":{"type":"LineString","coordinates":[[20.7121,28.0896],[20.5293,27.9658],[20.3547,27.9481]]},"properties":{"id":203,"group":"trails","name":null}},{"type":"Feature","geometry":{"type":"LineString","coordinates":[[21.0948,30.5073],[21.0431,30.3209],[21.311,30.3529],[21.2565,30.1889],[21.1867,30.1206],[21.0723,29.9107]]},"properties":{"id":204,"group":"trails","name":null}},{"type":"Feature","geometry":{"type":"LineString","coordinates":[[3.9067,19.1556],[4.0626,19.2025],[4.1085,19.2756],[4.1133,19.3808],[4.1607,19.4544],[4.1521,19.5142],[4.0569,19.5978]]},"properties":{"id":205,"group":"trails","name":null}},{"type":"Feature","geometry":{"type":"LineString","coordinates":[[11.9534,18.7191],[11.9573,18.6077],[11.9678,18.4906],[11.9759,18.3682],[12.0195,18.2841],[12.0333,18.1923],[11.9874,18.0938],[12.1113,17.9743],[12.1458,17.8815],[12.2548,17.7677],[12.3639,17.6568],[12.473,17.6272],[12.5897,17.4771],[12.7084,17.4178]]},"properties":{"id":206,"group":"trails","name":null}},{"type":"Feature","geometry":{"type":"LineString","coordinates":[[21.0948,30.5073],[21.1455,30.6928]]},"properties":{"id":207,"group":"trails","name":null}},{"type":"Feature","geometry":{"type":"LineString","coordinates":[[20.514,24.679],[20.746,24.6168],[20.6087,24.4017],[20.6054,24.2066],[20.5824,24.0924]]},"properties":{"id":208,"group":"trails","name":null}},{"type":"Feature","geometry":{"type":"LineString","coordinates":[[20.3179,24.766],[20.3992,24.701],[20.514,24.679]]},"properties":{"id":209,"group":"trails","name":null}},{"type":"Feature","geometry":{"type":"LineString","coordinates":[[15.4807,18.4882],[15.3812,18.3529],[15.2578,18.1779],[15.2334,18.0771],[15.2583,17.9135],[15.3659,17.7539],[15.3683,17.598],[15.3176,17.4818],[15.452,17.3293],[15.4788,17.2347],[15.6161,17.1486],[15.8146,17.1118],[15.7788,16.9507],[15.651,16.8622]]},"properties":{"id":210,"group":"trails","name":null}},{"type":"Feature","geometry":{"type":"LineString","coordinates":[[20.6087,31.9292],[20.703,31.9574],[20.8202,31.9268],[20.9498,31.8727],[21.035,31.7795],[21.09,31.5978],[21.1771,31.5046],[21.2163,31.3531],[21.1981,31.3186],[21.1843,31.2575],[21.2048,31.1752],[21.2632,31.0729],[21.2527,31.0519],[21.2622,30.9457],[21.2398,30.8305],[21.1455,30.6928]]},"properties":{"id":211,"group":"trails","name":null}},{"type":"Feature","geometry":{"type":"LineString","coordinates":[[20.204,31.1504],[20.2949,31.0777],[20.4332,31.0385],[20.5934,31.0069],[20.7159,30.9505],[20.8106,30.8253],[20.88,30.7473],[20.9819,30.6799],[21.1455,30.6928]]},"properties":{"id":212,"group":"trails","name":null}},{"type":"Feature","geometry":{"type":"LineString","coordinates":[[15.4807,18.4882],[15.5898,18.4858],[15.7391,18.4055],[15.7826,18.1612],[15.841,18.0713],[16.0041,17.9738],[16.106,17.8672],[16.1706,17.7883],[16.2758,17.6908],[16.4538,17.6243]]},"properties":{"id":213,"group":"trails","name":null}},{"type":"Feature","geometry":{"type":"LineString","coordinates":[[14.9368,18.9563],[15.097,18.9032],[15.2468,18.6661],[15.3434,18.6426],[15.4807,18.4882]]},"properties":{"id":214,"group":"trails","name":null}},{"type":"Feature","geometry":{"type":"LineString","coordinates":[[21.311,30.3529],[21.4225,30.3921],[21.5837,30.5188]]},"properties":{"id":215,"group":"trails","name":null}},{"type":"Feature","geometry":{"type":"LineString","coordinates":[[4.2468,18.5585],[4.1545,18.5594],[4.0736,18.5996],[4.0392,18.689],[4.0626,18.7889],[4.0803,18.8884],[4.0392,18.9821],[3.9067,19.1556]]},"properties":{"id":216,"group":"trails","name":null}},{"type":"Feature","geometry":{"type":"LineString","coordinates":[[0.7568,22.758],[0.5521,22.7963],[0.3172,22.8876],[0.0507,22.7456],[0.1129,22.595],[0.2071,22.4372],[0.2019,22.2417]]},"properties":{"id":217,"group":"trails","name":null}},{"type":"Feature","geometry":{"type":"LineString","coordinates":[[3.5699,19.0806],[3.7062,19.0633],[3.9067,19.1556]]},"properties":{"id":218,"group":"trails","name":null}},{"type":"Feature","geometry":{"type":"LineString","coordinates":[[-0.7018,24.0613],[-0.5478,24.1741],[-0.3712,24.1961],[-0.2134,24.2898]]},"properties":{"id":219,"group":"trails","name":null}},{"type":"Feature","geometry":{"type":"LineString","coordinates":[[0.5741,21.9677],[0.5129,21.9214],[0.4516,22.1222],[0.4597,22.2173],[0.4377,22.2732],[0.2019,22.2417]]},"properties":{"id":220,"group":"trails","name":null}},{"type":"Feature","geometry":{"type":"LineString","coordinates":[[-1.3596,30.4662],[-1.3749,30.6761],[-1.3348,30.7555],[-1.1965,30.8315],[-1.0434,30.8707],[-0.9142,30.8716],[-0.7607,30.9405],[-0.7013,31.0098],[-0.6272,31.1786],[-0.4602,31.2474],[-0.354,31.3813],[-0.2813,31.4888],[-0.1909,31.5433],[-0.1359,31.6581],[-0.0813,31.8627]]},"properties":{"id":221,"group":"trails","name":null}},{"type":"Feature","geometry":{"type":"LineString","coordinates":[[-0.288,22.7537],[-0.1306,22.7943],[0.0507,22.7456]]},"properties":{"id":222,"group":"trails","name":null}},{"type":"Feature","geometry":{"type":"LineString","coordinates":[[-0.3425,32.6688],[-0.4722,32.6975],[-0.6444,32.6429],[-0.7167,32.5445],[-0.885,32.3781]]},"properties":{"id":223,"group":"trails","name":null}},{"type":"Feature","geometry":{"type":"LineString","coordinates":[[-0.0287,31.9043],[-0.088,32.0386],[-0.0976,32.1586],[-0.166,32.2853],[-0.1933,32.4833],[-0.3425,32.6688]]},"properties":{"id":224,"group":"trails","name":null}},{"type":"Feature","geometry":{"type":"LineString","coordinates":[[-0.1306,22.7943],[-0.1512,22.9722],[-0.2454,23.0884],[-0.3607,23.2806],[-0.3488,23.4077],[-0.3358,23.5311],[-0.3511,23.6745],[-0.4612,23.8342],[-0.555,23.9781],[-0.7018,24.0613]]},"properties":{"id":225,"group":"trails","name":null}},{"type":"Feature","geometry":{"type":"LineString","coordinates":[[19.4831,22.039],[19.7184,21.9539],[19.8089,21.8473],[19.8997,21.8018],[20.028,21.8042],[20.1801,21.7665],[20.4073,21.8133]]},"properties":{"id":226,"group":"trails","name":null}},{"type":"Feature","geometry":{"type":"LineString","coordinates":[[22.1349,27.8994],[22.0574,27.83],[21.9617,27.8066],[21.9052,27.733],[21.8325,27.6962],[21.7445,27.6928],[21.6631,27.7502],[21.6187,27.8621]]},"properties":{"id":227,"group":"trails","name":null}},{"type":"Feature","geometry":{"type":"LineString","coordinates":[[20.746,24.6168],[20.7743,24.5145],[20.858,24.4853],[20.9637,24.4973],[21.0776,24.5288],[21.1704,24.503],[21.2622,24.4753],[21.3484,24.4457],[21.4287,24.4189]]},"properties":{"id":228,"group":"trails","name":null}},{"type":"Feature","geometry":{"type":"LineString","coordinates":[[19.6213,21.503],[19.5237,21.3386],[19.3281,21.2334],[19.2683,21.1382],[19.1113,20.9714],[18.9683,20.8165],[18.9109,20.7634],[18.8932,20.5999],[18.865,20.4345],[18.8894,20.293],[18.8965,20.139],[18.865,20.0224],[18.7588,19.9411],[18.8769,19.7441],[18.9803,19.6935],[19.0711,19.6198],[19.2037,19.528],[19.2726,19.4382],[19.3266,19.3559],[19.4127,19.2747],[19.5467,19.2202],[19.7782,19.2197]]},"properties":{"id":229,"group":"trails","name":null}},{"type":"Feature","geometry":{"type":"LineString","coordinates":[[16.0041,17.9738],[15.7615,17.925],[15.5439,17.8318],[15.429,17.7912],[15.3659,17.7539]]},"properties":{"id":230,"group":"trails","name":null}},{"type":"Feature","geometry":{"type":"LineString","coordinates":[[-0.2665,29.3107],[-0.3598,29.3461],[-0.4956,29.3451],[-0.6334,29.3446],[-0.7367,29.3853],[-0.8391,29.4273],[-0.9874,29.4474],[-1.0812,29.5287],[-1.1726,29.608],[-1.2649,29.6951],[-1.3046,29.7849],[-1.2855,29.8834],[-1.3166,29.9704],[-1.3453,30.0598],[-1.4108,30.209],[-1.4094,30.3061],[-1.3596,30.4662]]},"properties":{"id":231,"group":"trails","name":null}},{"type":"Feature","geometry":{"type":"LineString","coordinates":[[18.7588,19.9411],[18.542,19.7327]]},"properties":{"id":232,"group":"trails","name":null}},{"type":"Feature","geometry":{"type":"LineString","coordinates":[[-0.9673,32.3876],[-1.0334,32.5033],[-1.1137,32.5932],[-1.2037,32.6688],[-1.4496,32.7663]]},"properties":{"id":233,"group":"trails","name":null}},{"type":"Feature","geometry":{"type":"LineString","coordinates":[[-1.3749,30.6761],[-1.4907,30.7535],[-1.6237,30.9295],[-1.8122,31.0308],[-1.8615,31.1169],[-1.862,31.2727],[-1.9825,31.4764],[-2.0983,31.388],[-2.1868,31.3464],[-2.325,31.3421],[-2.5289,31.354],[-2.7437,31.3349],[-2.8618,31.4382]]},"properties":{"id":234,"group":"trails","name":null}},{"type":"Feature","geometry":{"type":"LineString","coordinates":[[-1.3969,32.2308],[-1.4998,32.3178],[-1.6117,32.3819],[-1.718,32.5301]]},"properties":{"id":235,"group":"trails","name":null}},{"type":"Feature","geometry":{"type":"LineString","coordinates":[[-1.7825,32.63],[-1.718,32.5301]]},"properties":{"id":236,"group":"trails","name":null}},{"type":"Feature","geometry":{"type":"LineString","coordinates":[[-1.7825,32.63],[-1.795,32.7233],[-1.7701,32.8045],[-1.7036,32.8696],[-1.5869,32.9284],[-1.5027,32.8734],[-1.4496,32.7663]]},"properties":{"id":237,"group":"trails","name":null}},{"type":"Feature","geometry":{"type":"LineString","coordinates":[[-1.5725,23.5617],[-1.5338,23.7424],[-1.4094,23.87],[-1.2362,23.8873],[-1.0319,23.9035],[-0.8755,23.9054],[-0.7018,24.0613]]},"properties":{"id":238,"group":"trails","name":null}},{"type":"Feature","geometry":{"type":"LineString","coordinates":[[23.0457,26.7639],[22.9501,26.7166],[22.8329,26.7233],[22.7008,26.6219],[22.6219,26.5507],[22.519,26.4699],[22.3841,26.3647],[22.3095,26.2069]]},"properties":{"id":239,"group":"trails","name":null}},{"type":"Feature","geometry":{"type":"LineString","coordinates":[[-1.7074,33.8124],[-1.5601,33.7473],[-1.4682,33.58],[-1.44,33.4261],[-1.4591,33.3218],[-1.4123,33.1655],[-1.4175,33.0847],[-1.4663,33.0106],[-1.5027,32.8734]]},"properties":{"id":240,"group":"trails","name":null}},{"type":"Feature","geometry":{"type":"LineString","coordinates":[[23.1606,27.5724],[23.0558,27.4944],[22.9993,27.3978],[22.9615,27.2798],[22.919,27.1622],[22.8257,26.9838],[22.9639,26.8944],[23.0457,26.7639],[23.2333,26.8031],[23.416,26.8892],[23.5246,26.9346],[23.6705,26.9322],[23.7562,26.8729],[23.8911,26.5913],[23.9786,26.5832],[24.0059,26.4766],[23.9719,26.3848],[23.9078,26.2968],[23.8916,26.206],[23.8801,25.9808],[23.8169,25.8689],[23.7538,25.7939],[23.6849,25.7174],[23.5749,25.5864],[23.472,25.4817],[23.3175,25.4391]]},"properties":{"id":241,"group":"trails","name":null}},{"type":"Feature","geometry":{"type":"LineString","coordinates":[[-1.749,24.3013],[-1.873,24.1966],[-1.9768,24.1072],[-2.0916,23.8681]]},"properties":{"id":242,"group":"trails","name":null}},{"type":"Feature","geometry":{"type":"LineString","coordinates":[[-1.5725,23.5617],[-1.6725,23.5794],[-1.772,23.5975],[-1.8629,23.6224],[-1.9251,23.6941],[-1.9763,23.7849],[-2.0916,23.8681]]},"properties":{"id":243,"group":"trails","name":null}},{"type":"Feature","geometry":{"type":"LineString","coordinates":[[23.1606,27.5724],[23.2304,27.5599],[23.2773,27.6068],[23.2964,27.7153],[23.3916,27.8425],[23.46,27.8731],[23.5758,27.8305],[23.6796,27.7583],[23.7662,27.6192],[23.8456,27.5896],[24.0035,27.4696],[23.9896,27.2788],[24.0064,27.188],[24.026,27.1024],[24.014,27.0039],[23.9466,26.9265],[23.8858,26.7974],[23.8911,26.5913]]},"properties":{"id":244,"group":"trails","name":null}},{"type":"Feature","geometry":{"type":"LineString","coordinates":[[22.1349,27.8994],[22.2071,27.9625],[22.2966,27.9802],[22.3875,27.9338],[22.4745,27.8908],[22.5654,27.8879],[22.6319,27.9214],[22.6802,27.9854],[22.7539,27.972],[22.8147,27.929],[22.9271,27.8363],[23.0084,27.7378],[23.0601,27.6393],[23.1606,27.5724]]},"properties":{"id":245,"group":"trails","name":null}},{"type":"Feature","geometry":{"type":"LineString","coordinates":[[22.73,25.0796],[22.7831,25.0385],[22.8735,24.9706],[23.0596,24.8845],[23.1486,24.8052],[23.1797,24.7096],[23.1821,24.6044],[23.2084,24.5202],[23.2161,24.4371],[23.1797,24.3539],[23.1223,24.2712]]},"properties":{"id":246,"group":"trails","name":null}},{"type":"Feature","geometry":{"type":"LineString","coordinates":[[-2.8963,30.7966],[-2.8896,30.9171],[-2.8585,31.0237],[-2.7724,31.1002],[-2.7437,31.3349]]},"properties":{"id":247,"group":"trails","name":null}},{"type":"Feature","geometry":{"type":"LineString","coordinates":[[23.2548,25.441],[23.1591,25.3598],[23.0371,25.3368]]},"properties":{"id":248,"group":"trails","name":null}},{"type":"Feature","geometry":{"type":"LineString","coordinates":[[21.8689,21.7521],[21.6775,21.69],[21.4201,21.6259],[21.223,21.6555],[21.145,21.6699],[20.9403,21.6594],[20.8393,21.6407],[20.602,21.6565],[20.4073,21.8133]]},"properties":{"id":249,"group":"trails","name":null}},{"type":"Feature","geometry":{"type":"LineString","coordinates":[[23.2548,25.441],[23.3175,25.4391]]},"properties":{"id":250,"group":"trails","name":null}},{"type":"Feature","geometry":{"type":"LineString","coordinates":[[20.8231,19.3607],[20.6915,19.257],[20.6241,19.1269],[20.5389,19.0299],[20.448,18.9386],[20.3207,18.8807],[20.2069,18.852],[20.1256,18.8807],[20.0576,18.9414],[19.9495,19.0786],[19.7782,19.2197]]},"properties":{"id":251,"group":"trails","name":null}},{"type":"Feature","geometry":{"type":"LineString","coordinates":[[21.8689,21.7521],[21.9531,21.787],[22.0746,21.7445],[22.1645,21.7865],[22.2382,21.8984],[22.2564,22.0084],[22.5716,21.9386]]},"properties":{"id":252,"group":"trails","name":null}},{"type":"Feature","geometry":{"type":"LineString","coordinates":[[19.9768,18.7583],[19.7668,18.809],[19.5826,18.7435],[19.4912,18.5795],[19.3974,18.4997],[19.3673,18.439],[19.1491,18.3639],[19.0774,18.2391],[19.1171,18.0283],[19.1946,17.8414],[19.2424,17.696],[19.23,17.4445]]},"properties":{"id":253,"group":"trails","name":null}},{"type":"Feature","geometry":{"type":"LineString","coordinates":[[-1.3458,34.0017],[-1.3568,34.147],[-1.3218,34.3215],[-1.306,34.43],[-1.3343,34.5075],[-1.3797,34.5486],[-1.4572,34.6657],[-1.5577,34.715],[-1.6605,34.7599],[-1.7586,34.8469],[-1.8074,34.9277],[-1.8045,35.0076],[-1.8332,35.0649],[-1.9653,35.1969],[-2.0088,35.3427],[-2.0791,35.4063],[-2.2121,35.4718],[-2.3595,35.5143],[-2.4595,35.5258],[-2.5274,35.5975],[-2.6609,35.6377],[-2.7231,35.7075],[-2.7527,35.7955],[-2.7767,35.9059],[-2.8264,35.9943],[-2.8776,36.0804],[-2.8551,36.2124],[-2.8733,36.3481],[-2.9561,36.4313],[-3.0556,36.4275],[-3.213,36.3606],[-3.1824,36.5159],[-3.2278,36.6168],[-3.147,36.8358]]},"properties":{"id":254,"group":"trails","name":null}},{"type":"Feature","geometry":{"type":"LineString","coordinates":[[-1.5601,33.7473],[-1.4854,33.9008],[-1.3458,34.0017]]},"properties":{"id":255,"group":"trails","name":null}},{"type":"Feature","geometry":{"type":"LineString","coordinates":[[-2.9326,33.165],[-2.8609,33.1229],[-2.7657,33.0001],[-2.6862,32.9193],[-2.4911,32.8524],[-2.4035,32.8332],[-2.3361,32.7692],[-2.2672,32.6673],[-2.1552,32.5521],[-1.9816,32.5459],[-1.7825,32.63]]},"properties":{"id":256,"group":"trails","name":null}},{"type":"Feature","geometry":{"type":"LineString","coordinates":[[-2.3968,34.0323],[-2.2217,34.0662],[-2.037,33.973],[-1.9414,33.8697],[-1.7074,33.8124]]},"properties":{"id":257,"group":"trails","name":null}},{"type":"Feature","geometry":{"type":"LineString","coordinates":[[23.716,24.9099],[23.5988,24.9563],[23.4835,24.9252],[23.3921,24.9505],[23.3036,24.9773],[23.162,24.9572],[23.0596,24.8845]]},"properties":{"id":258,"group":"trails","name":null}},{"type":"Feature","geometry":{"type":"LineString","coordinates":[[23.0792,24.1751],[23.1022,24.1048],[23.0677,24.0264],[22.996,23.9661],[23.0759,23.7978],[23.183,23.7118],[23.2108,23.4823],[23.1481,23.368],[23.0768,23.2925],[23.0553,23.2017],[23.0854,23.0477],[23.0218,22.9636],[23.041,22.8799],[22.996,22.7762],[22.9525,22.672],[22.8974,22.5606],[22.9271,22.4549],[22.9209,22.3526],[22.8525,22.2665],[22.6812,22.1135],[22.5716,21.9386]]},"properties":{"id":259,"group":"trails","name":null}},{"type":"Feature","geometry":{"type":"LineString","coordinates":[[-2.7422,34.0447],[-2.658,34.2283],[-2.5499,34.3301],[-2.5107,34.4071],[-2.4896,34.5261],[-2.4131,34.6136],[-2.3729,34.7924]]},"properties":{"id":260,"group":"trails","name":null}},{"type":"Feature","geometry":{"type":"LineString","coordinates":[[-2.2542,34.9999],[-2.1021,35.0487],[-1.9653,35.1969]]},"properties":{"id":261,"group":"trails","name":null}},{"type":"Feature","geometry":{"type":"LineString","coordinates":[[21.389,19.6944],[21.291,19.7633],[21.1125,19.7633],[20.8656,19.7308]]},"properties":{"id":262,"group":"trails","name":null}},{"type":"Feature","geometry":{"type":"LineString","coordinates":[[19.1008,17.2997],[18.9793,17.4699],[18.8578,17.5473],[18.7999,17.6176],[18.7315,17.685],[18.6621,17.7639],[18.5616,17.8098],[18.3851,17.827]]},"properties":{"id":263,"group":"trails","name":null}},{"type":"Feature","geometry":{"type":"LineString","coordinates":[[-2.9326,33.165],[-3.1106,33.2597],[-3.2422,33.4385],[-3.3125,33.4997],[-3.4316,33.4959],[-3.5,33.7091],[-3.5349,33.7684],[-3.5723,33.9271],[-3.7172,34.1107],[-3.6416,34.2335],[-3.5191,34.4033],[-3.5402,34.6347],[-3.7076,34.6772],[-3.7914,34.7183],[-3.889,34.7097],[-3.9894,34.6385],[-4.0861,34.6175],[-4.1129,34.7398],[-4.1779,34.8842],[-4.2951,34.9822],[-4.3387,35.1108],[-4.3597,35.2868],[-4.3965,35.3685],[-4.5319,35.5449],[-4.4142,35.5693],[-4.2875,35.6052],[-4.0387,35.6425],[-3.9717,35.6587],[-3.8167,35.6138],[-3.7392,35.4904],[-3.6048,35.2504],[-3.5378,35.1615],[-3.5335,34.9784],[-3.4952,34.8077],[-3.5402,34.6347]]},"properties":{"id":264,"group":"trails","name":null}},{"type":"Feature","geometry":{"type":"LineString","coordinates":[[-2.9326,33.165],[-3.123,33.0637],[-3.2369,33.0618],[-3.3598,32.9948],[-3.4646,32.8208]]},"properties":{"id":265,"group":"trails","name":null}},{"type":"Feature","geometry":{"type":"LineString","coordinates":[[19.9495,19.0786],[19.9131,18.919],[19.9768,18.7583],[19.8988,18.6618],[19.8844,18.5652],[19.9371,18.4667],[19.9796,18.4041],[20.0304,18.3476],[20.0509,18.2496],[20.0605,18.1316],[20.1165,18.0871],[20.2432,18.0584],[20.2437,17.9083]]},"properties":{"id":266,"group":"trails","name":null}},{"type":"Feature","geometry":{"type":"LineString","coordinates":[[22.153,19.9086],[22.198,20.0377],[22.3167,20.1577],[22.3765,20.2093],[22.4793,20.2442],[22.5472,20.3312],[22.5654,20.4182],[22.531,20.512],[22.5157,20.6329],[22.5138,20.7338],[22.508,20.8399],[22.5597,20.9231],[22.5602,21.0006],[22.5128,21.0742],[22.531,21.2042],[22.4889,21.3194],[22.3846,21.4232],[22.2272,21.537],[22.0746,21.7445]]},"properties":{"id":267,"group":"trails","name":null}},{"type":"Feature","geometry":{"type":"LineString","coordinates":[[17.857,16.3239],[17.8522,16.4487],[17.8235,16.5171],[17.7259,16.6318]]},"properties":{"id":268,"group":"trails","name":null}},{"type":"Feature","geometry":{"type":"LineString","coordinates":[[17.1489,16.7441],[17.0762,16.8924],[17.0709,17.0563],[17.0264,17.1386],[16.9657,17.2676],[16.8255,17.3767],[16.781,17.4608],[16.6944,17.5244],[16.4538,17.6243]]},"properties":{"id":269,"group":"trails","name":null}},{"type":"Feature","geometry":{"type":"LineString","coordinates":[[-3.9368,31.5998],[-3.8019,31.6208],[-3.5766,31.5945],[-3.4742,31.5543],[-3.3522,31.496],[-3.2345,31.5027],[-3.0915,31.4998],[-2.8618,31.4382]]},"properties":{"id":270,"group":"trails","name":null}},{"type":"Feature","geometry":{"type":"LineString","coordinates":[[20.9082,19.0997],[20.846,19.0418],[20.7202,19.0595],[20.6241,19.1269]]},"properties":{"id":271,"group":"trails","name":null}},{"type":"Feature","geometry":{"type":"LineString","coordinates":[[20.0576,18.9414],[19.9131,18.919]]},"properties":{"id":272,"group":"trails","name":null}},{"type":"Feature","geometry":{"type":"LineString","coordinates":[[-3.2422,33.4385],[-3.0527,33.5642],[-2.9264,33.5939],[-2.8389,33.6646],[-2.7862,33.7679],[-2.7881,33.897],[-2.7422,34.0447]]},"properties":{"id":273,"group":"trails","name":null}},{"type":"Feature","geometry":{"type":"LineString","coordinates":[[-3.8019,31.6208],[-3.788,31.8006],[-3.6981,31.9622],[-3.6665,32.2074],[-3.6435,32.336],[-3.5302,32.5473],[-3.4785,32.7185],[-3.4646,32.8208]]},"properties":{"id":274,"group":"trails","name":null}},{"type":"Feature","geometry":{"type":"LineString","coordinates":[[23.9896,27.2788],[24.1212,27.3199],[24.2523,27.3572],[24.3508,27.383],[24.4456,27.4108],[24.5345,27.4002],[24.6159,27.4088],[24.6895,27.4519]]},"properties":{"id":275,"group":"trails","name":null}},{"type":"Feature","geometry":{"type":"LineString","coordinates":[[24.5508,25.8345],[24.3451,25.8627],[24.258,25.8694],[24.1135,25.8144],[23.9662,25.8398],[23.8169,25.8689]]},"properties":{"id":276,"group":"trails","name":null}},{"type":"Feature","geometry":{"type":"LineString","coordinates":[[23.472,25.4817],[23.5466,25.2412],[23.5533,25.1265],[23.716,24.9099]]},"properties":{"id":277,"group":"trails","name":null}},{"type":"Feature","geometry":{"type":"LineString","coordinates":[[-3.9368,31.5998],[-4.1727,31.4965],[-4.2846,31.4143],[-4.3047,31.3674],[-4.4109,31.3244],[-4.5123,31.2775],[-4.5783,31.2641],[-4.6778,31.2531],[-4.786,31.2967],[-4.8587,31.3645],[-4.9333,31.4286],[-5.0792,31.4253],[-5.1802,31.485],[-5.2567,31.5601],[-5.2854,31.6772],[-5.3141,31.77],[-5.3294,31.8637],[-5.3476,31.9564],[-5.3467,32.0817],[-5.3782,32.1639],[-5.4443,32.2079],[-5.5328,32.2304],[-5.5935,32.2939],[-5.6414,32.3833],[-5.6681,32.489],[-5.7002,32.5971]]},"properties":{"id":278,"group":"trails","name":null}},{"type":"Feature","geometry":{"type":"LineString","coordinates":[[21.2589,19.3913],[21.2144,19.2742],[21.0986,19.1771],[21.0422,19.0844],[20.9843,18.8759]]},"properties":{"id":279,"group":"trails","name":null}},{"type":"Feature","geometry":{"type":"LineString","coordinates":[[22.198,20.0377],[22.0019,20.052],[21.8421,20.0343],[21.7622,19.9593],[21.5675,19.9473],[21.467,19.8704],[21.389,19.6944],[21.3646,19.5739],[21.2589,19.3913]]},"properties":{"id":280,"group":"trails","name":null}},{"type":"Feature","geometry":{"type":"LineString","coordinates":[[24.891,27.1139],[24.8106,27.2052],[24.7871,27.3065],[24.6895,27.4519]]},"properties":{"id":281,"group":"trails","name":null}},{"type":"Feature","geometry":{"type":"LineString","coordinates":[[24.5508,25.8345],[24.7115,25.7556],[24.9,25.7475],[25.145,25.7958],[25.2416,25.6901],[25.3588,25.6796],[25.4756,25.7317],[25.6047,25.7217],[25.764,25.7647],[25.8836,25.7561],[26.0209,25.6829],[26.197,25.6882],[26.3448,25.7432],[26.5233,25.7222],[26.6118,25.736],[26.707,25.8034],[26.8347,25.8116],[26.9151,25.768],[27.2327,25.7446]]},"properties":{"id":282,"group":"trails","name":null}},{"type":"Feature","geometry":{"type":"LineString","coordinates":[[24.891,27.1139],[25.1565,27.2516],[25.2923,27.2396],[25.3804,27.2568],[25.4359,27.297],[25.4913,27.2769],[25.5679,27.2664],[25.6655,27.297],[25.7851,27.3668]]},"properties":{"id":283,"group":"trails","name":null}},{"type":"Feature","geometry":{"type":"LineString","coordinates":[[24.7871,27.3065],[24.891,27.1139],[24.7895,26.9996],[24.6895,26.9676],[24.6494,26.8896],[24.6384,26.8069],[24.6838,26.7175],[24.7307,26.6124],[24.7264,26.4775],[24.758,26.3872],[24.8445,26.3126],[24.9259,26.1859],[24.9823,26.0922],[25.0393,25.9985],[25.145,25.7958]]},"properties":{"id":284,"group":"trails","name":null}},{"type":"Feature","geometry":{"type":"LineString","coordinates":[[19.2984,16.4573],[19.1123,16.4817],[19.052,16.5572],[18.9946,16.6347],[18.9391,16.6686],[18.7913,16.8469]]},"properties":{"id":285,"group":"trails","name":null}},{"type":"Feature","geometry":{"type":"LineString","coordinates":[[18.0713,16.5261],[17.967,16.4253],[17.857,16.3239]]},"properties":{"id":286,"group":"trails","name":null}},{"type":"Feature","geometry":{"type":"LineString","coordinates":[[-3.8167,35.6138],[-3.6646,35.6836],[-3.5206,35.8662],[-3.4861,36.0202],[-3.3661,36.1143],[-3.2766,36.2018],[-3.213,36.3606]]},"properties":{"id":287,"group":"trails","name":null}},{"type":"Feature","geometry":{"type":"LineString","coordinates":[[23.0673,18.973],[23.0591,19.1159],[23.0563,19.223],[23.0878,19.3053],[23.0797,19.3865],[23.0276,19.4721],[22.9955,19.5151],[22.9324,19.5811],[22.8692,19.6638],[22.7716,19.7155],[22.6276,19.7102],[22.5334,19.6834],[22.332,19.7489],[22.153,19.9086]]},"properties":{"id":288,"group":"trails","name":null}},{"type":"Feature","geometry":{"type":"LineString","coordinates":[[-4.0861,34.6175],[-4.1583,34.5285],[-4.2473,34.4951],[-4.4487,34.4334],[-4.6233,34.4057],[-4.7577,34.4458]]},"properties":{"id":289,"group":"trails","name":null}},{"type":"Feature","geometry":{"type":"LineString","coordinates":[[21.5101,17.0616],[21.3335,17.1328],[21.2283,17.2715],[21.1785,17.2892],[21.1005,17.446],[21.0288,17.6329],[20.9254,17.7314],[20.8202,17.7964]]},"properties":{"id":290,"group":"trails","name":null}},{"type":"Feature","geometry":{"type":"LineString","coordinates":[[22.3023,17.7725],[22.2592,17.7104],[22.1526,17.6994],[22.0306,17.7429],[21.9459,17.8691],[21.8799,17.9322],[21.843,18.045],[21.7512,18.1798],[21.7249,18.3266]]},"properties":{"id":291,"group":"trails","name":null}},{"type":"Feature","geometry":{"type":"LineString","coordinates":[[22.1526,17.6994],[22.0928,17.5607],[21.976,17.4618],[21.8933,17.3872],[21.7799,17.3547],[21.6521,17.2323],[21.5101,17.0616],[21.5885,16.9932],[21.6316,16.8766],[21.6297,16.572],[21.5378,16.6318],[21.4383,16.6155],[21.3139,16.6433],[21.2197,16.7006],[21.19,16.6743],[21.0967,16.5343],[21.0776,16.388],[20.9982,16.2589]]},"properties":{"id":292,"group":"trails","name":null}},{"type":"Feature","geometry":{"type":"LineString","coordinates":[[20.8824,16.2924],[20.7972,16.3564],[20.7604,16.4329],[20.7685,16.5171],[20.8264,16.6065],[20.8145,16.7351],[20.8035,16.8641],[20.8436,16.9908],[20.7915,17.0965],[20.7432,17.1988],[20.7102,17.3394],[20.648,17.4063],[20.6078,17.4861],[20.6078,17.6014],[20.6312,17.7338]]},"properties":{"id":293,"group":"trails","name":null}},{"type":"Feature","geometry":{"type":"LineString","coordinates":[[-4.9285,34.1824],[-4.819,34.2866],[-4.7577,34.4458]]},"properties":{"id":294,"group":"trails","name":null}},{"type":"Feature","geometry":{"type":"LineString","coordinates":[[-3.6971,36.9945],[-3.4503,36.9582],[-3.3603,36.8688],[-3.2311,36.8176],[-3.147,36.8358]]},"properties":{"id":295,"group":"trails","name":null}},{"type":"Feature","geometry":{"type":"LineString","coordinates":[[20.8824,16.2924],[20.9982,16.2589]]},"properties":{"id":296,"group":"trails","name":null}},{"type":"Feature","geometry":{"type":"LineString","coordinates":[[23.0673,18.973],[23.007,18.9405],[22.9663,18.8429],[22.9855,18.722],[22.9051,18.5848],[22.7314,18.5131],[22.6262,18.4323],[22.5085,18.3701],[22.4334,18.2377],[22.4229,18.088],[22.3894,17.9561],[22.3023,17.7725]]},"properties":{"id":297,"group":"trails","name":null}},{"type":"Feature","geometry":{"type":"LineString","coordinates":[[-4.0655,36.7784],[-4.0301,36.6751],[-3.955,36.646],[-3.8847,36.6828],[-3.832,36.7483],[-3.745,36.8205],[-3.7009,36.9041],[-3.6971,36.9945],[-3.6708,37.0868],[-3.6914,37.1843],[-3.655,37.2527],[-3.6033,37.2995],[-3.4904,37.377],[-3.3536,37.4912],[-3.3144,37.606],[-3.2575,37.6892],[-3.1757,37.812]]},"properties":{"id":298,"group":"trails","name":null}},{"type":"Feature","geometry":{"type":"LineString","coordinates":[[-4.0655,36.7784],[-4.2463,36.7449],[-4.2449,36.8267],[-4.3071,36.9419],[-4.4396,37.2641]]},"properties":{"id":299,"group":"trails","name":null}},{"type":"Feature","geometry":{"type":"LineString","coordinates":[[26.5917,27.3716],[26.4606,27.3716],[26.3687,27.384],[26.2707,27.3821],[26.1798,27.3376],[26.0444,27.3429],[25.9143,27.352],[25.7851,27.3668]]},"properties":{"id":300,"group":"trails","name":null}},{"type":"Feature","geometry":{"type":"LineString","coordinates":[[26.5917,27.3716],[26.6271,27.4873],[26.7103,27.5724],[26.8682,27.668],[26.8625,27.7497],[26.9227,27.8305],[26.9342,27.8592],[27.0203,27.9462],[27.1294,27.9797],[27.2103,28.0724],[27.227,28.1862],[27.3141,28.2297],[27.4279,28.2264],[27.5738,28.1747],[27.6987,28.224]]},"properties":{"id":301,"group":"trails","name":null}},{"type":"Feature","geometry":{"type":"LineString","coordinates":[[-5.5586,36.3878],[-5.4787,36.3386],[-5.4151,36.2817],[-5.3868,36.2181],[-5.3581,36.132],[-5.3065,36.0512],[-5.1984,35.9833],[-4.9639,35.9064],[-4.819,35.7567],[-4.652,35.7104],[-4.5319,35.5449]]},"properties":{"id":302,"group":"trails","name":null}},{"type":"Feature","geometry":{"type":"LineString","coordinates":[[22.4267,16.551],[22.298,16.5539],[22.1923,16.4884],[22.1009,16.4367],[22.0086,16.431],[21.9143,16.4712],[21.8258,16.5438],[21.7387,16.5572],[21.6297,16.572]]},"properties":{"id":303,"group":"trails","name":null}},{"type":"Feature","geometry":{"type":"LineString","coordinates":[[26.3132,25.0504],[26.3664,25.2431],[26.4185,25.4033],[26.4443,25.5821],[26.5233,25.7222]]},"properties":{"id":304,"group":"trails","name":null}},{"type":"Feature","geometry":{"type":"LineString","coordinates":[[28.524,26.3728],[28.3407,26.2873],[28.2058,26.2394],[28.1034,26.2179],[27.9872,26.1381],[27.9446,26.052],[27.9063,25.9641],[27.8068,25.8455],[27.7025,25.7556],[27.5944,25.7308],[27.4834,25.7432],[27.3767,25.7346],[27.2327,25.7446]]},"properties":{"id":305,"group":"trails","name":null}},{"type":"Feature","geometry":{"type":"LineString","coordinates":[[27.5657,28.3698],[27.6987,28.224]]},"properties":{"id":306,"group":"trails","name":null}},{"type":"Feature","geometry":{"type":"LineString","coordinates":[[23.9499,17.1859],[23.9375,17.0678],[23.8825,16.9841],[23.7705,16.9268],[23.6768,16.8302],[23.5796,16.7762],[23.5351,16.6887],[23.4017,16.6308],[23.3003,16.6318],[23.2137,16.6638],[23.0845,16.6141],[22.9668,16.6012],[22.8544,16.6437],[22.7262,16.6318],[22.5965,16.6227],[22.5099,16.6122],[22.4267,16.551]]},"properties":{"id":307,"group":"trails","name":null}},{"type":"Feature","geometry":{"type":"LineString","coordinates":[[22.5965,16.6227],[22.619,16.5027],[22.6118,16.366],[22.6573,16.2073],[22.7027,16.0471]]},"properties":{"id":308,"group":"trails","name":null}},{"type":"Feature","geometry":{"type":"LineString","coordinates":[[-4.9285,34.1824],[-4.9682,34.3789],[-5.0874,34.4769],[-5.1979,34.5324]]},"properties":{"id":309,"group":"trails","name":null}},{"type":"Feature","geometry":{"type":"LineString","coordinates":[[-6.8077,34.2579],[-6.7436,34.3306],[-6.6494,34.4678],[-6.5513,34.5008],[-6.491,34.5539],[-6.4293,34.595],[-6.193,34.6313],[-5.9499,34.6433],[-5.8174,34.6514],[-5.7083,34.5883],[-5.5256,34.562],[-5.3385,34.5778],[-5.1979,34.5324]]},"properties":{"id":310,"group":"trails","name":null}},{"type":"Feature","geometry":{"type":"LineString","coordinates":[[23.9375,17.0678],[24.0112,16.9961],[24.058,16.9186],[24.1102,16.8383],[24.1499,16.7465],[24.2341,16.7059],[24.236,16.5515],[24.2523,16.4492],[24.2331,16.3454],[24.2767,16.2422],[24.2733,16.1446]]},"properties":{"id":311,"group":"trails","name":null}},{"type":"Feature","geometry":{"type":"LineString","coordinates":[[27.3767,25.7346],[27.3964,25.6471],[27.3944,25.5534],[27.4557,25.4621],[27.4504,25.3067]]},"properties":{"id":312,"group":"trails","name":null}},{"type":"Feature","geometry":{"type":"LineString","coordinates":[[-6.6422,32.457],[-6.8139,32.543],[-6.8876,32.6535],[-6.9077,32.8758],[-6.933,33.0436],[-6.9603,33.1669],[-6.9464,33.2401],[-6.9933,33.3978],[-6.9905,33.5188],[-6.9546,33.7301],[-7.0115,33.8004],[-7.0058,33.8946],[-6.9421,33.9749],[-6.8412,34.136],[-6.8077,34.2579]]},"properties":{"id":313,"group":"trails","name":null}},{"type":"Feature","geometry":{"type":"LineString","coordinates":[[-6.6422,32.457],[-6.7249,32.3762],[-6.8163,32.3456],[-6.9034,32.3207],[-6.9862,32.3112],[-7.0919,32.3112],[-7.1943,32.3112],[-7.2928,32.3513],[-7.3923,32.368],[-7.4823,32.3398],[-7.5665,32.2882],[-7.6483,32.2653],[-7.7296,32.2939],[-8.0157,32.3604]]},"properties":{"id":314,"group":"trails","name":null}},{"type":"Feature","geometry":{"type":"LineString","coordinates":[[-5.7964,32.5865],[-5.9265,32.6267],[-6.0609,32.6635],[-6.1332,32.5096],[-6.2604,32.4173],[-6.3102,32.4426],[-6.38,32.4837],[-6.4709,32.4947],[-6.6422,32.457]]},"properties":{"id":315,"group":"trails","name":null}},{"type":"Feature","geometry":{"type":"LineString","coordinates":[[23.4017,16.6308],[23.4093,16.4998],[23.4466,16.4716],[23.493,16.409],[23.616,16.3392],[23.7394,16.2708],[23.8284,16.1786],[23.926,16.1202],[24.0408,16.126],[24.1327,16.1556],[24.2733,16.1446]]},"properties":{"id":316,"group":"trails","name":null}},{"type":"Feature","geometry":{"type":"LineString","coordinates":[[-16.183,24.7966],[-16.251,24.6814],[-16.2538,24.515],[-16.2667,24.3993],[-16.3457,24.2458]]},"properties":{"id":317,"group":"trails","name":null}},{"type":"Feature","geometry":{"type":"LineString","coordinates":[[-16.183,24.7966],[-15.9869,24.908],[-15.9271,24.9759]]},"properties":{"id":318,"group":"trails","name":null}},{"type":"Feature","geometry":{"type":"LineString","coordinates":[[-15.9883,25.267],[-16.0223,25.3975],[-16.0538,25.5529]]},"properties":{"id":319,"group":"trails","name":null}},{"type":"Feature","geometry":{"type":"LineString","coordinates":[[-15.8926,24.2162],[-15.929,24.3453],[-16.0199,24.4165],[-16.2667,24.3993]]},"properties":{"id":320,"group":"trails","name":null}},{"type":"Feature","geometry":{"type":"LineString","coordinates":[[-15.8926,24.2162],[-15.8893,24.1282],[-15.8811,23.8284]]},"properties":{"id":321,"group":"trails","name":null}},{"type":"Feature","geometry":{"type":"LineString","coordinates":[[-15.2501,24.8908],[-15.3233,24.841],[-15.4123,24.7593],[-15.5281,24.71],[-15.5931,24.6412],[-15.6979,24.5891],[-15.7601,24.4433],[-15.8926,24.2162]]},"properties":{"id":322,"group":"trails","name":null}},{"type":"Feature","geometry":{"type":"LineString","coordinates":[[-16.7518,23.8806],[-16.6126,23.9298],[-16.5212,24.0297],[-16.4045,24.1215],[-16.3457,24.2458]]},"properties":{"id":323,"group":"trails","name":null}},{"type":"Feature","geometry":{"type":"LineString","coordinates":[[-16.7518,23.8806],[-16.9226,23.8959],[-17.1173,23.9982],[-17.1819,23.9843],[-17.2408,24.0445],[-17.3183,24.1937],[-17.3173,24.3677],[-17.2384,24.4892],[-17.2767,24.623],[-17.3934,24.7244]]},"properties":{"id":324,"group":"trails","name":null}},{"type":"Feature","geometry":{"type":"LineString","coordinates":[[-14.8999,25.998],[-14.8956,26.1257],[-14.8387,26.2624],[-14.8612,26.4398],[-14.9004,26.5741],[-14.887,26.6884],[-14.9157,26.795],[-14.9731,26.86],[-15.0167,26.9331],[-15.1382,27.1163],[-15.3425,27.2329],[-15.4018,27.2865],[-15.464,27.406],[-15.5687,27.4136],[-15.6726,27.3725],[-15.8926,27.3237],[-15.8563,27.4638],[-15.7051,27.6302],[-15.5831,27.7626],[-15.5735,27.8965],[-15.5922,27.9706],[-15.6295,28.0108],[-15.7199,28.2398],[-15.7434,28.3775]]},"properties":{"id":325,"group":"trails","name":null}},{"type":"Feature","geometry":{"type":"LineString","coordinates":[[-16.7518,23.8806],[-16.8576,23.6903],[-16.8887,23.6176],[-16.9279,23.4474],[-17.0226,23.3537],[-17.0647,23.2461],[-17.058,23.0611]]},"properties":{"id":326,"group":"trails","name":null}},{"type":"Feature","geometry":{"type":"LineString","coordinates":[[-16.0371,23.3322],[-15.9213,23.39],[-15.817,23.4149],[-15.7357,23.3551],[-15.663,23.2371],[-15.562,23.2686],[-15.5056,23.2696],[-15.4224,23.2323],[-15.3209,23.194],[-15.2726,23.1433],[-15.2324,22.9483],[-15.0286,22.802]]},"properties":{"id":327,"group":"trails","name":null}},{"type":"Feature","geometry":{"type":"LineString","coordinates":[[-17.1819,23.9843],[-17.2585,23.8313],[-17.3283,23.751],[-17.3422,23.6578],[-17.4001,23.6071],[-17.5221,23.5622]]},"properties":{"id":328,"group":"trails","name":null}},{"type":"Feature","geometry":{"type":"LineString","coordinates":[[-16.5265,23.4106],[-16.637,23.5851],[-16.8576,23.6903]]},"properties":{"id":329,"group":"trails","name":null}},{"type":"Feature","geometry":{"type":"LineString","coordinates":[[-16.1959,23.2184],[-16.317,23.2447],[-16.4112,23.336],[-16.5265,23.4106]]},"properties":{"id":330,"group":"trails","name":null}},{"type":"Feature","geometry":{"type":"LineString","coordinates":[[-15.5797,25.6624],[-15.4506,25.6447],[-15.3161,25.6284],[-15.2267,25.5845],[-15.1497,25.4649],[-15.1717,25.3225],[-15.1559,25.1623],[-15.2501,24.8908]]},"properties":{"id":331,"group":"trails","name":null}},{"type":"Feature","geometry":{"type":"LineString","coordinates":[[-13.2939,25.9942],[-13.27,26.1214],[-13.3322,26.2471],[-13.3987,26.3709]]},"properties":{"id":332,"group":"trails","name":null}},{"type":"Feature","geometry":{"type":"LineString","coordinates":[[-14.9435,25.9712],[-14.9683,25.8627],[-14.9932,25.759],[-15.0602,25.6849],[-15.0765,25.595],[-15.1497,25.4649]]},"properties":{"id":333,"group":"trails","name":null}},{"type":"Feature","geometry":{"type":"LineString","coordinates":[[-14.4684,27.5695],[-14.3024,27.3338],[-14.2039,27.2033],[-14.1268,27.0216],[-14.1474,26.859],[-14.1551,26.6516]]},"properties":{"id":334,"group":"trails","name":null}},{"type":"Feature","geometry":{"type":"LineString","coordinates":[[-15.1382,27.1163],[-15.0353,27.1999],[-14.9521,27.2908],[-14.8287,27.3161],[-14.7024,27.3247],[-14.5761,27.3888],[-14.4684,27.5695],[-14.3321,27.7263]]},"properties":{"id":335,"group":"trails","name":null}},{"type":"Feature","geometry":{"type":"LineString","coordinates":[[-16.4246,22.6155],[-16.5385,22.7164],[-16.6786,22.7293],[-16.8112,22.736],[-16.9461,22.7437],[-17.0231,22.8594],[-17.058,23.0611]]},"properties":{"id":336,"group":"trails","name":null}},{"type":"Feature","geometry":{"type":"LineString","coordinates":[[-17.8426,23.0009],[-17.7469,23.0917],[-17.6455,23.1888],[-17.612,23.3351],[-17.5221,23.5622]]},"properties":{"id":337,"group":"trails","name":null}},{"type":"Feature","geometry":{"type":"LineString","coordinates":[[-14.0101,22.9674],[-14.0996,22.9014],[-14.222,22.8737],[-14.3828,22.8818],[-14.4742,22.8852],[-14.6229,22.9559],[-14.6928,22.9029],[-14.7521,22.7867],[-14.8674,22.7327],[-14.9789,22.7594],[-15.0286,22.802]]},"properties":{"id":338,"group":"trails","name":null}},{"type":"Feature","geometry":{"type":"LineString","coordinates":[[-16.9461,22.7437],[-16.9891,22.6442],[-17.0604,22.5644],[-17.1767,22.5185],[-17.2475,22.4549],[-17.314,22.3951]]},"properties":{"id":339,"group":"trails","name":null}},{"type":"Feature","geometry":{"type":"LineString","coordinates":[[-13.3322,26.2471],[-13.2853,26.3838]]},"properties":{"id":340,"group":"trails","name":null}},{"type":"Feature","geometry":{"type":"LineString","coordinates":[[-16.1328,28.5596],[-16.1127,28.7049],[-16.0591,28.8173]]},"properties":{"id":341,"group":"trails","name":null}},{"type":"Feature","geometry":{"type":"LineString","coordinates":[[-19.7141,26.6487],[-19.4544,26.6664],[-19.417,26.7424],[-19.4032,26.8227],[-19.3453,26.8959],[-19.141,26.9623],[-18.9587,27.0742]]},"properties":{"id":342,"group":"trails","name":null}},{"type":"Feature","geometry":{"type":"LineString","coordinates":[[-17.5197,29.1453],[-17.4513,29.0731],[-17.3173,29.0276],[-17.213,28.9416],[-17.1116,28.8684],[-17.0556,28.7379]]},"properties":{"id":343,"group":"trails","name":null}},{"type":"Feature","geometry":{"type":"LineString","coordinates":[[-14.3675,21.6383],[-14.4067,21.8458],[-14.4746,22.0676],[-14.4713,22.17],[-14.5196,22.289],[-14.6435,22.4033],[-14.6995,22.5041],[-14.7822,22.5577],[-14.8674,22.7327]]},"properties":{"id":344,"group":"trails","name":null}},{"type":"Feature","geometry":{"type":"LineString","coordinates":[[-13.8948,23.0975],[-14.0101,22.9674],[-13.9216,22.8771],[-13.9005,22.7872],[-13.8025,22.6748],[-13.7656,22.5505],[-13.6939,22.4602],[-13.5724,22.3813],[-13.426,22.3435],[-13.2456,22.1905],[-13.0739,22.1231],[-12.9997,22.1088],[-12.8605,21.9682],[-12.7916,21.9185],[-12.6548,21.9266],[-12.3912,22.0198],[-12.1687,21.9295],[-12.0778,21.8822]]},"properties":{"id":345,"group":"trails","name":null}},{"type":"Feature","geometry":{"type":"LineString","coordinates":[[-17.8421,28.9555],[-17.7723,29.0535],[-17.5197,29.1453]]},"properties":{"id":346,"group":"trails","name":null}},{"type":"Feature","geometry":{"type":"LineString","coordinates":[[-18.2636,23.6539],[-18.388,23.6544]]},"properties":{"id":347,"group":"trails","name":null}},{"type":"Feature","geometry":{"type":"LineString","coordinates":[[-19.1936,22.6002],[-19.3352,22.6524],[-19.452,22.8393],[-19.5089,22.7045],[-19.6041,22.8044],[-19.7218,22.8508],[-19.8533,22.8656],[-19.8758,22.7585],[-19.9452,22.6696],[-20.072,22.6155],[-20.028,22.5218],[-20.026,22.4262],[-20.0409,22.3277],[-19.995,22.2541],[-19.9103,22.2163],[-19.8084,21.9806]]},"properties":{"id":348,"group":"trails","name":null}},{"type":"Feature","geometry":{"type":"LineString","coordinates":[[-17.9703,22.976],[-18.0282,23.1032]]},"properties":{"id":349,"group":"trails","name":null}},{"type":"Feature","geometry":{"type":"LineString","coordinates":[[-14.3373,29.39],[-14.3407,29.2676],[-14.2527,29.1252],[-14.2015,28.9961],[-14.2134,28.8594],[-14.2885,28.7198],[-14.3493,28.5926],[-14.3416,28.4195],[-14.345,28.3143],[-14.3077,28.2087],[-14.3359,28.1025],[-14.3632,27.8812],[-14.3321,27.7263]]},"properties":{"id":350,"group":"trails","name":null}},{"type":"Feature","geometry":{"type":"LineString","coordinates":[[-17.8421,28.9555],[-17.9426,29.0095],[-18.0966,29.02],[-18.1598,29.0047],[-18.2086,29.0229],[-18.4851,29.1969],[-18.3851,29.4254],[-18.278,29.631],[-18.3291,29.7515],[-18.2803,29.8734],[-18.1751,29.9752],[-18.1426,30.0885],[-18.1775,30.1999],[-18.1947,30.3003],[-18.1603,30.3892],[-18.0761,30.47],[-18.189,30.4696],[-18.2971,30.4734],[-18.4239,30.4763],[-18.5372,30.536]]},"properties":{"id":351,"group":"trails","name":null}},{"type":"Feature","geometry":{"type":"LineString","coordinates":[[-17.0886,22.1948],[-17.2441,22.1269],[-17.3393,22.0935],[-17.4364,22.0643],[-17.5661,21.9615],[-17.5886,21.8731],[-17.6489,21.7139],[-17.6972,21.6144],[-17.812,21.4342],[-17.8837,21.3658],[-17.9196,21.1923],[-17.8962,21.0259],[-17.9345,20.7739],[-18.034,20.739],[-18.1746,20.6654],[-18.355,20.6248]]},"properties":{"id":352,"group":"trails","name":null}},{"type":"Feature","geometry":{"type":"LineString","coordinates":[[-15.3128,21.1927],[-15.3205,21.0895],[-15.3358,20.9752],[-15.4362,20.9336],[-15.5793,20.9298],[-15.6352,20.8567],[-15.8204,20.7476],[-15.9797,20.7457],[-16.0878,20.6535],[-16.2323,20.6707],[-16.3227,20.7343],[-16.416,20.7386],[-16.5079,20.6195],[-16.5825,20.3747],[-16.6954,20.3714],[-16.7849,20.4116],[-16.9241,20.5158],[-16.9748,20.5526],[-17.0915,20.5794],[-17.2121,20.5535],[-17.3972,20.5425],[-17.4474,20.49],[-17.5728,20.4474],[-17.722,20.4938],[-17.8278,20.6028],[-17.877,20.6425],[-17.9345,20.7739]]},"properties":{"id":353,"group":"trails","name":null}},{"type":"Feature","geometry":{"type":"LineString","coordinates":[[-19.7141,26.6487],[-19.7825,26.7151],[-19.8155,26.7998],[-19.8022,27.024],[-19.7653,27.1449],[-19.7725,27.2305],[-19.8184,27.3046],[-19.9863,27.4743],[-20.0911,27.5427],[-20.1418,27.6211],[-20.0308,27.6708],[-19.882,27.7354],[-19.8089,27.8343],[-19.6926,27.8841],[-19.5558,27.9395],[-19.4917,28.0246],[-19.4204,28.1312],[-19.306,28.1948],[-19.1941,28.2785],[-19.0965,28.3755],[-18.909,28.4492],[-18.8032,28.4879],[-18.7047,28.5735],[-18.5985,28.779],[-18.5545,28.8971],[-18.5803,29.0468],[-18.4851,29.1969],[-18.6923,29.3575],[-18.7315,29.4388],[-18.8205,29.5],[-18.9147,29.5626],[-18.9382,29.7061],[-19.0099,29.8753],[-19.0855,29.9795],[-19.1252,30.0598],[-19.2003,30.1024],[-19.2592,30.2224],[-19.3257,30.3089],[-19.2458,30.3319],[-19.1888,30.384],[-19.0903,30.4524],[-18.9893,30.5212],[-18.8516,30.5265],[-18.7286,30.504],[-18.6205,30.5011],[-18.5372,30.536]]},"properties":{"id":354,"group":"trails","name":null}},{"type":"Feature","geometry":{"type":"LineString","coordinates":[[-19.8155,26.7998],[-19.9749,26.7711],[-20.0787,26.6917],[-20.15,26.5464],[-20.3428,26.4168],[-20.4714,26.3671]]},"properties":{"id":355,"group":"trails","name":null}},{"type":"Feature","geometry":{"type":"LineString","coordinates":[[-19.3137,22.1943],[-19.3008,22.3684],[-19.3118,22.5127],[-19.3352,22.6524]]},"properties":{"id":356,"group":"trails","name":null}},{"type":"Feature","geometry":{"type":"LineString","coordinates":[[-17.7,28.5424],[-17.8034,28.7284],[-17.8483,28.8374],[-17.8421,28.9555]]},"properties":{"id":357,"group":"trails","name":null}},{"type":"Feature","geometry":{"type":"LineString","coordinates":[[-15.1674,20.6826],[-15.2358,20.7142],[-15.3759,20.828],[-15.4362,20.9336]]},"properties":{"id":358,"group":"trails","name":null}},{"type":"Feature","geometry":{"type":"LineString","coordinates":[[-15.3377,29.5636],[-15.198,29.5555],[-15.1387,29.4952],[-14.9679,29.3886],[-14.8755,29.369],[-14.7784,29.4015],[-14.6,29.4345],[-14.4679,29.4488],[-14.3373,29.39],[-14.2058,29.3508],[-14.0895,29.3566],[-13.9771,29.303],[-13.7891,29.2141],[-13.7508,29.15],[-13.5738,29.0764],[-13.4422,29.0573],[-13.3432,29.0802],[-13.1504,29.107],[-13.0308,29.2084],[-12.8509,29.3614],[-12.749,29.445],[-12.6471,29.4541],[-12.5256,29.5311],[-12.4653,29.62],[-12.4515,29.7806],[-12.3955,29.8691],[-12.3132,29.9351],[-12.2462,30.045],[-12.0898,30.1531],[-11.9917,30.2429],[-11.8314,30.2654],[-11.6984,30.2377],[-11.5664,30.2678],[-11.475,30.372],[-11.4372,30.5059],[-11.3822,30.6139],[-11.3856,30.8114],[-11.3167,30.9233],[-11.2052,30.994],[-11.0851,31.1489],[-10.9005,31.1891]]},"properties":{"id":359,"group":"trails","name":null}},{"type":"Feature","geometry":{"type":"LineString","coordinates":[[-14.3675,21.6383],[-14.345,21.4347],[-14.3981,21.3983],[-14.4689,21.3935],[-14.5603,21.4227],[-14.6115,21.4146],[-14.6564,21.3572],[-14.6641,21.2731],[-14.6531,21.1703]]},"properties":{"id":360,"group":"trails","name":null}},{"type":"Feature","geometry":{"type":"LineString","coordinates":[[-14.4622,21.0613],[-14.3172,21.1]]},"properties":{"id":361,"group":"trails","name":null}},{"type":"Feature","geometry":{"type":"LineString","coordinates":[[-13.868,20.9145],[-13.9235,21.0269],[-13.9728,21.1067]]},"properties":{"id":362,"group":"trails","name":null}},{"type":"Feature","geometry":{"type":"LineString","coordinates":[[-14.6727,20.4345],[-14.7665,20.5076],[-14.8105,20.6047],[-14.8947,20.6869],[-14.9837,20.7218],[-15.1674,20.6826]]},"properties":{"id":363,"group":"trails","name":"Ynuzban trail"}},{"type":"Feature","geometry":{"type":"LineString","coordinates":[[-18.4961,20.7854],[-18.6368,20.773],[-18.7286,20.7271],[-18.9549,20.7347],[-19.1243,20.9107],[-19.2529,21.0302],[-19.329,21.1918],[-19.4127,21.2386],[-19.5275,21.2468],[-19.6519,21.2826],[-19.8428,21.5494]]},"properties":{"id":364,"group":"trails","name":null}},{"type":"Feature","geometry":{"type":"LineString","coordinates":[[-18.4961,20.7854],[-18.355,20.6248]]},"properties":{"id":365,"group":"trails","name":null}},{"type":"Feature","geometry":{"type":"LineString","coordinates":[[-14.3761,21.0374],[-14.3952,20.8753],[-14.4321,20.7854],[-14.5124,20.6458],[-14.5775,20.6071],[-14.6239,20.5215],[-14.6727,20.4345],[-14.5722,20.3379],[-14.4947,20.2146],[-14.4718,20.0363],[-14.4392,19.9641],[-14.4899,19.8221]]},"properties":{"id":366,"group":"trails","name":null}},{"type":"Feature","geometry":{"type":"LineString","coordinates":[[-20.0308,27.6708],[-20.0347,27.8104],[-20.1088,27.93],[-20.17,27.9959],[-20.3399,28.0514],[-20.5274,28.049],[-20.7489,28.1155],[-20.8786,28.2579],[-20.947,28.4176],[-21.0843,28.5333],[-21.2584,28.4855]]},"properties":{"id":367,"group":"trails","name":null}},{"type":"Feature","geometry":{"type":"LineString","coordinates":[[-19.3008,22.3684],[-19.43,22.3798]]},"properties":{"id":368,"group":"trails","name":null}},{"type":"Feature","geometry":{"type":"LineString","coordinates":[[-10.8923,27.5121],[-10.8464,27.4347],[-10.7957,27.3601]]},"properties":{"id":369,"group":"trails","name":null}},{"type":"Feature","geometry":{"type":"LineString","coordinates":[[-13.868,20.9145],[-13.791,20.7845],[-13.8106,20.6931],[-13.8833,20.6133],[-13.8919,20.4909],[-13.9589,20.4393],[-13.923,20.3609],[-13.8288,20.2772],[-13.9532,20.2767],[-14.0201,20.1978],[-14.0575,20.118],[-14.1264,20.0602],[-14.1866,19.9822],[-14.1929,19.8995],[-14.2933,19.8436],[-14.4899,19.8221]]},"properties":{"id":370,"group":"trails","name":null}},{"type":"Feature","geometry":{"type":"LineString","coordinates":[[-11.4497,22.0194],[-11.4033,22.1049],[-11.3564,22.1853]]},"properties":{"id":371,"group":"trails","name":null}},{"type":"Feature","geometry":{"type":"LineString","coordinates":[[-11.8453,21.9787],[-11.8128,21.8406]]},"properties":{"id":372,"group":"trails","name":null}},{"type":"Feature","geometry":{"type":"LineString","coordinates":[[-11.0359,25.5433],[-10.9096,25.5586],[-10.7842,25.5696],[-10.7134,25.5529]]},"properties":{"id":373,"group":"trails","name":null}},{"type":"Feature","geometry":{"type":"LineString","coordinates":[[-10.412,26.0291],[-10.3527,25.9163],[-10.1393,25.9354]]},"properties":{"id":374,"group":"trails","name":null}},{"type":"Feature","geometry":{"type":"LineString","coordinates":[[-10.2962,24.591],[-10.4694,24.6436],[-10.5536,24.6871],[-10.7483,24.8291]]},"properties":{"id":375,"group":"trails","name":null}},{"type":"Feature","geometry":{"type":"LineString","coordinates":[[-21.777,26.1701],[-21.6823,26.3078],[-21.5766,26.3456],[-21.4794,26.3867],[-21.3264,26.3743],[-21.1546,26.2782],[-21.0919,26.2576],[-20.9073,26.3422],[-20.7915,26.3465],[-20.647,26.3217],[-20.4714,26.3671]]},"properties":{"id":376,"group":"trails","name":null}},{"type":"Feature","geometry":{"type":"LineString","coordinates":[[-19.1243,20.9107],[-19.1137,20.7424],[-19.1989,20.6587],[-19.2936,20.6214],[-19.4668,20.6453],[-19.6208,20.6473],[-19.7696,20.8151],[-19.9997,20.9298],[-20.115,20.9896],[-20.1686,21.1062],[-20.2782,21.2066],[-20.3408,21.3644]]},"properties":{"id":377,"group":"trails","name":null}},{"type":"Feature","geometry":{"type":"LineString","coordinates":[[-11.0359,27.7645],[-10.9612,27.6355],[-10.8923,27.5121]]},"properties":{"id":378,"group":"trails","name":null}},{"type":"Feature","geometry":{"type":"LineString","coordinates":[[-19.9997,20.9298],[-19.9682,21.1033],[-19.9543,21.2611],[-19.8385,21.2941],[-19.6519,21.2826]]},"properties":{"id":379,"group":"trails","name":null}},{"type":"Feature","geometry":{"type":"LineString","coordinates":[[-13.8288,20.2772],[-13.803,20.1773],[-13.7805,20.0826],[-13.6996,19.988],[-13.6192,19.899],[-13.5848,19.7872],[-13.5293,19.6949],[-13.4298,19.6385],[-13.3332,19.5768],[-13.2681,19.4712],[-13.1657,19.4085],[-13.0136,19.3564],[-13.037,19.2187],[-12.993,19.1355],[-12.804,19.016],[-12.6835,18.93],[-12.5089,18.896],[-12.4084,18.8602],[-12.3558,18.765],[-12.2845,18.6799],[-12.1749,18.5427],[-12.0424,18.4844],[-11.9544,18.3644]]},"properties":{"id":380,"group":"trails","name":null}},{"type":"Feature","geometry":{"type":"LineString","coordinates":[[-12.9763,19.5462],[-12.9844,19.7303],[-12.96,19.8708],[-13.0107,19.9822],[-13.1016,20.0798]]},"properties":{"id":381,"group":"trails","name":null}},{"type":"Feature","geometry":{"type":"LineString","coordinates":[[-19.6591,30.0847],[-19.873,29.947],[-20.0093,29.8911],[-20.1466,29.8576],[-20.2346,29.7778],[-20.3566,29.7132],[-20.5341,29.6147],[-20.7068,29.5794],[-20.8546,29.4809],[-21.001,29.4178],[-20.9762,29.2753],[-20.9771,29.0697],[-21.0326,28.8957],[-21.0685,28.6973],[-21.0843,28.5333]]},"properties":{"id":382,"group":"trails","name":null}},{"type":"Feature","geometry":{"type":"LineString","coordinates":[[-21.777,26.1701],[-21.9014,26.2519],[-21.932,26.3504],[-21.9631,26.4455],[-22.0401,26.5],[-22.0813,26.5913],[-22.1205,26.6798],[-22.0526,26.8131],[-22.0306,26.99],[-22.0353,27.0904],[-22.0358,27.187],[-21.955,27.3027],[-21.9985,27.4079],[-22.0688,27.4748],[-22.087,27.5666],[-22.1052,27.6632],[-22.1272,27.7559],[-22.1439,27.853],[-22.1248,28.059],[-22.0162,28.1747],[-21.8947,28.2139],[-21.7942,28.3703],[-21.6789,28.2952],[-21.4924,28.2837],[-21.3699,28.3751],[-21.2584,28.4855]]},"properties":{"id":383,"group":"trails","name":null}},{"type":"Feature","geometry":{"type":"LineString","coordinates":[[-19.6208,20.6473],[-19.6811,20.3714],[-19.7591,20.2954],[-19.8945,20.2638]]},"properties":{"id":384,"group":"trails","name":null}},{"type":"Feature","geometry":{"type":"LineString","coordinates":[[-22.1205,26.6798],[-22.2588,26.6659],[-22.376,26.5803],[-22.3836,26.4575],[-22.3544,26.3848],[-22.4319,26.3647],[-22.4836,26.3561],[-22.5472,26.3126],[-22.6439,26.2299],[-22.8419,26.1974]]},"properties":{"id":385,"group":"trails","name":null}},{"type":"Feature","geometry":{"type":"LineString","coordinates":[[-20.115,20.9896],[-20.3413,20.7137],[-20.3758,20.6386],[-20.4169,20.5359],[-20.4241,20.4388],[-20.4657,20.3733],[-20.602,20.2925],[-20.6719,20.227],[-20.7661,20.074],[-20.8231,20.0243],[-20.9159,19.9535],[-21.0116,19.9645],[-21.1034,20.0348],[-21.2575,20.1113],[-21.3211,20.2041],[-21.4115,20.2858],[-21.4651,20.4044],[-21.6115,20.4498],[-21.7473,20.3972],[-21.9588,20.337],[-22.0363,20.3446],[-22.1004,20.3843],[-22.1793,20.5033],[-22.1956,20.6367],[-22.2535,20.7787],[-22.397,20.7424],[-22.4769,20.6382],[-22.6472,20.5951],[-22.7238,20.7285],[-22.785,20.7763],[-22.8104,20.8198],[-22.8974,20.9121],[-22.9357,21.0818],[-23.006,21.2692],[-23.0697,21.3797],[-23.1888,21.4901]]},"properties":{"id":386,"group":"trails","name":"The Serpentine Laninorocch trail"}},{"type":"Feature","geometry":{"type":"LineString","coordinates":[[-12.362,20.4986],[-12.4256,20.4249],[-12.5103,20.4101],[-12.5801,20.3207],[-12.6514,20.2366],[-12.7198,20.2055],[-12.827,20.1888],[-12.9342,20.1682],[-13.0165,20.1257],[-13.1016,20.0798]]},"properties":{"id":387,"group":"trails","name":null}},{"type":"Feature","geometry":{"type":"LineString","coordinates":[[-10.2073,24.5288],[-10.2723,24.4294],[-10.356,24.362],[-10.3847,24.2726],[-10.4555,24.0374],[-10.4555,23.872],[-10.345,23.7797],[-10.1972,23.6334],[-10.079,23.5402],[-9.9905,23.3475],[-9.8312,23.2041],[-9.8638,22.965],[-9.9403,22.8469],[-9.9594,22.7236],[-9.9193,22.5888],[-9.7939,22.6131],[-9.6906,22.693],[-9.5576,22.801]]},"properties":{"id":388,"group":"trails","name":null}},{"type":"Feature","geometry":{"type":"LineString","coordinates":[[-10.2073,24.5288],[-10.2962,24.591],[-10.2025,24.8033],[-10.1259,24.8731],[-9.9432,24.9629],[-9.8934,25.048],[-9.8475,25.1685],[-9.7781,25.2775],[-9.7097,25.3292],[-9.5719,25.312]]},"properties":{"id":389,"group":"trails","name":null}},{"type":"Feature","geometry":{"type":"LineString","coordinates":[[-10.3718,27.8439],[-10.4637,27.7311]]},"properties":{"id":390,"group":"trails","name":null}},{"type":"Feature","geometry":{"type":"LineString","coordinates":[[-10.6259,27.6933],[-10.7718,27.7731],[-10.8761,27.8071],[-11.0359,27.7645]]},"properties":{"id":391,"group":"trails","name":null}},{"type":"Feature","geometry":{"type":"LineString","coordinates":[[-19.6591,30.0847],[-19.6591,29.9838],[-19.6012,29.9245],[-19.4826,29.9092],[-19.3639,29.881],[-19.2195,29.9155],[-19.0855,29.9795]]},"properties":{"id":392,"group":"trails","name":null}},{"type":"Feature","geometry":{"type":"LineString","coordinates":[[-9.9193,22.5888],[-10.0833,22.6045],[-10.1805,22.65],[-10.2675,22.6414],[-10.4943,22.6959]]},"properties":{"id":393,"group":"trails","name":null}},{"type":"Feature","geometry":{"type":"LineString","coordinates":[[-14.091,19.1073],[-14.1622,19.2718],[-14.1823,19.4367],[-14.2766,19.5873],[-14.4899,19.8221]]},"properties":{"id":394,"group":"trails","name":null}},{"type":"Feature","geometry":{"type":"LineString","coordinates":[[-10.9837,20.9671],[-11.0703,21.0206],[-11.1373,21.0383],[-11.187,21.0259],[-11.2827,21.078],[-11.4085,21.0924],[-11.5123,21.0436],[-11.6195,20.992],[-11.7544,21.0245],[-11.9032,21.0292],[-12.0013,21.034],[-12.0989,21.0469],[-12.1807,21.023],[-12.2701,20.9633],[-12.3572,20.9078]]},"properties":{"id":395,"group":"trails","name":null}},{"type":"Feature","geometry":{"type":"LineString","coordinates":[[-12.1759,20.7701],[-12.2357,20.6707],[-12.2955,20.576],[-12.362,20.4986]]},"properties":{"id":396,"group":"trails","name":null}},{"type":"Feature","geometry":{"type":"LineString","coordinates":[[-19.6591,30.0847],[-19.817,30.1631],[-19.9481,30.1693],[-20.0662,30.2401],[-20.1375,30.3237],[-20.1581,30.4179],[-20.126,30.5274],[-20.0835,30.6187],[-20.1787,30.6694],[-20.2098,30.7622],[-20.2423,30.8563],[-20.2624,30.9171],[-20.3131,30.9744],[-20.3585,31.0385],[-20.359,31.1178],[-20.3523,31.1958],[-20.3844,31.2618],[-20.4624,31.2995],[-20.514,31.3875],[-20.5657,31.4769],[-20.6461,31.5539]]},"properties":{"id":397,"group":"trails","name":null}},{"type":"Feature","geometry":{"type":"LineString","coordinates":[[-16.7849,20.4116],[-16.8595,20.314],[-16.9461,20.2509],[-16.9786,20.1625],[-16.9781,20.0061],[-17.0494,19.8952],[-17.0561,19.7499],[-16.9973,19.6007],[-16.9757,19.5596],[-16.8896,19.4535]]},"properties":{"id":398,"group":"trails","name":null}},{"type":"Feature","geometry":{"type":"LineString","coordinates":[[-14.091,19.1073],[-13.9493,19.0849],[-13.7537,19.1303],[-13.6169,19.114],[-13.5073,19.0347],[-13.4327,18.9056],[-13.403,18.7622],[-13.4001,18.5255],[-13.3714,18.3539],[-13.4011,18.2037]]},"properties":{"id":399,"group":"trails","name":null}},{"type":"Feature","geometry":{"type":"LineString","coordinates":[[-20.957,30.1053],[-20.9006,30.0302],[-20.8805,29.9422],[-20.8728,29.8394],[-20.7585,29.7204],[-20.5341,29.6147]]},"properties":{"id":400,"group":"trails","name":null}},{"type":"Feature","geometry":{"type":"LineString","coordinates":[[-14.1622,19.2718],[-14.2823,19.2125],[-14.3665,19.0868],[-14.4139,19.0385],[-14.4885,18.9061],[-14.6076,18.8453],[-14.8368,18.7794],[-14.9884,18.5704],[-14.9961,18.4418],[-15.0114,18.1607],[-15.1066,18.2037],[-15.2056,18.3214],[-15.3511,18.3649],[-15.485,18.3816],[-15.6711,18.3252],[-15.7324,18.2444],[-15.862,18.1684],[-15.9998,18.1975],[-16.1337,18.3051],[-16.1586,18.4485],[-16.3576,18.5131]]},"properties":{"id":401,"group":"trails","name":null}},{"type":"Feature","geometry":{"type":"LineString","coordinates":[[-20.957,30.1053],[-20.881,30.1918],[-20.7236,30.2635],[-20.7355,30.341],[-20.7001,30.4103],[-20.6059,30.4581],[-20.514,30.5097],[-20.4246,30.6264],[-20.3112,30.7268],[-20.2098,30.7622]]},"properties":{"id":402,"group":"trails","name":null}},{"type":"Feature","geometry":{"type":"LineString","coordinates":[[-20.957,30.1053],[-21.0709,30.1196],[-21.1321,30.1559],[-21.1551,30.2238],[-21.335,30.3147]]},"properties":{"id":403,"group":"trails","name":null}},{"type":"Feature","geometry":{"type":"LineString","coordinates":[[-9.2414,23.7008],[-9.3337,23.6071],[-9.4605,23.608],[-9.5408,23.6501],[-9.6179,23.6501],[-9.6944,23.6195],[-9.8169,23.4828],[-9.8494,23.4197],[-9.8312,23.2041]]},"properties":{"id":404,"group":"trails","name":null}},{"type":"Feature","geometry":{"type":"LineString","coordinates":[[-11.4372,30.5059],[-11.5391,30.5274],[-11.5918,30.569],[-11.6468,30.6531],[-11.6654,30.777],[-11.7501,30.896],[-11.8367,30.9534],[-11.9228,31.1025]]},"properties":{"id":405,"group":"trails","name":null}},{"type":"Feature","geometry":{"type":"LineString","coordinates":[[-22.1124,21.9433],[-22.1033,21.8291],[-22.2698,21.8162],[-22.3894,21.8382],[-22.5042,21.9797],[-22.4784,22.1078],[-22.5267,22.2407],[-22.4898,22.3665],[-22.596,22.3727],[-22.7089,22.452],[-22.8735,22.5811],[-22.9137,22.6681],[-23.0113,22.759],[-22.885,22.7876],[-22.8218,22.8221],[-22.6491,22.8058],[-22.5291,22.8508],[-22.4496,22.9172],[-22.4367,23.0037],[-22.4717,23.0802],[-22.5358,23.1457]]},"properties":{"id":406,"group":"trails","name":null}},{"type":"Feature","geometry":{"type":"LineString","coordinates":[[-21.7828,22.431],[-21.9009,22.2833],[-21.9502,22.2073],[-22.0416,22.1073],[-22.1124,21.9433]]},"properties":{"id":407,"group":"trails","name":null}},{"type":"Feature","geometry":{"type":"LineString","coordinates":[[-10.146,26.8208],[-9.913,27.013],[-9.8351,27.056],[-9.7977,27.099],[-9.6059,27.1359],[-9.4542,27.3362],[-9.2935,27.4141],[-9.2337,27.4959],[-9.171,27.5226],[-8.9959,27.5551],[-8.9203,27.4227],[-8.7907,27.3304]]},"properties":{"id":408,"group":"trails","name":null}},{"type":"Feature","geometry":{"type":"LineString","coordinates":[[-10.347,26.0865],[-10.3527,25.9163],[-10.2489,26.0109],[-10.18,26.0802],[-10.0771,26.1151],[-9.9413,26.119],[-9.8413,26.1563],[-9.7241,26.1127],[-9.6638,26.0406],[-9.627,25.9578],[-9.6236,25.812],[-9.6695,25.7308],[-9.6963,25.6342],[-9.681,25.5127],[-9.6389,25.3818],[-9.5719,25.312]]},"properties":{"id":409,"group":"trails","name":null}},{"type":"Feature","geometry":{"type":"LineString","coordinates":[[-9.3136,22.1709],[-9.3117,22.0466],[-9.2543,21.9233],[-9.2524,21.7846],[-9.2342,21.7158]]},"properties":{"id":410,"group":"trails","name":null}},{"type":"Feature","geometry":{"type":"LineString","coordinates":[[-8.5022,25.7355],[-8.6472,25.779],[-8.7802,25.747],[-8.9093,25.7245],[-9.0074,25.7489],[-9.1442,25.6882],[-9.2902,25.6337],[-9.348,25.5644],[-9.4078,25.4979],[-9.526,25.4382],[-9.5719,25.312]]},"properties":{"id":411,"group":"trails","name":null}},{"type":"Feature","geometry":{"type":"LineString","coordinates":[[-16.7241,18.5375],[-16.7088,18.7239],[-16.7633,18.9319],[-16.8394,19.072],[-16.8848,19.289],[-16.8896,19.4535]]},"properties":{"id":412,"group":"trails","name":null}},{"type":"Feature","geometry":{"type":"LineString","coordinates":[[-16.5476,17.9064],[-16.4844,17.9575],[-16.3466,18.0111],[-16.2993,18.2463],[-16.3576,18.5131]]},"properties":{"id":413,"group":"trails","name":null}},{"type":"Feature","geometry":{"type":"LineString","coordinates":[[-21.4651,20.4044],[-21.5282,20.2485]]},"properties":{"id":414,"group":"trails","name":null}},{"type":"Feature","geometry":{"type":"LineString","coordinates":[[-14.3536,31.9038],[-14.3335,31.9449],[-14.2861,32.1443],[-14.1598,32.3016],[-14.0445,32.4034],[-14.0288,32.511],[-14.0666,32.6004],[-14.0948,32.7151],[-14.1283,32.8284],[-14.0862,32.9876],[-13.98,33.0694],[-13.9092,33.1971],[-13.8211,33.2788],[-13.7862,33.3696],[-13.7599,33.5049],[-13.6326,33.5982],[-13.5245,33.646],[-13.415,33.7387],[-13.2973,33.7708],[-13.0633,33.8582]]},"properties":{"id":415,"group":"trails","name":null}},{"type":"Feature","geometry":{"type":"LineString","coordinates":[[-22.2746,20.9805],[-22.3339,21.0847],[-22.3607,21.1994],[-22.4683,21.3156],[-22.4975,21.4284],[-22.5286,21.4834],[-22.5205,21.6049],[-22.4736,21.6919],[-22.3894,21.8382]]},"properties":{"id":416,"group":"trails","name":null}},{"type":"Feature","geometry":{"type":"LineString","coordinates":[[-13.037,19.2187],[-13.1715,19.2307],[-13.3054,19.2484],[-13.4374,19.1867],[-13.6169,19.114]]},"properties":{"id":417,"group":"trails","name":null}},{"type":"Feature","geometry":{"type":"LineString","coordinates":[[-16.5476,17.9064],[-16.7255,17.9451],[-16.881,18.0551]]},"properties":{"id":418,"group":"trails","name":null}},{"type":"Feature","geometry":{"type":"LineString","coordinates":[[-17.8263,17.9862],[-17.867,18.0833],[-17.9569,18.0986],[-18.0445,18.088],[-18.1316,18.1292],[-18.2201,18.1947],[-18.2842,18.3099],[-18.3784,18.3759],[-18.4827,18.4131],[-18.5679,18.4734],[-18.6516,18.5355],[-18.7516,18.5537],[-18.8501,18.5719],[-18.9606,18.6981],[-19.0137,18.9247],[-19.1257,19.0471],[-19.252,19.0839],[-19.3649,19.2139],[-19.4553,19.2555],[-19.5232,19.4291],[-19.4931,19.5869],[-19.5213,19.759],[-19.6031,19.9473],[-19.6605,20.074],[-19.8002,20.1534],[-19.8945,20.2638]]},"properties":{"id":419,"group":"trails","name":null}},{"type":"Feature","geometry":{"type":"LineString","coordinates":[[-18.9606,18.6981],[-18.998,18.5327],[-19.041,18.3577],[-19.1487,18.3424],[-19.3204,18.3907],[-19.418,18.3156],[-19.4701,18.1717],[-19.6146,18.0742],[-19.7022,18.0508],[-19.7911,18.0001],[-19.8366,17.9054],[-19.8591,17.7931],[-19.9466,17.6735],[-20.0308,17.6047],[-20.1141,17.7276],[-20.1887,17.7792],[-20.2676,17.7735],[-20.3184,17.7386],[-20.5997,17.7763],[-20.759,17.8528],[-20.836,17.9045],[-21.0805,17.9078],[-21.2221,17.9255],[-21.29,17.9704],[-21.3933,18.0139],[-21.5866,18.0211],[-21.7397,18.0527],[-21.8516,18.0225],[-21.9325,17.9145],[-22.0296,17.8963],[-22.1822,17.7792],[-22.3013,18.067],[-22.442,18.1798],[-22.5262,18.3247],[-22.6601,18.4189],[-22.8022,18.5676],[-22.9328,18.5934],[-23.0285,18.6684],[-23.1113,18.6388],[-23.1553,18.59],[-23.2122,18.5241],[-23.2907,18.5317],[-23.3825,18.5499],[-23.505,18.6034],[-23.6289,18.7574],[-23.7117,18.8061],[-23.7581,18.9233],[-23.8734,19.0074],[-23.9317,19.071],[-23.9356,19.1733],[-23.9389,19.2775]]},"properties":{"id":420,"group":"trails","name":null}},{"type":"Feature","geometry":{"type":"LineString","coordinates":[[-10.9837,20.9671],[-10.9091,20.8829],[-10.7986,20.8562],[-10.7373,20.7912],[-10.7373,20.5526],[-10.7412,20.4264],[-10.8038,20.3317],[-10.7569,20.1524],[-10.6474,19.9287],[-10.59,19.8541],[-10.5699,19.7642],[-10.5192,19.6724],[-10.4685,19.5782],[-10.3929,19.4544],[-10.3202,19.3306],[-10.301,19.2307],[-10.3412,19.1504],[-10.3809,19.072],[-10.4972,19.0294],[-10.6129,18.8659]]},"properties":{"id":421,"group":"trails","name":null}},{"type":"Feature","geometry":{"type":"LineString","coordinates":[[-9.3136,22.1709],[-9.0959,22.2288],[-8.9629,22.3344],[-8.9136,22.4496],[-8.9208,22.6136],[-8.7223,22.6705]]},"properties":{"id":422,"group":"trails","name":null}},{"type":"Feature","geometry":{"type":"LineString","coordinates":[[-9.6906,22.693],[-9.5724,22.5381],[-9.527,22.3526],[-9.3136,22.1709]]},"properties":{"id":423,"group":"trails","name":null}},{"type":"Feature","geometry":{"type":"LineString","coordinates":[[-22.5205,21.6049],[-22.7219,21.5833],[-22.8247,21.5451],[-22.9405,21.4614],[-23.1888,21.4901],[-23.3591,21.6455],[-23.4744,21.6842],[-23.539,21.7574],[-23.6581,21.7684],[-23.6921,21.8735],[-23.682,22.0151],[-23.6653,22.1915]]},"properties":{"id":424,"group":"trails","name":null}},{"type":"Feature","geometry":{"type":"LineString","coordinates":[[-21.1541,19.6442],[-21.1393,19.7116],[-21.1226,19.8235],[-21.0116,19.9645]]},"properties":{"id":425,"group":"trails","name":null}},{"type":"Feature","geometry":{"type":"LineString","coordinates":[[-21.4115,20.2858],[-21.5282,20.2485]]},"properties":{"id":426,"group":"trails","name":null}},{"type":"Feature","geometry":{"type":"LineString","coordinates":[[-22.8563,26.075],[-22.8419,26.1974]]},"properties":{"id":427,"group":"trails","name":null}},{"type":"Feature","geometry":{"type":"LineString","coordinates":[[-22.4496,22.9172],[-22.3229,22.8297],[-22.2602,22.6815],[-22.099,22.4874]]},"properties":{"id":428,"group":"trails","name":null}},{"type":"Feature","geometry":{"type":"LineString","coordinates":[[-14.7913,31.812],[-14.6244,31.9134],[-14.5196,31.9894]]},"properties":{"id":429,"group":"trails","name":null}},{"type":"Feature","geometry":{"type":"LineString","coordinates":[[-22.2746,20.9805],[-22.2535,20.7787]]},"properties":{"id":430,"group":"trails","name":null}},{"type":"Feature","geometry":{"type":"LineString","coordinates":[[-9.0801,21.3754],[-9.0806,21.4576],[-9.1615,21.6422],[-9.2342,21.7158]]},"properties":{"id":431,"group":"trails","name":null}},{"type":"Feature","geometry":{"type":"LineString","coordinates":[[-9.2543,21.9233],[-9.3136,22.1709]]},"properties":{"id":432,"group":"trails","name":null}},{"type":"Feature","geometry":{"type":"LineString","coordinates":[[-11.0387,31.2938],[-11.0851,31.1489]]},"properties":{"id":433,"group":"trails","name":null}},{"type":"Feature","geometry":{"type":"LineString","coordinates":[[-8.4534,27.3849],[-8.5702,27.4079],[-8.6701,27.3763],[-8.7448,27.3137],[-8.774,27.2339],[-8.7807,27.1425],[-8.8371,27.0503],[-8.9136,26.958],[-8.983,26.8547],[-8.949,26.7429],[-8.8658,26.6602],[-8.7673,26.5225],[-8.7213,26.4197],[-8.7256,26.3121],[-8.7912,26.2127],[-8.8113,26.1118],[-8.7462,26.0549],[-8.6419,26.0468],[-8.5214,25.8455],[-8.5022,25.7355]]},"properties":{"id":434,"group":"trails","name":null}},{"type":"Feature","geometry":{"type":"LineString","coordinates":[[-23.7456,25.966],[-23.9174,25.7905],[-23.9643,25.8852],[-24.0509,25.9392],[-23.9748,26.0721],[-23.9906,26.2404],[-24.038,26.4273],[-24.1461,26.4861],[-24.292,26.4546],[-24.4302,26.4417],[-24.5384,26.3824],[-24.6245,26.3331],[-24.7111,26.2873],[-24.8082,26.2758],[-24.9077,26.2619],[-24.9555,26.4732],[-24.9455,26.5507],[-24.99,26.6429],[-25.0833,26.7854],[-25.1723,26.8457],[-25.2655,27.0269],[-25.2033,27.2272],[-25.2273,27.319],[-25.2713,27.6058]]},"properties":{"id":435,"group":"trails","name":null}},{"type":"Feature","geometry":{"type":"LineString","coordinates":[[-22.8563,26.075],[-22.9635,26.0071],[-23.0668,25.9239],[-23.1252,25.8517],[-23.3146,25.8116],[-23.4309,25.8264],[-23.5787,25.8431],[-23.7456,25.966]]},"properties":{"id":436,"group":"trails","name":null}},{"type":"Feature","geometry":{"type":"LineString","coordinates":[[-21.1541,19.6442],[-21.1474,19.3894]]},"properties":{"id":437,"group":"trails","name":null}},{"type":"Feature","geometry":{"type":"LineString","coordinates":[[-21.1226,19.8235],[-21.1541,19.6442]]},"properties":{"id":438,"group":"trails","name":null}},{"type":"Feature","geometry":{"type":"LineString","coordinates":[[-16.892,18.1344],[-17.0284,18.1167],[-17.1073,18.1201],[-17.1738,18.0814],[-17.2647,18.0374],[-17.3561,17.9953],[-17.4599,17.9513],[-17.568,17.9351],[-17.6843,17.9709],[-17.8263,17.9862]]},"properties":{"id":439,"group":"trails","name":null}},{"type":"Feature","geometry":{"type":"LineString","coordinates":[[-16.5476,17.9064],[-16.5375,17.7744],[-16.4725,17.6817],[-16.3863,17.6033],[-16.2792,17.5445],[-16.2132,17.4517],[-16.1223,17.4751],[-16.0419,17.4465],[-15.9677,17.3614],[-15.9118,17.2275],[-15.8295,17.1711],[-15.7338,17.1357],[-15.6171,17.1481],[-15.4898,17.1873]]},"properties":{"id":440,"group":"trails","name":null}},{"type":"Feature","geometry":{"type":"LineString","coordinates":[[-8.6218,28.3622],[-8.6811,28.2699],[-8.7768,28.147],[-8.8199,28.0538],[-8.8208,27.9061],[-8.9084,27.7191],[-8.9959,27.5551]]},"properties":{"id":441,"group":"trails","name":null}},{"type":"Feature","geometry":{"type":"LineString","coordinates":[[-23.0113,22.759],[-23.0118,22.6414],[-23.0194,22.4817],[-23.0888,22.344]]},"properties":{"id":442,"group":"trails","name":null}},{"type":"Feature","geometry":{"type":"LineString","coordinates":[[-23.4653,22.3832],[-23.5452,22.4262]]},"properties":{"id":443,"group":"trails","name":null}},{"type":"Feature","geometry":{"type":"LineString","coordinates":[[-9.6863,28.5127],[-9.6188,28.4769],[-9.548,28.4879],[-9.3758,28.5295],[-9.1557,28.5467],[-9.0132,28.5974],[-8.8754,28.5811],[-8.8251,28.5897],[-8.6735,28.6318],[-8.6218,28.3622],[-8.441,28.3961],[-8.3836,28.5056],[-8.3032,28.5711],[-8.1831,28.5926]]},"properties":{"id":444,"group":"trails","name":null}},{"type":"Feature","geometry":{"type":"LineString","coordinates":[[-9.0801,21.3754],[-8.9868,21.4222],[-8.7711,21.503]]},"properties":{"id":445,"group":"trails","name":null}},{"type":"Feature","geometry":{"type":"LineString","coordinates":[[-8.6056,28.8398],[-8.5678,28.9473],[-8.5969,29.0573],[-8.663,29.1653],[-8.7634,29.228],[-8.829,29.3929],[-8.9816,29.4938]]},"properties":{"id":446,"group":"trails","name":null}},{"type":"Feature","geometry":{"type":"LineString","coordinates":[[-8.9347,29.5507],[-8.9151,29.816]]},"properties":{"id":447,"group":"trails","name":null}},{"type":"Feature","geometry":{"type":"LineString","coordinates":[[-22.4889,20.3781],[-22.574,20.4689],[-22.6472,20.5951]]},"properties":{"id":448,"group":"trails","name":null}},{"type":"Feature","geometry":{"type":"LineString","coordinates":[[-22.4889,20.3781],[-22.3875,20.3245],[-22.2741,20.3174],[-22.2243,20.2437],[-22.2018,20.14],[-22.1449,20.0774],[-22.1176,19.9512],[-22.1927,19.8465],[-22.2975,19.8407],[-22.4028,19.8904],[-22.4602,19.9158],[-22.5056,19.9717],[-22.5692,20.0396]]},"properties":{"id":449,"group":"trails","name":null}},{"type":"Feature","geometry":{"type":"LineString","coordinates":[[-8.6056,28.8398],[-8.5969,28.7762],[-8.6735,28.6318]]},"properties":{"id":450,"group":"trails","name":null}},{"type":"Feature","geometry":{"type":"LineString","coordinates":[[-14.8731,32.0625],[-14.7913,31.812]]},"properties":{"id":451,"group":"trails","name":null}},{"type":"Feature","geometry":{"type":"LineString","coordinates":[[-15.1066,18.2037],[-15.1927,18.0202],[-15.2702,17.893],[-15.3721,17.6731],[-15.3611,17.4661],[-15.353,17.3599],[-15.4047,17.2686],[-15.4898,17.1873]]},"properties":{"id":452,"group":"trails","name":null}},{"type":"Feature","geometry":{"type":"LineString","coordinates":[[-23.5476,22.2646],[-23.5452,22.4262]]},"properties":{"id":453,"group":"trails","name":null}},{"type":"Feature","geometry":{"type":"LineString","coordinates":[[-13.9713,33.9037],[-13.7489,33.8028],[-13.6499,33.6747],[-13.6326,33.5982]]},"properties":{"id":454,"group":"trails","name":null}},{"type":"Feature","geometry":{"type":"LineString","coordinates":[[-14.3818,16.976],[-14.2775,17.063],[-14.2163,17.1481],[-14.1589,17.228],[-14.1177,17.281],[-14.0039,17.4149]]},"properties":{"id":455,"group":"trails","name":null}},{"type":"Feature","geometry":{"type":"LineString","coordinates":[[-14.1244,17.7448],[-14.1847,17.7252],[-14.2646,17.7328],[-14.3656,17.6931],[-14.4612,17.6233],[-14.5349,17.4971],[-14.6158,17.3872],[-14.71,17.3088],[-14.7971,17.2806],[-14.8755,17.3006],[-15.0554,17.2944],[-15.1482,17.2858],[-15.2382,17.3202],[-15.353,17.3599]]},"properties":{"id":456,"group":"trails","name":null}},{"type":"Feature","geometry":{"type":"LineString","coordinates":[[-24.0212,22.2288],[-24.0332,22.3402],[-24.0652,22.4377],[-24.1312,22.5065],[-24.1997,22.6041],[-24.2308,22.7236],[-24.3221,22.7657],[-24.3972,22.7881],[-24.4685,22.8106],[-24.5446,22.7982],[-24.6527,22.7365]]},"properties":{"id":457,"group":"trails","name":null}},{"type":"Feature","geometry":{"type":"LineString","coordinates":[[-21.5866,18.0211],[-21.511,18.1225],[-21.4522,18.221],[-21.4048,18.4251],[-21.4436,18.5599],[-21.3646,18.7167],[-21.3383,18.831],[-21.3378,18.9276],[-21.2799,19.0414],[-21.2776,19.1637],[-21.1474,19.3894]]},"properties":{"id":458,"group":"trails","name":null}},{"type":"Feature","geometry":{"type":"LineString","coordinates":[[-24.2877,22.0686],[-24.3829,22.1618],[-24.4776,22.1915],[-24.547,22.2952],[-24.5465,22.3947],[-24.5585,22.4712],[-24.568,22.6065],[-24.6527,22.7365]]},"properties":{"id":459,"group":"trails","name":null}},{"type":"Feature","geometry":{"type":"LineString","coordinates":[[-24.1442,21.5905],[-24.1284,21.7574],[-24.171,21.9309],[-24.2877,22.0686]]},"properties":{"id":460,"group":"trails","name":null}},{"type":"Feature","geometry":{"type":"LineString","coordinates":[[-14.3818,16.976],[-14.2498,16.845],[-14.0761,16.813],[-13.8967,16.5916]]},"properties":{"id":461,"group":"trails","name":null}},{"type":"Feature","geometry":{"type":"LineString","coordinates":[[-24.1442,21.5905],[-24.1073,21.4892],[-24.0169,21.439],[-23.9504,21.3443],[-23.8743,21.2482],[-23.816,21.1158],[-23.8351,21.0025],[-23.8844,20.8371],[-23.8815,20.6965],[-23.9461,20.599],[-24.0045,20.533]]},"properties":{"id":462,"group":"trails","name":null}},{"type":"Feature","geometry":{"type":"LineString","coordinates":[[-23.6921,21.8735],[-23.8705,21.8214],[-23.9834,21.7253],[-24.1442,21.5905]]},"properties":{"id":463,"group":"trails","name":null}},{"type":"Feature","geometry":{"type":"LineString","coordinates":[[-22.4602,19.9158],[-22.4406,19.802],[-22.4487,19.7303],[-22.5028,19.6533],[-22.6037,19.6208],[-22.6611,19.6175],[-22.707,19.5845],[-22.7989,19.5692],[-22.8965,19.5529],[-22.9883,19.5921],[-23.0333,19.6633],[-23.028,19.7652],[-23.1376,19.7986],[-23.2639,19.8445],[-23.3385,19.8216],[-23.4586,19.7623],[-23.6705,19.7489]]},"properties":{"id":464,"group":"trails","name":null}},{"type":"Feature","geometry":{"type":"LineString","coordinates":[[-25.2612,23.3848],[-25.1632,23.303],[-25.0842,23.1897],[-24.9862,23.1319],[-24.8752,23.0975],[-24.7737,22.977],[-24.6675,22.8584],[-24.6527,22.7365]]},"properties":{"id":465,"group":"trails","name":null}},{"type":"Feature","geometry":{"type":"LineString","coordinates":[[-13.9713,33.9037],[-13.8384,33.9926],[-13.7551,34.1279],[-13.6499,34.2006],[-13.4762,34.301],[-13.2681,34.463],[-13.1628,34.42],[-13.1136,34.3306],[-13.1198,34.1814],[-13.1274,34.0294],[-13.0633,33.8582]]},"properties":{"id":466,"group":"trails","name":null}},{"type":"Feature","geometry":{"type":"LineString","coordinates":[[-25.1239,27.7306],[-24.9555,27.6445],[-25.0665,27.5781],[-25.1727,27.5661],[-25.2713,27.6058],[-25.3383,27.6694],[-25.3483,27.755]]},"properties":{"id":467,"group":"trails","name":null}},{"type":"Feature","geometry":{"type":"LineString","coordinates":[[-23.6667,19.9268],[-23.6495,19.8412],[-23.6705,19.7489],[-23.6409,19.6304],[-23.7002,19.5061],[-23.7595,19.3822],[-23.8495,19.3282],[-23.9432,19.3244],[-24.0413,19.3674],[-24.0868,19.3884],[-24.1422,19.4716],[-24.2016,19.5601],[-24.2743,19.6495],[-24.347,19.736],[-24.3776,19.8503],[-24.3527,19.9382],[-24.2743,19.9994],[-24.191,20.0573],[-24.1537,20.1429],[-24.1619,20.2519],[-24.1078,20.3609],[-24.058,20.4646],[-24.0045,20.533]]},"properties":{"id":468,"group":"trails","name":null}},{"type":"Feature","geometry":{"type":"LineString","coordinates":[[-25.2124,22.8718],[-25.2249,22.9822],[-25.1584,23.0745],[-25.0842,23.1897]]},"properties":{"id":469,"group":"trails","name":null}},{"type":"Feature","geometry":{"type":"LineString","coordinates":[[-16.0247,34.6351],[-15.9127,34.6519],[-15.884,34.7207],[-15.9098,34.7953],[-15.9864,34.8732],[-16.0878,34.9617],[-16.1835,35.021],[-16.2773,35.0248],[-16.3662,35.0214],[-16.4591,35.0219],[-16.5873,34.9502],[-16.6078,35.0468],[-16.6389,35.1338],[-16.671,35.2222],[-16.7193,35.3747],[-16.7399,35.5182],[-16.6992,35.6334],[-16.7365,35.739],[-16.8112,35.7935],[-16.9183,35.7993],[-17.0054,35.8791],[-17.058,35.9542],[-17.1116,36.0307],[-17.1671,36.1263],[-17.2212,36.2176],[-17.2695,36.2559],[-17.3508,36.2755],[-17.4503,36.2898],[-17.5575,36.4017],[-17.6311,36.5102],[-17.6637,36.5972],[-17.7412,36.6541],[-17.8359,36.6651],[-17.9287,36.6202],[-18.034,36.5336],[-18.145,36.4514],[-18.2464,36.459],[-18.3449,36.4696],[-18.4669,36.5375],[-18.5315,36.5747],[-18.6004,36.5767],[-18.6769,36.5164],[-18.7568,36.4552],[-18.8549,36.459],[-18.9587,36.4676],[-19.0874,36.5647],[-19.1362,36.6426],[-19.1888,36.7239],[-19.2721,36.7583],[-19.3658,36.7516],[-19.4606,36.7282],[-19.561,36.6885],[-19.6649,36.6517],[-19.7734,36.6713],[-19.8844,36.689],[-20.006,36.6962],[-20.1256,36.7373],[-20.2385,36.701],[-20.2877,36.7096],[-20.4834,36.6618],[-20.6006,36.7512],[-20.7403,36.7755],[-20.8183,36.8377],[-20.9044,36.8602],[-21.002,36.8434],[-21.113,36.787],[-21.2082,36.6618],[-21.335,36.5738],[-21.4579,36.4896],[-21.5665,36.4763],[-21.7201,36.5288],[-21.8344,36.5107],[-21.9349,36.4715],[-22.0066,36.4017],[-22.0688,36.3123],[-22.1023,36.078],[-22.1535,35.9422],[-22.2224,35.8366],[-22.3176,35.7849],[-22.3454,35.7018],[-22.4047,35.6267],[-22.5176,35.5641],[-22.6075,35.4895],[-22.6496,35.3977],[-22.731,35.3135],[-22.8156,35.2791],[-22.8735,35.1854],[-22.9458,35.1223],[-23.0309,35.0845],[-23.0706,34.988],[-23.0572,34.8814],[-23.0175,34.7637]]},"properties":{"id":470,"group":"trails","name":null}},{"type":"Feature","geometry":{"type":"LineString","coordinates":[[-8.3721,30.2802],[-8.4582,30.3376]]},"properties":{"id":471,"group":"trails","name":null}},{"type":"Feature","geometry":{"type":"LineString","coordinates":[[-8.9031,30.8735],[-8.9557,31.0729],[-9.0179,31.31],[-9.0227,31.4286],[-8.9519,31.639],[-8.9089,31.8618],[-8.9428,31.9889],[-8.9036,32.1505],[-8.8715,32.4144]]},"properties":{"id":472,"group":"trails","name":null}},{"type":"Feature","geometry":{"type":"LineString","coordinates":[[-8.5424,30.1473],[-8.3721,30.2802]]},"properties":{"id":473,"group":"trails","name":null}},{"type":"Feature","geometry":{"type":"LineString","coordinates":[[-25.4837,27.471],[-25.4426,27.5375],[-25.2713,27.6058]]},"properties":{"id":474,"group":"trails","name":null}},{"type":"Feature","geometry":{"type":"LineString","coordinates":[[-12.9131,16.1781],[-12.7993,16.1666],[-12.828,16.2479],[-12.8672,16.3622],[-12.9184,16.4544],[-12.9992,16.5056],[-13.0643,16.5486],[-13.0973,16.606],[-13.1313,16.7178],[-13.1657,16.8316],[-13.2657,16.8058]]},"properties":{"id":475,"group":"trails","name":null}},{"type":"Feature","geometry":{"type":"LineString","coordinates":[[-13.3092,16.9306],[-13.3839,16.867],[-13.4566,16.8058],[-13.5676,16.7427],[-13.6341,16.7002],[-13.714,16.6896],[-13.8967,16.5916]]},"properties":{"id":476,"group":"trails","name":null}},{"type":"Feature","geometry":{"type":"LineString","coordinates":[[-8.1941,18.0833],[-8.2023,18.2104],[-8.2582,18.3156],[-8.2802,18.4045],[-8.2228,18.5939],[-8.1401,18.6895],[-8.1425,18.7947],[-8.1425,18.8951],[-8.1028,19.0265],[-8.0621,19.1331],[-8.0186,19.2441],[-7.9439,19.3684],[-7.975,19.5084],[-7.9645,19.6036],[-7.9492,19.6949],[-7.9932,19.8044],[-8.0071,19.8852],[-7.9908,19.9382],[-7.875,20.0874],[-7.7148,20.0444]]},"properties":{"id":477,"group":"trails","name":null}},{"type":"Feature","geometry":{"type":"LineString","coordinates":[[-22.1822,17.7792],[-22.1884,17.7084],[-22.1793,17.6186],[-22.2171,17.4986],[-22.2597,17.3441],[-22.3568,17.2399]]},"properties":{"id":478,"group":"trails","name":null}},{"type":"Feature","geometry":{"type":"LineString","coordinates":[[-25.2612,23.3848],[-25.4913,23.3977],[-25.7076,23.3824],[-25.8554,23.3652]]},"properties":{"id":479,"group":"trails","name":null}},{"type":"Feature","geometry":{"type":"LineString","coordinates":[[-25.1584,23.0745],[-25.2005,23.1787],[-25.2612,23.3848]]},"properties":{"id":480,"group":"trails","name":null}},{"type":"Feature","geometry":{"type":"LineString","coordinates":[[-8.5424,30.1473],[-8.4778,30.0584],[-8.3951,30.0106],[-8.3166,29.968],[-8.2573,29.8844],[-8.1597,29.8294]]},"properties":{"id":481,"group":"trails","name":null}},{"type":"Feature","geometry":{"type":"LineString","coordinates":[[-10.4091,31.179],[-10.3804,31.2479],[-10.3814,31.3703],[-10.358,31.4845],[-10.2838,31.5768],[-10.1862,31.6605],[-10.0633,31.7145],[-9.9963,31.7896],[-9.9164,31.835],[-9.8188,31.8555],[-9.703,31.8006],[-9.6121,31.714],[-9.4892,31.6696],[-9.3672,31.6806],[-9.2241,31.7891],[-9.1308,31.8369],[-8.9089,31.8618]]},"properties":{"id":482,"group":"trails","name":null}},{"type":"Feature","geometry":{"type":"LineString","coordinates":[[-10.456,17.03],[-10.5268,17.1247],[-10.5536,17.217],[-10.5818,17.3049],[-10.6058,17.4613],[-10.5651,17.5727],[-10.5201,17.6898],[-10.5421,17.7792],[-10.5512,17.8916]]},"properties":{"id":483,"group":"trails","name":null}},{"type":"Feature","geometry":{"type":"LineString","coordinates":[[-10.668,18.1602],[-10.7603,18.2324],[-10.8579,18.3032],[-10.9383,18.3644],[-11.0138,18.4284]]},"properties":{"id":484,"group":"trails","name":null}},{"type":"Feature","geometry":{"type":"LineString","coordinates":[[-12.9184,16.4544],[-12.7811,16.5084],[-12.7103,16.5763],[-12.6471,16.572],[-12.5768,16.5367],[-12.383,16.5347],[-12.2883,16.5457],[-12.2319,16.5912],[-12.0874,16.737]]},"properties":{"id":485,"group":"trails","name":null}},{"type":"Feature","geometry":{"type":"LineString","coordinates":[[-13.2681,34.463],[-13.3542,34.5653],[-13.4604,34.6342],[-13.5054,34.7389],[-13.5389,34.8355],[-13.57,34.9335],[-13.6116,35.0415],[-13.6767,35.1051],[-13.7508,35.1491],[-13.8317,35.2084],[-13.9599,35.2767],[-14.0503,35.3164],[-14.1072,35.3862],[-14.1292,35.4809],[-14.1842,35.5502],[-14.2775,35.5918]]},"properties":{"id":486,"group":"trails","name":null}},{"type":"Feature","geometry":{"type":"LineString","coordinates":[[-24.0868,19.3884],[-24.2245,19.3014],[-24.3896,19.1446],[-24.4183,19.2938],[-24.4977,19.3794],[-24.5613,19.4544],[-24.6264,19.5295],[-24.7623,19.5806],[-24.8316,19.7222],[-24.989,19.8006],[-25.0991,19.834],[-25.1751,19.9129],[-25.1928,20.0167],[-25.2096,20.1257]]},"properties":{"id":487,"group":"trails","name":null}},{"type":"Feature","geometry":{"type":"LineString","coordinates":[[-9.9484,17.3279],[-10.1149,17.2748],[-10.2293,17.1486],[-10.456,17.03],[-10.3436,16.998],[-10.2723,16.9359],[-10.2006,16.8704],[-10.0771,16.781],[-10.003,16.6801],[-9.9671,16.5907],[-9.9049,16.5457],[-9.8609,16.399],[-9.8126,16.2766]]},"properties":{"id":488,"group":"trails","name":null}},{"type":"Feature","geometry":{"type":"LineString","coordinates":[[-7.3646,19.9832],[-7.5373,19.9684],[-7.7148,20.0444]]},"properties":{"id":489,"group":"trails","name":null}},{"type":"Feature","geometry":{"type":"LineString","coordinates":[[-13.9599,35.2767],[-14.0441,35.0745],[-14.0503,34.9578],[-14.0871,34.8876],[-14.2043,34.8331],[-14.2651,34.7963],[-14.3034,34.6485]]},"properties":{"id":490,"group":"trails","name":null}},{"type":"Feature","geometry":{"type":"LineString","coordinates":[[-25.4837,27.471],[-25.5751,27.3955],[-25.6607,27.4256],[-25.7277,27.4939],[-25.8937,27.5188],[-26.019,27.4882],[-26.2166,27.3825]]},"properties":{"id":491,"group":"trails","name":null}},{"type":"Feature","geometry":{"type":"LineString","coordinates":[[-21.9607,16.8431],[-21.8583,16.9927],[-21.6828,17.2332]]},"properties":{"id":492,"group":"trails","name":null}},{"type":"Feature","geometry":{"type":"LineString","coordinates":[[-9.9484,17.3279],[-9.8791,17.3824],[-9.7753,17.4374],[-9.6954,17.4216],[-9.6432,17.3872],[-9.5231,17.401],[-9.4514,17.4445],[-9.3098,17.4441],[-9.2686,17.2963],[-9.2844,17.1304],[-9.2323,17.0238],[-9.2844,16.8613],[-9.3672,16.5778],[-9.4719,16.5161],[-9.5801,16.4707],[-9.7155,16.3335],[-9.8126,16.2766]]},"properties":{"id":493,"group":"trails","name":null}},{"type":"Feature","geometry":{"type":"LineString","coordinates":[[-7.1397,20.7108],[-7.1818,20.5913],[-7.2273,20.479],[-7.1742,20.2088],[-7.2325,20.0903],[-7.3646,19.9832]]},"properties":{"id":494,"group":"trails","name":null}},{"type":"Feature","geometry":{"type":"LineString","coordinates":[[-7.1397,20.7108],[-7.0426,20.7424],[-6.9713,20.8084],[-6.889,20.8461],[-6.7819,20.8944],[-6.6384,20.8849],[-6.5235,20.9116],[-6.4752,20.9408],[-6.4082,20.9365],[-6.359,20.8629],[-6.357,20.7572],[-6.3145,20.6109],[-6.2432,20.511],[-6.2188,20.3857],[-6.2126,20.227],[-6.1265,20.0649],[-5.9896,19.9741],[-5.9327,19.8378],[-5.9528,19.6863],[-6.0753,19.5787],[-6.1336,19.5171],[-6.1772,19.3746],[-6.1643,19.2517]]},"properties":{"id":495,"group":"trails","name":null}},{"type":"Feature","geometry":{"type":"LineString","coordinates":[[-25.2124,22.8718],[-25.2043,22.7704],[-25.2297,22.7016],[-25.2847,22.6614],[-25.3727,22.6509],[-25.4626,22.5926],[-25.5545,22.5304],[-25.6578,22.5237],[-25.7497,22.4865],[-25.8186,22.3975],[-25.8942,22.3229],[-25.9851,22.2885],[-26.0884,22.2995],[-26.1362,22.1986],[-26.2137,22.1527],[-26.2434,22.0992],[-26.2845,21.9825],[-26.3099,21.8716]]},"properties":{"id":496,"group":"trails","name":null}},{"type":"Feature","geometry":{"type":"LineString","coordinates":[[-9.3562,18.0995],[-9.2619,17.9943],[-9.2423,17.8992],[-9.2385,17.7782],[-9.305,17.6673],[-9.3098,17.4441]]},"properties":{"id":497,"group":"trails","name":null}},{"type":"Feature","geometry":{"type":"LineString","coordinates":[[-7.5373,19.9684],[-7.533,19.8082],[-7.6062,19.6318],[-7.5684,19.5233],[-7.5799,19.4248],[-7.6353,19.3316]]},"properties":{"id":498,"group":"trails","name":null}},{"type":"Feature","geometry":{"type":"LineString","coordinates":[[-21.9607,16.8431],[-22.0554,16.9808],[-22.11,17.0621],[-22.1593,17.1424],[-22.264,17.2026],[-22.3568,17.2399]]},"properties":{"id":499,"group":"trails","name":null}},{"type":"Feature","geometry":{"type":"LineString","coordinates":[[-22.2157,16.5433],[-22.1042,16.5572],[-21.9904,16.6208],[-21.9033,16.7657],[-22.022,16.726]]},"properties":{"id":500,"group":"trails","name":null}},{"type":"Feature","geometry":{"type":"LineString","coordinates":[[-24.1088,18.1382],[-24.0011,18.1947],[-23.9471,18.2841],[-23.9451,18.4079],[-23.7983,18.5585],[-23.6289,18.7574]]},"properties":{"id":501,"group":"trails","name":null}},{"type":"Feature","geometry":{"type":"LineString","coordinates":[[-25.4971,20.0798],[-25.4028,20.0998],[-25.3076,20.1142],[-25.2096,20.1257],[-25.1297,20.1945],[-25.0455,20.2624],[-24.9249,20.2982],[-24.8484,20.3609],[-24.8589,20.4436],[-24.9058,20.5215],[-24.9909,20.5927],[-25.1019,20.6224],[-25.1756,20.7242],[-25.1909,20.8409],[-25.2541,20.9451],[-25.4416,21.0087],[-25.488,21.0861],[-25.6176,21.1296],[-25.7057,21.2501],[-25.7186,21.4643],[-25.8635,21.5963]]},"properties":{"id":502,"group":"trails","name":null}},{"type":"Feature","geometry":{"type":"LineString","coordinates":[[-25.8191,21.8721],[-25.8635,21.5963]]},"properties":{"id":503,"group":"trails","name":null}},{"type":"Feature","geometry":{"type":"LineString","coordinates":[[-22.3219,16.6433],[-22.397,16.7178],[-22.4602,16.7351],[-22.575,16.7523],[-22.6496,16.7523],[-22.7707,16.8665],[-22.8735,16.9014],[-22.9821,16.9411],[-23.1027,16.933],[-23.2007,16.8785],[-23.272,16.7771],[-23.373,16.6834],[-23.4734,16.5916],[-23.5682,16.4998],[-23.6648,16.4104],[-23.748,16.354],[-23.8896,16.3622],[-24.0126,16.4286],[-24.0824,16.485],[-24.1566,16.5639],[-24.1126,16.759],[-24.0327,16.8436],[-23.9968,16.9263],[-23.8791,17.0181],[-23.849,17.0884],[-23.815,17.1825],[-23.8155,17.2992],[-23.9011,17.4316],[-24.0217,17.5005],[-24.1078,17.4924],[-24.1949,17.49],[-24.2858,17.4809],[-24.3786,17.4775],[-24.458,17.5669],[-24.5498,17.5727],[-24.6187,17.6358],[-24.6417,17.7505],[-24.7532,17.8347],[-24.6417,17.8423],[-24.5379,17.872],[-24.4523,17.9456],[-24.357,18.0006],[-24.2456,18.0087],[-24.1088,18.1382]]},"properties":{"id":504,"group":"trails","name":null}},{"type":"Feature","geometry":{"type":"LineString","coordinates":[[-22.2157,16.5433],[-22.2827,16.5773],[-22.3219,16.6433]]},"properties":{"id":505,"group":"trails","name":null}},{"type":"Feature","geometry":{"type":"LineString","coordinates":[[-12.828,16.2479],[-12.9131,16.1781]]},"properties":{"id":506,"group":"trails","name":null}},{"type":"Feature","geometry":{"type":"LineString","coordinates":[[-6.7666,18.9151],[-6.9283,18.9591],[-7.0641,18.9988],[-7.2277,18.9907],[-7.3579,19.059],[-7.4229,19.1623],[-7.6353,19.3316]]},"properties":{"id":507,"group":"trails","name":null}},{"type":"Feature","geometry":{"type":"LineString","coordinates":[[-7.6062,19.6318],[-7.7062,19.6323],[-7.8033,19.6299]]},"properties":{"id":508,"group":"trails","name":null}},{"type":"Feature","geometry":{"type":"LineString","coordinates":[[-7.8726,19.5003],[-7.975,19.5084]]},"properties":{"id":509,"group":"trails","name":null}},{"type":"Feature","geometry":{"type":"LineString","coordinates":[[-8.3113,17.4613],[-8.4673,17.3398],[-8.6266,17.3355],[-8.7075,17.2686],[-8.8237,17.2485],[-8.8945,17.2748],[-9.0907,17.3829],[-9.3098,17.4441]]},"properties":{"id":510,"group":"trails","name":null}},{"type":"Feature","geometry":{"type":"LineString","coordinates":[[-8.3171,18.0775],[-8.2171,17.8858],[-8.1803,17.817],[-8.1874,17.7252],[-8.2066,17.5841],[-8.3113,17.4613]]},"properties":{"id":511,"group":"trails","name":null}},{"type":"Feature","geometry":{"type":"LineString","coordinates":[[-8.4802,16.6959],[-8.6821,16.6672],[-8.7089,16.6748],[-8.8333,16.6987],[-8.9691,16.6605],[-9.105,16.6753],[-9.3672,16.5778]]},"properties":{"id":512,"group":"trails","name":null}},{"type":"Feature","geometry":{"type":"LineString","coordinates":[[-26.2434,22.0992],[-26.3429,22.1088],[-26.4329,22.1336],[-26.5194,22.1594],[-26.6453,22.1795],[-26.774,22.1996],[-26.8806,22.2139],[-26.9835,22.2312],[-27.0792,22.1628],[-27.1792,22.1049],[-27.2878,22.0758],[-27.3691,22.147],[-27.4145,22.2598],[-27.4437,22.3927],[-27.5121,22.4778],[-27.5959,22.5362]]},"properties":{"id":513,"group":"trails","name":null}},{"type":"Feature","geometry":{"type":"LineString","coordinates":[[-5.9896,19.9741],[-5.9734,20.0372],[-5.8973,20.1151],[-5.6959,20.2184],[-5.5275,20.3212],[-5.3835,20.3188],[-5.2558,20.4135],[-5.1763,20.4096]]},"properties":{"id":514,"group":"trails","name":null}},{"type":"Feature","geometry":{"type":"LineString","coordinates":[[-7.3234,17.6214],[-7.4344,17.5966],[-7.6162,17.6147],[-7.7669,17.7123],[-7.931,17.7276],[-8.054,17.7496],[-8.1874,17.7252]]},"properties":{"id":515,"group":"trails","name":null}},{"type":"Feature","geometry":{"type":"LineString","coordinates":[[-8.4673,17.3398],[-8.4415,17.1797],[-8.4639,17.0511],[-8.3348,16.8355],[-8.4802,16.6959]]},"properties":{"id":516,"group":"trails","name":null}},{"type":"Feature","geometry":{"type":"LineString","coordinates":[[-9.2562,15.8688],[-9.304,15.9606],[-9.3456,16.0705],[-9.4141,16.1489],[-9.4657,16.2163],[-9.5724,16.2727],[-9.6925,16.2761],[-9.8126,16.2766]]},"properties":{"id":517,"group":"trails","name":null}},{"type":"Feature","geometry":{"type":"LineString","coordinates":[[-5.1084,22.4267],[-5.0146,22.3516],[-4.9735,22.2426],[-4.9649,22.1174],[-5.0285,21.9591],[-5.0453,21.863],[-5.0649,21.776],[-5.0367,21.688],[-5.0419,21.5709],[-5.0912,21.4767],[-5.1189,21.3065],[-5.1247,21.1631],[-5.2108,21.0058],[-5.2744,20.8509],[-5.3328,20.6525],[-5.3548,20.5626],[-5.3203,20.4704],[-5.2558,20.4135]]},"properties":{"id":518,"group":"trails","name":null}},{"type":"Feature","geometry":{"type":"LineString","coordinates":[[-4.5382,22.1728],[-4.6295,22.2646],[-4.6865,22.3076],[-4.7324,22.3172],[-4.8061,22.2866],[-4.8649,22.2063],[-4.9649,22.1174]]},"properties":{"id":519,"group":"trails","name":null}},{"type":"Feature","geometry":{"type":"LineString","coordinates":[[-6.2977,19.2632],[-6.557,19.2283]]},"properties":{"id":520,"group":"trails","name":null}},{"type":"Feature","geometry":{"type":"LineString","coordinates":[[-18.0966,29.02],[-17.8421,28.9555]]},"properties":{"id":521,"group":"trails","name":null}},{"type":"Feature","geometry":{"type":"LineString","coordinates":[[-7.0431,17.75],[-6.956,17.8366],[-6.8101,17.8939],[-6.6565,18.0001],[-6.4843,18.023],[-6.2858,17.9575],[-6.2791,17.8476],[-6.3207,17.7534],[-6.357,17.6243],[-6.3944,17.4971],[-6.47,17.3829],[-6.5001,17.2696],[-6.4451,17.183],[-6.359,17.1572],[-6.2652,17.1825],[-6.1714,17.2351],[-6.07,17.2571],[-5.9743,17.2562],[-5.8806,17.1998],[-5.7839,17.1175],[-5.76,17.0219],[-5.7064,16.9674],[-5.628,16.9531],[-5.5581,17.0076],[-5.5189,17.085],[-5.5084,17.1878],[-5.5572,17.3021],[-5.6227,17.3604],[-5.6825,17.4579],[-5.7887,17.521],[-5.893,17.5818],[-5.9494,17.6817]]},"properties":{"id":522,"group":"trails","name":null}},{"type":"Feature","geometry":{"type":"LineString","coordinates":[[-6.4843,18.023],[-6.4757,18.1521],[-6.5412,18.3381],[-6.5733,18.4925],[-6.6876,18.6369],[-6.7666,18.9151]]},"properties":{"id":523,"group":"trails","name":null}},{"type":"Feature","geometry":{"type":"LineString","coordinates":[[-24.5546,35.0621],[-24.3709,35.0124],[-24.1623,34.9875],[-24.0322,34.901],[-23.8657,34.8546],[-23.7423,34.8847],[-23.661,34.8766],[-23.6055,34.8302],[-23.5045,34.8087],[-23.3017,34.7771],[-23.1835,34.7876],[-23.0175,34.7637]]},"properties":{"id":524,"group":"trails","name":null}},{"type":"Feature","geometry":{"type":"LineString","coordinates":[[-21.5665,36.4763],[-21.5096,36.3644],[-21.5416,36.2353],[-21.5708,36.1029]]},"properties":{"id":525,"group":"trails","name":null}},{"type":"Feature","geometry":{"type":"LineString","coordinates":[[-19.1884,37.4286],[-19.096,37.3598],[-19.0324,37.2684],[-18.9582,37.1704],[-18.9353,37.0461],[-18.964,36.9295],[-19.0185,36.8205],[-19.1018,36.7746],[-19.1888,36.7239]]},"properties":{"id":526,"group":"trails","name":null}},{"type":"Feature","geometry":{"type":"LineString","coordinates":[[-3.5211,21.0436],[-3.6359,21.1469],[-3.7397,21.1717],[-3.8138,21.2386],[-3.8703,21.3214],[-3.9344,21.3935],[-4.0124,21.4461],[-4.1296,21.4681],[-4.1899,21.482],[-4.265,21.4686],[-4.3879,21.4567],[-4.509,21.4428],[-4.5836,21.4127],[-4.641,21.3324],[-4.7678,21.2621],[-4.874,21.155],[-4.9687,21.1229],[-5.1247,21.1631]]},"properties":{"id":527,"group":"trails","name":null}},{"type":"Feature","geometry":{"type":"LineString","coordinates":[[-9.2562,15.8688],[-9.1605,15.8807],[-9.038,15.8343],[-8.9457,15.7148],[-8.9208,15.5872],[-8.9232,15.4844],[-8.929,15.3845],[-8.8969,15.3013]]},"properties":{"id":528,"group":"trails","name":null}},{"type":"Feature","geometry":{"type":"LineString","coordinates":[[-7.965,15.8688],[-8.1171,16.0786],[-8.2429,16.1642],[-8.2247,16.2641],[-8.1874,16.3674],[-8.2047,16.5061],[-8.2951,16.6026],[-8.4802,16.6959]]},"properties":{"id":529,"group":"trails","name":null}},{"type":"Feature","geometry":{"type":"LineString","coordinates":[[-3.9689,22.3918],[-3.9248,22.2828],[-3.9698,22.1585],[-4.0086,22.0165],[-4.0961,21.9912],[-4.2157,22.0074],[-4.3516,22.0476],[-4.4128,22.1025],[-4.5382,22.1728]]},"properties":{"id":530,"group":"trails","name":null}},{"type":"Feature","geometry":{"type":"LineString","coordinates":[[-5.0912,21.4767],[-4.9993,21.4361],[-4.9214,21.3782],[-4.7678,21.2621]]},"properties":{"id":531,"group":"trails","name":null}},{"type":"Feature","geometry":{"type":"LineString","coordinates":[[-3.9689,22.3918],[-3.8885,22.4262],[-3.7655,22.4783],[-3.7067,22.5668],[-3.699,22.6614],[-3.7851,22.8221]]},"properties":{"id":532,"group":"trails","name":null}},{"type":"Feature","geometry":{"type":"LineString","coordinates":[[-3.9698,22.1585],[-4.0468,22.1776],[-3.9689,22.3918]]},"properties":{"id":533,"group":"trails","name":null}},{"type":"Feature","geometry":{"type":"LineString","coordinates":[[-19.1884,37.4286],[-19.2797,37.377],[-19.3711,37.3244],[-19.4529,37.3397],[-19.5386,37.3225],[-19.5897,37.2794],[-19.727,37.2225],[-19.8533,37.1599],[-19.9457,37.1876],[-20.0404,37.2154],[-20.1212,37.2259],[-20.2098,37.1934],[-20.3054,37.1437],[-20.3734,37.1972],[-20.403,37.2947]]},"properties":{"id":534,"group":"trails","name":null}},{"type":"Feature","geometry":{"type":"LineString","coordinates":[[-20.3054,37.1437],[-20.2562,36.9959],[-20.282,36.8458],[-20.4834,36.6618]]},"properties":{"id":535,"group":"trails","name":null}},{"type":"Feature","geometry":{"type":"LineString","coordinates":[[-21.5096,36.3644],[-21.4579,36.4896]]},"properties":{"id":536,"group":"trails","name":null}},{"type":"Feature","geometry":{"type":"LineString","coordinates":[[-5.0768,19.4028],[-5.1424,19.4735]]},"properties":{"id":537,"group":"trails","name":null}},{"type":"Feature","geometry":{"type":"LineString","coordinates":[[-7.0431,17.75],[-7.2182,17.7333],[-7.3234,17.6214]]},"properties":{"id":538,"group":"trails","name":null}},{"type":"Feature","geometry":{"type":"LineString","coordinates":[[-24.5245,34.2422],[-24.481,34.3191],[-24.4408,34.3994],[-24.381,34.5104],[-24.414,34.6289],[-24.481,34.7489],[-24.4872,34.9014],[-24.5546,35.0621]]},"properties":{"id":539,"group":"trails","name":null}},{"type":"Feature","geometry":{"type":"LineString","coordinates":[[-7.965,15.8688],[-7.9305,16.0863],[-7.8492,16.0213],[-7.7899,15.897],[-7.7411,15.8535],[-7.6325,15.8597],[-7.5162,15.9285],[-7.2976,15.973],[-7.1627,15.9931],[-7.0297,15.9472],[-6.9488,15.9596],[-6.8857,16.0155],[-6.8474,16.0858],[-6.7336,16.1637],[-6.6766,16.2637],[-6.5809,16.4544],[-6.4695,16.5797],[-6.3834,16.6853],[-6.2331,16.7781],[-6.0408,16.7915],[-5.903,16.6772],[-5.7715,16.452],[-5.7088,16.3459],[-5.6107,16.3105]]},"properties":{"id":540,"group":"trails","name":null}},{"type":"Feature","geometry":{"type":"LineString","coordinates":[[-8.1171,16.0786],[-8.1453,15.9811],[-8.1425,15.8573],[-8.197,15.7535],[-8.22,15.6641],[-8.263,15.5762],[-8.3367,15.5049],[-8.462,15.4696],[-8.5816,15.4007],[-8.6371,15.3175],[-8.7185,15.275],[-8.8969,15.3013]]},"properties":{"id":541,"group":"trails","name":null}},{"type":"Feature","geometry":{"type":"LineString","coordinates":[[-8.3544,14.9709],[-8.3922,15.253],[-8.5816,15.4007]]},"properties":{"id":542,"group":"trails","name":null}},{"type":"Feature","geometry":{"type":"LineString","coordinates":[[-7.4344,17.5966],[-7.2215,17.4374],[-7.2005,17.4063],[-7.1239,17.2973],[-7.0326,17.2342],[-6.9364,17.0984],[-6.9082,16.9253],[-6.8555,16.8278],[-6.8489,16.7011],[-6.7493,16.605],[-6.5809,16.4544]]},"properties":{"id":543,"group":"trails","name":null}},{"type":"Feature","geometry":{"type":"LineString","coordinates":[[-4.7812,19.7752],[-4.8534,19.8852],[-4.9266,19.9268],[-5.0046,20.0133],[-5.1051,20.0826],[-5.1649,20.2194],[-5.1763,20.4096]]},"properties":{"id":544,"group":"trails","name":null}},{"type":"Feature","geometry":{"type":"LineString","coordinates":[[-4.8534,19.8852],[-4.6664,19.8168]]},"properties":{"id":545,"group":"trails","name":null}},{"type":"Feature","geometry":{"type":"LineString","coordinates":[[-25.5258,16.3392],[-25.5842,16.1862],[-25.6636,16.1212],[-25.7382,16.0557],[-25.7497,15.9295],[-25.7057,15.8429],[-25.6373,15.6316],[-25.6411,15.3266]]},"properties":{"id":546,"group":"trails","name":null}},{"type":"Feature","geometry":{"type":"LineString","coordinates":[[-24.1566,16.5639],[-24.2647,16.6519],[-24.3858,16.6729],[-24.4924,16.7351],[-24.6025,16.7977],[-24.6876,16.8383],[-24.7733,16.8837],[-24.923,16.8498],[-25.0751,16.8135],[-25.1469,16.7293],[-25.2163,16.65],[-25.2904,16.5515],[-25.3612,16.4559],[-25.4971,16.4004],[-25.5258,16.3392]]},"properties":{"id":547,"group":"trails","name":null}},{"type":"Feature","geometry":{"type":"LineString","coordinates":[[-5.76,17.0219],[-5.8949,16.987],[-5.9576,16.9564],[-6.0408,16.7915]]},"properties":{"id":548,"group":"trails","name":null}},{"type":"Feature","geometry":{"type":"LineString","coordinates":[[-5.4897,16.0504],[-5.5658,16.1236],[-5.5993,16.2245],[-5.6107,16.3105],[-5.605,16.4597],[-5.5045,16.5687],[-5.3983,16.6261],[-5.2945,16.6829],[-5.1754,16.6662],[-5.0768,16.6031],[-4.9448,16.6155],[-4.7783,16.7637]]},"properties":{"id":549,"group":"trails","name":null}},{"type":"Feature","geometry":{"type":"LineString","coordinates":[[14.643,33.2463],[14.7296,33.1526],[14.7626,33.0312]]},"properties":{"id":550,"group":"trails","name":null}},{"type":"Feature","geometry":{"type":"LineString","coordinates":[[14.7296,33.1526],[14.8574,33.1655],[14.9683,33.1927],[15.11,33.1483],[15.1286,33.3027],[15.0856,33.4194],[15.1372,33.4911],[15.2482,33.536]]},"properties":{"id":551,"group":"trails","name":null}},{"type":"Feature","geometry":{"type":"LineString","coordinates":[[-6.5408,27.6178],[-6.6144,27.6967],[-6.6551,27.8276],[-6.7479,27.9615],[-6.9292,28.0748],[-6.6594,28.2297],[-6.6068,28.2814],[-6.557,28.376],[-6.3719,28.4931],[-6.1915,28.5381],[-6.0757,28.6452],[-6.026,28.779],[-5.9839,28.8804],[-5.9227,28.9574],[-5.8174,28.9951],[-5.6887,29.0152]]},"properties":{"id":552,"group":"trails","name":null}},{"type":"Feature","geometry":{"type":"LineString","coordinates":[[-5.7782,27.3276],[-5.9753,27.3008],[-6.1394,27.2836],[-6.3504,27.3811],[-6.3991,27.4576],[-6.5408,27.6178]]},"properties":{"id":553,"group":"trails","name":null}},{"type":"Feature","geometry":{"type":"LineString","coordinates":[[-5.1835,28.3994],[-5.318,28.4788],[-5.3519,28.5983],[-5.3409,28.6911],[-5.362,28.7661],[-5.4328,28.8345],[-5.5562,28.8971],[-5.616,28.9784],[-5.6729,29.0324],[-5.6715,29.129],[-5.6203,29.2409],[-5.7734,29.2939],[-5.8925,29.4001],[-6.0002,29.4938],[-6.0351,29.5339],[-6.0528,29.6262],[-6.1312,29.8165],[-6.2418,29.7524],[-6.3724,29.6358],[-6.4867,29.6587],[-6.5757,29.7328],[-6.6561,29.8337],[-6.823,30.0053]]},"properties":{"id":554,"group":"trails","name":null}},{"type":"Feature","geometry":{"type":"LineString","coordinates":[[-6.6144,27.6967],[-6.7369,27.5513],[-6.912,27.4978],[-7.0574,27.3668],[-7.178,27.2281],[-7.2981,27.2004]]},"properties":{"id":555,"group":"trails","name":null}},{"type":"Feature","geometry":{"type":"LineString","coordinates":[[-5.1835,28.3994],[-5.3792,28.2732],[-5.4854,28.1489],[-5.5562,28.0676],[-5.593,28.0189],[-5.6055,27.8888],[-5.6835,27.7158],[-5.683,27.5504],[-5.7782,27.3276],[-5.8509,27.1674],[-5.8231,27.0732],[-5.7911,26.9848],[-5.737,26.8724],[-5.6887,26.7625],[-5.6461,26.7056]]},"properties":{"id":556,"group":"trails","name":null}},{"type":"Feature","geometry":{"type":"LineString","coordinates":[[-5.2376,26.3102],[-5.3696,26.3193],[-5.4538,26.3967],[-5.4811,26.5091],[-5.5256,26.5971],[-5.6461,26.7056]]},"properties":{"id":557,"group":"trails","name":null}},{"type":"Feature","geometry":{"type":"LineString","coordinates":[[-5.14,26.4307],[-5.2376,26.3102]]},"properties":{"id":558,"group":"trails","name":null}},{"type":"Feature","geometry":{"type":"LineString","coordinates":[[-5.14,26.4307],[-5.0256,26.3422]]},"properties":{"id":559,"group":"trails","name":null}},{"type":"Feature","geometry":{"type":"LineString","coordinates":[[10.6627,27.1158],[10.7048,26.9389],[10.7144,26.8299],[10.6761,26.7405],[10.5895,26.6994],[10.4981,26.7061],[10.4154,26.6922],[10.3431,26.6372],[10.2738,26.3982]]},"properties":{"id":560,"group":"trails","name":null}},{"type":"Feature","geometry":{"type":"LineString","coordinates":[[11.3416,26.5932],[11.2961,26.729],[11.2153,26.8203],[11.1009,26.8676],[11.0148,26.9336],[10.9081,26.9489],[10.6627,27.1158]]},"properties":{"id":561,"group":"trails","name":null}},{"type":"Feature","geometry":{"type":"LineString","coordinates":[[-0.4373,18.012],[-0.3354,18.0598],[-0.2411,18.1784],[-0.1512,18.2095],[-0.0957,18.2822],[-0.0679,18.3935],[-0.0249,18.4849],[0.0182,18.5743],[0.0048,18.6378]]},"properties":{"id":562,"group":"trails","name":null}},{"type":"Feature","geometry":{"type":"LineString","coordinates":[[-0.4373,18.012],[-0.6047,17.98],[-0.6966,17.9398],[-0.7597,17.7849]]},"properties":{"id":563,"group":"trails","name":null}},{"type":"Feature","geometry":{"type":"LineString","coordinates":[[-0.3033,17.7754],[-0.3866,17.8595],[-0.4373,18.012]]},"properties":{"id":564,"group":"trails","name":null}},{"type":"Feature","geometry":{"type":"LineString","coordinates":[[0.0182,18.5743],[0.1072,18.4906],[0.2507,18.4906]]},"properties":{"id":565,"group":"trails","name":null}},{"type":"Feature","geometry":{"type":"LineString","coordinates":[[1.6711,20.0559],[1.5653,19.9994],[1.5146,19.911],[1.4505,19.8503],[1.3869,19.7929],[1.284,19.7585],[1.1855,19.7293],[1.0946,19.661],[0.9367,19.6619],[0.9228,19.5558],[0.876,19.4807],[0.8305,19.4028],[0.7875,19.3306],[0.7922,19.2885],[0.7329,19.1446],[0.675,19.0002],[0.6411,18.9209],[0.6124,18.8367],[0.5573,18.7636],[0.3799,18.7163],[0.2335,18.6512],[0.2507,18.4906]]},"properties":{"id":566,"group":"trails","name":null}},{"type":"Feature","geometry":{"type":"LineString","coordinates":[[18.6243,16.0131],[18.4712,16.1322]]},"properties":{"id":567,"group":"trails","name":null}},{"type":"Feature","geometry":{"type":"LineString","coordinates":[[-6.424,11.2409],[-6.4369,11.2906],[-6.435,11.3499],[-6.4432,11.3824],[-6.4264,11.5105],[-6.4719,11.6061],[-6.514,11.7003],[-6.524,11.8261],[-6.4542,11.9379]]},"properties":{"id":568,"group":"trails","name":null}},{"type":"Feature","geometry":{"type":"LineString","coordinates":[[-6.424,11.1266],[-6.424,11.2409]]},"properties":{"id":569,"group":"trails","name":null}},{"type":"Feature","geometry":{"type":"LineString","coordinates":[[-6.7876,12.0402],[-6.6441,11.9676],[-6.4542,11.9379]]},"properties":{"id":570,"group":"trails","name":null}},{"type":"Feature","geometry":{"type":"LineString","coordinates":[[-6.7876,12.0402],[-6.7398,12.1043],[-6.7417,12.22],[-6.745,12.3357],[-6.7187,12.4552],[-6.6967,12.5695],[-6.713,12.6675],[-6.7292,12.7655],[-6.7359,12.9142]]},"properties":{"id":571,"group":"trails","name":null}},{"type":"Feature","geometry":{"type":"LineString","coordinates":[[-6.9187,12.9376],[-6.8273,12.9486],[-6.7359,12.9142]]},"properties":{"id":572,"group":"trails","name":null}},{"type":"Feature","geometry":{"type":"LineString","coordinates":[[-6.8273,12.9486],[-6.845,13.0012],[-6.8967,13.0576],[-7.034,13.1676],[-7.0632,13.2469],[-7.0981,13.3292],[-7.1837,13.4133]]},"properties":{"id":573,"group":"trails","name":null}},{"type":"Feature","geometry":{"type":"LineString","coordinates":[[14.6363,12.6952],[14.6741,12.6077],[14.7028,12.5288],[14.7387,12.4356],[14.7253,12.2688],[14.6717,12.1229],[14.7033,11.9733],[14.689,11.87],[14.6713,11.772],[14.6985,11.6788],[14.7578,11.6119],[14.8373,11.5631],[14.9511,11.4804],[15.0277,11.3709],[15.0985,11.2629],[15.1391,11.1677],[15.1788,10.9884],[15.1798,10.8751],[15.2406,10.769],[15.2171,10.6538],[15.209,10.5515],[15.2396,10.4697],[15.2286,10.344],[15.1932,10.2388],[15.132,10.1484],[15.1501,10.0074],[15.2511,9.8353]]},"properties":{"id":574,"group":"trails","name":null}},{"type":"Feature","geometry":{"type":"LineString","coordinates":[[14.6363,12.6952],[14.8019,12.71],[14.8956,12.7765],[14.9904,12.83],[15.1052,12.8391]]},"properties":{"id":575,"group":"trails","name":null}},{"type":"Feature","geometry":{"type":"LineString","coordinates":[[15.4113,13.6418],[15.3783,13.5673],[15.2334,13.4946],[15.1367,13.4248],[15.0655,13.3244],[15.0506,13.1685],[15.0315,13.0782],[15.0564,12.9658],[15.1052,12.8391]]},"properties":{"id":576,"group":"trails","name":null}},{"type":"Feature","geometry":{"type":"LineString","coordinates":[[15.6415,13.8613],[15.4558,13.8694]]},"properties":{"id":577,"group":"trails","name":null}},{"type":"Feature","geometry":{"type":"LineString","coordinates":[[15.6415,13.8613],[15.5348,13.7461],[15.4113,13.6418]]},"properties":{"id":578,"group":"trails","name":null}},{"type":"Feature","geometry":{"type":"LineString","coordinates":[[16.36,12.9171],[16.3356,13.0327],[16.26,13.1202],[16.1132,13.1943],[16.0256,13.3712],[15.9883,13.431],[15.984,13.4955],[15.8893,13.659],[15.7357,13.7585],[15.6415,13.8613]]},"properties":{"id":579,"group":"trails","name":null}},{"type":"Feature","geometry":{"type":"LineString","coordinates":[[-4.1416,11.1711],[-4.2559,11.1644]]},"properties":{"id":580,"group":"trails","name":null}},{"type":"Feature","geometry":{"type":"LineString","coordinates":[[0.5741,21.9677],[0.5894,21.8898],[0.5129,21.9214]]},"properties":{"id":581,"group":"searoutes","name":null}},{"type":"Feature","geometry":{"type":"LineString","coordinates":[[1.6711,20.0559],[1.7409,20.0616],[1.8696,20.0855],[1.9988,20.1137],[2.0648,20.1888],[2.1275,20.2653],[2.2542,20.3551],[2.2485,20.5617],[2.2796,20.6071],[2.2026,20.75],[2.1739,20.9575],[2.0485,20.9843],[1.9615,20.992],[1.873,20.9996],[1.7816,21.1277],[1.617,21.2272],[1.5022,21.2042],[1.2898,21.1583],[1.1702,21.2363],[1.1185,21.285],[1.0314,21.3476],[0.9463,21.4141],[0.8535,21.5025],[0.7597,21.5943],[0.7731,21.6976],[0.7898,21.7971],[0.687,21.841],[0.5894,21.8898],[0.532,21.7492],[0.3751,21.6297],[0.2483,21.6751],[0.199,21.7837],[0.1469,21.8898],[0.0565,21.9811],[0.1014,22.0763],[0.1469,22.1661],[0.2019,22.2417]]},"properties":{"id":582,"group":"searoutes","name":null}},{"type":"Feature","geometry":{"type":"LineString","coordinates":[[3.6598,20.3719],[3.6875,20.4465],[3.5804,20.5043],[3.4684,20.5669],[3.4139,20.6649],[3.3618,20.7644],[3.3967,20.86],[3.433,20.9609],[3.4311,21.0493],[3.4302,21.1373],[3.3742,21.1435],[3.2675,21.2391],[3.1852,21.2415],[3.0867,21.3018],[2.9431,21.2444],[2.8948,21.1268],[2.8192,21.0689],[2.7193,20.9977],[2.6236,20.9226],[2.5413,20.8715],[2.547,20.7682],[2.5068,20.6592],[2.4781,20.5273],[2.4609,20.4756],[2.3753,20.4488],[2.2542,20.3551]]},"properties":{"id":583,"group":"searoutes","name":null}},{"type":"Feature","geometry":{"type":"LineString","coordinates":[[2.2485,20.5617],[2.0476,20.5502],[1.9509,20.4751],[1.8581,20.51],[1.7634,20.5507],[1.6802,20.6018],[1.5252,20.6076],[1.4563,20.5559],[1.4008,20.4704],[1.3151,20.3284],[1.2496,20.2002],[1.1845,20.0688],[1.0592,19.9617],[0.9855,19.8618],[0.9224,19.8675],[0.909,19.7633],[0.9367,19.6619]]},"properties":{"id":584,"group":"searoutes","name":null}},{"type":"Feature","geometry":{"type":"LineString","coordinates":[[0.1469,22.1661],[0.0612,22.1566],[-0.0273,22.1475],[-0.0746,22.2073],[-0.2832,22.2771],[-0.3167,22.3626],[-0.421,22.3459],[-0.5875,22.4262],[-0.6545,22.5237],[-0.7769,22.5008],[-0.9037,22.4802],[-0.9951,22.5237],[-1.0817,22.5629],[-1.1003,22.7336],[-1.1611,22.79],[-1.2305,22.8565],[-1.3032,22.9196],[-1.306,23.0822],[-1.3367,23.1701],[-1.4429,23.1778],[-1.5491,23.1811],[-1.6036,23.2466],[-1.6615,23.3126],[-1.7816,23.3441],[-1.905,23.3709],[-1.9772,23.5215],[-2.0686,23.6195],[-2.1567,23.7137],[-2.2007,23.7974],[-2.0916,23.8681]]},"properties":{"id":585,"group":"searoutes","name":null}},{"type":"Feature","geometry":{"type":"LineString","coordinates":[[0.9224,19.8675],[0.842,19.9535],[0.7463,19.9387],[0.687,19.8331],[0.6286,19.7222],[0.6812,19.6323],[0.7339,19.5457],[0.664,19.42],[0.5956,19.2928],[0.5607,19.2135],[0.5229,19.1351],[0.4148,19.039],[0.2851,19.1274],[0.1612,19.2116],[0.0919,19.1178],[-0.0134,19.0643],[-0.111,18.9333],[-0.2028,18.8578],[-0.2957,18.7865],[-0.3578,18.7201],[-0.4191,18.6546],[-0.4521,18.592],[-0.553,18.5881],[-0.6569,18.5881],[-0.708,18.4963],[-0.7578,18.4074],[-0.8688,18.4218],[-1.0123,18.2955],[-0.9434,18.1234],[-0.909,18.0259],[-0.9769,17.9599],[-1.1037,17.9088],[-1.2534,17.8939],[-1.4027,17.7563],[-1.3979,17.6248],[-1.4888,17.5325],[-1.5003,17.3661],[-1.418,17.292],[-1.2764,17.303],[-1.1329,17.4235],[-1.0755,17.4522],[-0.8917,17.412],[-0.7721,17.4579],[-0.6908,17.5153],[-0.6047,17.5688],[-0.5416,17.5287],[-0.4554,17.5268],[-0.3641,17.5268],[-0.3129,17.6841],[-0.3033,17.7754]]},"properties":{"id":586,"group":"searoutes","name":null}},{"type":"Feature","geometry":{"type":"LineString","coordinates":[[3.9679,21.2912],[3.9961,21.3706],[3.9306,21.4624],[3.8641,21.5513],[3.7296,21.5312],[3.5976,21.3878],[3.5967,21.2611],[3.6435,21.1813],[3.5632,21.1182],[3.5517,21.0608],[3.5517,20.969],[3.433,20.9609]]},"properties":{"id":587,"group":"searoutes","name":null}},{"type":"Feature","geometry":{"type":"LineString","coordinates":[[4.043,22.5921],[4.0569,22.55],[4.1372,22.4549],[4.2148,22.3655],[4.275,22.3808],[4.4358,22.4262],[4.6506,22.4023],[4.7003,22.4946],[4.7917,22.5639],[4.8807,22.6289],[4.9697,22.7245],[5.0615,22.8192],[5.039,22.9655],[5.1304,23.0286],[5.2189,23.0893],[5.3256,23.063],[5.4002,22.9196],[5.4289,22.736],[5.4978,22.6739],[5.6012,22.7131],[5.6997,22.7527],[5.7562,22.8221],[5.8131,22.8962],[5.894,22.9827],[5.9767,23.0716],[5.9801,23.1778],[5.8906,23.2012],[5.9112,23.2982],[5.926,23.3953],[5.8423,23.4187],[5.6155,23.3733],[5.3825,23.3853],[5.2184,23.5908],[5.0108,23.5746],[4.9993,23.6573]]},"properties":{"id":588,"group":"searoutes","name":null}},{"type":"Feature","geometry":{"type":"LineString","coordinates":[[4.1372,22.4549],[4.0454,22.409],[4.0315,22.2632],[4.0684,22.1518],[4.1865,22.0299],[4.0971,21.9041],[4.0081,21.7841],[4.0114,21.6316],[3.9306,21.4624]]},"properties":{"id":589,"group":"searoutes","name":null}},{"type":"Feature","geometry":{"type":"LineString","coordinates":[[-1.9772,23.5215],[-2.0007,23.4125],[-2.0337,23.2667],[-2.6049,22.8374],[-2.803,22.7537],[-2.8642,22.802],[-2.947,22.8565],[-3.1249,22.7704],[-3.2685,22.7245],[-3.3149,22.8159],[-3.4005,22.8335],[-3.4876,22.8469],[-3.5957,22.9999],[-3.7057,22.976],[-3.8483,23.0343],[-4.0492,22.9827],[-4.11,22.8766],[-4.2597,22.8015],[-4.3889,22.888],[-4.5315,22.8565],[-4.674,22.8211],[-4.7266,22.7188],[-4.7783,22.6175],[-4.9266,22.6127],[-5.0367,22.5524],[-5.1438,22.4884],[-5.1084,22.4267]]},"properties":{"id":590,"group":"searoutes","name":null}},{"type":"Feature","geometry":{"type":"LineString","coordinates":[[-3.8344,20.4551],[-3.8713,20.4278],[-3.9574,20.3953],[-4.0722,20.4814],[-3.9631,20.619],[-3.8272,20.6429],[-3.7277,20.6592],[-3.6311,20.6774],[-3.5957,20.8289],[-3.4675,20.9403],[-3.4751,21.0264],[-3.3603,21.0895],[-3.2393,21.0694],[-3.1192,21.0321],[-3.0015,20.9982],[-2.9766,21.0101],[-2.9355,21.0837],[-2.9642,21.2386],[-3.0326,21.3171],[-3.0618,21.4108],[-3.0915,21.5045],[-3.134,21.6541],[-3.1824,21.7665],[-3.2364,21.8774],[-3.3,22.0055],[-3.3134,22.114],[-3.1938,22.1508],[-3.0723,22.19],[-2.9652,22.2622],[-2.924,22.3516],[-2.9699,22.5065],[-3.0608,22.5744],[-3.1536,22.541],[-3.2178,22.6337],[-3.2685,22.7245]]},"properties":{"id":591,"group":"searoutes","name":null}},{"type":"Feature","geometry":{"type":"LineString","coordinates":[[-3.9574,20.3953],[-4.0387,20.3633],[-4.1062,20.2973],[-4.2167,20.2117],[-4.3052,20.1577],[-4.3133,20.0281],[-4.3229,19.9024],[-4.3851,19.7618],[-4.52,19.7642],[-4.6573,19.7695],[-4.6587,19.8173],[-4.6865,19.856]]},"properties":{"id":592,"group":"searoutes","name":null}},{"type":"Feature","geometry":{"type":"LineString","coordinates":[[0.1014,22.0763],[0.0612,22.1566]]},"properties":{"id":593,"group":"searoutes","name":null}},{"type":"Feature","geometry":{"type":"LineString","coordinates":[[-1.905,23.3709],[-2.0007,23.4125]]},"properties":{"id":594,"group":"searoutes","name":null}},{"type":"Feature","geometry":{"type":"LineString","coordinates":[[-2.803,22.7537],[-2.7575,22.6672],[-2.7977,22.5123],[-2.881,22.4429],[-2.924,22.3516]]},"properties":{"id":595,"group":"searoutes","name":null}},{"type":"Feature","geometry":{"type":"LineString","coordinates":[[3.2508,24.59],[3.0111,24.5461],[2.8216,24.5771],[2.7135,24.4973],[2.6107,24.4189],[2.5011,24.3883],[2.393,24.3606],[2.3346,24.2908],[2.2715,24.2167],[2.2021,24.1196],[2.105,24.1072],[2.0093,24.089],[1.9098,24.0957],[1.8074,24.1024],[1.6802,24.0498],[1.6285,24.1416],[1.5768,24.2162],[1.5252,24.3041],[1.4792,24.394],[1.4304,24.4887],[1.3639,24.5403],[1.3414,24.6292],[1.1922,24.6637],[1.0721,24.6053],[0.9798,24.6063],[0.9568,24.6579],[0.9626,24.7899],[0.8917,24.8712],[0.8018,24.83],[0.7071,24.7861],[0.5894,24.744],[0.4746,24.7014],[0.3942,24.7669],[0.3172,24.8291],[0.2277,24.7784],[0.1407,24.7287],[0.0498,24.8358],[-0.0364,24.9414],[-0.1,25.049],[-0.1799,25.1571],[-0.2603,25.2708],[-0.3693,25.3693],[-0.4774,25.4645],[-0.5703,25.4898],[-0.6674,25.5123],[-0.7846,25.4272],[-0.8343,25.3292],[-0.8889,25.2364],[-0.9147,25.1513],[-0.9439,25.0662],[-1.0353,24.9161],[-0.9874,24.8281],[-1.0869,24.7727],[-1.1874,24.7229],[-1.2764,24.7382],[-1.3663,24.7507],[-1.4658,24.6751],[-1.5644,24.6025],[-1.6381,24.4342],[-1.7615,24.3978],[-1.9131,24.4222],[-1.9538,24.5317],[-2.126,24.6292],[-2.2557,24.6082],[-2.427,24.5843],[-2.4619,24.4514],[-2.4016,24.3481],[-2.338,24.2458],[-2.2409,24.2219],[-2.1949,24.1072],[-2.2399,24.0206],[-2.2504,23.8758],[-2.2007,23.7974]]},"properties":{"id":596,"group":"searoutes","name":null}},{"type":"Feature","geometry":{"type":"LineString","coordinates":[[2.1739,20.9575],[2.294,20.9284],[2.3805,20.8772],[2.4619,20.8222],[2.5413,20.8715]]},"properties":{"id":597,"group":"searoutes","name":null}},{"type":"Feature","geometry":{"type":"LineString","coordinates":[[3.2675,21.2391],[3.3163,21.3591],[3.3613,21.4743],[3.4885,21.6173],[3.4952,21.7143],[3.5325,21.8363],[3.5632,21.9271],[3.5952,22.0136],[3.7182,22.0763],[3.8382,22.137],[3.9363,22.2025],[4.0315,22.2632]]},"properties":{"id":598,"group":"searoutes","name":null}},{"type":"Feature","geometry":{"type":"LineString","coordinates":[[-4.6573,19.7695],[-4.7085,19.627],[-4.8644,19.5692],[-4.9563,19.5118],[-5.1338,19.5065]]},"properties":{"id":599,"group":"searoutes","name":null}},{"type":"Feature","geometry":{"type":"LineString","coordinates":[[3.2685,18.4299],[3.1446,18.427],[3.1154,18.3127],[3.09,18.1975],[3.0063,18.112],[3.0235,17.9685],[3.1192,17.9116],[3.2245,17.9685],[3.2991,17.9341],[3.2656,17.8428],[3.3393,17.7677],[3.523,17.7505],[3.6287,17.8098],[3.7584,17.8595],[3.8387,17.9915],[3.8732,18.0202],[3.9478,18.0431],[4.0397,18.0374],[4.0511,18.1325],[4.1315,18.2563],[4.2635,18.2095],[4.3908,18.1578],[4.519,18.1253],[4.6195,18.1865],[4.7223,18.2444],[4.7343,18.3414],[4.7496,18.4409],[4.6999,18.525],[4.6482,18.6053],[4.6884,18.6914],[4.7266,18.7784],[4.8089,18.8463],[4.8955,18.9185],[4.9812,18.9668],[5.0673,19.0131],[5.1763,19.0356],[5.2835,19.0614],[5.3888,18.9725],[5.3486,18.9381],[5.4079,18.8138],[5.395,18.721],[5.4519,18.6512],[5.5117,18.5872],[5.6251,18.6321]]},"properties":{"id":600,"group":"searoutes","name":null}},{"type":"Feature","geometry":{"type":"LineString","coordinates":[[3.4684,20.5669],[3.3388,20.4732],[3.3967,20.3551],[3.4589,20.2394],[3.3795,20.1601],[3.3053,20.0855],[3.2728,19.9239],[3.2245,19.8503],[3.1718,19.7757],[2.9776,19.6437],[2.9508,19.5438],[2.8685,19.4769],[2.8111,19.3798],[2.7527,19.2847],[2.725,19.1963],[2.7011,19.1069],[2.6331,18.984],[2.5614,18.8587],[2.5183,18.7488],[2.4705,18.6407],[2.3959,18.5991],[2.3471,18.5484],[2.3093,18.4065],[2.2313,18.3127],[2.1586,18.2157],[2.0418,18.1234],[2.0533,17.9513],[2.1834,17.87],[2.3212,17.8801],[2.4437,17.8997],[2.5671,18.0163],[2.6733,18.0488],[2.7824,18.0837],[2.924,18.0225],[3.0063,18.112]]},"properties":{"id":601,"group":"searoutes","name":null}},{"type":"Feature","geometry":{"type":"LineString","coordinates":[[2.8216,24.5771],[2.8948,24.7292],[2.9489,24.8702],[3.0245,24.9151],[2.9661,25.0251],[2.9125,25.1403],[2.9259,25.2316],[2.9398,25.3239],[3.012,25.3865],[3.0876,25.452],[3.1096,25.5586],[3.1307,25.6653],[3.1192,25.812],[3.1843,25.9693],[3.2441,25.9727],[3.2991,26.075],[3.3503,26.1821],[3.4273,26.314],[3.5172,26.3963],[3.6081,26.4737],[3.7009,26.4766],[3.789,26.4828],[3.8732,26.5971],[3.9564,26.7065],[4.0798,26.7347],[4.1975,26.7634],[4.3037,26.7816],[4.43,26.7209],[4.5559,26.7802],[4.6243,26.7027],[4.7745,26.7175],[4.9237,26.5856],[5.0443,26.4852],[5.1706,26.4708],[5.2912,26.457],[5.3409,26.3504],[5.4864,26.3159],[5.6347,26.2853],[5.7447,26.1897],[5.8504,26.0998],[5.8767,25.9765],[5.9514,25.8857],[6.0279,25.791],[6.1934,25.7833],[6.3303,25.7824],[6.4221,25.6676],[6.5398,25.5166],[6.5886,25.3865],[6.6403,25.2527],[6.7666,25.2077],[6.8072,25.1288],[6.8976,25.092],[7.0134,24.9974],[7.1302,25.0605],[7.1971,24.9964],[7.2641,24.9324],[7.3808,24.8415],[7.4966,24.7559],[7.5932,24.6751],[7.5909,24.4763],[7.7138,24.4112],[7.8411,24.3457],[7.9262,24.2793],[8.0152,24.2109],[8.1099,24.1072],[8.207,23.9986],[8.2133,23.8892],[8.2171,23.7797],[8.1501,23.6597],[8.0822,23.5354],[7.997,23.4866],[7.8315,23.4895],[7.754,23.5392],[7.6717,23.5918],[7.5382,23.5373],[7.3808,23.5277],[7.2191,23.5225],[7.1397,23.4417],[7.0617,23.3642],[6.9732,23.3556],[6.8881,23.3451],[6.8307,23.3527],[6.8125,23.2638],[6.7838,23.2696],[6.7379,23.1835],[6.801,23.1204],[6.8694,23.0582],[6.8699,22.9368],[6.8732,22.8106],[6.8498,22.7743]]},"properties":{"id":602,"group":"searoutes","name":null}},{"type":"Feature","geometry":{"type":"LineString","coordinates":[[-5.0945,26.3217],[-5.0175,26.3327],[-4.9544,26.3786],[-4.8295,26.4312],[-4.6874,26.5081],[-4.5783,26.3867],[-4.6233,26.2586],[-4.6692,26.129],[-4.8013,26.1094],[-4.9328,26.0893],[-5.0309,26.0348],[-5.1309,25.9803],[-5.1974,25.9143],[-5.2658,25.8474],[-5.3122,25.7365],[-5.3644,25.6213],[-5.5184,25.6973],[-5.5706,25.6275],[-5.6189,25.5567],[-5.7174,25.4573],[-5.8088,25.4348],[-5.8978,25.4095],[-6.0069,25.4841],[-6.0356,25.5835],[-6.1676,25.7365],[-6.248,25.7996],[-6.3422,25.7795],[-6.4661,25.7594],[-6.5982,25.8857],[-6.6809,25.9669],[-6.7991,25.966],[-6.9144,25.9636],[-7.0637,25.9029],[-7.1608,25.9488],[-7.2526,26.0865],[-7.2574,26.1849],[-7.1206,26.2414],[-6.9402,26.2117],[-6.8967,26.27],[-6.9024,26.3504],[-6.8225,26.4073],[-6.8795,26.5053],[-6.9402,26.609],[-7.0747,26.7003],[-7.2526,26.7118],[-7.4363,26.6257],[-7.5282,26.6453],[-7.6712,26.6458],[-7.7569,26.7577],[-8.0678,26.728],[-8.3209,26.6936],[-8.3032,26.5856],[-8.2836,26.4766],[-8.2343,26.402],[-8.1874,26.3255],[-8.1712,26.2241],[-8.1573,26.1233],[-8.2228,26.0692],[-8.2941,26.0152],[-8.2975,25.9143],[-8.2994,25.8159],[-8.3142,25.6681],[-8.4065,25.5701],[-8.5032,25.4673],[-8.5501,25.3636],[-8.5969,25.2613],[-8.5797,25.1432],[-8.5788,25.0251],[-8.6764,24.9276],[-8.7816,24.9505],[-8.883,24.9046],[-8.9897,24.8554],[-9.083,24.8334],[-9.1356,24.7038],[-9.1902,24.5771],[-9.1529,24.4743],[-9.1155,24.3716],[-9.1576,24.2468],[-9.1012,24.1301],[-9.049,24.0178],[-8.9864,23.9351],[-8.9294,23.8519],[-8.8256,23.8337],[-8.7051,23.8261],[-8.584,23.8203],[-8.4687,23.848],[-8.4123,23.7572],[-8.3611,23.6659],[-8.285,23.6028],[-8.1826,23.5277],[-8.1425,23.3671],[-8.209,23.2777],[-8.2688,23.172],[-8.3286,23.0683],[-8.2573,22.977],[-8.1893,22.8818],[-8.2056,22.759],[-8.2204,22.6337],[-8.1425,22.5926],[-8.0645,22.5496],[-7.9841,22.3985],[-7.953,22.2828],[-7.9267,22.1719],[-7.8152,22.0987],[-7.8085,21.9682],[-7.7636,21.8812],[-7.7229,21.7985],[-7.786,21.6378],[-7.7406,21.5484],[-7.6951,21.4557],[-7.6086,21.4337],[-7.5258,21.4146],[-7.465,21.3457],[-7.3847,21.2731],[-7.3005,21.3443],[-7.1608,21.296],[-6.9541,21.3304],[-6.8876,21.416],[-6.8622,21.5198],[-6.7819,21.5198],[-6.7245,21.5829],[-6.635,21.6422],[-6.5876,21.7153],[-6.4996,21.7841],[-6.4202,21.8353],[-6.336,21.8869],[-6.2996,21.973],[-6.2657,22.0638],[-6.3537,22.137],[-6.4202,22.2369],[-6.4862,22.3344],[-6.4604,22.4434],[-6.435,22.55],[-6.3398,22.5869],[-6.2422,22.6261],[-6.1255,22.5725],[-6.0413,22.5983],[-5.9557,22.6289],[-5.7887,22.65],[-5.5648,22.5869],[-5.5706,22.5003],[-5.539,22.4037],[-5.4041,22.4549],[-5.2658,22.5065],[-5.1438,22.4884]]},"properties":{"id":603,"group":"searoutes","name":null}},{"type":"Feature","geometry":{"type":"LineString","coordinates":[[-1.7615,24.3978],[-1.749,24.3013]]},"properties":{"id":604,"group":"searoutes","name":null}},{"type":"Feature","geometry":{"type":"LineString","coordinates":[[2.924,18.0225],[3.0235,17.9685]]},"properties":{"id":605,"group":"searoutes","name":null}},{"type":"Feature","geometry":{"type":"LineString","coordinates":[[5.5117,18.5872],[5.561,18.4734],[5.6136,18.3586],[5.6643,18.2611],[5.7906,18.2898],[5.8614,18.4141],[6.0179,18.3591],[6.1523,18.33],[6.2384,18.4103],[6.1925,18.5202],[6.2499,18.6168],[6.3054,18.7081],[6.3417,18.7947],[6.3762,18.8841],[6.4331,19.0414],[6.5934,19.0385],[6.7149,19.0471],[6.8355,19.1676],[6.9608,19.2039],[7.0766,19.3225],[7.0708,19.5061],[6.9551,19.5692],[6.8929,19.6839],[6.835,19.8015],[6.8029,19.8598],[6.7666,19.9708],[6.801,20.0109],[6.7326,20.0831],[6.7503,20.172]]},"properties":{"id":606,"group":"searoutes","name":null}},{"type":"Feature","geometry":{"type":"LineString","coordinates":[[7.1579,20.7051],[7.1345,20.6272],[7.1914,20.5215],[7.2512,20.4125],[7.2029,20.3265],[7.1593,20.2375],[7.1397,20.1543],[7.1235,20.0683],[6.9962,20.0052],[6.8689,19.9397],[6.8029,19.8598]]},"properties":{"id":607,"group":"searoutes","name":null}},{"type":"Feature","geometry":{"type":"LineString","coordinates":[[7.5382,23.5373],[7.5339,23.435],[7.467,23.2868],[7.4028,23.1367],[7.4492,22.9708],[7.3751,22.9253],[7.3976,22.7566],[7.5186,22.7475],[7.6162,22.7704],[7.742,22.5744],[7.9788,22.4951],[8.2271,22.5448],[8.2941,22.3038],[8.4281,22.2082],[8.4831,22.0528],[8.7362,21.9462],[8.873,22.0012],[9.1179,21.8616],[9.3179,21.7913],[9.481,21.7473],[9.5853,21.6144]]},"properties":{"id":608,"group":"searoutes","name":null}},{"type":"Feature","geometry":{"type":"LineString","coordinates":[[5.2912,26.457],[5.4289,26.5856],[5.5404,26.5564],[5.6184,26.7065],[5.7007,26.7797],[5.7825,27.0331],[5.7217,27.154],[5.6988,27.2683],[5.6739,27.3878],[5.6016,27.4686],[5.4921,27.4806],[5.3792,27.4892],[5.2797,27.5666],[5.1797,27.6479],[5.2424,27.7899],[5.1649,27.8936],[5.1505,28.0715],[5.073,28.1288],[4.9955,28.1891],[4.8395,28.148],[4.786,28.0657],[4.729,27.9878],[4.6252,28.0084],[4.5238,28.0256],[4.4358,27.9453],[4.2348,27.9166],[4.1545,28.1288],[4.0684,28.278],[3.9526,28.2751],[3.8158,28.2512],[3.7234,28.2383],[3.6435,28.2034],[3.5608,28.1738],[3.4713,28.1231],[3.3814,28.0763],[3.2761,28.06],[3.1651,28.0485],[3.0694,28.0256],[2.9766,27.9988],[2.8972,28.0256],[2.8121,28.0533],[2.7135,28.1288],[2.6183,28.2015],[2.4638,28.19],[2.3346,28.1872],[2.2485,28.2665],[2.1633,28.3449],[2.1337,28.4501],[2.1045,28.5563],[1.9787,28.5362],[1.8811,28.6681],[1.8074,28.7351],[1.6629,28.7312],[1.5156,28.7265],[1.4395,28.7714],[1.3127,28.7542],[1.1845,28.7408],[1.1577,28.8288],[1.1324,28.9196],[0.9855,28.9148],[0.8339,28.91],[0.7387,28.9225],[0.6124,28.9091],[0.4813,28.8957],[0.4119,28.932]]},"properties":{"id":609,"group":"searoutes","name":null}},{"type":"Feature","geometry":{"type":"LineString","coordinates":[[4.9955,28.1891],[5.0386,28.2952],[5.0797,28.399],[5.096,28.519]]},"properties":{"id":610,"group":"searoutes","name":null}},{"type":"Feature","geometry":{"type":"LineString","coordinates":[[0.4813,28.8957],[0.5329,28.8006],[0.4861,28.6968],[0.4392,28.5888],[0.3024,28.5993],[0.1708,28.605],[0.0842,28.6509],[0.044,28.8116],[0.0904,28.9244],[0.1421,29.019],[0.1105,29.1873],[0.2344,29.2007],[0.4143,29.2767],[0.3799,29.4087],[0.2244,29.5378]]},"properties":{"id":611,"group":"searoutes","name":null}},{"type":"Feature","geometry":{"type":"LineString","coordinates":[[5.3409,26.3504],[5.228,26.2786],[5.2538,26.0975],[5.0276,26.01]]},"properties":{"id":612,"group":"searoutes","name":null}},{"type":"Feature","geometry":{"type":"LineString","coordinates":[[5.7825,27.0331],[5.8944,27.0053],[6.0145,26.9757],[6.1293,26.9461],[6.2729,26.947],[6.3685,26.9652],[6.4556,27.0096]]},"properties":{"id":613,"group":"searoutes","name":null}},{"type":"Feature","geometry":{"type":"LineString","coordinates":[[-7.1397,20.7108],[-7.1627,20.8218],[-7.2875,20.8949],[-7.4296,20.914],[-7.5904,20.8887],[-7.743,20.9169],[-7.8497,20.9174],[-7.9597,20.9126],[-8.0272,20.8045],[-8.0793,20.728],[-8.1348,20.6468],[-8.1975,20.5177],[-8.2802,20.4068],[-8.3683,20.2911],[-8.4697,20.1888],[-8.5711,20.0888],[-8.6132,20.0052],[-8.6587,19.9268],[-8.6017,19.8445],[-8.5438,19.768],[-8.4295,19.7872],[-8.3195,19.8077],[-8.1506,19.781],[-8.1252,19.6896],[-7.9492,19.6949],[-7.8033,19.6299],[-7.8726,19.5003],[-7.7129,19.3378],[-7.6353,19.3316]]},"properties":{"id":614,"group":"searoutes","name":null}},{"type":"Feature","geometry":{"type":"LineString","coordinates":[[-7.1608,21.296],[-7.1608,21.2214],[-7.1435,21.1583],[-7.2928,21.0493],[-7.2875,20.8949]]},"properties":{"id":615,"group":"searoutes","name":null}},{"type":"Feature","geometry":{"type":"LineString","coordinates":[[6.8699,22.9368],[7.0249,23.0229],[7.1794,22.9861],[7.2966,22.8857],[7.3751,22.9253]]},"properties":{"id":616,"group":"searoutes","name":null}},{"type":"Feature","geometry":{"type":"LineString","coordinates":[[8.2171,23.7797],[8.3597,23.7008],[8.4577,23.6501],[8.5367,23.6133],[8.6759,23.5019],[8.7873,23.5048],[8.8936,23.5053],[9.0285,23.4531],[9.1615,23.4015],[9.3222,23.4049],[9.4303,23.3843],[9.5332,23.3594],[9.5284,23.2351],[9.4849,23.1883]]},"properties":{"id":617,"group":"searoutes","name":null}},{"type":"Feature","geometry":{"type":"LineString","coordinates":[[7.5205,27.4198],[7.5382,27.1655],[7.4717,27.0422],[7.6507,26.9413],[7.7827,26.9527],[7.9597,26.9623],[8.0697,26.9757],[8.174,26.9843],[8.3338,27.0216],[8.397,27.1167],[8.4257,27.2052],[8.4549,27.2946],[8.5462,27.3486],[8.6266,27.5035],[8.6185,27.5948],[8.4917,27.6221],[8.4309,27.8415],[8.2243,27.8597],[7.9406,27.8382],[7.8808,27.7167],[7.7052,27.7105]]},"properties":{"id":618,"group":"searoutes","name":null}},{"type":"Feature","geometry":{"type":"LineString","coordinates":[[6.8689,19.9397],[6.801,20.0109]]},"properties":{"id":619,"group":"searoutes","name":null}},{"type":"Feature","geometry":{"type":"LineString","coordinates":[[6.2729,26.947],[6.3245,26.8418],[6.4393,26.7634],[6.5542,26.6898],[6.5829,26.5229],[6.712,26.5607],[6.8756,26.5425],[6.9464,26.6946],[7.0134,26.7118],[7.1856,26.752],[7.3,26.85],[7.4095,26.838],[7.521,26.8218],[7.6009,26.8409],[7.6507,26.9413]]},"properties":{"id":620,"group":"searoutes","name":null}},{"type":"Feature","geometry":{"type":"LineString","coordinates":[[-4.8295,26.4312],[-4.8357,26.5741],[-4.8405,26.7118],[-4.7152,26.7864],[-4.675,26.9642],[-4.641,27.0383],[-4.5276,27.1507],[-4.5181,27.3084],[-4.5831,27.4347],[-4.6472,27.5633],[-4.7094,27.6814],[-4.8185,27.7359],[-4.7783,27.8535],[-4.7405,27.9735],[-4.8644,28.0141],[-4.9917,28.0509],[-4.9907,28.1403],[-4.9874,28.234],[-5.0367,28.3411],[-5.0902,28.4482],[-5.1835,28.3994]]},"properties":{"id":621,"group":"searoutes","name":null}},{"type":"Feature","geometry":{"type":"LineString","coordinates":[[-5.0902,28.4482],[-5.0309,28.5993],[-4.9108,28.7704],[-5.0328,28.8665],[-5.117,28.9951],[-5.272,29.0238],[-5.3873,29.0315],[-5.5399,29.0989],[-5.5304,29.2385],[-5.6203,29.2409]]},"properties":{"id":622,"group":"searoutes","name":null}},{"type":"Feature","geometry":{"type":"LineString","coordinates":[[-7.5282,26.6453],[-7.5454,26.7692],[-7.5607,26.8901],[-7.5052,26.9814],[-7.4488,27.0713],[-7.4536,27.2167],[-7.3392,27.275],[-7.2981,27.2004]]},"properties":{"id":623,"group":"searoutes","name":null}},{"type":"Feature","geometry":{"type":"LineString","coordinates":[[-5.5304,29.2385],[-5.5418,29.3853],[-5.5557,29.5339],[-5.7007,29.5927],[-5.7887,29.5861],[-5.783,29.6721],[-5.8691,29.7563],[-5.9609,29.8098],[-6.0547,29.8681],[-6.1312,29.8165]]},"properties":{"id":624,"group":"searoutes","name":null}},{"type":"Feature","geometry":{"type":"LineString","coordinates":[[-6.9292,28.0748],[-7.0153,28.0834],[-7.1598,28.1049],[-7.2813,28.0715],[-7.4076,28.1633],[-7.4201,28.2828],[-7.356,28.3583],[-7.2976,28.4353],[-7.2813,28.5362],[-7.2703,28.6342],[-7.1804,28.7164],[-7.1144,28.8747],[-7.1435,28.9607],[-7.1718,29.0439],[-7.1723,29.1558],[-7.1699,29.2724],[-7.0718,29.3489],[-7.1321,29.4713],[-7.1904,29.5985],[-7.201,29.7123],[-7.2129,29.8275],[-7.1493,29.9131],[-7.0885,30.0029],[-6.9656,30.0852],[-6.8431,30.1631],[-6.7503,30.0885],[-6.6498,30.1024],[-6.5518,30.1129],[-6.4489,30.0852],[-6.3504,30.0632],[-6.1332,29.9876],[-6.0547,29.8681]]},"properties":{"id":625,"group":"searoutes","name":null}},{"type":"Feature","geometry":{"type":"LineString","coordinates":[[-8.4534,27.3849],[-8.4056,27.2716],[-8.3204,27.297],[-8.2319,27.3228],[-8.1252,27.3429],[-8.0162,27.3601],[-7.953,27.4633],[-7.8937,27.5671],[-7.7865,27.5609],[-7.6813,27.5523],[-7.6086,27.4978],[-7.5358,27.4485],[-7.4363,27.3601],[-7.3392,27.275]]},"properties":{"id":626,"group":"searoutes","name":null}},{"type":"Feature","geometry":{"type":"LineString","coordinates":[[0.1105,29.1873],[-0.0019,29.1959],[-0.1143,29.2007],[-0.2607,29.2729],[-0.3751,29.2361],[-0.4947,29.1993],[-0.6028,29.2676],[-0.7023,29.2533],[-0.7994,29.2414],[-0.9377,29.2648],[-1.0778,29.2901],[-1.2271,29.2653],[-1.2362,29.15],[-1.3759,29.1037],[-1.4601,29.1615],[-1.4773,29.0984],[-1.5787,29.0893],[-1.6835,29.1419],[-1.7701,29.2189],[-1.8567,29.2987],[-1.9404,29.3676],[-2.017,29.4312],[-2.0882,29.4933],[-2.017,29.6836],[-2.0925,29.761],[-2.1318,29.9131],[-2.2385,29.9336],[-2.281,30.1005],[-2.3614,30.2114],[-2.4408,30.3257],[-2.5576,30.3166],[-2.6542,30.263],[-2.7547,30.2095],[-2.8609,30.2802],[-2.9709,30.3481],[-3.0336,30.4485],[-3.1135,30.4868],[-3.1914,30.5202],[-3.2536,30.5924],[-3.2627,30.6876],[-3.2742,30.7822],[-3.2168,30.8769],[-3.2627,30.9171],[-3.2541,31.0466],[-3.346,31.1408],[-3.435,31.1121],[-3.5235,31.0882],[-3.6359,31.1351],[-3.7507,31.0605],[-3.7564,30.9453],[-3.8689,30.8147],[-3.9344,30.6876],[-4.1392,30.6135],[-4.1755,30.6933],[-4.2176,30.7741],[-4.3535,30.8654],[-4.4917,30.9553],[-4.5889,30.94],[-4.7266,31.072],[-4.7697,31.223],[-4.8644,31.2498],[-4.9568,31.2766],[-5.0711,31.2498],[-5.1859,31.2187],[-5.2577,31.1924],[-5.3409,31.158],[-5.4208,31.1198],[-5.5706,31.1465],[-5.715,31.1704],[-5.8165,31.245],[-5.8059,31.399],[-5.7954,31.551],[-5.915,31.6676],[-6.049,31.77],[-6.2202,31.8197],[-6.4006,31.9033],[-6.5034,31.9932],[-6.6039,32.0759],[-6.7053,32.162],[-6.8163,32.1563],[-6.9235,32.1529],[-6.9847,32.1496],[-7.1378,32.1849],[-7.2919,32.2155],[-7.3325,32.1371],[-7.4363,32.1333],[-7.5421,32.1343],[-7.5741,32.053],[-7.6028,31.9688],[-7.7052,31.9607],[-7.8497,31.9841],[-7.9922,32.0095],[-8.0358,32.0554],[-8.1482,32.1104],[-8.2606,32.1696],[-8.3491,32.1505],[-8.4434,32.1338],[-8.5615,32.1849],[-8.619,32.3456],[-8.562,32.4512],[-8.5108,32.5488],[-8.5558,32.6554],[-8.6065,32.7591],[-8.6993,32.7931],[-8.7936,32.8275],[-8.906,32.8791],[-8.9868,33.0618],[-8.9065,33.1822],[-8.8658,33.3324],[-8.8309,33.4877],[-8.7165,33.5561],[-8.5979,33.6254],[-8.5845,33.7167],[-8.5754,33.8104],[-8.6127,33.9429],[-8.5845,34.0323],[-8.5587,34.1241],[-8.4467,34.0667],[-8.3357,34.0131],[-8.286,34.1126],[-8.2314,34.2154],[-8.1367,34.2962],[-8.0477,34.3798],[-7.9875,34.4625],[-7.9305,34.5462],[-7.9013,34.6633],[-7.8731,34.7805],[-7.7923,34.9559],[-7.6315,34.9215],[-7.5693,34.8498],[-7.4684,34.8904],[-7.4191,34.9846],[-7.3655,35.0745],[-7.2679,35.0673],[-7.1211,35.1032],[-7.1034,35.2198],[-7.0833,35.3351],[-7.0316,35.4173],[-6.9254,35.4551],[-6.8139,35.4928],[-6.7072,35.5526],[-6.5953,35.608],[-6.5465,35.7362],[-6.4972,35.8619],[-6.4087,35.9312],[-6.4432,35.9943],[-6.5235,36.0804],[-6.5408,36.2353],[-6.4661,36.3386],[-6.3331,36.5355],[-6.3169,36.6254],[-6.2958,36.7206],[-6.2475,36.7832],[-6.1446,36.8664],[-6.0384,36.9491],[-5.9724,37.0327],[-5.9121,37.1131],[-5.7944,37.1245],[-5.6854,37.2565],[-5.582,37.2163],[-5.4787,37.2885],[-5.4385,37.3942],[-5.3955,37.5003],[-5.3065,37.4516],[-5.2199,37.4061],[-5.1572,37.5089],[-5.0998,37.6074],[-5.0194,37.6466],[-4.9381,37.6916],[-4.7783,37.7499],[-4.6759,37.7236],[-4.6405,37.6351],[-4.6008,37.5481],[-4.5429,37.4802],[-4.4831,37.4104],[-4.3994,37.3884],[-4.3114,37.365],[-4.2157,37.4171],[-4.1243,37.474],[-4.1124,37.5778],[-4.0985,37.6839],[-4.0492,37.7786],[-4.0043,37.8761],[-3.8598,37.8531],[-3.7679,37.9736],[-3.6507,38.0965],[-3.6301,38.1916],[-3.6105,38.2825],[-3.5306,38.3657],[-3.401,38.4288],[-3.2914,38.3408],[-3.1771,38.2571],[-3.102,38.14],[-3.0302,38.0248],[-2.9412,37.9679],[-2.9068,37.8474],[-2.9671,37.7838],[-2.9355,37.6581],[-2.9073,37.5357],[-2.7489,37.4946],[-2.6657,37.4171],[-2.5949,37.4697],[-2.5164,37.4343],[-2.438,37.3971],[-2.3786,37.3196],[-2.325,37.2441],[-2.3729,37.159],[-2.4159,37.0729],[-2.4131,36.941],[-2.2791,36.8262],[-2.1834,36.8205],[-2.083,36.8138],[-1.9801,36.7182],[-1.9997,36.6254],[-2.0232,36.5365],[-2.1318,36.4877],[-2.126,36.4189],[-2.0629,36.241],[-2.1122,36.0861],[-2.1146,35.9829],[-2.0174,35.9767],[-1.9883,35.8509],[-1.8696,35.8218],[-1.7519,35.7505],[-1.6381,35.6903],[-1.5242,35.6267],[-1.4142,35.5641],[-1.3099,35.5019],[-1.2247,35.4551],[-1.141,35.4044],[-1.1329,35.3116],[-1.1262,35.2203],[-1.185,35.0826],[-1.1855,35.0186],[-1.0606,34.9712],[-1.018,34.8584],[-0.9755,34.7408],[-1.0802,34.6437],[-1.1061,34.6179],[-1.1563,34.4793],[-1.173,34.3937],[-1.1884,34.3076],[-1.1673,34.2044],[-1.1472,34.0987],[-1.1673,33.9864],[-1.1912,33.8688],[-1.0554,33.7971],[-0.9606,33.8028],[-0.8693,33.8037],[-0.731,33.7339],[-0.6592,33.5236],[-0.7214,33.4356],[-0.6621,33.3266],[-0.599,33.2124],[-0.4746,33.2138],[-0.3689,33.2009],[-0.2201,33.2406],[-0.077,33.2783],[0.0096,33.2348],[0.0966,33.1894],[0.1875,33.1545],[0.277,33.1191],[0.3913,33.0536],[0.4861,32.9786],[0.555,32.9312],[0.6746,32.86],[0.7214,32.7701],[0.7736,32.6793],[0.9147,32.6525],[0.9702,32.5598],[0.8994,32.4374],[0.8339,32.3169],[0.8989,32.2567],[1.0142,32.1964],[1.1252,32.1386],[1.2094,32.2079],[1.2907,32.2825],[1.3587,32.3456],[1.4295,32.4053],[1.5634,32.3045],[1.6993,32.325],[1.7605,32.4144],[1.827,32.5043],[1.949,32.5698],[2.0471,32.6377],[2.0476,32.73],[2.0485,32.8241],[2.105,32.9594],[2.1643,33.0981],[2.0791,33.2377],[2.1854,33.3381],[2.2141,33.4758],[2.1366,33.514],[2.1394,33.6077],[2.137,33.6962],[2.1107,33.7798],[2.0887,33.8649],[2.0131,33.9806],[1.9418,34.0992],[1.8179,34.1413],[1.6916,34.2904],[1.606,34.4119],[1.5653,34.5142],[1.5204,34.6136],[1.629,34.7288],[1.7309,34.8469],[1.7371,34.9177],[1.749,35.0764],[1.8376,35.1367],[1.9098,35.2428],[1.9777,35.3518],[1.9615,35.4436],[1.9404,35.5316],[1.9988,35.5947],[1.9615,35.7247],[2.0533,35.8337],[2.0327,35.9293],[1.9404,36.252],[2.0045,36.5647],[2.082,36.6369],[2.1557,36.7048],[2.3198,36.7124],[2.4102,36.8023],[2.392,36.918],[2.3777,37.0337],[2.3346,37.1245],[2.2954,37.2125],[2.1854,37.2508],[2.0992,37.4171],[2.2198,37.5319],[2.3107,37.5257],[2.415,37.5204],[2.5236,37.5108],[2.6193,37.5324],[2.7365,37.5491],[2.7996,37.4343],[2.7518,37.3024],[2.8398,37.2393],[2.9288,37.1781],[2.9259,37.0901],[2.9207,36.9983],[3.0006,36.9524],[3.0761,36.9046],[3.1039,36.7516],[3.1269,36.5991],[3.1589,36.4366],[3.2618,36.3061],[3.3622,36.2697],[3.4589,36.2291],[3.5976,36.1951],[3.7354,36.1641],[3.8363,36.3018],[3.9478,36.2238],[4.0617,36.1425],[4.0564,36.0278],[4.0971,35.914],[4.1425,35.7974],[4.2234,35.7075],[4.3028,35.6205],[4.3267,35.5182],[4.3554,35.4144],[4.3382,35.2887],[4.3219,35.1673],[4.3267,35.0707],[4.332,34.9703],[4.4473,34.933],[4.5616,34.8904],[4.6463,34.899],[4.7051,34.8292],[4.7171,34.692],[4.7343,34.5534],[4.6271,34.4845],[4.6367,34.388],[4.585,34.365],[4.4874,34.3306],[4.4554,34.2273],[4.5104,34.147],[4.4874,34.0495],[4.4669,33.9472],[4.4032,33.8468],[4.4578,33.6904],[4.5276,33.6135],[4.6013,33.5336],[4.7027,33.4576],[4.7687,33.4012],[4.8386,33.3467],[4.9525,33.4471],[5.0644,33.547],[5.228,33.4471],[5.2749,33.3405],[5.3203,33.3271],[5.406,33.2635],[5.494,33.198],[5.5605,33.0909],[5.5462,32.8681],[5.6906,32.7137],[5.8112,32.4632],[5.7868,32.401],[5.7964,32.2882],[5.8026,32.1725],[5.9337,32.1271],[5.9605,32.0568],[6.0772,31.9497],[6.0083,31.8288],[5.9686,31.7489],[5.9255,31.6743],[5.8538,31.5424],[5.7571,31.5166],[5.6701,31.4449],[5.5839,31.3708],[5.4806,31.1121],[5.3581,30.8989],[5.5088,30.8697],[5.6069,30.7516]]},"properties":{"id":627,"group":"searoutes","name":null}},{"type":"Feature","geometry":{"type":"LineString","coordinates":[[-3.4354,32.8385],[-3.6478,32.9958],[-3.7115,33.0465],[-3.8607,33.0125],[-3.9555,32.8925],[-4.0464,32.8796],[-4.1846,32.9728],[-4.3511,32.9709],[-4.4162,32.9829],[-4.6774,33.0536],[-4.8041,33.1024],[-4.829,33.1578],[-4.9505,33.2181],[-5.1036,33.2315],[-5.2266,33.1062],[-5.3821,32.948],[-5.4873,32.8954],[-5.6777,32.7692],[-5.7002,32.5971],[-5.7964,32.5865],[-5.9093,32.4833],[-5.9207,32.3628],[-5.9207,32.2997],[-5.9322,32.1448],[-5.9207,32.0702],[-6.047,31.9153],[-6.049,31.77]]},"properties":{"id":628,"group":"searoutes","name":null}},{"type":"Feature","geometry":{"type":"LineString","coordinates":[[-0.2607,29.2729],[-0.2665,29.3107]]},"properties":{"id":629,"group":"searoutes","name":null}},{"type":"Feature","geometry":{"type":"LineString","coordinates":[[-7.6813,27.5523],[-7.7148,27.6967],[-7.6545,27.7789],[-7.5339,27.7904],[-7.4684,27.7244],[-7.3502,27.7617],[-7.2354,27.8023],[-7.1608,27.7559],[-7.0885,27.8659],[-7.0517,27.9739],[-7.0153,28.0834]]},"properties":{"id":630,"group":"searoutes","name":null}},{"type":"Feature","geometry":{"type":"LineString","coordinates":[[-8.1831,28.5926],[-8.1477,28.6657],[-8.0104,28.7083],[-7.8702,28.7537],[-7.7693,28.7083],[-7.6727,28.6629],[-7.6765,28.518],[-7.5971,28.4616],[-7.5162,28.4104],[-7.4201,28.2828]]},"properties":{"id":631,"group":"searoutes","name":null}},{"type":"Feature","geometry":{"type":"LineString","coordinates":[[10.2738,26.3982],[10.1565,26.3709],[10.0905,26.5282],[10.024,26.6826],[9.97,26.7577],[9.9188,26.8327],[9.792,26.9126],[9.66,26.9905],[9.6083,27.0398],[9.6447,27.1344],[9.6198,27.2511],[9.5949,27.3682],[9.5997,27.5073],[9.5605,27.7124],[9.459,27.8535],[9.3466,27.841],[9.2524,27.8248],[9.1615,27.81],[9.0744,27.7387],[8.9902,27.6622],[8.8562,27.5781],[8.7185,27.5207],[8.6266,27.5035]]},"properties":{"id":632,"group":"searoutes","name":null}},{"type":"Feature","geometry":{"type":"LineString","coordinates":[[5.5404,26.5564],[5.5897,26.4192],[5.6347,26.2853]]},"properties":{"id":633,"group":"searoutes","name":null}},{"type":"Feature","geometry":{"type":"LineString","coordinates":[[8.8328,27.8095],[8.894,27.7153],[8.9902,27.6622]]},"properties":{"id":634,"group":"searoutes","name":null}},{"type":"Feature","geometry":{"type":"LineString","coordinates":[[9.1615,27.81],[9.1892,27.9453],[9.2155,28.0777],[9.0093,28.1551],[9.0835,28.3956],[9.1945,28.4812],[9.1835,28.7408],[9.2083,28.921],[8.9534,28.933],[8.8309,28.8771]]},"properties":{"id":635,"group":"searoutes","name":null}},{"type":"Feature","geometry":{"type":"LineString","coordinates":[[8.8562,27.5781],[8.894,27.7153]]},"properties":{"id":636,"group":"searoutes","name":null}},{"type":"Feature","geometry":{"type":"LineString","coordinates":[[7.0766,19.3225],[7.1866,19.4449],[7.2718,19.4143],[7.4095,19.4544],[7.4679,19.4133],[7.5703,19.4372],[7.6731,19.4635],[7.7425,19.4028],[7.9262,19.4085],[8.0372,19.4764],[8.1621,19.4544],[8.2075,19.3397],[8.3453,19.2249],[8.4338,19.2202],[8.5635,19.1676],[8.6965,19.114],[8.7701,19.0643],[8.8467,19.0165],[8.9003,18.8884],[8.9648,18.864],[9.0227,18.7947],[9.0749,18.7249],[9.0237,18.5647],[9.0285,18.4619],[9.0337,18.361],[8.9859,18.2554],[9.1165,18.155],[9.2007,18.1234],[9.2887,18.0943],[9.3614,18.0087],[9.4313,17.9198],[9.5805,17.9709],[9.6657,17.9972],[9.6992,17.8892],[9.815,17.8308],[9.9757,17.8882],[10.0188,18.0068],[9.9872,18.1234],[9.9547,18.2358],[10.1144,18.2931],[10.2675,18.2157],[10.3431,18.33],[10.3948,18.2611],[10.5235,18.3094],[10.6713,18.3448],[10.722,18.4332],[10.7737,18.416],[10.8718,18.4825],[10.9172,18.4194],[11.0177,18.4313],[11.0894,18.4906],[11.1631,18.5537],[11.1813,18.6627],[11.2047,18.7693],[11.122,18.8339],[10.9861,18.8979],[10.8488,18.9634],[10.8483,19.0643],[10.8445,19.1618],[10.7536,19.3048],[10.6244,19.3397],[10.5005,19.3794],[10.4292,19.4774],[10.3536,19.5782],[10.301,19.6289],[10.1762,19.7188],[10.1226,19.7876],[10.102,19.8904],[10.0781,19.9937],[10.0991,20.1003],[10.0417,20.2041],[10.1479,20.2404],[10.1121,20.3308],[10.103,20.4273]]},"properties":{"id":637,"group":"searoutes","name":null}},{"type":"Feature","geometry":{"type":"LineString","coordinates":[[-8.6304,25.9201],[-8.5678,26.0176],[-8.53,26.1271],[-8.4869,26.2241],[-8.4405,26.3193],[-8.3606,26.3963],[-8.2836,26.4766]]},"properties":{"id":638,"group":"searoutes","name":null}},{"type":"Feature","geometry":{"type":"LineString","coordinates":[[-8.3209,26.6936],[-8.4008,26.7864],[-8.4754,26.8815],[-8.5214,26.9585],[-8.5644,27.035],[-8.6075,27.1363],[-8.5271,27.1937],[-8.5271,27.2568],[-8.4056,27.2716]]},"properties":{"id":639,"group":"searoutes","name":null}},{"type":"Feature","geometry":{"type":"LineString","coordinates":[[-11.7104,21.8702],[-11.818,21.8434],[-11.929,21.8516],[-11.9831,21.7665],[-12.0329,21.6775],[-12.075,21.6001],[-12.1209,21.5174],[-12.0405,21.3763],[-11.9582,21.2353],[-11.8281,21.2042],[-11.8051,21.2903],[-11.653,21.3438],[-11.5468,21.3591],[-11.443,21.3763],[-11.2885,21.3132],[-11.1373,21.2554],[-11.0473,21.1583],[-10.9612,21.1698],[-10.8464,21.1296],[-10.8177,21.0723],[-10.7431,21.0493],[-10.6627,21.0436],[-10.4847,21.1182],[-10.3905,21.0555],[-10.2948,21.0063],[-10.2436,20.9002],[-10.146,20.9116],[-10.0714,20.9174],[-10.0365,20.8088],[-9.9221,20.7797],[-9.8073,20.7529],[-9.7442,20.728],[-9.6848,20.7916],[-9.5605,20.728],[-9.4322,20.6611],[-9.3366,20.6592],[-9.239,20.6611],[-9.1586,20.6133],[-9.0734,20.5612],[-8.9864,20.51],[-8.8601,20.5674],[-8.8199,20.6764],[-8.7108,20.6707],[-8.6046,20.6702],[-8.4726,20.6731],[-8.3199,20.6071],[-8.2286,20.6248],[-8.1348,20.6468]]},"properties":{"id":640,"group":"searoutes","name":null}},{"type":"Feature","geometry":{"type":"LineString","coordinates":[[-10.456,17.03],[-10.4699,16.9894],[-10.4101,16.9014],[-10.3532,16.8178],[-10.2838,16.7293],[-10.2092,16.6423],[-10.1054,16.5194],[-10.0566,16.3717],[-9.9623,16.2704],[-9.8628,16.17],[-9.7671,16.1327],[-9.6695,16.0916],[-9.5839,15.9491],[-9.4882,15.9309],[-9.483,15.821],[-9.3356,15.7875],[-9.2447,15.7081],[-9.1576,15.6249],[-9.1863,15.461],[-9.1414,15.3754],[-9.1012,15.2946],[-9.038,15.1975],[-8.9711,15.0995],[-8.9715,14.948],[-8.8715,14.9394],[-8.7687,14.9284],[-8.6534,14.9049],[-8.5367,14.8767],[-8.4525,14.8361],[-8.3635,14.7988],[-8.4123,14.6812],[-8.3606,14.532],[-8.2654,14.5081],[-8.185,14.3594],[-8.0597,14.445],[-7.9989,14.5091],[-8.0611,14.6836],[-8.0908,14.7902],[-8.1161,14.8973],[-8.1487,15.0245],[-8.1482,15.1402],[-8.1463,15.2539],[-8.1377,15.3988],[-8.0506,15.4155],[-7.9616,15.428],[-7.9291,15.568],[-7.8554,15.645],[-7.9095,15.7282],[-7.965,15.8688]]},"properties":{"id":641,"group":"searoutes","name":null}},{"type":"Feature","geometry":{"type":"LineString","coordinates":[[-7.8554,15.645],[-7.8033,15.5585],[-7.7234,15.5131],[-7.6397,15.4705],[-7.5167,15.5418],[-7.3961,15.6168],[-7.3158,15.5532],[-7.2407,15.4844],[-7.1182,15.5327],[-7.0058,15.5704],[-6.8933,15.6082],[-6.8737,15.7139],[-6.8565,15.8162],[-6.7264,15.841],[-6.5982,15.8458],[-6.4752,15.8535],[-6.3566,15.7488],[-6.2365,15.6794],[-6.1159,15.6116],[-6.0088,15.5915],[-5.8748,15.6388],[-5.7485,15.645],[-5.6653,15.7741],[-5.5141,15.8219],[-5.4012,15.8908],[-5.3467,16.0179],[-5.2979,16.1465],[-5.2204,16.2531],[-5.0826,16.2531],[-5.0247,16.1394],[-4.9276,16.1212],[-4.8352,16.1035],[-4.7553,15.9978],[-4.7266,15.886],[-4.5716,15.8057],[-4.4544,15.8429],[-4.3631,15.8463],[-4.2731,15.8286],[-4.1846,15.8143],[-4.1181,15.7368],[-4.0473,15.6541],[-3.9574,15.6508],[-3.8665,15.6484],[-3.767,15.7148],[-3.6675,15.6106],[-3.5612,15.645],[-3.455,15.6742],[-3.4,15.7636],[-3.4177,15.8573],[-3.5268,15.9433],[-3.5498,16.0122],[-3.6622,16.0782],[-3.7392,16.1269],[-3.8158,16.1719],[-3.8717,16.2235],[-3.877,16.3564],[-3.8866,16.4912],[-4.032,16.6031],[-4.1817,16.7116],[-4.2387,16.7379],[-4.2674,16.8613],[-4.3937,16.8842],[-4.4908,16.7886],[-4.6147,16.8876],[-4.7152,16.9416],[-4.8137,16.9961],[-4.8989,17.0449],[-4.9879,17.0931],[-5.0773,17.2366],[-5.0367,17.3375],[-5.1055,17.4579],[-5.2208,17.4761],[-5.3065,17.5268],[-5.2759,17.6382],[-5.316,17.7792],[-5.4041,17.7964],[-5.4969,17.8136],[-5.5935,17.728],[-5.6796,17.7792],[-5.7657,17.8356],[-5.8231,17.9054],[-5.8853,17.9767],[-5.8519,18.0833],[-5.8165,18.1942],[-5.7083,18.2669],[-5.7256,18.4045],[-5.8485,18.4686],[-5.8117,18.5767],[-5.7724,18.6861],[-5.783,18.7717],[-5.7964,18.8587],[-5.7313,18.9324],[-5.671,19.0041],[-5.582,19.0643],[-5.495,19.1255],[-5.3581,19.1676],[-5.2213,19.2139],[-5.0654,19.2249],[-4.9137,19.2402],[-4.7817,19.256],[-4.7381,19.1504],[-4.6893,19.0447],[-4.675,18.9496],[-4.5372,18.8807],[-4.4109,18.9171],[-4.3363,19.0127],[-4.264,19.1092],[-4.132,19.1322],[-4.0377,19.0815],[-3.9392,19.027],[-3.8272,19.0839],[-3.7851,19.1733],[-3.8138,19.2077],[-3.8052,19.3306],[-3.7392,19.4143],[-3.8368,19.6151],[-3.9411,19.6466],[-4.0263,19.6208],[-4.1152,19.5955],[-4.164,19.6724],[-4.2162,19.7547],[-4.2674,19.8273],[-4.3229,19.9024]]},"properties":{"id":642,"group":"searoutes","name":null}},{"type":"Feature","geometry":{"type":"LineString","coordinates":[[-3.1575,11.0334],[-3.1216,10.998],[-3.2163,10.911],[-3.3029,10.9005],[-3.3594,10.9975],[-3.3551,11.053],[-3.4579,11.1013],[-3.5636,11.1476],[-3.5555,11.2504],[-3.5469,11.3566],[-3.4866,11.434],[-3.4263,11.5139],[-3.4388,11.5889],[-3.5699,11.5889],[-3.6588,11.6979],[-3.7502,11.805],[-3.8426,11.8241],[-3.9339,11.8423],[-3.977,11.9222],[-4.11,11.98],[-4.2444,11.8815],[-4.3133,11.8987],[-4.4018,11.8088],[-4.4798,11.7553],[-4.5563,11.7027],[-4.675,11.7496],[-4.7984,11.8002],[-4.8874,11.8069],[-4.9816,11.8179],[-5.0792,11.9527],[-5.117,12.0708],[-5.272,12.1626],[-5.3868,12.1306],[-5.5227,12.1894],[-5.5648,12.2965],[-5.628,12.3577],[-5.6969,12.4237],[-5.7083,12.5355],[-5.892,12.6101],[-5.9782,12.679],[-6.1159,12.6675],[-6.2595,12.656],[-6.3169,12.765],[-6.3733,12.8778],[-6.4317,13.0289],[-6.4833,13.115],[-6.4948,13.1781],[-6.5006,13.2527],[-6.5934,13.3053],[-6.6211,13.4133],[-6.6537,13.5233],[-6.702,13.6284],[-6.7417,13.7288],[-6.7766,13.8288],[-6.6498,13.9583],[-6.5259,14.0884],[-6.4317,14.1419],[-6.4259,14.2796],[-6.5173,14.3661],[-6.558,14.446],[-6.5982,14.5311],[-6.5522,14.6582],[-6.7039,14.7491],[-6.8163,14.7328],[-6.8771,14.9193],[-6.9029,15.078],[-6.8967,15.1975],[-6.8795,15.3008],[-6.8335,15.4844],[-6.8933,15.6082]]},"properties":{"id":643,"group":"searoutes","name":null}},{"type":"Feature","geometry":{"type":"LineString","coordinates":[[1.2898,21.1583],[1.4046,21.0804],[1.3099,20.9265],[1.3414,20.8074],[1.4563,20.5559]]},"properties":{"id":644,"group":"searoutes","name":null}},{"type":"Feature","geometry":{"type":"LineString","coordinates":[[-7.465,21.3457],[-7.4708,21.2329],[-7.4746,21.1258],[-7.5138,21.0618],[-7.4536,21.0206],[-7.4296,20.914]]},"properties":{"id":645,"group":"searoutes","name":null}},{"type":"Feature","geometry":{"type":"LineString","coordinates":[[-11.7104,21.8702],[-11.6626,21.9462],[-11.7511,21.9596],[-11.8372,22.0194],[-11.7535,22.082],[-11.6693,22.1293],[-11.5731,22.1202],[-11.587,22.2312],[-11.6047,22.344],[-11.5123,22.3803],[-11.4157,22.4143],[-11.2885,22.3746],[-11.1736,22.4606],[-11.1392,22.518],[-11.1861,22.5892],[-11.1047,22.7016],[-11.1622,22.8278],[-11.122,22.9024],[-11.2196,22.9884],[-11.3172,23.0224],[-11.3401,23.1319],[-11.3621,23.2433],[-11.2827,23.2925],[-11.2076,23.347],[-11.2368,23.4359],[-11.2717,23.5277],[-11.3573,23.5105],[-11.4458,23.4986],[-11.5272,23.5311],[-11.5329,23.6798],[-11.564,23.8031],[-11.7047,23.872],[-11.8185,23.9547],[-11.8855,24.0211],[-11.8625,24.1473],[-11.7669,24.2076],[-11.7252,24.3663],[-11.8396,24.4571],[-11.8338,24.6465],[-11.719,24.7497],[-11.7094,24.9065],[-11.719,25.0136],[-11.73,25.1193],[-11.6386,25.2029],[-11.6396,25.3081],[-11.7018,25.3751],[-11.6157,25.507],[-11.475,25.5625],[-11.4463,25.6284],[-11.3401,25.6963],[-11.2349,25.77],[-11.1794,25.857],[-11.1272,25.9488],[-11.0703,26.0348],[-11.0162,26.1214],[-10.8875,26.1142],[-10.81,26.0429],[-10.7144,26.0979],[-10.6168,26.1486],[-10.5249,26.161],[-10.435,26.1725],[-10.3957,26.0936],[-10.3986,26.0061],[-10.3934,25.9258],[-10.4426,25.8622],[-10.3871,25.7709],[-10.3359,25.6849],[-10.2207,25.6447],[-10.0599,25.6906],[-10.0073,25.7762],[-10.0312,25.8742],[-10.0508,25.9693],[-10.1393,25.9354]]},"properties":{"id":646,"group":"searoutes","name":null}},{"type":"Feature","geometry":{"type":"LineString","coordinates":[[9.5949,27.3682],[9.715,27.4796],[9.9011,27.4289],[9.9585,27.4461],[9.9814,27.4289],[10.1307,27.5724],[10.2723,27.5862],[10.4044,27.5862],[10.5388,27.5814],[10.6646,27.5322],[10.7335,27.5781],[10.8024,27.6469],[10.9206,27.6206],[11.0378,27.5609],[11.1583,27.5006],[11.21,27.4175],[11.2559,27.3295],[11.3191,27.2396],[11.3846,27.154],[11.4224,27.0335],[11.4569,26.9011],[11.4961,26.7744],[11.5678,26.6539],[11.6865,26.6831],[11.8051,26.7094],[11.8955,26.6511],[11.9276,26.5512],[12.0711,26.4536],[12.1812,26.4565],[12.3065,26.488],[12.4328,26.5253],[12.5763,26.5856],[12.7237,26.6463],[12.783,26.5684],[12.8385,26.4857],[12.9418,26.51],[12.9925,26.3743],[13.1686,26.1304],[13.1298,25.9712],[13.1896,25.8144],[13.1791,25.6963],[13.1738,25.5735],[13.1552,25.4463],[13.1447,25.3521],[13.2308,25.2316],[13.2308,25.1743],[13.271,24.9677],[13.3686,24.8473],[13.4968,24.7359],[13.5695,24.6751],[13.6475,24.6182],[13.7647,24.612],[13.8819,24.6006],[13.9594,24.6053]]},"properties":{"id":647,"group":"searoutes","name":null}},{"type":"Feature","geometry":{"type":"LineString","coordinates":[[9.9011,27.4289],[9.9331,27.3276],[9.9824,27.2917],[10.1307,27.2683],[10.2766,27.2415],[10.4201,27.1775],[10.5211,27.188],[10.6211,27.2042],[10.6881,27.1416],[10.7335,27.0618]]},"properties":{"id":648,"group":"searoutes","name":null}},{"type":"Feature","geometry":{"type":"LineString","coordinates":[[11.342,20.9403],[11.3105,20.7931],[11.342,20.6822],[11.3727,20.5736],[11.3645,20.4833],[11.4569,20.4699],[11.5487,20.3379],[11.5492,20.2175],[11.4348,20.1467],[11.2755,20.1553],[11.155,20.228],[11.0378,20.2232],[10.9206,20.2241],[10.8196,20.2347],[10.7172,20.2428],[10.6818,20.1601],[10.6421,20.0826],[10.5153,20.0798],[10.3771,20.2485],[10.257,20.2815],[10.1479,20.2404]]},"properties":{"id":649,"group":"searoutes","name":null}},{"type":"Feature","geometry":{"type":"LineString","coordinates":[[-8.1597,29.8294],[-8.1453,29.8978],[-8.0281,29.7835],[-7.9817,29.7008],[-7.9363,29.6157],[-7.976,29.5229],[-8.0152,29.4254],[-7.9583,29.3805],[-7.8817,29.2342],[-7.9932,29.1386],[-8.1061,29.0406],[-8.1621,28.8837],[-8.1539,28.7771],[-8.1477,28.6657]]},"properties":{"id":650,"group":"searoutes","name":null}},{"type":"Feature","geometry":{"type":"LineString","coordinates":[[-10.4235,27.6842],[-10.4388,27.6431],[-10.456,27.5494],[-10.4771,27.461],[-10.4886,27.4146],[-10.5823,27.3486],[-10.6751,27.2807],[-10.6857,27.1765],[-10.7,27.0694],[-10.6971,26.9585],[-10.7603,26.9642],[-10.8172,26.8605],[-10.8407,26.7347],[-10.8646,26.6104],[-10.7833,26.511],[-10.611,26.4364],[-10.5302,26.3876],[-10.4847,26.2815],[-10.5249,26.161]]},"properties":{"id":651,"group":"searoutes","name":null}},{"type":"Feature","geometry":{"type":"LineString","coordinates":[[-7.6545,27.7789],[-7.598,27.8597],[-7.5999,27.9653],[-7.6086,28.0829],[-7.6124,28.201],[-7.5626,28.3067],[-7.5971,28.4616]]},"properties":{"id":652,"group":"searoutes","name":null}},{"type":"Feature","geometry":{"type":"LineString","coordinates":[[-1.3458,34.0017],[-1.2869,34.0088],[-1.1673,33.9864]]},"properties":{"id":653,"group":"searoutes","name":null}},{"type":"Feature","geometry":{"type":"LineString","coordinates":[[-10.4426,25.8622],[-10.3527,25.9163]]},"properties":{"id":654,"group":"searoutes","name":null}},{"type":"Feature","geometry":{"type":"LineString","coordinates":[[9.4126,30.329],[9.5805,30.4093],[9.7432,30.4581],[9.9896,30.5967],[10.1403,30.6598],[10.234,30.7937],[10.3336,30.8004],[10.3914,30.9424],[10.5182,31.0284],[10.6129,30.9629],[10.7019,31.2135],[10.8421,31.2202],[10.932,31.3053],[11.0263,31.3301],[11.1215,31.3507],[11.1296,31.4506],[11.133,31.552],[11.1201,31.6676],[11.1468,31.7489],[11.1641,31.8465],[11.0435,31.9325],[11.0612,32.0549],[10.9804,32.139],[10.877,32.248],[10.9091,32.3805],[10.9459,32.4775],[10.9856,32.5751],[11.078,32.6382],[11.0952,32.7529],[11.0239,32.8074],[11.0435,32.925],[10.8426,32.948],[10.8029,32.8371],[10.6842,32.741],[10.6302,32.6496],[10.5393,32.6702],[10.4924,32.7529],[10.4436,32.8313],[10.4426,32.9886],[10.302,33.057],[10.1652,32.9996],[10.0274,32.937],[9.97,33.0225],[9.9154,33.1115],[9.9408,33.1626],[9.8551,33.3151],[9.9245,33.4356],[9.8858,33.5886],[9.8437,33.7684],[9.9355,33.8028],[9.981,33.9749],[10.0389,34.061],[10.101,34.1461],[10.0733,34.2273],[10.0475,34.3124],[10.0465,34.4645],[9.97,34.5199],[10.0049,34.5849],[10.1077,34.6175],[10.2135,34.6514],[10.3517,34.7494],[10.4809,34.7781],[10.6139,34.812],[10.6818,34.9158],[10.6359,35.0477],[10.5177,35.0822],[10.4407,35.1739],[10.3594,35.2624],[10.3259,35.3461],[10.2977,35.4245],[10.1709,35.478],[10.0331,35.4149],[10.0216,35.2925],[9.9183,35.2715],[9.8322,35.1625],[9.7346,35.1453],[9.614,35.1682],[9.4992,35.2256],[9.4275,35.1558],[9.3787,35.0592],[9.3318,34.9598],[9.1839,34.9598],[8.9964,35.0028],[8.994,35.0587],[8.9213,35.064],[8.8275,35.019],[8.7323,34.9722],[8.6496,35.0649],[8.5682,35.1558],[8.4085,35.1453],[8.2759,34.9134],[8.2707,34.8068],[8.1846,34.715],[8.0965,34.7293],[8.0468,34.6461],[7.9946,34.5606],[8.0803,34.4377],[8.1731,34.3363],[8.2625,34.2398],[8.3223,34.17],[8.2764,34.0724],[8.1731,33.9634],[8.064,33.8659],[7.9444,33.863],[7.909,33.7741],[7.875,33.6861],[7.8229,33.6135],[7.7664,33.5441],[7.6449,33.4815],[7.5268,33.4232],[7.3751,33.3037],[7.2263,33.1837],[7.1684,33.1029],[7.1144,33.0187],[6.9584,32.9432],[6.8359,32.9738],[6.6608,32.9767],[6.5656,32.9767],[6.4747,32.9714],[6.3303,32.9193],[6.1843,32.8681],[6.0738,33.013],[6.0255,33.1469],[5.8777,33.1798],[5.7279,33.1172],[5.5605,33.0909]]},"properties":{"id":655,"group":"searoutes","name":null}},{"type":"Feature","geometry":{"type":"LineString","coordinates":[[13.0595,21.3156],[12.9753,21.3018],[12.9461,21.4385],[12.9782,21.5255],[12.9208,21.5599],[12.8634,21.6976],[12.7198,21.7913],[12.6108,21.8124],[12.505,21.8286],[12.4668,21.9347],[12.3319,21.9615],[12.318,22.0992],[12.2089,22.1853],[12.1056,22.2541],[12.008,22.3574],[11.9908,22.4549],[11.9735,22.5467],[12.0572,22.5696],[12.0941,22.6442],[12.1362,22.7245],[12.228,22.8225],[12.2548,22.9081],[12.2845,22.9994],[12.2606,23.1032],[12.2323,23.2026],[12.1687,23.281],[12.1022,23.3652],[11.9912,23.3069],[11.9104,23.2696],[11.83,23.2342],[11.7382,23.2868],[11.6473,23.3394],[11.4836,23.3862],[11.3392,23.4398],[11.2789,23.5163],[11.1645,23.5971],[11.055,23.5736],[10.9454,23.5555],[10.8368,23.499],[10.7302,23.4378],[10.6359,23.413],[10.5445,23.3848],[10.5264,23.2265],[10.4699,23.2495],[10.3833,23.2466],[10.2919,23.2442],[10.1766,23.1892],[10.0566,23.1319],[9.9527,23.0975],[9.8532,23.063],[9.7461,23.1744],[9.637,23.2065],[9.5284,23.2351]]},"properties":{"id":656,"group":"searoutes","name":null}},{"type":"Feature","geometry":{"type":"LineString","coordinates":[[-10.4388,27.6431],[-10.5335,27.7129]]},"properties":{"id":657,"group":"searoutes","name":null}},{"type":"Feature","geometry":{"type":"LineString","coordinates":[[-8.4525,14.8361],[-8.4175,14.9126],[-8.3544,14.9709]]},"properties":{"id":658,"group":"searoutes","name":null}},{"type":"Feature","geometry":{"type":"LineString","coordinates":[[-8.1453,29.8978],[-8.1004,30.0388],[-8.0736,30.1253],[-8.0439,30.2104],[-8.0621,30.2975],[-8.0831,30.3902],[-8.0563,30.504],[-8.1826,30.6589],[-8.2745,30.7622],[-8.2118,30.8243],[-8.2171,30.94],[-8.22,31.0514],[-8.3778,31.1695],[-8.4697,31.2441],[-8.4572,31.3598],[-8.3606,31.4449],[-8.264,31.53],[-8.1712,31.5367],[-8.0798,31.5386],[-7.9645,31.5653],[-7.8492,31.5969],[-7.798,31.6858],[-7.7516,31.78],[-7.7291,31.8694],[-7.7052,31.9607]]},"properties":{"id":659,"group":"searoutes","name":null}},{"type":"Feature","geometry":{"type":"LineString","coordinates":[[-6.5034,31.9932],[-6.3972,32.1161],[-6.3111,32.2079],[-6.2016,32.1902],[-6.1274,32.2538],[-6.0537,32.3231],[-5.9207,32.2997]]},"properties":{"id":660,"group":"searoutes","name":null}},{"type":"Feature","geometry":{"type":"LineString","coordinates":[[-6.7876,12.0402],[-6.8125,12.0971],[-6.8508,12.2315],[-6.8919,12.3673],[-6.8364,12.4375],[-6.8565,12.5298],[-6.8776,12.6278],[-6.9541,12.7421],[-7.0321,12.853],[-7.0579,13.0222],[-7.1435,13.1265],[-7.2258,13.2269],[-7.2809,13.3053],[-7.333,13.4133],[-7.3799,13.5185],[-7.4708,13.5223],[-7.5622,13.5304],[-7.599,13.6858],[-7.666,13.7384],[-7.6545,13.8321],[-7.6382,13.9263],[-7.62,14.0214],[-7.6028,14.1156],[-7.6684,14.2356],[-7.7516,14.3633],[-7.9989,14.5091]]},"properties":{"id":661,"group":"searoutes","name":null}},{"type":"Feature","geometry":{"type":"LineString","coordinates":[[9.5997,27.5073],[9.715,27.4796]]},"properties":{"id":662,"group":"searoutes","name":null}},{"type":"Feature","geometry":{"type":"LineString","coordinates":[[-11.4755,26.041],[-11.4066,25.9908],[-11.4148,25.9029],[-11.3229,25.8799],[-11.1794,25.857]]},"properties":{"id":663,"group":"searoutes","name":null}},{"type":"Feature","geometry":{"type":"LineString","coordinates":[[11.5492,20.2175],[11.62,20.031],[11.6267,19.9344],[11.6152,19.8096],[11.5889,19.661],[11.5635,19.518],[11.6099,19.4669]]},"properties":{"id":664,"group":"searoutes","name":null}},{"type":"Feature","geometry":{"type":"LineString","coordinates":[[12.8925,19.6012],[12.6299,19.5252],[12.5706,19.4176],[12.3988,19.2111],[12.3993,19.0662],[12.4495,18.9271],[12.2242,18.8673],[12.0917,18.8855],[11.8645,18.7832],[11.7372,18.743],[11.5841,18.7741],[11.4856,18.8406],[11.3851,18.9056],[11.3215,18.9983],[11.2444,19.1274],[11.1617,19.2536],[11.2043,19.3856],[11.3018,19.4544],[11.276,19.5625],[11.3306,19.6724],[11.5889,19.661]]},"properties":{"id":665,"group":"searoutes","name":null}},{"type":"Feature","geometry":{"type":"LineString","coordinates":[[11.7372,18.743],[11.6807,18.657],[11.7382,18.5021],[11.8496,18.4361],[11.8415,18.2841],[11.9726,18.1927],[11.9874,18.0938]]},"properties":{"id":666,"group":"searoutes","name":null}},{"type":"Feature","geometry":{"type":"LineString","coordinates":[[2.6996,34.9822],[2.5877,35.1658],[2.7135,35.2084],[2.8427,35.2461],[2.9087,35.3288],[2.9786,35.4149],[3.0809,35.4895],[3.1833,35.5645],[3.1326,35.6845],[3.0838,35.8074],[3.0154,35.9623],[2.8915,36.0058],[2.7939,36.132],[2.8173,36.2214],[2.8714,36.3816],[2.8025,36.4825],[2.6676,36.6025],[2.5585,36.6541],[2.4207,36.7057],[2.4102,36.8023]]},"properties":{"id":667,"group":"searoutes","name":null}},{"type":"Feature","geometry":{"type":"LineString","coordinates":[[5.8112,32.4632],[5.9858,32.5636],[6.0767,32.5559],[6.2097,32.5775],[6.2623,32.642],[6.2212,32.7529],[6.1843,32.8681]]},"properties":{"id":668,"group":"searoutes","name":null}},{"type":"Feature","geometry":{"type":"LineString","coordinates":[[10.0475,34.3124],[9.9413,34.3019],[9.8384,34.29],[9.7633,34.1929],[9.6906,34.0963],[9.5585,34.0103],[9.459,33.9663],[9.3504,33.9558],[9.2193,33.9567],[9.1729,33.8343],[9.1084,33.7354],[9.2093,33.6742],[9.2538,33.6149],[9.2433,33.5418],[9.084,33.5786],[9.0457,33.4758],[9.0079,33.3763],[8.9883,33.2903],[8.9309,33.2233],[8.9165,33.1296],[8.851,33.0618],[8.8849,32.9767],[8.9136,32.8868],[8.8309,32.7448],[8.7472,32.5454],[8.5702,32.5182],[8.419,32.5301],[8.3051,32.6305],[8.1884,32.6764],[7.9631,32.6449],[7.797,32.5751],[7.7975,32.3647],[7.6698,32.1209],[7.5928,31.9115],[7.8449,31.8259]]},"properties":{"id":669,"group":"searoutes","name":null}},{"type":"Feature","geometry":{"type":"LineString","coordinates":[[10.5072,29.4866],[10.5182,29.3805],[10.6646,29.3967],[10.8086,29.4092],[10.9526,29.4278],[11.0492,29.4139],[11.1492,29.3977],[11.3478,29.4885],[11.3851,29.5971],[11.4214,29.7328],[11.5372,29.7467],[11.6176,29.8786],[11.5822,29.9996],[11.5133,29.99]]},"properties":{"id":670,"group":"searoutes","name":null}},{"type":"Feature","geometry":{"type":"LineString","coordinates":[[10.2532,31.0839],[10.4331,31.224],[10.5804,31.2823],[10.7019,31.2135]]},"properties":{"id":671,"group":"searoutes","name":null}},{"type":"Feature","geometry":{"type":"LineString","coordinates":[[9.459,27.8535],[9.57,27.8678],[9.6447,27.8248],[9.771,27.7693],[9.9092,27.8429],[9.9929,27.7961],[10.0728,27.7535],[10.0274,27.6584],[10.1307,27.5724]]},"properties":{"id":672,"group":"searoutes","name":null}},{"type":"Feature","geometry":{"type":"LineString","coordinates":[[10.8024,27.6469],[10.7679,27.7789],[10.856,27.8879],[10.7603,27.9792],[10.8254,28.0428],[10.8942,28.1064],[10.9607,28.2039],[10.9172,28.301],[10.8761,28.4004],[10.8603,28.5429],[10.923,28.6337],[10.8311,28.714],[10.6756,28.7045],[10.6072,28.8116],[10.5378,28.9225],[10.5814,29.0363],[10.5441,29.1386],[10.5034,29.2447],[10.5182,29.3805]]},"properties":{"id":673,"group":"searoutes","name":null}},{"type":"Feature","geometry":{"type":"LineString","coordinates":[[-10.4699,16.9894],[-10.5594,16.976],[-10.6742,17.0793],[-10.6976,17.1988],[-10.7431,17.2743],[-10.79,17.3537],[-10.7947,17.4579],[-10.8043,17.5583],[-10.7603,17.6415],[-10.7168,17.7285],[-10.8407,17.8194],[-10.8751,17.9169],[-10.9119,18.0096],[-11.0382,17.9575],[-11.1028,17.9045],[-11.2229,17.9633],[-11.3119,17.9609],[-11.432,18.0202],[-11.553,18.0747],[-11.6563,18.0928],[-11.7535,18.1229],[-11.8511,18.1923],[-11.9774,18.1636],[-12.0085,18.0627],[-12.1381,18.0259],[-12.2639,17.9862],[-12.4251,17.9398],[-12.4849,17.8342],[-12.4768,17.7448],[-12.4663,17.6549],[-12.4538,17.5497],[-12.4443,17.4498],[-12.3275,17.4006],[-12.2874,17.2858],[-12.2644,17.2112],[-12.1673,17.2017],[-12.1371,17.2567],[-12.0348,17.2399],[-11.9295,17.2275],[-11.8109,17.1653],[-11.8109,17.0276],[-11.931,16.9445],[-12.0085,16.8522],[-12.0874,16.737]]},"properties":{"id":674,"group":"searoutes","name":null}},{"type":"Feature","geometry":{"type":"LineString","coordinates":[[12.9782,21.5255],[13.0093,21.6092],[13.0959,21.7492],[13.1906,21.7148],[13.2848,21.6785],[13.4202,21.5542],[13.5604,21.5967],[13.6499,21.5599],[13.7422,21.5193],[13.913,21.5331],[14.0579,21.6249],[14.1665,21.7033],[14.2704,21.7865],[14.3273,21.8812],[14.4799,21.9438],[14.5454,22.0476],[14.6148,22.1504],[14.5914,22.2828],[14.5679,22.41],[14.6717,22.4664],[14.7755,22.5175],[14.8612,22.5754],[14.9511,22.6347],[15.0076,22.693],[15.0478,22.7934],[15.0908,22.9196],[15.1286,23.0458],[15.0851,23.1491],[15.1597,23.3269],[15.2836,23.3958],[15.2516,23.4933],[15.2171,23.587],[15.108,23.6539],[15.108,23.7802],[15.0162,23.8146],[14.9301,23.8605],[14.798,23.9064],[14.7674,23.9986],[14.643,24.0326],[14.5627,24.1645],[14.4765,24.2563],[14.3426,24.2453],[14.2125,24.1818],[14.0752,24.0646],[13.9713,24.1244],[13.9967,24.1645]]},"properties":{"id":675,"group":"searoutes","name":null}},{"type":"Feature","geometry":{"type":"LineString","coordinates":[[-8.5615,32.1849],[-8.6587,32.053],[-8.8055,32.0224],[-8.9323,31.8871]]},"properties":{"id":676,"group":"searoutes","name":null}},{"type":"Feature","geometry":{"type":"LineString","coordinates":[[-8.8715,32.4144],[-8.8352,32.4771],[-8.6993,32.4661],[-8.562,32.4512]]},"properties":{"id":677,"group":"searoutes","name":null}},{"type":"Feature","geometry":{"type":"LineString","coordinates":[[-8.3491,32.1505],[-8.3664,32.2423],[-8.2922,32.3566],[-8.1999,32.4087],[-8.0994,32.4269],[-8.0157,32.3604]]},"properties":{"id":678,"group":"searoutes","name":null}},{"type":"Feature","geometry":{"type":"LineString","coordinates":[[11.8415,18.2841],[11.8305,18.1373],[11.7362,18.0106],[11.7726,17.9054],[11.8094,17.8002],[11.7831,17.7324],[11.8759,17.6759],[11.9702,17.6162],[12.0482,17.5784],[12.1281,17.5378],[12.2491,17.5497],[12.318,17.412],[12.3524,17.2342],[12.4385,17.206],[12.5361,17.1481],[12.6385,17.0869],[12.7428,17.1137],[12.8423,17.1357],[12.9035,17.0621],[12.9643,16.9904],[13.0586,16.8727],[13.1829,16.8751],[13.3284,16.9335],[13.403,17.0162],[13.4781,17.0946],[13.5752,17.0908],[13.6719,17.0917],[13.7876,17.1194],[13.9072,17.151],[13.9924,17.1663],[14.0115,17.2743],[14.0747,17.2858],[14.1584,17.4073],[14.2756,17.3661],[14.3153,17.5641],[14.179,17.7381],[14.2613,17.8452],[14.1689,18.0144],[14.2522,18.1813],[14.1914,18.4394]]},"properties":{"id":679,"group":"searoutes","name":null}},{"type":"Feature","geometry":{"type":"LineString","coordinates":[[11.2047,18.7693],[11.2961,18.8348],[11.3851,18.9056]]},"properties":{"id":680,"group":"searoutes","name":null}},{"type":"Feature","geometry":{"type":"LineString","coordinates":[[3.5976,36.1951],[3.5799,36.0785]]},"properties":{"id":681,"group":"searoutes","name":null}},{"type":"Feature","geometry":{"type":"LineString","coordinates":[[2.2504,35.2409],[2.3294,35.3384],[2.4092,35.3805],[2.4896,35.4182],[2.5757,35.3805],[2.6217,35.2543],[2.5877,35.1658]]},"properties":{"id":682,"group":"searoutes","name":null}},{"type":"Feature","geometry":{"type":"LineString","coordinates":[[-2.7403,34.0748],[-2.5537,34.1193],[-2.3968,34.0323],[-2.2719,34.2278],[-2.1093,34.2455],[-1.9906,34.3574],[-2.0347,34.519],[-2.1643,34.6251],[-2.3729,34.7924],[-2.2542,34.9999],[-2.0543,34.9588],[-1.917,35.0501],[-1.8045,35.0076],[-1.6993,34.9971],[-1.5902,34.9163],[-1.5175,34.8584],[-1.4716,34.9043],[-1.3491,34.8962],[-1.2649,34.9559],[-1.1855,35.0186]]},"properties":{"id":683,"group":"searoutes","name":null}},{"type":"Feature","geometry":{"type":"LineString","coordinates":[[-3.8598,37.8531],[-3.7784,37.7279],[-3.8454,37.5491],[-3.8172,37.332],[-3.9334,37.3076],[-3.898,37.1413],[-3.8856,36.9978],[-3.9344,36.8951],[-3.9803,36.7894],[-4.0502,36.7488],[-4.1296,36.7344]]},"properties":{"id":684,"group":"searoutes","name":null}},{"type":"Feature","geometry":{"type":"LineString","coordinates":[[-13.98,20.544],[-13.9044,20.4656],[-13.8082,20.4154],[-13.6996,20.3437],[-13.5953,20.2767],[-13.4872,20.2633],[-13.3753,20.248],[-13.292,20.1716],[-13.1538,20.2213],[-13.114,20.3035],[-13.0758,20.3814],[-13.0566,20.4814],[-12.9476,20.5617],[-12.8528,20.5411],[-12.8079,20.5454],[-12.7179,20.6363],[-12.6232,20.7223],[-12.517,20.728],[-12.4141,20.7338],[-12.3586,20.8117],[-12.3572,20.9078],[-12.3261,20.9986],[-12.3366,21.0943],[-12.2874,21.2157],[-12.239,21.3343],[-12.1783,21.428],[-12.1209,21.5174]]},"properties":{"id":685,"group":"searoutes","name":null}},{"type":"Feature","geometry":{"type":"LineString","coordinates":[[-12.4443,17.4498],[-12.4792,17.3637]]},"properties":{"id":686,"group":"searoutes","name":null}},{"type":"Feature","geometry":{"type":"LineString","coordinates":[[-14.0101,22.9674],[-14.0603,23.0267],[-14.0847,23.129],[-14.0091,23.1634],[-13.9292,23.2007],[-13.8465,23.238],[-13.6939,23.1974],[-13.515,23.3078],[-13.4547,23.2763],[-13.3437,23.1778],[-13.2336,23.0826],[-13.1322,23.0879],[-13.1083,22.9712],[-13.0801,22.857],[-12.9877,22.7991],[-12.8906,22.7465],[-12.8174,22.7006],[-12.7524,22.7991],[-12.584,22.8718],[-12.4883,22.7475],[-12.3917,22.627],[-12.2759,22.6786],[-12.1649,22.7265],[-12.0769,22.6748],[-12.0266,22.5113],[-11.8946,22.4836],[-11.8224,22.5754],[-11.6444,22.627],[-11.5698,22.4664],[-11.5123,22.3803]]},"properties":{"id":687,"group":"searoutes","name":null}},{"type":"Feature","geometry":{"type":"LineString","coordinates":[[9.481,31.7107],[9.4035,31.7422],[9.4054,31.5897],[9.4303,31.4391],[9.5394,31.3531],[9.7776,31.3483],[9.9274,31.3163],[9.9838,31.2441],[10.0967,31.1274],[10.2532,31.0839]]},"properties":{"id":688,"group":"searoutes","name":null}},{"type":"Feature","geometry":{"type":"LineString","coordinates":[[9.8437,33.7684],[9.7289,33.8688],[9.6427,33.9405],[9.5585,34.0103]]},"properties":{"id":689,"group":"searoutes","name":null}},{"type":"Feature","geometry":{"type":"LineString","coordinates":[[9.084,33.5786],[9.0801,33.6359]]},"properties":{"id":690,"group":"searoutes","name":null}},{"type":"Feature","geometry":{"type":"LineString","coordinates":[[14.7674,23.9986],[14.8033,24.0751]]},"properties":{"id":691,"group":"searoutes","name":null}},{"type":"Feature","geometry":{"type":"LineString","coordinates":[[13.8819,24.6006],[13.8919,24.4351],[13.8795,24.308],[13.9541,24.2735],[13.9713,24.1244]]},"properties":{"id":692,"group":"searoutes","name":null}},{"type":"Feature","geometry":{"type":"LineString","coordinates":[[-13.2346,16.8785],[-13.2351,16.8082],[-13.2083,16.7432],[-13.2002,16.617],[-13.2518,16.5228],[-13.3054,16.4276],[-13.3839,16.3622],[-13.4609,16.2971],[-13.4872,16.2073],[-13.5083,16.1202],[-13.4528,16.0294],[-13.3977,15.9376],[-13.3265,15.8458],[-13.2537,15.755],[-13.105,15.7416],[-13.0246,15.6297],[-12.916,15.601],[-12.8385,15.5532],[-12.7662,15.5073],[-12.6462,15.4896],[-12.5572,15.4672],[-12.4658,15.4466],[-12.3792,15.5073],[-12.2878,15.5642],[-12.1725,15.4786],[-12.0118,15.4729],[-11.9668,15.5566],[-11.874,15.5876],[-11.7826,15.6211],[-11.7362,15.7081],[-11.6956,15.7961],[-11.575,15.9084],[-11.5468,16.0351],[-11.6611,16.1838],[-11.6673,16.2221],[-11.6559,16.3277],[-11.6492,16.4363],[-11.6066,16.5147],[-11.6061,16.5993],[-11.6501,16.7351],[-11.7936,16.8613],[-11.8166,16.9072],[-11.8109,17.0276]]},"properties":{"id":693,"group":"searoutes","name":null}},{"type":"Feature","geometry":{"type":"LineString","coordinates":[[-13.1538,20.2213],[-13.204,20.1008],[-13.1485,20.0052],[-13.093,19.9076],[-13.1772,19.8388],[-13.258,19.7647],[-13.2116,19.6782],[-13.1638,19.5912],[-12.9763,19.5462],[-13.0475,19.3626]]},"properties":{"id":694,"group":"searoutes","name":null}},{"type":"Feature","geometry":{"type":"LineString","coordinates":[[-12.0085,16.8522],[-11.886,16.8508],[-11.7936,16.8613]]},"properties":{"id":695,"group":"searoutes","name":null}},{"type":"Feature","geometry":{"type":"LineString","coordinates":[[-13.3054,16.4276],[-13.2346,16.3335],[-13.159,16.2359],[-13.0452,16.2302],[-12.9356,16.2297],[-12.9131,16.1781]]},"properties":{"id":696,"group":"searoutes","name":null}},{"type":"Feature","geometry":{"type":"LineString","coordinates":[[-11.4927,31.7212],[-11.3918,31.703],[-11.3951,31.595],[-11.342,31.5371],[-11.2368,31.5367],[-11.1282,31.5405],[-11.0703,31.617],[-11.0071,31.6978],[-10.8526,31.6892],[-10.7316,31.6801],[-10.6149,31.6763],[-10.5153,31.6676],[-10.3776,31.7198],[-10.3135,31.8359],[-10.2283,31.8775],[-10.1116,31.9038],[-9.9958,31.9325],[-9.9623,32.0645],[-9.9279,32.1974],[-9.8183,32.3135],[-9.7614,32.4603],[-9.6121,32.5292],[-9.5184,32.4508],[-9.3767,32.4144],[-9.2586,32.5382],[-9.106,32.5956],[-8.9519,32.6033],[-8.8352,32.4771]]},"properties":{"id":697,"group":"searoutes","name":null}},{"type":"Feature","geometry":{"type":"LineString","coordinates":[[14.3694,28.2871],[14.3445,28.343],[14.1962,28.5476],[14.1885,28.6567],[14.034,28.8536],[13.9426,28.9033],[13.8508,28.9521],[13.7991,29.041],[13.7417,29.1347],[13.6441,29.1271],[13.5413,29.1233],[13.4963,29.1768],[13.426,29.1787],[13.4183,29.2829],[13.3217,29.2428],[13.2911,29.1606],[13.2308,29.2246],[13.1695,29.2963],[13.1389,29.3853],[13.0418,29.3566],[12.9495,29.2877],[12.8571,29.2141],[12.7887,29.2705],[12.7179,29.3226],[12.5591,29.4369],[12.4074,29.4015],[12.3615,29.412],[12.2606,29.4139],[12.1568,29.4206],[12.03,29.4312],[11.9391,29.4828],[11.8424,29.5382],[11.7496,29.5172],[11.6607,29.4909],[11.5544,29.4713],[11.4435,29.4536],[11.3478,29.4885]]},"properties":{"id":698,"group":"searoutes","name":null}},{"type":"Feature","geometry":{"type":"LineString","coordinates":[[14.002,28.9626],[13.9426,28.9033]]},"properties":{"id":699,"group":"searoutes","name":null}},{"type":"Feature","geometry":{"type":"LineString","coordinates":[[2.0533,35.8337],[2.1806,35.8098],[2.2595,35.7022],[2.2944,35.5469],[2.3241,35.391],[2.3294,35.3384]]},"properties":{"id":700,"group":"searoutes","name":null}},{"type":"Feature","geometry":{"type":"LineString","coordinates":[[-13.5083,16.1202],[-13.5733,16.0237],[-13.6369,15.9257],[-13.7159,15.7904],[-13.8259,15.7598],[-13.9407,15.7249],[-14.0268,15.7368],[-14.1187,15.7473],[-14.2507,15.7311],[-14.3852,15.7134],[-14.4804,15.8114],[-14.5799,15.9147],[-14.6296,15.995],[-14.6751,16.0777],[-14.6813,16.19],[-14.687,16.3081],[-14.687,16.4138],[-14.6909,16.5147],[-14.71,16.6088],[-14.6775,16.7527],[-14.687,16.8613],[-14.6933,16.9703],[-14.555,16.9875],[-14.4201,17.0037],[-14.3818,16.976]]},"properties":{"id":701,"group":"searoutes","name":null}},{"type":"Feature","geometry":{"type":"LineString","coordinates":[[2.2198,37.5319],[2.1107,37.6237],[2.1026,37.7116],[2.1141,37.7795]]},"properties":{"id":702,"group":"searoutes","name":null}},{"type":"Feature","geometry":{"type":"LineString","coordinates":[[9.4729,33.9845],[9.5585,34.0103]]},"properties":{"id":703,"group":"searoutes","name":null}},{"type":"Feature","geometry":{"type":"LineString","coordinates":[[9.7346,35.1453],[9.6609,35.0439],[9.6145,35.0214]]},"properties":{"id":704,"group":"searoutes","name":null}},{"type":"Feature","geometry":{"type":"LineString","coordinates":[[-3.6971,36.9945],[-3.8,37.0241],[-3.8856,36.9978]]},"properties":{"id":705,"group":"searoutes","name":null}},{"type":"Feature","geometry":{"type":"LineString","coordinates":[[-3.0302,38.0248],[-3.1192,37.9564],[-3.2072,37.8828],[-3.1757,37.812]]},"properties":{"id":706,"group":"searoutes","name":null}},{"type":"Feature","geometry":{"type":"LineString","coordinates":[[11.1468,31.7489],[11.2626,31.6925],[11.3593,31.6973],[11.4578,31.7064],[11.5831,31.6686],[11.6827,31.6791],[11.7085,31.6318],[11.7362,31.5567],[11.8357,31.5998],[11.931,31.6461],[12.0888,31.6179],[12.1974,31.5653],[12.3041,31.5104],[12.2596,31.3942],[12.3926,31.3588],[12.5213,31.3206],[12.6519,31.3942],[12.7017,31.5046],[12.8002,31.508],[12.9265,31.4334],[12.8921,31.29],[12.9035,31.1637],[12.9873,31.1112],[12.9839,31.0146],[12.982,30.9209],[12.8634,30.8482],[12.7476,30.777],[12.76,30.6704],[12.7772,30.5695],[12.8174,30.4753],[12.8921,30.504],[13.0035,30.4414],[13.093,30.4294],[13.1839,30.4151],[13.2705,30.3811],[13.3686,30.3663],[13.4685,30.3572],[13.5805,30.4213],[13.6671,30.4524],[13.7589,30.4892],[13.8852,30.5298],[13.9656,30.6187],[14.0512,30.7053],[14.2125,30.7053],[14.312,30.7531],[14.379,30.8539],[14.4919,30.7899],[14.4962,30.6445],[14.489,30.4069],[14.4134,30.2162],[14.6167,30.1363]]},"properties":{"id":707,"group":"searoutes","name":null}},{"type":"Feature","geometry":{"type":"LineString","coordinates":[[11.6176,29.8786],[11.6635,29.8959],[11.7429,29.7873],[11.7956,29.6606],[11.8424,29.5382]]},"properties":{"id":708,"group":"searoutes","name":null}},{"type":"Feature","geometry":{"type":"LineString","coordinates":[[-4.3994,37.3884],[-4.4396,37.2641]]},"properties":{"id":709,"group":"searoutes","name":null}},{"type":"Feature","geometry":{"type":"LineString","coordinates":[[-5.4117,37.3846],[-5.4385,37.3942]]},"properties":{"id":710,"group":"searoutes","name":null}},{"type":"Feature","geometry":{"type":"LineString","coordinates":[[-11.4463,25.6284],[-11.432,25.725],[-11.4214,25.8168],[-11.4148,25.9029]]},"properties":{"id":711,"group":"searoutes","name":null}},{"type":"Feature","geometry":{"type":"LineString","coordinates":[[-14.0847,23.129],[-14.1818,23.172],[-14.2842,23.2112],[-14.4115,23.1835],[-14.544,23.1553],[-14.7162,23.1433],[-14.8258,23.1883],[-14.932,23.1543],[-15.1281,23.0578],[-15.2324,22.9483],[-15.4056,23.0205],[-15.552,23.0922],[-15.4224,23.2323],[-15.3554,23.325],[-15.4898,23.5574],[-15.6941,23.7295],[-15.8577,23.8528]]},"properties":{"id":712,"group":"searoutes","name":null}},{"type":"Feature","geometry":{"type":"LineString","coordinates":[[-13.204,20.1008],[-13.292,20.1716]]},"properties":{"id":713,"group":"searoutes","name":null}},{"type":"Feature","geometry":{"type":"LineString","coordinates":[[-14.687,16.8613],[-14.7445,16.8211],[-14.8143,16.8904],[-14.9798,16.9253],[-15.0889,16.976],[-15.1927,17.0243],[-15.2554,17.108],[-15.4161,17.0908],[-15.5156,16.9841],[-15.5137,16.89],[-15.5132,16.7948],[-15.5252,16.7064],[-15.5764,16.7241]]},"properties":{"id":714,"group":"searoutes","name":null}},{"type":"Feature","geometry":{"type":"LineString","coordinates":[[-13.5953,20.2767],[-13.5102,20.3896],[-13.4293,20.5081],[-13.3695,20.6085],[-13.4298,20.6879],[-13.4906,20.7711],[-13.4528,20.8772],[-13.415,20.9781],[-13.625,21.0436],[-13.7283,21.1535],[-13.9728,21.1067],[-14.0728,21.0608],[-14.1771,21.1708],[-14.3081,21.2042],[-14.445,21.2382],[-14.6641,21.2731],[-14.8114,21.2807],[-15.065,21.2788],[-14.9282,21.4567],[-15.0081,21.6656],[-15.1712,21.7473],[-15.3846,21.9319],[-15.5443,22.103],[-15.6439,22.1073],[-15.9017,22.1814],[-16.0357,22.2656],[-16.239,22.1279],[-16.3404,22.0763],[-16.3002,21.95],[-16.3495,21.8444],[-16.4294,21.7602],[-16.5265,21.7076],[-16.4571,21.6221],[-16.4648,21.547],[-16.4179,21.4882],[-16.3174,21.5025],[-16.2218,21.5169],[-16.2151,21.5982]]},"properties":{"id":715,"group":"searoutes","name":null}},{"type":"Feature","geometry":{"type":"LineString","coordinates":[[-5.3955,37.5003],[-5.4462,37.5912],[-5.4443,37.681],[-5.4385,37.7738],[-5.3845,37.8235],[-5.4213,37.9507],[-5.4538,38.0764],[-5.4213,38.1572],[-5.4844,38.1859],[-5.5122,38.293],[-5.4385,38.3838],[-5.4017,38.4565],[-5.3409,38.5531],[-5.2782,38.6473],[-5.2892,38.7596],[-5.2959,38.8753],[-5.4098,38.9547],[-5.5208,39.0297],[-5.5246,39.1669],[-5.5265,39.3075],[-5.5993,39.3964],[-5.6705,39.4829],[-5.7944,39.4653],[-5.9179,39.4533],[-5.9533,39.45],[-5.9839,39.3792],[-6.048,39.3013],[-6.1446,39.2243],[-6.236,39.1521],[-6.2422,39.0579],[-6.2542,38.9594],[-6.2709,38.8514],[-6.2834,38.7462],[-6.2652,38.6391],[-6.2456,38.5363],[-6.2403,38.3963],[-6.1164,38.2782],[-6.1619,38.1285],[-6.0757,38.152]]},"properties":{"id":716,"group":"searoutes","name":null}},{"type":"Feature","geometry":{"type":"LineString","coordinates":[[-6.6809,36.7688],[-6.8015,36.7712],[-6.9197,36.7459],[-6.9216,36.8625],[-6.9885,36.9524],[-6.9771,37.1418],[-6.8976,37.2426],[-6.8388,37.3492],[-6.8278,37.4573],[-6.8158,37.5634],[-6.7647,37.6524],[-6.7125,37.736],[-6.5867,37.7786],[-6.4585,37.8216],[-6.326,37.8584],[-6.2111,37.9798],[-6.1619,38.1285]]},"properties":{"id":717,"group":"searoutes","name":null}},{"type":"Feature","geometry":{"type":"LineString","coordinates":[[-13.1322,23.0879],[-13.005,23.086],[-12.8768,23.0802],[-12.805,23.173],[-12.7811,23.281],[-12.7533,23.3881],[-12.7753,23.4818],[-12.7945,23.5798],[-12.815,23.7089],[-12.8681,23.8509],[-12.9189,23.9293],[-13.0337,23.9408],[-13.0853,23.9924],[-13.1944,24.1588],[-13.2748,24.2965],[-13.2423,24.3974],[-13.3088,24.5379],[-13.3805,24.5236],[-13.4241,24.6292],[-13.4695,24.7301],[-13.5618,24.8071],[-13.6499,24.8884],[-13.6192,25.0079],[-13.5905,25.1255],[-13.6771,25.2173],[-13.6537,25.3177],[-13.625,25.4152],[-13.602,25.5127],[-13.5814,25.6136],[-13.6078,25.7193],[-13.6307,25.8273],[-13.7111,25.9086],[-13.7963,25.9851],[-13.8948,25.9775],[-14.0039,26.0635],[-14.0158,26.1639],[-14.0096,26.2643],[-14.0077,26.3685],[-14.09,26.4192],[-14.1756,26.4747],[-14.322,26.6004],[-14.5273,26.5029],[-14.633,26.2681],[-14.6588,26.0884],[-14.8999,25.998],[-15.0401,26.0673],[-15.1898,26.1873],[-15.3645,26.1548],[-15.3994,25.8967],[-15.2898,25.8283],[-15.4228,25.7881],[-15.496,25.8565],[-15.5563,25.8225]]},"properties":{"id":718,"group":"searoutes","name":null}},{"type":"Feature","geometry":{"type":"LineString","coordinates":[[-13.3695,20.6085],[-13.204,20.6076],[-13.0566,20.4814]]},"properties":{"id":719,"group":"searoutes","name":null}},{"type":"Feature","geometry":{"type":"LineString","coordinates":[[-16.5146,25.8006],[-16.3069,25.7212],[-16.284,25.6638],[-16.0538,25.5529],[-15.8472,25.3932],[-15.9883,25.267],[-15.9807,25.1776],[-15.9271,24.9759],[-15.8429,24.7363],[-15.918,24.5628],[-16.0199,24.4165],[-15.995,24.1665],[-16.0538,24.0727],[-15.9878,23.9346],[-15.8577,23.8528]]},"properties":{"id":720,"group":"searoutes","name":null}},{"type":"Feature","geometry":{"type":"LineString","coordinates":[[-11.3918,31.703],[-11.388,31.8096],[-11.3975,31.944],[-11.3229,32.0702],[-11.2373,32.0654],[-11.1622,32.1257],[-11.1564,32.2136],[-11.1545,32.3049],[-11.1392,32.4316],[-11.1277,32.5636],[-11.2425,32.6382],[-11.3554,32.708],[-11.4262,32.7644],[-11.4927,32.8241],[-11.5468,32.9135],[-11.6047,32.9986],[-11.5525,33.1029],[-11.6702,33.1545],[-11.6673,33.2463],[-11.6654,33.3438],[-11.7994,33.4299],[-11.9324,33.5207],[-11.9774,33.5963],[-12.0238,33.6732],[-12.0893,33.8324],[-12.1496,33.9347],[-12.2051,34.0385],[-12.2127,34.1757],[-12.2156,34.3115],[-12.3352,34.3889],[-12.362,34.4912],[-12.2979,34.5782],[-12.3275,34.7035],[-12.4701,34.7671],[-12.562,34.8101],[-12.684,34.7752],[-12.8327,34.91],[-12.9442,34.9033],[-13.0337,34.91],[-13.1217,34.912],[-13.1944,35.0133],[-13.2628,35.1132],[-13.3437,35.0649],[-13.47,35.1051],[-13.5178,35.1931],[-13.5676,35.2715],[-13.6135,35.3508],[-13.6647,35.4398],[-13.8288,35.4455],[-13.9407,35.5813],[-14.0441,35.7132],[-14.1938,35.7338],[-14.2852,35.7993],[-14.3823,35.8686],[-14.4057,35.9886],[-14.4268,36.1057],[-14.5607,36.1033],[-14.7004,36.1],[-14.732,36.0455],[-14.7732,35.9317],[-14.888,35.9083],[-15.0061,35.8849],[-15.109,35.8371],[-15.175,35.9198],[-15.2415,36.0034],[-15.3071,36.0861],[-15.3697,36.1717],[-15.4563,36.2812],[-15.5391,36.3902],[-15.5415,36.5131],[-15.6171,36.5795],[-15.6922,36.6479],[-15.7261,36.7402],[-15.7587,36.8272],[-15.8467,36.8549],[-15.939,36.8865],[-16.0816,36.886],[-16.1395,36.9582],[-16.1931,37.028],[-16.2715,37.0959],[-16.2399,37.1441],[-16.2371,37.2737],[-16.2376,37.3994],[-16.306,37.4917],[-16.4806,37.4836],[-16.6198,37.4315],[-16.7413,37.3244],[-16.8513,37.4229],[-16.9643,37.5252],[-17.003,37.5926],[-17.1212,37.572],[-17.2412,37.5553],[-17.3441,37.5921],[-17.4599,37.595],[-17.5752,37.6007],[-17.5804,37.6925],[-17.7699,37.7556],[-17.8412,37.6829],[-17.9469,37.6877],[-18.0512,37.6237],[-18.1598,37.5634],[-18.2861,37.54],[-18.3153,37.3894],[-18.4186,37.3999],[-18.5215,37.4066],[-18.6052,37.5099],[-18.7626,37.4635],[-18.8951,37.4802],[-19.03,37.4965],[-19.0936,37.5945],[-19.2223,37.6237],[-19.3974,37.5854],[-19.4606,37.5988],[-19.584,37.6007],[-19.7132,37.6084],[-19.827,37.7346],[-20.0146,37.6466],[-20.0567,37.5453],[-20.1523,37.463],[-20.2499,37.3803],[-20.3523,37.3688],[-20.3762,37.486],[-20.4915,37.4984],[-20.6264,37.5405],[-20.6116,37.6294],[-20.5934,37.7178],[-20.6585,37.7776],[-20.7666,37.7958],[-20.8738,37.8135],[-20.9412,37.6786],[-20.979,37.572],[-21.0144,37.4621],[-21.1226,37.4343],[-21.2292,37.4037],[-21.3484,37.4334],[-21.4727,37.3483],[-21.5971,37.2646],[-21.6852,37.2508],[-21.7703,37.2331],[-21.8746,37.1762],[-21.9837,37.1183],[-21.9837,36.9787],[-22.0583,36.9802],[-22.0928,36.8893],[-22.1267,36.7942],[-22.2583,36.7708],[-22.3626,36.6828],[-22.4391,36.5604],[-22.4654,36.5991],[-22.5692,36.6139],[-22.6726,36.6259],[-22.8037,36.6465],[-22.908,36.6312],[-23.0151,36.6159],[-23.0802,36.5508],[-23.1405,36.4877],[-23.2467,36.3591],[-23.35,36.3902],[-23.4553,36.4222],[-23.5399,36.4045],[-23.5792,36.3333],[-23.6658,36.3673],[-23.7581,36.4012],[-23.8552,36.4017],[-23.949,36.3993],[-24.0734,36.3959],[-24.1987,36.3902],[-24.2609,36.3505],[-24.326,36.2582],[-24.3087,36.0747],[-24.3724,36.0034],[-24.4063,35.8452],[-24.5556,35.7878],[-24.6245,35.8165],[-24.7364,35.7653],[-24.8828,35.6903],[-25.0321,35.6152],[-25.1067,35.5985],[-25.1479,35.674],[-25.2904,35.6731],[-25.4569,35.5698],[-25.4875,35.4641],[-25.4684,35.3403],[-25.4464,35.2189],[-25.5253,35.0874],[-25.6176,35.0707],[-25.7143,35.0554],[-25.8071,35.0363],[-25.8588,34.91],[-25.7119,34.813],[-25.7152,34.7035],[-25.721,34.5969],[-25.6406,34.5084],[-25.5555,34.4243],[-25.4636,34.3124],[-25.3536,34.279],[-25.2383,34.2441],[-25.0871,34.1786],[-25.0837,34.0552],[-24.9574,33.9577],[-24.8374,34.0327],[-24.7278,34.0724],[-24.6154,34.1121],[-24.5269,34.061],[-24.4427,34.006],[-24.326,34.0514],[-24.2274,34.1231],[-24.1848,34.1924],[-24.1021,34.2503],[-23.993,34.2044],[-23.8619,34.093],[-23.66,34.147],[-23.5911,34.1241],[-23.482,34.0036],[-23.3921,34.0299],[-23.3376,34.1222],[-23.2294,34.1241],[-23.1194,34.126],[-22.9769,34.1241],[-22.8352,34.1188],[-22.7496,34.201],[-22.7357,34.3363],[-22.7166,34.4692],[-22.6487,34.5763],[-22.5291,34.6982],[-22.4831,34.8393],[-22.5669,34.9755],[-22.5568,35.1433],[-22.485,35.2743],[-22.3913,35.3915],[-22.2741,35.4947],[-22.1416,35.4627],[-22.0583,35.5124],[-21.9732,35.5645],[-21.8574,35.5927],[-21.7416,35.6195],[-21.6627,35.7367],[-21.5809,35.8155],[-21.5555,35.9135],[-21.4785,35.9829],[-21.4015,36.0579],[-21.3517,36.1665],[-21.3637,36.2697],[-21.3809,36.372],[-21.2622,36.4342],[-21.134,36.4017],[-21.001,36.3706],[-20.9503,36.2697],[-20.8011,36.2124],[-20.7083,36.2635],[-20.6628,36.2233],[-20.5796,36.2171],[-20.4681,36.0919],[-20.2901,36.0632],[-20.2155,36.1693],[-20.1179,36.155],[-19.9859,36.241],[-19.9481,36.3376],[-19.8596,36.3673],[-19.7715,36.394],[-19.6696,36.3075],[-19.4749,36.3615],[-19.3534,36.3252],[-19.3257,36.241],[-19.3037,36.1526],[-19.2108,36.1196],[-19.0731,36.1033],[-18.941,36.2353],[-18.8147,36.3233],[-18.7286,36.3328],[-18.6401,36.3405],[-18.4961,36.3792],[-18.3842,36.373],[-18.2713,36.3725],[-18.1775,36.3615],[-18.0828,36.3462],[-17.9823,36.4418],[-17.9479,36.3959],[-17.8096,36.4437],[-17.724,36.3558],[-17.6359,36.2645],[-17.557,36.1631],[-17.4714,36.1894],[-17.3819,36.2128],[-17.3106,36.1206],[-17.2427,36.0316],[-17.2302,35.9083],[-17.2212,35.7825],[-17.2302,35.6731],[-17.2408,35.5641],[-17.2987,35.4618],[-17.3159,35.3265],[-17.2532,35.2371],[-17.1939,35.1457],[-17.113,35.0712],[-16.9528,35.0219],[-16.8513,34.9502],[-16.7461,34.8766],[-16.6973,34.7551],[-16.6045,34.6978],[-16.515,34.6356],[-16.5356,34.5429],[-16.561,34.4473],[-16.57,34.3478],[-16.4428,34.2125],[-16.3127,34.1547],[-16.2773,34.061],[-16.239,33.9629],[-16.1165,33.929],[-15.9907,33.8908],[-15.9419,33.9108],[-15.8534,33.7923],[-15.8869,33.6651],[-15.9252,33.5422],[-15.8582,33.4414],[-15.7917,33.34],[-15.8443,33.1884],[-15.9328,33.143],[-15.9558,33.0225],[-15.8979,32.947],[-15.8123,32.8906],[-15.7324,32.8371],[-15.5941,32.8562],[-15.4601,32.8782],[-15.4104,32.7816],[-15.3578,32.685],[-15.3535,32.5904],[-15.4047,32.4947],[-15.4554,32.4029],[-15.4965,32.2997],[-15.5424,32.1983],[-15.5195,32.0874],[-15.5022,32.0587],[-15.5874,31.998],[-15.7147,31.9268],[-15.7319,31.8522],[-15.8639,31.7202],[-15.8898,31.5878],[-15.9094,31.507],[-15.8811,31.376],[-15.9778,31.2947],[-15.973,31.1982],[-15.9696,31.1011],[-15.9041,31.0261],[-15.8438,30.9462],[-15.7941,30.8253],[-15.8524,30.7335],[-15.907,30.6445],[-15.8467,30.5556],[-15.7883,30.4657],[-15.818,30.3548],[-15.8433,30.2449],[-15.95,30.2458],[-16.0515,30.2458],[-16.1395,30.1483],[-16.1452,29.9532],[-16.1395,29.8098],[-16.1476,29.6291],[-16.05,29.5172],[-16.0639,29.4359],[-16.1395,29.3107],[-16.0591,29.173],[-16.0763,29.053],[-15.9414,28.9502],[-15.8926,28.8575],[-15.8405,28.7609],[-15.8295,28.6394],[-15.8237,28.5218],[-15.7639,28.4931],[-15.8142,28.4119]]},"properties":{"id":721,"group":"searoutes","name":null}},{"type":"Feature","geometry":{"type":"LineString","coordinates":[[-8.9629,36.7636],[-8.9806,36.7172],[-8.929,36.5967],[-8.8763,36.4786],[-8.9347,36.4017],[-8.9959,36.3209],[-8.9175,36.2525],[-8.7395,36.264],[-8.6367,36.3405],[-8.573,36.4246],[-8.5118,36.5073],[-8.418,36.5394],[-8.3243,36.5767],[-8.2113,36.568],[-8.1042,36.5556],[-7.953,36.5451],[-7.7808,36.6369],[-7.7583,36.7392],[-7.6774,36.7746],[-7.5971,36.809],[-7.4708,36.8606],[-7.3392,36.9142],[-7.2584,36.9983],[-7.1775,37.0777],[-7.1493,37.1312],[-7.0861,37.1475],[-6.9771,37.1418]]},"properties":{"id":722,"group":"searoutes","name":null}},{"type":"Feature","geometry":{"type":"LineString","coordinates":[[15.4558,13.8694],[15.3721,13.8546],[15.2745,13.7805],[15.1808,13.7054],[15.0966,13.6428],[15.0114,13.5797],[14.9186,13.5395],[14.8277,13.5051],[14.7311,13.5433],[14.643,13.4879],[14.643,13.31],[14.6258,13.1494],[14.5741,13.0404],[14.534,13.0002],[14.4249,12.9314],[14.4144,12.8334],[14.445,12.7244],[14.5335,12.7],[14.6363,12.6952]]},"properties":{"id":723,"group":"searoutes","name":null}},{"type":"Feature","geometry":{"type":"LineString","coordinates":[[-14.2416,31.6911],[-14.3536,31.9038],[-14.5196,31.9894],[-14.7004,32.0334],[-14.7909,32.1974],[-14.9741,32.2026],[-15.0602,32.2136],[-15.1463,32.2246],[-15.2784,32.1677],[-15.4142,32.1166],[-15.5022,32.0587]]},"properties":{"id":724,"group":"searoutes","name":null}},{"type":"Feature","geometry":{"type":"LineString","coordinates":[[-11.7994,33.4299],[-11.8166,33.5676],[-11.7066,33.6168],[-11.7329,33.7588],[-11.6496,33.7918],[-11.5812,33.8487]]},"properties":{"id":725,"group":"searoutes","name":null}},{"type":"Feature","geometry":{"type":"LineString","coordinates":[[-15.8405,28.7609],[-15.7434,28.7709],[-15.7156,28.8575],[-15.6056,28.932],[-15.4912,29.0014],[-15.43,29.0673],[-15.3511,29.1108]]},"properties":{"id":726,"group":"searoutes","name":null}},{"type":"Feature","geometry":{"type":"LineString","coordinates":[[-15.6094,29.4058],[-15.74,29.3599],[-15.7261,29.2648],[-15.7084,29.172],[-15.8065,29.1041],[-15.8123,28.9435],[-15.7156,28.8575]]},"properties":{"id":727,"group":"searoutes","name":null}},{"type":"Feature","geometry":{"type":"LineString","coordinates":[[14.379,30.8539],[14.4483,30.9596],[14.5741,31.0605],[14.7138,30.9381],[14.8784,30.9199],[15.0348,30.9343],[15.165,30.8463],[15.3028,30.9008],[15.3836,30.9572],[15.4635,31.0184],[15.5649,30.9821]]},"properties":{"id":728,"group":"searoutes","name":null}},{"type":"Feature","geometry":{"type":"LineString","coordinates":[[14.0512,30.7053],[13.9551,30.7827],[13.9331,30.8563],[13.9082,30.94],[13.8848,31.0241],[13.9656,31.0605],[13.9551,31.1963],[13.9015,31.288],[13.8163,31.3301],[13.8049,31.4678],[13.8742,31.5634],[13.8163,31.6284],[13.7618,31.6992],[13.8336,31.8063],[13.9034,31.9129],[13.9082,32.0128],[13.9072,32.1113],[14.0173,32.1563],[14.0192,32.2404],[14.0747,32.2939],[14.1321,32.4718],[14.2388,32.5645],[14.333,32.6382],[14.4297,32.708],[14.5019,32.6386],[14.5856,32.598],[14.6713,32.5545],[14.7866,32.5292],[14.9018,32.5024],[14.9932,32.5062],[15.0789,32.5115],[15.154,32.5693],[15.2257,32.6262],[15.3492,32.6382],[15.4697,32.6525],[15.5243,32.7453],[15.5319,32.8313],[15.5214,32.9537],[15.6649,33.0283],[15.8194,32.9762],[15.906,32.8963],[15.9883,32.8194],[16.0208,32.73],[16.0582,32.641],[16.1156,32.4885],[16.1701,32.4144],[16.2237,32.3432],[16.3308,32.2356],[16.3595,32.1161],[16.3911,31.9918],[16.4227,31.8866],[16.449,31.7805],[16.5442,31.6724],[16.6753,31.6342],[16.8064,31.6017],[16.9107,31.5998],[17.013,31.5945],[17.0829,31.5214],[17.1633,31.5825],[17.246,31.6476],[17.3814,31.6342],[17.4962,31.7661],[17.6134,31.9067],[17.6742,31.9784],[17.7307,32.0506],[17.6378,32.1787],[17.6627,32.2882],[17.8,32.4125],[17.9268,32.3685],[18.0359,32.4603],[18.0292,32.5999],[18.0292,32.6702],[18.0139,32.8141],[18.0416,32.9537],[18.067,33.0976],[18.1564,33.2028],[18.2024,33.3324],[18.2473,33.4638],[18.3287,33.547],[18.3047,33.6904],[18.2483,33.7971],[18.1942,33.9061],[18.0737,33.9285],[18.0301,34.038],[18.1105,34.1986],[18.2421,34.2536],[18.3229,34.3076],[18.4009,34.3598],[18.4263,34.4855],[18.587,34.583],[18.5889,34.6973],[18.6042,34.7953],[18.6186,34.8919],[18.7248,34.9904],[18.8855,35.0076],[18.9664,34.9507],[19.0807,34.9445],[19.1946,34.9416],[19.2644,34.8699],[19.3381,34.7963],[19.4252,34.7666],[19.5142,34.7327],[19.6089,34.8125],[19.6979,34.89],[19.8213,34.91],[19.9395,34.8264],[19.9361,34.6863],[19.938,34.5453],[19.9457,34.3784],[19.8959,34.2254],[19.8414,34.1178],[19.8844,34.0151],[19.9323,33.9137],[19.8376,33.788],[19.85,33.6422],[19.861,33.4949],[19.9591,33.4586],[20.0533,33.4179],[20.183,33.4127],[20.292,33.2922],[20.2796,33.1808],[20.2461,33.0799],[20.2121,32.979],[20.2021,32.8901],[20.2346,32.7988],[20.271,32.7123],[20.3724,32.6152],[20.4748,32.5182],[20.47,32.4144],[20.5475,32.4292],[20.5848,32.3226],[20.7063,32.336],[20.8317,32.3284],[20.9408,32.2366],[20.9188,32.1472],[20.9465,32.053],[21.0407,32.0224],[21.1647,32.0071],[21.2881,31.9904],[21.4,31.9411],[21.3833,31.7724],[21.4804,31.7375],[21.5761,31.6978],[21.5378,31.5998],[21.5029,31.4965],[21.446,31.4276],[21.3852,31.3641],[21.3943,31.267],[21.4024,31.1657],[21.3943,31.0662],[21.3914,30.9634],[21.4794,30.8659],[21.5837,30.8023],[21.6852,30.7397],[21.6794,30.5733],[21.7938,30.4963],[21.7416,30.3457],[21.71,30.2401],[21.6746,30.1339],[21.6756,30.045],[21.6818,29.9551],[21.6641,29.8557],[21.6498,29.7553],[21.5933,29.609],[21.5952,29.456],[21.6526,29.368],[21.7048,29.2782],[21.6813,29.1443],[21.6631,29.0162],[21.6354,28.932],[21.612,28.845],[21.5723,28.6337],[21.4383,28.561],[21.3952,28.4549],[21.2967,28.5018],[21.1249,28.6213],[21.0403,28.3841],[20.935,28.2445],[20.8379,28.2182],[20.7121,28.0896],[20.6111,27.8444],[20.5394,27.6986],[20.4432,27.6288],[20.4011,27.5379],[20.4585,27.4232],[20.4059,27.329],[20.3715,27.2516],[20.281,27.2033],[20.1428,27.1765],[20.0031,27.1516],[19.9246,27.0445],[19.85,26.9389],[19.8562,26.8791],[19.7868,26.8208],[19.7184,26.7668],[19.6261,26.7806],[19.528,26.7959],[19.4194,26.7462],[19.5113,26.5798],[19.4003,26.5048],[19.1362,26.4833],[19.0085,26.3312],[19.0195,26.1706],[18.8391,26.1543],[18.8348,25.9196],[18.7286,25.8264]]},"properties":{"id":729,"group":"searoutes","name":null}},{"type":"Feature","geometry":{"type":"LineString","coordinates":[[14.9932,32.5062],[14.9932,32.4661],[15.0219,32.4087],[15.1329,32.3915],[15.1908,32.3403],[15.2343,32.2308],[15.2726,32.1199],[15.309,32.0415],[15.3501,31.9583],[15.4008,31.8637],[15.4558,31.7695],[15.5678,31.6935],[15.6821,31.6284],[15.7965,31.5649],[15.84,31.573]]},"properties":{"id":730,"group":"searoutes","name":null}},{"type":"Feature","geometry":{"type":"LineString","coordinates":[[-15.7941,30.8253],[-15.7371,30.7535],[-15.619,30.7645]]},"properties":{"id":731,"group":"searoutes","name":null}},{"type":"Feature","geometry":{"type":"LineString","coordinates":[[14.5335,12.7],[14.5052,12.5986],[14.4794,12.4925],[14.3584,12.4256],[14.3019,12.33],[14.3502,12.2487],[14.4014,12.1631],[14.488,12.1225],[14.5708,12.0842],[14.6143,12.1684],[14.6545,12.2563],[14.7253,12.2688]]},"properties":{"id":732,"group":"searoutes","name":null}},{"type":"Feature","geometry":{"type":"LineString","coordinates":[[-16.361,18.4801],[-16.5557,18.5155],[-16.7241,18.5375],[-16.7978,18.308],[-16.892,18.1344],[-16.881,18.0551],[-16.9006,17.9002],[-16.8513,17.8079],[-16.9202,17.6874],[-16.9977,17.7295],[-17.0982,17.7505],[-17.1987,17.7763],[-17.2991,17.8136],[-17.4001,17.8471],[-17.4943,17.739],[-17.6914,17.6692],[-17.6953,17.8882],[-17.6608,17.9456]]},"properties":{"id":733,"group":"searoutes","name":null}},{"type":"Feature","geometry":{"type":"LineString","coordinates":[[-15.5156,16.9841],[-15.6285,16.9818],[-15.7438,16.9851],[-15.8563,17.0104],[-15.9558,17.0563],[-16.0534,17.1061],[-16.1223,17.2571],[-16.1797,17.2514],[-16.3395,17.3556],[-16.4208,17.4178],[-16.5586,17.3719],[-16.7767,17.3776],[-16.8676,17.4914],[-16.8427,17.6468],[-16.9202,17.6874]]},"properties":{"id":734,"group":"searoutes","name":null}},{"type":"Feature","geometry":{"type":"LineString","coordinates":[[-11.8166,33.5676],[-11.9324,33.5207]]},"properties":{"id":735,"group":"searoutes","name":null}},{"type":"Feature","geometry":{"type":"LineString","coordinates":[[-12.2979,34.5782],[-12.1668,34.5888],[-12.1725,34.6691],[-12.0486,34.7575],[-11.9989,34.8589],[-11.9257,34.9445]]},"properties":{"id":736,"group":"searoutes","name":null}},{"type":"Feature","geometry":{"type":"LineString","coordinates":[[14.2756,17.3661],[14.3943,17.3198],[14.4593,17.2457],[14.5196,17.1763],[14.6258,17.1539],[14.7272,17.1261],[14.8497,17.0793],[14.9703,17.03],[14.9588,16.8727],[15.0932,16.747],[15.219,16.7614],[15.286,16.6949],[15.3482,16.6327],[15.4525,16.5457],[15.5592,16.4625],[15.7194,16.4229],[15.8199,16.4195],[15.9199,16.4138],[15.9807,16.5171],[16.0457,16.6151],[16.1988,16.6318],[16.3476,16.6514],[16.394,16.6509],[16.4571,16.54],[16.5184,16.4334],[16.681,16.4501],[16.7872,16.4559],[16.9011,16.4659],[17.0485,16.4425],[17.1633,16.5515],[17.2762,16.5319],[17.3757,16.5744],[17.3929,16.5056],[17.5144,16.4764],[17.6111,16.4539],[17.5766,16.4023],[17.6378,16.3296],[17.7087,16.1781],[17.7823,16.147],[17.8866,16.104],[18.0244,16.1614],[18.0588,16.256],[18.1277,16.3392],[18.2014,16.4248],[18.2942,16.3966],[18.3913,16.3731],[18.4894,16.3335],[18.5851,16.2933],[18.7511,16.3086],[18.8396,16.3163],[18.9286,16.3268],[19.0176,16.2417],[19.1061,16.1551],[19.2415,16.1786],[19.3371,16.2675],[19.3151,16.4023],[19.4252,16.4941],[19.5366,16.5869],[19.5687,16.7178],[19.7026,16.7943],[19.8155,16.8785],[19.9251,16.9636],[19.9074,17.0793],[19.8892,17.1907],[19.8332,17.314],[19.7557,17.4627],[19.7184,17.621],[19.7706,17.817],[19.6931,18.0718],[19.4854,18.2076],[19.4505,18.2358],[19.2821,18.2702],[19.164,18.395]]},"properties":{"id":737,"group":"searoutes","name":null}},{"type":"Feature","geometry":{"type":"LineString","coordinates":[[15.11,33.1483],[15.1712,33.0398],[15.154,32.9594],[15.2516,32.7873],[15.2257,32.6262]]},"properties":{"id":738,"group":"searoutes","name":null}},{"type":"Feature","geometry":{"type":"LineString","coordinates":[[-18.3387,23.5612],[-18.3851,23.5473],[-18.4818,23.5622],[-18.5736,23.5822],[-18.5966,23.4531],[-18.6248,23.3288],[-18.7779,23.3021],[-18.8119,23.2763],[-18.8836,23.1892],[-18.9501,23.107],[-19.0386,23.086],[-19.1228,23.0697],[-19.2338,23.0688],[-19.341,23.0669],[-19.4347,23.1376],[-19.5247,23.2131],[-19.6242,23.2122],[-19.7199,23.2088],[-19.8136,23.2237],[-19.9131,23.2375],[-19.9744,23.2982],[-20.0351,23.3614],[-20.1294,23.3441],[-20.2188,23.3327],[-20.3021,23.3045],[-20.3992,23.2925],[-20.5016,23.2791],[-20.5547,23.326],[-20.7207,23.2982],[-20.8527,23.39],[-20.9197,23.5],[-20.9867,23.5397],[-21.0824,23.608],[-21.178,23.6793],[-21.2718,23.6998],[-21.3464,23.522],[-21.3929,23.4206],[-21.49,23.3499],[-21.5818,23.2748],[-21.6966,23.3155],[-21.811,23.3618],[-21.8402,23.4646],[-21.9894,23.5564],[-22.087,23.4359],[-22.1616,23.3671],[-22.2473,23.3963],[-22.3396,23.3728],[-22.4339,23.3504],[-22.5348,23.3843],[-22.6898,23.3097],[-22.862,23.2294],[-22.9888,23.2514],[-23.1414,23.2471],[-23.2352,23.195],[-23.3337,23.1443],[-23.3562,23.0865],[-23.4074,23.0057],[-23.5509,23.0171],[-23.6457,23.1051],[-23.7289,23.1376],[-23.8155,23.1749],[-23.9461,23.1271],[-24.0026,23.1022],[-24.1791,22.9712],[-24.2915,22.977],[-24.3996,22.9818],[-24.5522,22.955],[-24.6135,23.0004],[-24.6589,23.086],[-24.7077,23.1682],[-24.8024,23.2122],[-24.8981,23.2614],[-24.922,23.304],[-24.9747,23.4015],[-25.0244,23.4981],[-25.0952,23.5908],[-25.1641,23.6888],[-25.2043,23.8088],[-25.3612,23.9045],[-25.499,23.8901],[-25.5956,24.0101],[-25.7502,24.0618],[-25.853,24.0613],[-25.9511,24.0584],[-26.0654,24.0842],[-26.2377,23.9752],[-26.2927,23.838],[-26.2377,23.7457],[-26.1831,23.6549],[-26.2185,23.6023],[-26.3448,23.5158],[-26.4329,23.4818],[-26.5257,23.4484],[-26.8113,23.5273],[-26.8519,23.4101],[-26.9725,23.3786],[-27.0954,23.3523],[-27.0997,23.2299],[-27.1538,23.052],[-27.3122,22.9014],[-27.3973,22.9712],[-27.4868,23.0458],[-27.5408,23.1892],[-27.6432,23.1773],[-27.7183,23.0276],[-27.8681,23.0229],[-28.0116,22.9024],[-27.914,22.7762],[-27.8795,22.6672],[-27.935,22.5696],[-28.046,22.4721],[-28.1518,22.3708],[-28.1073,22.2388],[-28.0977,22.1107],[-28.0862,21.9835],[-28.0781,21.8645],[-27.9829,21.7894],[-27.8681,21.646],[-27.7303,21.5939],[-27.6327,21.6154],[-27.5466,21.6001],[-27.4566,21.5853],[-27.338,21.6794],[-27.2021,21.6919],[-27.0643,21.6001],[-26.9725,21.5198],[-26.8869,21.5437],[-26.8003,21.5427],[-26.7132,21.5456],[-26.6108,21.4911],[-26.5046,21.4404],[-26.508,21.2826],[-26.4271,21.1813],[-26.3434,21.0785],[-26.3008,20.992],[-26.1343,20.9231],[-26.0075,20.9427],[-25.9162,20.9747],[-25.8262,21.0053],[-25.6956,20.9054],[-25.6751,20.8084],[-25.6497,20.7132],[-25.6722,20.6616],[-25.6693,20.445],[-25.7899,20.3293],[-25.8454,20.2954],[-25.9898,20.205],[-25.9994,20.1438],[-25.9621,20.0511],[-25.92,19.9569],[-25.7899,19.9249],[-25.6554,19.8895],[-25.698,19.8044],[-25.7416,19.7202],[-25.7439,19.6093],[-25.8875,19.5003],[-25.9344,19.3722],[-25.8932,19.2651],[-25.8554,19.1542],[-25.8549,19.1025],[-25.7717,19.0261],[-25.7133,18.9127],[-25.6119,18.9094],[-25.5138,18.907],[-25.4225,18.9276],[-25.2904,18.9266],[-25.1612,18.9261],[-25.0732,18.6575],[-25.1125,18.5652],[-25.1479,18.4753],[-25.1191,18.4141],[-25.2215,18.2898],[-25.3249,18.1669],[-25.2445,18.0661],[-25.166,17.9618],[-25.0665,17.859],[-25.0608,17.7448],[-25.0603,17.6353],[-25.0206,17.5555],[-24.9833,17.4804],[-24.8512,17.37],[-24.9067,17.217],[-24.9699,17.183],[-25.0086,17.0214],[-25.101,16.9301],[-25.1981,16.8431],[-25.2502,16.7465],[-25.3081,16.6485],[-25.4512,16.6146],[-25.5894,16.5854],[-25.6583,16.5696],[-25.7095,16.431],[-25.7612,16.2943],[-25.8473,16.1786],[-25.9334,16.0672],[-25.9889,15.9902],[-26.1056,15.9663],[-26.2281,15.9481],[-26.3008,15.8745],[-26.3692,15.8052],[-26.4616,15.7712],[-26.5572,15.743],[-26.6797,15.6967],[-26.783,15.5188],[-26.6395,15.3926],[-26.5156,15.406],[-26.4271,15.4155],[-26.34,15.4218],[-26.2549,15.3467],[-26.1736,15.3696],[-26.0999,15.3295],[-26.0415,15.2358],[-25.9793,15.1631],[-25.9143,15.0895],[-25.9793,15.0197],[-26.0501,14.9537],[-26.0654,14.859],[-25.9506,14.7673],[-25.8645,14.6525],[-25.9023,14.5292],[-25.8645,14.4345],[-25.8243,14.446],[-25.6464,14.4517],[-25.5421,14.5502],[-25.5937,14.6879],[-25.5521,14.8533],[-25.4626,14.9394],[-25.3698,15.0302],[-25.2081,15.0828],[-25.101,15.1861],[-24.9909,15.2903],[-24.923,15.3467],[-24.8508,15.3988],[-24.7508,15.4127],[-24.6876,15.4786],[-24.6216,15.5422],[-24.6302,15.6278],[-24.6446,15.7143],[-24.5436,15.7932],[-24.5269,15.9032],[-24.4752,15.8917],[-24.4082,15.9955],[-24.3145,16.0409],[-24.2202,16.0829],[-24.1193,16.0868],[-24.0155,16.0963],[-23.9241,16.1212],[-23.8284,16.1432],[-23.7404,16.1843],[-23.6538,16.2235],[-23.5624,16.2245],[-23.482,16.3507],[-23.3557,16.4262],[-23.2926,16.5228],[-23.2275,16.6165],[-23.1606,16.6892],[-23.0965,16.7575],[-22.9826,16.7178],[-22.8161,16.5825],[-22.7644,16.4482],[-22.6295,16.408],[-22.5664,16.2694],[-22.6152,16.1786],[-22.6659,16.0834],[-22.598,15.995],[-22.5358,15.9084],[-22.4578,15.9118],[-22.2956,15.9037],[-22.2535,15.7942],[-22.2085,15.6818],[-22.0641,15.6087],[-21.9837,15.645],[-21.898,15.6761],[-21.7942,15.7081],[-21.6852,15.7416],[-21.5761,15.8205],[-21.5522,15.9237],[-21.4555,15.9778],[-21.3632,16.0284],[-21.3345,16.1021],[-21.3522,16.19],[-21.2976,16.1939],[-21.2555,16.245],[-21.1513,16.3679],[-21.0651,16.3],[-20.9503,16.3335],[-20.8393,16.3641],[-20.715,16.2957],[-20.5944,16.2876],[-20.4911,16.4023],[-20.4451,16.4138],[-20.3619,16.4965],[-20.3533,16.6031],[-20.3475,16.7145],[-20.3131,16.7867],[-20.2901,16.8498],[-20.3676,16.9578],[-20.3447,17.0903],[-20.2844,17.2227],[-20.2246,17.3551],[-20.0835,17.3375],[-19.9457,17.4292],[-19.9533,17.5387],[-19.8533,17.5775],[-19.7797,17.7161],[-19.6873,17.7505],[-19.5897,17.7811],[-19.5606,17.7907],[-19.4692,17.762],[-19.3778,17.7381],[-19.251,17.8308],[-19.1252,17.9217],[-19.0386,17.9857],[-18.9549,18.0551],[-18.8721,18.1349],[-18.7913,18.2133],[-18.6626,18.2343],[-18.5028,18.241],[-18.4071,18.0947],[-18.3071,17.9513],[-18.2177,17.8997],[-18.1258,17.8519],[-18.0167,17.8423],[-17.9067,17.8299],[-17.7814,17.6645],[-17.6914,17.6692]]},"properties":{"id":739,"group":"searoutes","name":null}},{"type":"Feature","geometry":{"type":"LineString","coordinates":[[-18.5162,20.8136],[-18.422,20.9432],[-18.4282,21.1182],[-18.3363,21.2492],[-18.3239,21.4844],[-18.1775,21.6517],[-18.1512,21.8386],[-18.0742,21.8812],[-18.0029,21.929],[-17.9077,21.9558],[-17.811,21.9849],[-17.7412,22.0935],[-17.6689,22.2029],[-17.5575,22.1508],[-17.4465,22.0968],[-17.3417,22.1575],[-17.2762,22.2598],[-17.1953,22.2799],[-17.135,22.3373],[-16.9666,22.3196],[-16.9088,22.2139],[-16.8054,22.2082],[-16.6906,22.2713],[-16.6131,22.235],[-16.5241,22.1279],[-16.439,22.0213],[-16.3404,22.0763]]},"properties":{"id":740,"group":"searoutes","name":null}},{"type":"Feature","geometry":{"type":"LineString","coordinates":[[18.5459,27.6245],[18.4813,27.81],[18.5583,27.8764],[18.6391,27.9395],[18.742,27.9108],[18.8281,27.7961],[18.9028,27.7387],[18.985,27.7665],[19.1152,27.733],[19.2506,27.6976],[19.3826,27.623],[19.4826,27.5551],[19.5878,27.4925],[19.6605,27.4404],[19.7333,27.3892],[19.718,27.2855],[19.7007,27.1784],[19.7237,27.0847],[19.7438,26.9896],[19.85,26.9389]]},"properties":{"id":741,"group":"searoutes","name":null}},{"type":"Feature","geometry":{"type":"LineString","coordinates":[[2.7135,35.2084],[2.6217,35.2543]]},"properties":{"id":742,"group":"searoutes","name":null}},{"type":"Feature","geometry":{"type":"LineString","coordinates":[[15.7194,16.4229],[15.6879,16.2771],[15.7663,16.1671],[15.375,14.8179],[15.4142,14.5813],[15.3094,14.5311],[15.2166,14.4182],[15.1195,14.3886],[15.0621,14.2739],[15.1023,14.1797],[15.0334,14.1113],[14.9473,14.0673],[14.9129,13.9469],[14.9664,13.8723],[14.9205,13.7661],[14.9645,13.6715],[15.0114,13.5797]]},"properties":{"id":743,"group":"searoutes","name":null}},{"type":"Feature","geometry":{"type":"LineString","coordinates":[[18.6243,16.0131],[18.6932,15.9453],[18.7324,16.1016],[18.6616,16.1958],[18.5851,16.2933]]},"properties":{"id":744,"group":"searoutes","name":null}},{"type":"Feature","geometry":{"type":"LineString","coordinates":[[15.4142,14.5813],[15.5329,14.5435],[15.6544,14.5081],[15.7946,14.5081],[15.9094,14.4527],[16.0515,14.4053],[16.1931,14.4058],[16.3299,14.4106],[16.4629,14.314],[16.5318,14.337],[16.627,14.2175],[16.7212,14.1878],[16.8207,14.1639],[16.8877,14.1018],[16.9489,14.042],[17.0083,13.8957],[17.0083,13.7747],[17.003,13.6519],[17.0886,13.5137],[17.169,13.551],[17.3125,13.4936],[17.3833,13.3951],[17.3532,13.2575],[17.3183,13.1207],[17.28,12.9883],[17.3733,12.8559],[17.3355,12.7249],[17.2982,12.5953],[17.2264,12.5011],[17.0427,12.4676],[16.9049,12.4954],[16.7681,12.526],[16.6753,12.5757],[16.583,12.6235],[16.4916,12.6675],[16.4031,12.7158],[16.3481,12.7994],[16.406,12.8673],[16.36,12.9171]]},"properties":{"id":745,"group":"searoutes","name":null}},{"type":"Feature","geometry":{"type":"LineString","coordinates":[[19.5878,27.4925],[19.4941,27.4117],[19.3989,27.3276],[19.2587,27.2511],[19.1568,27.1349],[19.0042,27.1086]]},"properties":{"id":746,"group":"searoutes","name":null}},{"type":"Feature","geometry":{"type":"LineString","coordinates":[[14.5708,12.0842],[14.6143,11.9298],[14.5454,11.8643],[14.534,11.6979],[14.5875,11.5985],[14.6775,11.5373],[14.7689,11.4794],[14.8095,11.3767],[14.7808,11.3537],[14.7119,11.3308],[14.6574,11.1869],[14.5914,11.0783],[14.5225,10.9755],[14.5512,10.8833],[14.5832,10.7943],[14.5971,10.6767],[14.6162,10.5586],[14.5708,10.3923],[14.6545,10.3497],[14.7373,10.3072],[14.7521,10.1948],[14.6177,10.0753],[14.5856,9.9147],[14.6488,9.8276],[14.7071,9.7416],[14.8038,9.6727],[14.8947,9.6044],[15.0315,9.5556],[15.1138,9.449],[15.2803,9.4547],[15.3611,9.57],[15.2841,9.7191],[15.2511,9.8353]]},"properties":{"id":747,"group":"searoutes","name":null}},{"type":"Feature","geometry":{"type":"LineString","coordinates":[[-15.109,35.8371],[-15.0057,35.6845],[-14.8937,35.6731],[-14.788,35.4962],[-14.755,35.3461],[-14.6957,35.1257],[-14.5196,35.0908],[-14.4593,34.9856],[-14.5454,34.8541],[-14.5378,34.6968],[-14.3034,34.6485],[-14.1541,34.5897],[-14.0694,34.4535],[-14.1622,34.2967],[-14.0508,34.1795],[-13.891,34.1537],[-13.9417,33.8855]]},"properties":{"id":748,"group":"searoutes","name":null}},{"type":"Feature","geometry":{"type":"LineString","coordinates":[[-13.9981,35.2026],[-13.969,35.2825],[-13.967,35.3671],[-13.8288,35.4455]]},"properties":{"id":749,"group":"searoutes","name":null}},{"type":"Feature","geometry":{"type":"LineString","coordinates":[[-11.5525,33.1029],[-11.4411,33.2296],[-11.2999,33.2119],[-11.1248,33.3257],[-11.076,33.4241],[-11.0301,33.5169],[-10.9268,33.5159],[-10.7947,33.6422],[-10.7565,33.7736],[-10.6512,33.7684],[-10.5197,33.8492],[-10.4216,33.8888],[-10.3584,34.0323],[-10.3962,34.1346],[-10.3374,34.2211],[-10.2781,34.3249],[-10.2173,34.4243],[-10.1058,34.4052],[-9.9905,34.3827],[-9.8532,34.3937],[-9.7131,34.4004],[-9.6925,34.5027],[-9.6729,34.5998],[-9.5662,34.6461],[-9.4566,34.6968],[-9.3342,34.7819],[-9.3758,34.9072],[-9.371,35.0076],[-9.3619,35.1051],[-9.4169,35.1797],[-9.4667,35.2514],[-9.4054,35.3633],[-9.339,35.4742],[-9.2964,35.5583],[-9.2562,35.6425],[-9.1854,35.6912],[-9.1108,35.7873],[-9.1069,35.8853],[-9.0323,35.8853],[-8.9553,35.9886],[-8.9003,36.0861],[-8.9175,36.2525]]},"properties":{"id":750,"group":"searoutes","name":null}},{"type":"Feature","geometry":{"type":"LineString","coordinates":[[21.3952,28.4549],[21.4115,28.3239],[21.4287,28.19],[21.4393,28.061],[21.5378,27.9969],[21.6388,27.93],[21.7493,27.9204],[21.865,27.9797],[21.9808,28.0428],[22.0315,28.1575],[22.0861,28.2684],[22.2325,28.2608],[22.4334,28.1805],[22.5884,28.1862],[22.7319,28.1862],[22.7836,28.2493],[22.8773,28.234],[22.9615,28.2034],[23.0448,28.1695],[23.1395,28.1403],[23.151,28.169],[23.2548,28.1724],[23.3404,28.1059],[23.427,28.0371],[23.5639,27.9892],[23.6619,28.0313],[23.7629,28.0763],[23.8399,28.0313],[23.9117,27.983],[23.9719,27.8994],[24.0523,27.9166],[24.0925,27.8879],[24.1212,27.8592],[24.2107,27.9022],[24.3279,27.8764],[24.4494,27.8516],[24.5403,27.9108],[24.6254,27.9649],[24.724,28.0026],[24.8197,28.0447],[24.9087,28.0045],[24.9823,27.9567],[25.0565,27.9099],[25.1488,27.7961],[25.2397,27.6876],[25.3497,27.601],[25.4564,27.5121],[25.5765,27.503],[25.6827,27.5265],[25.7837,27.547],[25.8951,27.5551],[26.0066,27.5585],[26.1788,27.5661],[26.2219,27.7244],[26.297,27.7731],[26.374,27.821],[26.5362,27.8286],[26.6721,27.9185],[26.7218,27.9969],[26.7716,28.0806],[26.8538,28.1403],[26.9361,28.2025],[27.0596,28.3105],[27.117,28.343],[27.1639,28.4272],[27.2122,28.5104],[27.3016,28.5304],[27.3954,28.5563],[27.5054,28.6715],[27.5887,28.7542],[27.6724,28.8422],[27.8298,28.737],[27.8561,28.6284],[27.9504,28.5706],[28.0441,28.5075],[28.1221,28.496],[28.1857,28.4157],[28.1341,28.2665],[28.0173,28.2006],[27.9279,28.1886],[27.8068,28.0657],[27.7379,27.951],[27.715,27.8764],[27.8078,27.83],[27.7843,27.678],[27.7666,27.5838],[27.7446,27.4901],[27.8183,27.4122],[28.1599,27.11],[28.2718,27.0613],[28.2604,26.9527],[28.2489,26.8447],[28.3168,26.7716],[28.3981,26.752],[28.4498,26.6143],[28.5881,26.5483],[28.645,26.4651],[28.7043,26.381],[28.7311,26.2873],[28.6565,26.1553],[28.5594,26.1113],[28.4728,26.0119],[28.3914,25.9143],[28.2604,25.9488],[28.1336,25.9884],[28.0479,25.9488],[27.9623,25.9038],[27.9169,25.8058],[27.9963,25.6963],[27.9853,25.5161],[27.9733,25.3751],[27.9599,25.2292],[28.003,25.1226],[27.9963,24.9907],[27.9934,24.8549],[28.0709,24.8128],[28.1484,24.7765],[28.2374,24.6637],[28.3216,24.5523],[28.2604,24.4858],[28.1953,24.4175],[28.0518,24.3419],[27.9504,24.2563],[27.8437,24.1684],[27.7073,24.1368],[27.5772,24.2095],[27.4853,24.2563],[27.3988,24.3041],[27.3016,24.3022],[27.205,24.297],[27.0605,24.3194],[26.9175,24.3453],[26.8481,24.4284],[26.7797,24.514],[26.6276,24.5915],[26.5496,24.5202],[26.3692,24.5403],[26.2415,24.4839],[26.1592,24.5145],[26.074,24.5451],[25.9152,24.5943],[25.8262,24.5719],[25.7372,24.5523],[25.6483,24.6292],[25.554,24.7096],[25.476,24.7899],[25.3985,24.875],[25.3038,24.9161],[25.1775,24.9104],[25.0464,24.9084],[24.9517,24.9328],[24.856,24.9104],[24.7623,24.8865],[24.6297,24.8893],[24.5288,24.8931],[24.4255,24.8989],[24.3566,24.7899],[24.2848,24.6847],[24.1566,24.591],[24.0183,24.657],[23.9121,24.7158],[23.8284,24.7727],[23.7418,24.8267],[23.6093,24.8052],[23.484,24.8128],[23.3691,24.7153],[23.3859,24.613],[23.3347,24.4916],[23.2849,24.3687],[23.3577,24.2965],[23.1223,24.2712],[23.0792,24.1751],[22.8027,24.1731],[22.7329,24.2095],[22.4473,24.2257],[22.2664,24.4189],[22.0779,24.6292],[21.9971,24.7096],[21.9191,24.7865],[21.8158,24.6828],[21.7387,24.7268],[21.6617,24.7679],[21.5263,24.7841],[21.3885,24.8037],[21.268,24.7488],[21.1163,24.8138],[21.0039,24.8128],[20.8891,24.8162],[20.7628,24.7841],[20.6365,24.8243],[20.5298,24.7722],[20.4274,24.7636]]},"properties":{"id":751,"group":"searoutes","name":null}},{"type":"Feature","geometry":{"type":"LineString","coordinates":[[19.3989,27.3276],[19.3706,27.2119]]},"properties":{"id":752,"group":"searoutes","name":null}},{"type":"Feature","geometry":{"type":"LineString","coordinates":[[19.4826,27.5551],[19.4941,27.4117]]},"properties":{"id":753,"group":"searoutes","name":null}},{"type":"Feature","geometry":{"type":"LineString","coordinates":[[18.7324,16.1016],[18.742,16.2073],[18.7511,16.3086]]},"properties":{"id":754,"group":"searoutes","name":null}},{"type":"Feature","geometry":{"type":"LineString","coordinates":[[19.3151,16.4023],[19.2984,16.4573]]},"properties":{"id":755,"group":"searoutes","name":null}},{"type":"Feature","geometry":{"type":"LineString","coordinates":[[-15.74,29.3599],[-15.8175,29.3776],[-15.8697,29.4541],[-15.9261,29.5311],[-16.05,29.5172]]},"properties":{"id":756,"group":"searoutes","name":null}},{"type":"Feature","geometry":{"type":"LineString","coordinates":[[-18.388,23.6544],[-18.3851,23.5473]]},"properties":{"id":757,"group":"searoutes","name":null}},{"type":"Feature","geometry":{"type":"LineString","coordinates":[[-18.8119,23.2763],[-18.8894,23.3499],[-18.9621,23.4278],[-19.097,23.522],[-19.1821,23.5564],[-19.2625,23.5942],[-19.3142,23.5076]]},"properties":{"id":758,"group":"searoutes","name":null}},{"type":"Feature","geometry":{"type":"LineString","coordinates":[[-17.8263,17.9862],[-17.8967,17.9738],[-17.9067,17.8299]]},"properties":{"id":759,"group":"searoutes","name":null}},{"type":"Feature","geometry":{"type":"LineString","coordinates":[[-13.9407,35.5813],[-13.9814,35.4727],[-13.967,35.3671]]},"properties":{"id":760,"group":"searoutes","name":null}},{"type":"Feature","geometry":{"type":"LineString","coordinates":[[19.8892,17.1907],[19.982,17.1998],[20.0791,17.2117],[20.2069,17.282],[20.2404,17.3661],[20.2743,17.4531],[20.2519,17.5382],[20.2313,17.6272],[20.3207,17.7008],[20.4293,17.7419],[20.4786,17.6554],[20.5332,17.739],[20.5671,17.8103],[20.5442,17.8858],[20.4815,17.98],[20.4164,18.0799],[20.3011,18.1531],[20.2806,18.2439],[20.2624,18.3376],[20.183,18.4619],[20.2117,18.5365],[20.1002,18.5857],[20.0945,18.7368],[19.9768,18.7583]]},"properties":{"id":761,"group":"searoutes","name":null}},{"type":"Feature","geometry":{"type":"LineString","coordinates":[[20.514,24.679],[20.5298,24.7722]]},"properties":{"id":762,"group":"searoutes","name":null}},{"type":"Feature","geometry":{"type":"LineString","coordinates":[[20.7628,24.7841],[20.7743,24.6914],[20.702,24.5599]]},"properties":{"id":763,"group":"searoutes","name":null}},{"type":"Feature","geometry":{"type":"LineString","coordinates":[[-14.1938,35.7338],[-14.2742,35.6339],[-14.2775,35.5918]]},"properties":{"id":764,"group":"searoutes","name":null}},{"type":"Feature","geometry":{"type":"LineString","coordinates":[[20.4011,27.5379],[20.3437,27.5494],[20.1772,27.5666],[20.1198,27.6622],[20.1944,27.7846],[20.2739,27.9018],[20.2715,27.9892]]},"properties":{"id":765,"group":"searoutes","name":null}},{"type":"Feature","geometry":{"type":"LineString","coordinates":[[-18.5372,30.536],[-18.61,30.5757],[-18.6425,30.7048],[-18.5679,30.8482],[-18.4583,30.8597],[-18.3392,30.8597],[-18.2866,30.7622],[-18.2325,30.6684],[-18.1373,30.6876],[-18.0167,30.613],[-17.9971,30.5231],[-18.0225,30.4237],[-17.9708,30.3892],[-17.9455,30.2597],[-17.9101,30.1559],[-17.7737,30.099],[-17.6493,30.0613],[-17.546,30.0163],[-17.4446,29.9771],[-17.3441,30.057],[-17.2269,30.0847],[-17.1556,30.0278],[-17.0791,29.9676],[-16.9891,29.9131],[-16.9011,29.8643],[-16.836,29.8222],[-16.8399,29.6893],[-16.8408,29.5598],[-16.7872,29.4575],[-16.7365,29.368],[-16.5988,29.3394],[-16.5117,29.3967],[-16.3462,29.282],[-16.2337,29.3241],[-16.1395,29.3107]]},"properties":{"id":766,"group":"searoutes","name":null}},{"type":"Feature","geometry":{"type":"LineString","coordinates":[[-19.4175,22.759],[-19.4658,22.9344],[-19.45,22.9602],[-19.4864,23.086],[-19.4347,23.1376]]},"properties":{"id":767,"group":"searoutes","name":null}},{"type":"Feature","geometry":{"type":"LineString","coordinates":[[-20.5016,23.2791],[-20.537,23.1491],[-20.5738,23.0248],[-20.5829,22.9196],[-20.537,22.8909],[-20.4978,22.7532],[-20.4853,22.6041],[-20.4767,22.4559],[-20.5198,22.3688],[-20.5652,22.2775],[-20.5107,22.1958],[-20.5255,22.059],[-20.5418,21.9233],[-20.5494,21.8726],[-20.4681,21.7378],[-20.3925,21.6063],[-20.3475,21.5198],[-20.2978,21.4284],[-20.3408,21.3644]]},"properties":{"id":768,"group":"searoutes","name":null}},{"type":"Feature","geometry":{"type":"LineString","coordinates":[[19.4252,16.4941],[19.5572,16.4458],[19.8533,16.3229],[19.9409,16.0514],[20.071,16.093],[20.1887,16.0925],[20.3035,15.9405],[20.2485,15.8865]]},"properties":{"id":769,"group":"searoutes","name":null}},{"type":"Feature","geometry":{"type":"LineString","coordinates":[[20.2432,18.0584],[20.3011,18.1531]]},"properties":{"id":770,"group":"searoutes","name":null}},{"type":"Feature","geometry":{"type":"LineString","coordinates":[[-18.6425,30.7048],[-18.7578,30.6445],[-18.8664,30.6187],[-18.9726,30.5982],[-18.9984,30.6876],[-19.0295,30.7746],[-19.0898,30.8391],[-19.1874,30.9749],[-19.251,31.1695],[-19.3706,31.2536],[-19.452,31.3186],[-19.6347,31.3062],[-19.6567,31.1982],[-19.7734,31.1327],[-19.893,31.0428],[-19.9744,30.9744],[-20.0543,30.9084],[-19.9883,30.7961],[-19.9457,30.6933],[-19.8997,30.5929],[-19.7677,30.5843],[-19.639,30.5762],[-19.5783,30.4925],[-19.5122,30.4146],[-19.4692,30.3204],[-19.4271,30.2229],[-19.5151,30.1368],[-19.6031,30.0565],[-19.6591,30.0847]]},"properties":{"id":771,"group":"searoutes","name":null}},{"type":"Feature","geometry":{"type":"LineString","coordinates":[[-6.4542,11.9379],[-6.3633,11.9384],[-6.2365,11.9389],[-6.1131,11.9446],[-6.0585,11.8127],[-6.0059,11.6836],[-6.047,11.5373],[-6.1724,11.3977],[-6.1867,11.2825],[-6.2269,11.1539],[-6.3169,11.0669],[-6.4039,10.9813],[-6.5197,10.9569],[-6.5809,11.0439],[-6.6431,11.1309],[-6.7015,11.239],[-6.757,11.3413],[-6.8402,11.3045],[-6.9541,11.3939],[-7.0641,11.479],[-7.1435,11.6291],[-7.2526,11.7266],[-7.2206,11.8098],[-7.2077,11.936],[-7.2182,12.0594],[-7.1263,12.1626],[-7.0177,12.1402],[-6.9139,12.1167],[-6.8125,12.0971]]},"properties":{"id":772,"group":"searoutes","name":null}},{"type":"Feature","geometry":{"type":"LineString","coordinates":[[-6.2595,12.656],[-6.3083,12.6455],[-6.3111,12.5585],[-6.3341,12.5527],[-6.3628,12.4605],[-6.3972,12.3634],[-6.4279,12.2611],[-6.3795,12.1674],[-6.3685,12.0536],[-6.3633,11.9384]]},"properties":{"id":773,"group":"searoutes","name":null}},{"type":"Feature","geometry":{"type":"LineString","coordinates":[[21.6962,18.3094],[21.5718,18.4796],[21.4397,18.4939],[21.2814,18.5508],[21.0584,18.4208],[21.0096,18.3395],[20.7853,18.3682],[20.6561,18.3553],[20.6939,18.2267],[20.7322,18.0952],[20.7173,17.926],[20.6308,17.9054],[20.5442,17.8858]]},"properties":{"id":774,"group":"searoutes","name":null}},{"type":"Feature","geometry":{"type":"LineString","coordinates":[[-20.7207,23.2982],[-20.6858,23.1945],[-20.6288,23.1089],[-20.5738,23.0248]]},"properties":{"id":775,"group":"searoutes","name":null}},{"type":"Feature","geometry":{"type":"LineString","coordinates":[[-19.9533,17.5387],[-20.005,17.6128],[-20.0318,17.6989]]},"properties":{"id":776,"group":"searoutes","name":null}},{"type":"Feature","geometry":{"type":"LineString","coordinates":[[-21.146,19.6112],[-21.335,19.5271],[-21.5512,19.5056],[-21.7799,19.6246],[-21.867,19.779],[-21.8583,19.9239],[-21.91,20.0276],[-22.1449,20.0774],[-22.2281,19.933],[-22.3167,20.0052],[-22.4004,20.0793],[-22.4831,20.1658],[-22.5697,20.2571],[-22.6611,20.3379],[-22.7778,20.3212],[-22.8735,20.2519],[-22.9252,20.1701],[-22.9367,20.074],[-23.0266,20.1534],[-23.1022,20.2657],[-23.1663,20.3379],[-23.2266,20.4154],[-23.3328,20.4297],[-23.4423,20.4498],[-23.5452,20.4699],[-23.6519,20.4919],[-23.7873,20.4441],[-23.8724,20.3322],[-23.959,20.2155],[-24.0212,20.139],[-23.9872,20.0052],[-23.8432,19.9],[-23.8495,19.8273],[-23.8093,19.6667],[-23.8705,19.5515],[-23.7782,19.5563],[-23.7002,19.5061],[-23.638,19.5682],[-23.66,19.4831],[-23.5969,19.4014],[-23.6811,19.3416],[-23.7117,19.2943],[-23.7638,19.2742],[-23.6715,19.2249],[-23.6887,19.1848],[-23.616,19.0906],[-23.8734,19.0074],[-24.0389,18.9725],[-24.1446,18.8692],[-24.2819,18.8386],[-24.3508,18.7153],[-24.4637,18.766],[-24.5154,18.7316],[-24.5809,18.8167],[-24.7154,18.7884],[-24.8024,18.7545],[-24.8914,18.722],[-24.9804,18.6914],[-25.0732,18.6575]]},"properties":{"id":777,"group":"searoutes","name":null}},{"type":"Feature","geometry":{"type":"LineString","coordinates":[[18.4009,34.3598],[18.5009,34.2962],[18.5966,34.2302],[18.6037,34.1623]]},"properties":{"id":778,"group":"searoutes","name":null}},{"type":"Feature","geometry":{"type":"LineString","coordinates":[[14.643,33.2463],[14.5349,33.1765],[14.5674,33.0116],[14.6603,32.925],[14.7555,32.8442],[14.8612,32.8562],[14.9664,32.8724],[15.0325,32.9738],[15.154,32.9594]]},"properties":{"id":779,"group":"searoutes","name":null}},{"type":"Feature","geometry":{"type":"LineString","coordinates":[[20.3035,15.9405],[20.3896,15.9433],[20.4805,15.9491],[20.5733,15.8688],[20.6355,15.972],[20.7331,15.9825],[20.8149,16.103],[20.8948,16.2073],[20.9752,16.1695],[21.0561,16.0524],[21.2182,16.0944],[21.3345,16.2187],[21.3369,16.3277],[21.3393,16.4334],[21.4885,16.4391],[21.6431,16.4845],[21.6402,16.6524]]},"properties":{"id":780,"group":"searoutes","name":null}},{"type":"Feature","geometry":{"type":"LineString","coordinates":[[21.6187,27.8621],[21.6388,27.93]]},"properties":{"id":781,"group":"searoutes","name":null}},{"type":"Feature","geometry":{"type":"LineString","coordinates":[[22.0779,24.6292],[22.1291,24.721],[22.1798,24.8095],[22.2726,24.8186],[22.3707,24.8238],[22.4047,24.9104],[22.4401,24.9916],[22.4396,25.0332],[22.5884,25.1169],[22.7353,25.2025],[22.7951,25.3177],[22.8592,25.4305],[22.8123,25.5357],[22.7673,25.639],[22.7434,25.7308],[22.7137,25.8249],[22.6319,25.9081],[22.531,25.8799],[22.4243,25.8536],[22.3382,25.9354],[22.2669,26.0233],[22.1899,26.1075],[22.0487,26.1553],[21.9119,26.2041],[21.9157,26.3542],[21.9258,26.4388]]},"properties":{"id":782,"group":"searoutes","name":null}},{"type":"Feature","geometry":{"type":"LineString","coordinates":[[22.7922,25.1838],[22.7353,25.2025]]},"properties":{"id":783,"group":"searoutes","name":null}},{"type":"Feature","geometry":{"type":"LineString","coordinates":[[21.9157,26.3542],[21.9775,26.3614]]},"properties":{"id":784,"group":"searoutes","name":null}},{"type":"Feature","geometry":{"type":"LineString","coordinates":[[19.8959,34.2254],[19.7926,34.2101],[19.6912,34.1958],[19.5969,34.2135]]},"properties":{"id":785,"group":"searoutes","name":null}},{"type":"Feature","geometry":{"type":"LineString","coordinates":[[23.0854,23.0477],[23.1835,23.0085],[23.1677,22.8833],[23.1452,22.7475],[23.1204,22.6108],[23.2601,22.5582],[23.3462,22.4033],[23.2945,22.3081],[23.2945,22.1967],[23.2998,22.0901],[23.3404,21.928],[23.2486,21.8071],[23.2419,21.6852],[23.1969,21.6001],[23.1539,21.515],[23.0017,21.5375],[22.8812,21.514],[22.7654,21.4935],[22.7664,21.3878],[22.7664,21.2841],[22.7491,21.187],[22.729,21.0857],[22.7893,20.9862],[22.8443,20.8887],[22.9041,20.7797],[22.9611,20.6755],[22.9032,20.5942],[22.8065,20.5215],[22.7085,20.4441],[22.7692,20.2997],[22.8238,20.2289],[22.875,20.161],[22.9759,20.1175],[23.0706,20.0568],[23.1682,19.9918],[23.1625,19.8331],[23.151,19.6772],[23.1964,19.5859],[23.3175,19.4946],[23.4093,19.2995],[23.3778,19.2049],[23.2486,19.1848],[23.1797,19.093],[23.2381,19.0232],[23.2715,18.9438],[23.307,18.8597],[23.4151,18.8692],[23.5184,18.7889],[23.5136,18.699],[23.4806,18.5943],[23.6103,18.5193],[23.7193,18.3357],[23.6925,18.2248],[23.7193,18.1177],[23.7433,18.0058],[23.6964,17.8997],[23.7653,17.8136],[23.8916,17.7333],[23.9026,17.6324],[23.9255,17.5488],[23.9796,17.4857],[24.0293,17.3891],[24.0777,17.2911],[24.0399,17.1405],[24.1097,17.0678],[24.181,16.9937],[24.2073,16.8842],[24.2351,16.779],[24.3336,16.7752],[24.4307,16.7771],[24.5867,16.7088],[24.5805,16.6203],[24.569,16.5362],[24.6207,16.4195],[24.4312,16.2761],[24.4427,16.1958],[24.5403,16.1212],[24.5369,15.9998],[24.5805,15.8745],[24.6264,15.7521],[24.5943,15.6622],[24.5116,15.6393],[24.4235,15.6211],[24.3279,15.7024],[24.2298,15.7865],[24.081,15.8401],[24.0289,15.9577],[23.9442,15.9524],[23.7791,15.9983],[23.6734,16.0065],[23.5691,16.016],[23.5529,15.8975],[23.438,15.754],[23.3443,15.732],[23.2486,15.8401],[23.0649,15.8343],[22.8836,15.7502],[22.7606,15.7483],[22.663,15.886],[22.6936,16.0275],[22.5826,16.0524],[22.4688,16.0801],[22.3817,16.1269],[22.2908,16.179],[22.1865,16.1441],[22.0798,16.1131],[22.0028,16.1786],[21.9311,16.2455],[21.7694,16.2484],[21.6297,16.3794],[21.555,16.3564],[21.4885,16.4391]]},"properties":{"id":786,"group":"searoutes","name":null}},{"type":"Feature","geometry":{"type":"LineString","coordinates":[[20.8948,16.2073],[20.8164,16.2503],[20.7341,16.3048],[20.6537,16.3564],[20.6475,16.4994],[20.6537,16.5916],[20.6647,16.6863],[20.6595,16.7752],[20.6561,16.8637],[20.6135,16.9588],[20.5686,17.0501],[20.6604,17.1873],[20.6308,17.2743],[20.6011,17.3604],[20.5159,17.3948],[20.436,17.4345],[20.3322,17.5325],[20.2519,17.5382]]},"properties":{"id":787,"group":"searoutes","name":null}},{"type":"Feature","geometry":{"type":"LineString","coordinates":[[21.6431,16.4845],[21.6297,16.3794]]},"properties":{"id":788,"group":"searoutes","name":null}},{"type":"Feature","geometry":{"type":"LineString","coordinates":[[22.2908,16.179],[22.3468,16.2426],[22.4214,16.2909],[22.4468,16.4429],[22.4267,16.551]]},"properties":{"id":789,"group":"searoutes","name":null}},{"type":"Feature","geometry":{"type":"LineString","coordinates":[[21.5837,30.5188],[21.6794,30.5733]]},"properties":{"id":790,"group":"searoutes","name":null}},{"type":"Feature","geometry":{"type":"LineString","coordinates":[[23.1395,28.1403],[23.2141,27.9969],[23.1945,27.8822],[23.2027,27.7559],[23.2132,27.6321],[23.1395,27.5035]]},"properties":{"id":791,"group":"searoutes","name":null}},{"type":"Feature","geometry":{"type":"LineString","coordinates":[[19.7926,34.2101],[19.8414,34.1178]]},"properties":{"id":792,"group":"searoutes","name":null}},{"type":"Feature","geometry":{"type":"LineString","coordinates":[[20.47,32.4144],[20.4667,32.3073],[20.5308,32.1759],[20.5619,32.0645],[20.5939,31.9478],[20.6087,31.9292]]},"properties":{"id":793,"group":"searoutes","name":null}},{"type":"Feature","geometry":{"type":"LineString","coordinates":[[-21.9779,16.8727],[-22.0066,16.7924]]},"properties":{"id":794,"group":"searoutes","name":null}},{"type":"Feature","geometry":{"type":"LineString","coordinates":[[-22.6295,16.408],[-22.5817,16.4869],[-22.5061,16.54],[-22.4932,16.6437],[-22.3989,16.5983],[-22.3176,16.627],[-22.2363,16.5983],[-22.1272,16.6261],[-22.0148,16.6509],[-22.0066,16.7924]]},"properties":{"id":795,"group":"searoutes","name":null}},{"type":"Feature","geometry":{"type":"LineString","coordinates":[[-22.2363,16.5983],[-22.2157,16.5433]]},"properties":{"id":796,"group":"searoutes","name":null}},{"type":"Feature","geometry":{"type":"LineString","coordinates":[[-20.5887,14.1649],[-20.68,14.1792],[-20.7714,14.1653],[-20.8274,14.2653],[-20.9427,14.3403],[-20.8929,14.4345],[-20.8432,14.5301],[-20.9331,14.5837],[-21.0283,14.6372],[-21.1709,14.8131],[-21.2862,14.848],[-21.2833,15.0254],[-21.367,15.0407],[-21.3809,15.1631],[-21.4,15.2869],[-21.3866,15.3754],[-21.3771,15.4624],[-21.4503,15.5599],[-21.5158,15.623],[-21.6852,15.7416]]},"properties":{"id":797,"group":"searoutes","name":null}},{"type":"Feature","geometry":{"type":"LineString","coordinates":[[-20.0543,30.9084],[-20.1179,31.0433],[-20.183,31.1743],[-20.1983,31.2785],[-20.2184,31.3822],[-20.2959,31.4449],[-20.3762,31.5061],[-20.4394,31.617],[-20.5083,31.7336],[-20.5336,31.8828],[-20.5542,31.9727],[-20.5714,32.0683],[-20.6001,32.1563],[-20.7379,32.2136],[-20.8422,32.1849],[-20.9101,32.0759],[-20.98,31.9674],[-20.9274,31.8866],[-20.8752,31.8053],[-20.8585,31.6973],[-20.9494,31.6763],[-21.0537,31.6399],[-21.157,31.6036],[-21.1398,31.4334],[-21.0259,31.3497],[-21.0364,31.2441],[-21.0489,31.1379],[-21.0714,31.0213],[-21.0881,30.8769],[-21.1005,30.7325],[-21.1493,30.6044],[-21.045,30.5035],[-21.0766,30.372],[-21.1111,30.2449],[-21.1551,30.2238]]},"properties":{"id":798,"group":"searoutes","name":null}},{"type":"Feature","geometry":{"type":"LineString","coordinates":[[24.0399,17.1405],[23.9499,17.1859]]},"properties":{"id":799,"group":"searoutes","name":null}},{"type":"Feature","geometry":{"type":"LineString","coordinates":[[-22.9367,20.074],[-22.8515,19.9966],[-22.9194,19.9019],[-22.9917,19.8034],[-23.028,19.7652]]},"properties":{"id":800,"group":"searoutes","name":null}},{"type":"Feature","geometry":{"type":"LineString","coordinates":[[23.7418,24.8267],[23.716,24.9099]]},"properties":{"id":801,"group":"searoutes","name":null}},{"type":"Feature","geometry":{"type":"LineString","coordinates":[[23.2141,27.9969],[23.3117,27.9567],[23.427,28.0371]]},"properties":{"id":802,"group":"searoutes","name":null}},{"type":"Feature","geometry":{"type":"LineString","coordinates":[[24.1212,27.8592],[24.1939,27.7674],[24.1499,27.6641],[24.104,27.5642],[24.0035,27.4696]]},"properties":{"id":803,"group":"searoutes","name":null}},{"type":"Feature","geometry":{"type":"LineString","coordinates":[[20.5308,32.1759],[20.6193,32.2538],[20.7063,32.336]]},"properties":{"id":804,"group":"searoutes","name":null}},{"type":"Feature","geometry":{"type":"LineString","coordinates":[[-23.8495,19.8273],[-23.7471,19.7867],[-23.6705,19.7489]]},"properties":{"id":805,"group":"searoutes","name":null}},{"type":"Feature","geometry":{"type":"LineString","coordinates":[[23.3577,24.2965],[23.4332,24.2253],[23.5012,24.1416],[23.484,24.0785],[23.4323,23.9924],[23.4672,23.8887],[23.5127,23.7916],[23.5581,23.6903],[23.5294,23.5755],[23.6442,23.4852],[23.6562,23.3728],[23.5643,23.2466],[23.5758,23.172],[23.4892,23.0855],[23.3242,23.0554],[23.1835,23.0085]]},"properties":{"id":806,"group":"searoutes","name":null}},{"type":"Feature","geometry":{"type":"LineString","coordinates":[[-25.3612,23.9045],[-25.3794,24.0465],[-25.4426,24.1942],[-25.5291,24.2573],[-25.5459,24.4495],[-25.4258,24.634],[-25.2847,24.6465],[-25.1407,24.7277],[-25.0837,24.8071],[-25.0225,24.8903],[-25.0608,24.9907],[-25.1005,25.093],[-25.1986,25.1628],[-25.2732,25.2374],[-25.4052,25.2493],[-25.4339,25.3464],[-25.4674,25.4477],[-25.4057,25.5806],[-25.3273,25.7274],[-25.4167,25.834],[-25.5067,25.9459],[-25.6234,26.0119],[-25.7377,26.0745],[-25.7841,26.1553],[-25.8272,26.2361],[-25.8875,26.379],[-25.9501,26.5201],[-25.9564,26.6143],[-25.9645,26.7094],[-26.0764,26.7553],[-26.1367,26.7127],[-26.1654,26.7037],[-26.2295,26.7869],[-26.2606,26.8896],[-26.2917,26.992],[-26.318,27.1019],[-26.3443,27.2147],[-26.4788,27.2855],[-26.6089,27.3534],[-26.5764,27.4691],[-26.5481,27.5862],[-26.5587,27.7382],[-26.5309,27.8783],[-26.473,27.9625],[-26.4151,28.0447],[-26.3812,28.1633],[-26.3515,28.279],[-26.4151,28.41],[-26.3525,28.4788],[-26.2946,28.5453],[-26.163,28.4845],[-26.0334,28.4262],[-25.9334,28.3182],[-25.7899,28.3583],[-25.7459,28.5027],[-25.721,28.605],[-25.6971,28.7102],[-25.6923,28.7943],[-25.6865,28.8828],[-25.5641,28.9397],[-25.4158,28.8555],[-25.3397,28.7833],[-25.2617,28.737],[-25.1847,28.6858],[-25.0895,28.6567],[-24.9919,28.6261],[-24.8886,28.5534],[-24.7876,28.4826],[-24.6852,28.4377],[-24.6474,28.3583],[-24.6044,28.2756],[-24.7106,28.1747],[-24.745,28.0256],[-24.6699,27.9778],[-24.5345,27.9271],[-24.458,27.842],[-24.3824,27.7564],[-24.2513,27.733],[-24.1193,27.7134],[-24.0274,27.6527],[-23.9389,27.5929],[-23.9356,27.4576],[-23.9303,27.3209],[-23.8294,27.2276],[-23.815,27.0962],[-23.7988,26.9637],[-23.7002,26.9585],[-23.6055,26.9499],[-23.5399,26.8256],[-23.4878,26.7347],[-23.438,26.6492],[-23.3615,26.5741],[-23.2873,26.5024],[-23.2007,26.4594],[-23.1089,26.4192],[-23.0166,26.4273],[-22.9338,26.2786],[-22.8419,26.1974]]},"properties":{"id":807,"group":"searoutes","name":null}},{"type":"Feature","geometry":{"type":"LineString","coordinates":[[-25.3273,25.7274],[-25.2196,25.7269],[-25.1699,25.8455],[-25.1239,25.9598],[-25.0225,26.0224],[-24.9173,26.0692],[-24.8158,26.1132],[-24.7393,26.0291],[-24.5728,26.0578],[-24.4408,26.0692],[-24.3987,25.9622],[-24.303,25.8799],[-24.2078,25.8015],[-24.0533,25.8493],[-24.0217,25.7308],[-23.925,25.7939],[-23.816,25.8316]]},"properties":{"id":808,"group":"searoutes","name":null}},{"type":"Feature","geometry":{"type":"LineString","coordinates":[[-24.3896,19.1446],[-24.4235,19.0643],[-24.4465,18.9151],[-24.4637,18.766]]},"properties":{"id":809,"group":"searoutes","name":null}},{"type":"Feature","geometry":{"type":"LineString","coordinates":[[-23.616,19.0906],[-23.6026,18.961],[-23.5935,18.8296],[-23.6289,18.7574]]},"properties":{"id":810,"group":"searoutes","name":null}},{"type":"Feature","geometry":{"type":"LineString","coordinates":[[-25.0665,17.859],[-24.9402,17.871],[-24.8163,17.8873],[-24.7565,17.9628],[-24.6996,18.0335],[-24.6073,18.0546],[-24.5106,18.0723],[-24.4235,18.112],[-24.3422,18.1502],[-24.1901,18.221],[-24.1088,18.1382]]},"properties":{"id":811,"group":"searoutes","name":null}},{"type":"Feature","geometry":{"type":"LineString","coordinates":[[-24.2308,22.7236],[-24.2092,22.7623],[-24.1547,22.9053],[-24.1791,22.9712]]},"properties":{"id":812,"group":"searoutes","name":null}},{"type":"Feature","geometry":{"type":"LineString","coordinates":[[-25.1641,23.6888],[-25.2388,23.6023],[-25.2957,23.3819]]},"properties":{"id":813,"group":"searoutes","name":null}},{"type":"Feature","geometry":{"type":"LineString","coordinates":[[-24.2092,22.7623],[-24.1021,22.6901],[-23.9997,22.6189],[-23.9758,22.4951],[-24.048,22.4525],[-24.2159,22.2766],[-24.3575,22.3349],[-24.5073,22.2087]]},"properties":{"id":814,"group":"searoutes","name":null}},{"type":"Feature","geometry":{"type":"LineString","coordinates":[[-23.8093,19.6667],[-23.7471,19.7867]]},"properties":{"id":815,"group":"searoutes","name":null}},{"type":"Feature","geometry":{"type":"LineString","coordinates":[[-23.5399,26.8256],[-23.4419,26.9011],[-23.3462,26.9781],[-23.2467,27.0159],[-23.1467,27.0589],[-23.0687,27.0101],[-22.995,26.9575],[-22.8965,26.9298],[-22.7927,26.8987],[-22.6726,26.9011],[-22.5472,26.9069],[-22.4372,26.9183],[-22.4544,26.9642],[-22.3645,27.0225],[-22.3798,27.1598],[-22.4028,27.2683],[-22.4248,27.3825],[-22.452,27.5265],[-22.4315,27.6297],[-22.4152,27.7349],[-22.4468,27.8386],[-22.5291,27.9108],[-22.6075,27.9821],[-22.6841,28.0485],[-22.7553,28.1112],[-22.7128,28.3239],[-22.5932,28.4253],[-22.5233,28.5018],[-22.4535,28.5787],[-22.4946,28.6567],[-22.5348,28.7322],[-22.4487,28.8001],[-22.365,28.8723],[-22.3683,28.9722],[-22.242,29.0124],[-22.1042,29.041],[-22.0918,29.1324],[-22.0066,29.2189],[-22.0755,29.2533],[-22.0641,29.3704],[-22.2071,29.445],[-22.1884,29.5913],[-22.11,29.6568],[-22.0066,29.6205],[-21.9378,29.7123],[-21.9732,29.8433],[-22.0516,29.9829],[-22.0258,30.089],[-21.9239,30.2286],[-21.7823,30.2755],[-21.8091,30.4179],[-21.8,30.5441],[-21.7918,30.6713],[-21.7311,30.7736],[-21.6689,30.8735],[-21.6364,30.9027],[-21.5679,30.8315],[-21.4842,30.7966],[-21.4096,30.6589],[-21.2833,30.5843],[-21.1493,30.6044]]},"properties":{"id":816,"group":"searoutes","name":null}},{"type":"Feature","geometry":{"type":"LineString","coordinates":[[-24.0533,25.8493],[-24.0509,25.9392]]},"properties":{"id":817,"group":"searoutes","name":null}},{"type":"Feature","geometry":{"type":"LineString","coordinates":[[-20.403,37.2947],[-20.3523,37.3688]]},"properties":{"id":818,"group":"searoutes","name":null}},{"type":"Feature","geometry":{"type":"LineString","coordinates":[[-16.515,34.6356],[-16.415,34.606],[-16.3194,34.5768],[-16.2084,34.6519],[-16.1022,34.7317],[-16.0218,34.6442],[-15.9639,34.5405]]},"properties":{"id":819,"group":"searoutes","name":null}},{"type":"Feature","geometry":{"type":"LineString","coordinates":[[-25.6263,25.0538],[-25.5483,25.0399],[-25.4741,25.1456],[-25.4052,25.2493]]},"properties":{"id":820,"group":"searoutes","name":null}},{"type":"Feature","geometry":{"type":"LineString","coordinates":[[-25.1239,27.7306],[-25.2321,27.6962],[-25.2713,27.6058]]},"properties":{"id":821,"group":"searoutes","name":null}},{"type":"Feature","geometry":{"type":"LineString","coordinates":[[-25.2321,27.6962],[-25.2971,27.8367],[-25.365,27.9166],[-25.432,27.9974],[-25.4851,28.1021],[-25.4918,28.2374],[-25.566,28.3296],[-25.7382,28.3182],[-25.7899,28.3583]]},"properties":{"id":822,"group":"searoutes","name":null}},{"type":"Feature","geometry":{"type":"LineString","coordinates":[[-25.8554,23.3652],[-25.9305,23.4503],[-25.9908,23.522],[-26.0731,23.4785],[-26.1458,23.5392],[-26.2185,23.6023]]},"properties":{"id":823,"group":"searoutes","name":null}},{"type":"Feature","geometry":{"type":"LineString","coordinates":[[28.524,26.3728],[28.645,26.4651]]},"properties":{"id":824,"group":"searoutes","name":null}},{"type":"Feature","geometry":{"type":"LineString","coordinates":[[27.8068,28.0657],[27.7576,28.1623],[27.6987,28.224]]},"properties":{"id":825,"group":"searoutes","name":null}},{"type":"Feature","geometry":{"type":"LineString","coordinates":[[-25.9143,15.0895],[-25.7841,15.1363],[-25.666,15.2573],[-25.6411,15.3266]]},"properties":{"id":826,"group":"searoutes","name":null}},{"type":"Feature","geometry":{"type":"LineString","coordinates":[[-19.2673,13.0777],[-19.1974,13.159],[-19.274,13.2699],[-19.4175,13.2641],[-19.5496,13.2928],[-19.6189,13.4372],[-19.7237,13.4931],[-19.7964,13.4305],[-19.9395,13.4214],[-19.9629,13.5108],[-19.9849,13.5988],[-20.0031,13.7255],[-20.0835,13.792],[-20.159,13.8608],[-20.2901,13.9182],[-20.3973,13.8355],[-20.4279,13.7518],[-20.4542,13.6657],[-20.5255,13.5625],[-20.5915,13.4573],[-20.7518,13.4645],[-20.847,13.5223],[-20.9465,13.5849],[-21.0479,13.6304],[-21.157,13.6543],[-21.2689,13.6829],[-21.4239,13.7025],[-21.5014,13.6543],[-21.5761,13.6036],[-21.6852,13.6829],[-21.7139,13.8321],[-21.6354,13.9005],[-21.5565,13.9832],[-21.4613,14.01],[-21.3665,14.0425],[-21.3751,14.1419],[-21.2948,14.2624],[-21.2106,14.2834],[-21.0632,14.2103],[-21.002,14.2739],[-20.9427,14.3403]]},"properties":{"id":827,"group":"searoutes","name":null}},{"type":"Feature","geometry":{"type":"LineString","coordinates":[[27.7666,27.5838],[27.6461,27.5666],[27.5461,27.6479],[27.4566,27.7043],[27.3643,27.7622],[27.2614,27.6928],[27.1548,27.6221],[27.1007,27.5494],[27.0471,27.4743],[26.9457,27.3773],[26.84,27.2778],[26.7333,27.2798],[26.6276,27.2831],[26.5917,27.3716]]},"properties":{"id":828,"group":"searoutes","name":null}},{"type":"Feature","geometry":{"type":"LineString","coordinates":[[26.8682,27.668],[26.9146,27.6235],[26.9801,27.5494],[27.0471,27.4743]]},"properties":{"id":829,"group":"searoutes","name":null}},{"type":"Feature","geometry":{"type":"LineString","coordinates":[[27.715,27.8764],[27.626,27.9271],[27.5145,28.0351],[27.3877,28.0428],[27.261,28.0461],[27.2103,28.0724]]},"properties":{"id":830,"group":"searoutes","name":null}},{"type":"Feature","geometry":{"type":"LineString","coordinates":[[24.2351,16.779],[24.2341,16.7059]]},"properties":{"id":831,"group":"searoutes","name":null}},{"type":"Feature","geometry":{"type":"LineString","coordinates":[[24.4427,16.1958],[24.3403,16.148],[24.2733,16.1446]]},"properties":{"id":832,"group":"searoutes","name":null}},{"type":"Feature","geometry":{"type":"LineString","coordinates":[[-27.3839,15.2587],[-27.4461,15.2692],[-27.3801,15.3754],[-27.2677,15.3668],[-27.1151,15.3787],[-26.9514,15.4294],[-26.783,15.5188]]},"properties":{"id":833,"group":"searoutes","name":null}},{"type":"Feature","geometry":{"type":"LineString","coordinates":[[-25.9023,14.5292],[-26.0195,14.4689],[-26.1315,14.4077],[-26.2147,14.3198],[-26.296,14.2332],[-26.3376,14.15],[-26.3869,14.0444],[-26.4395,13.9359],[-26.496,13.8723],[-26.5568,13.8039],[-26.6854,13.7059],[-26.8122,13.6088],[-26.8979,13.5625],[-26.984,13.419],[-27.0471,13.4363],[-27.1093,13.3569],[-27.1906,13.2814],[-27.2768,13.2077],[-27.3858,13.1207],[-27.4925,13.0327],[-27.5408,12.9543],[-27.4609,12.9123]]},"properties":{"id":834,"group":"searoutes","name":null}},{"type":"Feature","geometry":{"type":"LineString","coordinates":[[-0.8865,32.3437],[-0.9673,32.3876],[-1.1587,32.4173],[-1.2305,32.2825],[-1.3405,32.4139],[-1.4486,32.4546],[-1.5567,32.4909],[-1.5519,32.6037],[-1.5438,32.718],[-1.4496,32.7663]]},"properties":{"id":835,"group":"searoutes","name":null}},{"type":"Feature","geometry":{"type":"LineString","coordinates":[[-1.5438,32.718],[-1.6438,32.7127],[-1.7438,32.7037],[-1.7739,32.6291],[-1.8275,32.5693]]},"properties":{"id":836,"group":"searoutes","name":null}},{"type":"Feature","geometry":{"type":"LineString","coordinates":[[-1.3405,32.4139],[-1.3969,32.2308],[-1.4582,32.03],[-1.5945,31.8297],[-1.7079,31.6567],[-1.8648,31.5242],[-1.9787,31.442]]},"properties":{"id":837,"group":"searoutes","name":null}}]}